normalizing_factor,h_b,v,beta,avg_number_of_bumps,avg_total_active_neurons,avg_bump_width,avg_largest_bump_width,avg_zero_bump_timestep_percentage
0.5,0.2,0.5,400,0.8587027027027027,25.193513513513512,29.339040664736245,24.433621621621622,21.794594594594596
0.5,0.195,0.5,400,0.8710270270270271,25.52983783783784,29.31004095817302,24.66627027027027,21.45945945945946
0.5,0.19,0.5,400,0.8754594594594595,25.856972972972972,29.53531736231168,24.942162162162163,21.286486486486485
0.5,0.185,0.5,400,0.8758918918918919,26.223567567567567,29.939274253270796,25.284324324324324,21.037837837837838
0.5,0.18,0.5,400,0.8710270270270271,26.69891891891892,30.65222787638079,25.887675675675677,20.886486486486486
0.5,0.175,0.5,400,0.8884324324324324,27.556216216216217,31.016670722803603,26.93383783783784,17.83783783783784
0.5,0.16999999999999998,0.5,400,0.9112432432432432,28.191567567567567,30.93747775536837,27.54183783783784,15.87027027027027
0.5,0.16499999999999998,0.5,400,0.9203243243243243,28.623675675675674,31.1017267708211,27.91189189189189,15.05945945945946
0.5,0.15999999999999998,0.5,400,0.9218378378378378,28.952108108108106,31.40694265275009,28.17837837837838,15.04864864864865
0.5,0.15499999999999997,0.5,400,0.924972972972973,29.28162162162162,31.656732117812062,28.442810810810812,14.886486486486486
0.5,0.14999999999999997,0.5,400,0.928972972972973,29.592,31.85453275922262,28.711675675675675,14.562162162162162
0.5,0.14499999999999996,0.5,400,0.9296216216216217,29.965513513513514,32.23409698802186,29.035351351351352,14.81081081081081
0.5,0.13999999999999996,0.5,400,0.9276756756756757,30.46162162162162,32.83649924251253,29.576864864864866,14.68108108108108
0.5,0.13499999999999995,0.5,400,0.9197837837837838,31.225837837837837,33.94910672308416,30.651243243243243,14.237837837837837
0.5,0.12999999999999995,0.5,400,0.9261621621621622,31.794810810810812,34.32963697910587,31.23610810810811,13.837837837837839
0.5,0.12499999999999994,0.5,400,0.9323243243243243,32.212756756756754,34.55102040816327,31.559243243243245,13.578378378378378
0.5,0.11999999999999994,0.5,400,0.9416216216216217,32.62745945945946,34.65028702640643,31.844756756756755,13.448648648648648
0.5,0.11499999999999994,0.5,400,0.9885405405405405,33.70918918918919,34.099956255468065,32.850162162162164,8.562162162162162
0.5,0.10999999999999993,0.5,400,1.001081081081081,34.296324324324324,34.25928725701944,33.36637837837838,7.372972972972973
0.5,0.10499999999999993,0.5,400,1.0022702702702704,34.71416216216216,34.63553014777263,33.74562162162162,7.2
0.5,0.09999999999999992,0.5,400,1.0034594594594595,35.14637837837838,35.02521008403362,34.142162162162165,6.854054054054054
0.5,0.09499999999999992,0.5,400,1.0018378378378379,35.730486486486484,35.66494011006798,34.816540540540544,6.508108108108108
0.5,0.08999999999999991,0.5,400,1.0086486486486486,36.43545945945946,36.12304394426581,35.564324324324325,5.978378378378379
0.5,0.08499999999999991,0.5,400,0.9970810810810811,37.234054054054056,37.343055404965845,36.68962162162162,5.481081081081081
0.5,0.0799999999999999,0.5,400,1.0274594594594595,38.300108108108105,37.27651515151515,37.68291891891892,3.0594594594594593
0.5,0.0749999999999999,0.5,400,1.0513513513513513,39.371675675675675,37.448637532133674,38.71048648648649,0.918918918918919
0.5,0.0699999999999999,0.5,400,1.0513513513513513,40.121945945945946,38.16226221079692,39.42713513513514,0.745945945945946
0.5,0.06499999999999989,0.5,400,1.0529729729729729,40.84594594594594,38.79106776180698,40.11848648648649,0.4648648648648649
0.5,0.05999999999999989,0.5,400,1.0371891891891891,41.60767567567567,40.11580154263081,41.11772972972973,0.31351351351351353
0.5,0.05499999999999988,0.5,400,1.0195675675675675,42.33135135135135,41.51892694306012,42.18875675675676,0.17297297297297298
0.5,0.04999999999999988,0.5,400,1.0154594594594595,42.986378378378376,42.33194932396466,42.93762162162162,0.22702702702702704
0.5,0.04499999999999987,0.5,400,1.016,43.712,43.023622047244096,43.6825945945946,0.05405405405405406
0.5,0.03999999999999987,0.5,400,1.0147027027027027,44.46616216216216,43.821862348178136,44.44756756756757,0.021621621621621623
0.5,0.034999999999999865,0.5,400,1.0135135135135136,45.17351351351351,44.5712,45.15956756756757,0.0
0.5,0.02999999999999986,0.5,400,1.0127567567567568,45.829837837837836,45.25256191289496,45.81664864864865,0.0
0.5,0.024999999999999856,0.5,400,1.0124324324324325,46.52324324324324,45.95194874532835,46.510486486486485,0.0
0.5,0.01999999999999985,0.5,400,1.011891891891892,47.22064864864865,46.665705128205126,47.20789189189189,0.0
0.5,0.014999999999999847,0.5,400,1.0102702702702702,47.99178378378378,47.503905831995716,47.98,0.0
0.5,0.009999999999999842,0.5,400,1.0115675675675675,48.64616216216216,48.08987923479748,48.632864864864864,0.0
0.5,0.004999999999999838,0.5,400,1.0101621621621621,49.19535135135135,48.70044948630137,49.18486486486486,0.0
0.495,0.2,0.5,400,0.8556756756756757,25.05697297297297,29.283259633607074,24.35210810810811,21.805405405405406
0.495,0.195,0.5,400,0.8684324324324324,25.36572972972973,29.208639362629153,24.540324324324324,21.654054054054054
0.495,0.19,0.5,400,0.8767567567567568,25.685837837837838,29.296424167694205,24.77827027027027,21.2972972972973
0.495,0.185,0.5,400,0.8725405405405405,26.08118918918919,29.891091562383842,25.198810810810812,21.113513513513514
0.495,0.18,0.5,400,0.8688648648648649,26.523783783783784,30.526937912156278,25.719783783783782,20.875675675675677
0.495,0.175,0.5,400,0.8764324324324324,27.21027027027027,31.046626372270875,26.58237837837838,19.264864864864865
0.495,0.16999999999999998,0.5,400,0.9101621621621622,28.036648648648647,30.804014728590094,27.41535135135135,15.967567567567567
0.495,0.16499999999999998,0.5,400,0.9182702702702703,28.466162162162163,30.999764539675066,27.798378378378377,15.254054054054054
0.495,0.15999999999999998,0.5,400,0.9218378378378378,28.831135135135135,31.275712442828663,28.09156756756757,14.91891891891892
0.495,0.15499999999999997,0.5,400,0.9275675675675675,29.155675675675674,31.43240093240093,28.347135135135137,14.64864864864865
0.495,0.14999999999999997,0.5,400,0.9297297297297298,29.492216216216217,31.72127906976744,28.624864864864865,14.605405405405405
0.495,0.14499999999999996,0.5,400,0.9291891891891891,29.81427027027027,32.08632926119837,28.893945945945944,14.702702702702704
0.495,0.13999999999999996,0.5,400,0.9244324324324324,30.288324324324325,32.76423810080692,29.45535135135135,14.605405405405405
0.495,0.13499999999999995,0.5,400,0.9042162162162162,30.944756756756757,34.222740315638454,30.51783783783784,14.345945945945946
0.495,0.12999999999999995,0.5,400,0.9225945945945946,31.605513513513515,34.25720646824467,31.089945945945946,13.913513513513514
0.495,0.12499999999999994,0.5,400,0.9262702702702703,32.059783783783786,34.61169467787115,31.479567567567567,13.448648648648648
0.495,0.11999999999999994,0.5,400,0.943027027027027,32.504756756756755,34.46853146853147,31.782162162162162,13.221621621621622
0.495,0.11499999999999994,0.5,400,0.9829189189189189,33.42410810810811,34.00494940607127,32.5812972972973,9.47027027027027
0.495,0.10999999999999993,0.5,400,0.9987027027027027,34.14627027027027,34.19062567655337,33.252,7.405405405405405
0.495,0.10499999999999993,0.5,400,1.0002162162162163,34.56227027027027,34.55479896238651,33.59945945945946,7.286486486486487
0.495,0.09999999999999992,0.5,400,1.0022702702702704,35.02054054054054,34.941214539963326,34.06335135135135,6.8432432432432435
0.495,0.09499999999999992,0.5,400,0.9997837837837837,35.57091891891892,35.5786115916955,34.70259459459459,6.486486486486487
0.495,0.08999999999999991,0.5,400,1.0021621621621621,36.25221621621622,36.174002157497306,35.43589189189189,6.108108108108108
0.495,0.08499999999999991,0.5,400,1.0031351351351352,37.11351351351351,36.997521284621186,36.500324324324325,5.243243243243243
0.495,0.0799999999999999,0.5,400,1.019891891891892,38.157405405405406,37.41318634725461,37.72054054054054,3.0054054054054054
0.495,0.0749999999999999,0.5,400,1.047027027027027,39.23005405405405,37.468043366029946,38.69513513513513,0.7351351351351352
0.495,0.0699999999999999,0.5,400,1.0477837837837838,39.942054054054054,38.12051176227817,39.33124324324324,0.7351351351351352
0.495,0.06499999999999989,0.5,400,1.0551351351351352,40.642162162162165,38.51844262295082,39.93783783783784,0.4864864864864865
0.495,0.05999999999999989,0.5,400,1.0376216216216216,41.49372972972973,39.9892685976245,41.05945945945946,0.31351351351351353
0.495,0.05499999999999988,0.5,400,1.0277837837837838,42.16389189189189,41.02408751446303,41.874810810810814,0.22702702702702704
0.495,0.04999999999999988,0.5,400,1.0184864864864864,42.90994594594594,42.131090117821884,42.843783783783785,0.14054054054054055
0.495,0.04499999999999987,0.5,400,1.016,43.60335135135135,42.91668440093637,43.57945945945946,0.043243243243243246
0.495,0.03999999999999987,0.5,400,1.0132972972972973,44.33578378378378,43.75397418115865,44.319675675675676,0.010810810810810811
0.495,0.034999999999999865,0.5,400,1.0122162162162163,45.087135135135135,44.542988358432126,45.074486486486485,0.0
0.495,0.02999999999999986,0.5,400,1.0122162162162163,45.77416216216216,45.22172380647228,45.7612972972973,0.0
0.495,0.024999999999999856,0.5,400,1.0114594594594595,46.35881081081081,45.833582727661394,46.347027027027025,0.0
0.495,0.01999999999999985,0.5,400,1.011027027027027,47.054054054054056,46.540846877673225,47.042702702702705,0.0
0.495,0.014999999999999847,0.5,400,1.0122162162162163,47.93394594594594,47.35544163195557,47.92064864864865,0.0
0.495,0.009999999999999842,0.5,400,1.0100540540540541,48.52908108108108,48.04602376110457,48.518594594594596,0.0
0.495,0.004999999999999838,0.5,400,1.0107027027027027,49.06897297297297,48.54936356829607,49.057405405405405,0.0
0.49,0.2,0.5,400,0.8507027027027027,24.905729729729728,29.276655229381117,24.266378378378377,21.686486486486487
0.49,0.195,0.5,400,0.8563243243243244,25.201621621621623,29.42999621259942,24.485297297297297,21.664864864864864
0.49,0.19,0.5,400,0.8718918918918919,25.529945945945947,29.281091134531927,24.66518918918919,21.427027027027027
0.49,0.185,0.5,400,0.8722162162162163,25.916324324324325,29.71318790282598,25.046054054054053,21.17837837837838
0.49,0.18,0.5,400,0.8675675675675676,26.313405405405405,30.330093457943924,25.495783783783782,21.07027027027027
0.49,0.175,0.5,400,0.8682162162162163,26.92043243243243,31.006599427219523,26.272,20.205405405405404
0.49,0.16999999999999998,0.5,400,0.9046486486486487,27.832216216216217,30.765774378585085,27.240972972972973,16.25945945945946
0.49,0.16499999999999998,0.5,400,0.9135135135135135,28.297081081081082,30.97609467455621,27.658270270270272,15.416216216216217
0.49,0.15999999999999998,0.5,400,0.9218378378378378,28.710594594594596,31.144951331066025,27.99783783783784,14.864864864864865
0.49,0.15499999999999997,0.5,400,0.9246486486486486,29.02756756756757,31.393078452005145,28.24908108108108,14.78918918918919
0.49,0.14999999999999997,0.5,400,0.9245405405405406,29.349297297297298,31.744738072965387,28.517621621621622,14.864864864864865
0.49,0.14499999999999996,0.5,400,0.9296216216216217,29.67145945945946,31.917781137341553,28.782486486486487,14.713513513513513
0.49,0.13999999999999996,0.5,400,0.9272432432432433,30.07481081081081,32.434650810306636,29.20464864864865,14.594594594594595
0.49,0.13499999999999995,0.5,400,0.9067027027027027,30.736,33.89865267676166,30.249189189189188,14.367567567567567
0.49,0.12999999999999995,0.5,400,0.9085405405405406,31.350594594594593,34.5065445026178,30.95664864864865,14.043243243243243
0.49,0.12499999999999994,0.5,400,0.9231351351351351,31.894486486486485,34.55018152008432,31.361513513513515,13.578378378378378
0.49,0.11999999999999994,0.5,400,0.9348108108108109,32.35297297297297,34.60911298716318,31.69654054054054,13.394594594594595
0.49,0.11499999999999994,0.5,400,0.9664864864864865,33.123135135135136,34.271700223713644,32.346378378378375,10.735135135135135
0.49,0.10999999999999993,0.5,400,1.0022702702702704,34.04281081081081,33.96569949304282,33.17383783783784,7.372972972972973
0.49,0.10499999999999993,0.5,400,1.0024864864864864,34.454054054054055,34.36859700204896,33.52151351351351,7.232432432432432
0.49,0.09999999999999992,0.5,400,1.0045405405405405,34.88291891891892,34.725247524752476,33.89859459459459,6.908108108108108
0.49,0.09499999999999992,0.5,400,1.0045405405405405,35.40789189189189,35.24784761084804,34.443243243243245,6.54054054054054
0.49,0.08999999999999991,0.5,400,0.9971891891891892,36.155675675675674,36.25758889852558,35.380540540540544,6.194594594594594
0.49,0.08499999999999991,0.5,400,1.0023783783783784,36.94908108108108,36.861410698878345,36.2667027027027,5.437837837837838
0.49,0.0799999999999999,0.5,400,1.0195675675675675,38.00951351351351,37.28003393065423,37.51091891891892,3.4162162162162164
0.49,0.0749999999999999,0.5,400,1.0380540540540542,39.11351351351351,37.67965007290148,38.67037837837838,0.8432432432432433
0.49,0.0699999999999999,0.5,400,1.0488648648648649,39.81708108108108,37.96206967635539,39.25351351351351,0.6594594594594595
0.49,0.06499999999999989,0.5,400,1.0485405405405406,40.62367567567568,38.74306629549438,40.05686486486486,0.43243243243243246
0.49,0.05999999999999989,0.5,400,1.0365405405405406,41.4145945945946,39.95463078848561,40.98843243243243,0.2702702702702703
0.49,0.05499999999999988,0.5,400,1.0273513513513512,42.07491891891892,40.95475113122172,41.79535135135135,0.12972972972972974
0.49,0.04999999999999988,0.5,400,1.0152432432432432,42.75210810810811,42.11021190501544,42.71243243243243,0.07567567567567568
0.49,0.04499999999999987,0.5,400,1.0136216216216216,43.49286486486486,42.908383105802045,43.471135135135135,0.021621621621621623
0.49,0.03999999999999987,0.5,400,1.0142702702702702,44.248108108108106,43.62555958217864,44.231027027027025,0.032432432432432434
0.49,0.034999999999999865,0.5,400,1.0113513513513515,44.95264864864865,44.448102618920366,44.940108108108106,0.0
0.49,0.02999999999999986,0.5,400,1.013189189189189,45.682810810810814,45.08813486982501,45.66908108108108,0.0
0.49,0.024999999999999856,0.5,400,1.0102702702702702,46.19632432432432,45.7266987693954,46.18583783783784,0.0
0.49,0.01999999999999985,0.5,400,1.0114594594594595,46.88356756756757,46.35239418554938,46.872,0.0
0.49,0.014999999999999847,0.5,400,1.0111351351351352,47.743675675675675,47.217898000641505,47.731567567567566,0.0
0.49,0.009999999999999842,0.5,400,1.0094054054054054,48.419135135135136,47.967976866231126,48.40864864864865,0.0
0.49,0.004999999999999838,0.5,400,1.0102702702702702,48.96778378378379,48.46998394863564,48.95708108108108,0.0
0.485,0.2,0.5,400,0.8469189189189189,24.78010810810811,29.259126882818485,24.19491891891892,21.556756756756755
0.485,0.195,0.5,400,0.8522162162162162,25.07124324324324,29.41887606241279,24.406594594594594,21.57837837837838
0.485,0.19,0.5,400,0.8651891891891892,25.3827027027027,29.337748344370862,24.60291891891892,21.524324324324326
0.485,0.185,0.5,400,0.870054054054054,25.740216216216215,29.584617296222664,24.897297297297296,21.32972972972973
0.485,0.18,0.5,400,0.8683243243243243,26.14454054054054,30.109188247011954,25.312432432432434,21.113513513513514
0.485,0.175,0.5,400,0.8565405405405405,26.62345945945946,31.082544490723212,25.982486486486486,20.962162162162162
0.485,0.16999999999999998,0.5,400,0.8890810810810811,27.504,30.935311284046694,26.950486486486486,17.437837837837836
0.485,0.16499999999999998,0.5,400,0.9091891891891892,28.143351351351352,30.954340071343637,27.538486486486487,15.643243243243242
0.485,0.15999999999999998,0.5,400,0.919027027027027,28.57318918918919,31.09069521232796,27.90118918918919,14.91891891891892
0.485,0.15499999999999997,0.5,400,0.9218378378378378,28.907243243243244,31.358273718775653,28.162378378378378,14.875675675675677
0.485,0.14999999999999997,0.5,400,0.924,29.23027027027027,31.634491634491635,28.425945945945944,14.875675675675677
0.485,0.14499999999999996,0.5,400,0.927027027027027,29.56118918918919,31.888163265306122,28.702594594594594,14.67027027027027
0.485,0.13999999999999996,0.5,400,0.9277837837837838,29.90745945945946,32.235376369144724,29.025297297297296,14.583783783783783
0.485,0.13499999999999995,0.5,400,0.9063783783783784,30.541945945945947,33.696684160305345,30.02054054054054,14.475675675675676
0.485,0.12999999999999995,0.5,400,0.9,31.123243243243245,34.581381381381384,30.84,13.978378378378379
0.485,0.12499999999999994,0.5,400,0.9223783783783783,31.746378378378378,34.417955930614156,31.277837837837836,13.481081081081081
0.485,0.11999999999999994,0.5,400,0.9311351351351351,32.18637837837838,34.56681760130036,31.603459459459458,13.286486486486487
0.485,0.11499999999999994,0.5,400,0.9578378378378378,32.86994594594594,34.316817155756205,32.139675675675676,11.448648648648648
0.485,0.10999999999999993,0.5,400,0.9957837837837837,33.86821621621622,34.011616545434805,33.0347027027027,7.7405405405405405
0.485,0.10499999999999993,0.5,400,1.004,34.31891891891892,34.18219015828578,33.42410810810811,7.135135135135135
0.485,0.09999999999999992,0.5,400,1.0007567567567568,34.758162162162165,34.73187857837312,33.824864864864864,6.994594594594594
0.485,0.09499999999999992,0.5,400,1.0016216216216216,35.2865945945946,35.22946573124663,34.39167567567568,6.486486486486487
0.485,0.08999999999999991,0.5,400,0.9943783783783784,35.976864864864865,36.18025657751685,35.303891891891894,6.172972972972973
0.485,0.08499999999999991,0.5,400,0.9977297297297297,36.81556756756757,36.899339039982664,36.27816216216216,5.34054054054054
0.485,0.0799999999999999,0.5,400,1.0100540540540541,37.728324324324326,37.352777480466656,37.282486486486484,3.9135135135135135
0.485,0.0749999999999999,0.5,400,1.0274594594594595,38.886162162162165,37.84690656565657,38.618162162162164,0.9081081081081082
0.485,0.0699999999999999,0.5,400,1.0405405405405406,39.65481081081081,38.109818181818184,39.20075675675675,0.6054054054054054
0.485,0.06499999999999989,0.5,400,1.0442162162162163,40.33697297297297,38.62894709597267,39.79762162162162,0.572972972972973
0.485,0.05999999999999989,0.5,400,1.0394594594594595,41.24162162162162,39.676027041081646,40.77816216216216,0.2594594594594595
0.485,0.05499999999999988,0.5,400,1.0235675675675675,42.00745945945946,41.04024081115336,41.80972972972973,0.1945945945945946
0.485,0.04999999999999988,0.5,400,1.0143783783783784,42.67881081081081,42.073856975381005,42.63816216216216,0.11891891891891893
0.485,0.04499999999999987,0.5,400,1.0155675675675675,43.40735135135135,42.74196295507771,43.38086486486486,0.032432432432432434
0.485,0.03999999999999987,0.5,400,1.015027027027027,44.128324324324325,43.47502396421344,44.10627027027027,0.021621621621621623
0.485,0.034999999999999865,0.5,400,1.0122162162162163,44.843783783783785,44.30257396133718,44.83081081081081,0.0
0.485,0.02999999999999986,0.5,400,1.0151351351351352,45.534486486486486,44.8555910543131,45.518594594594596,0.0
0.485,0.024999999999999856,0.5,400,1.0116756756756757,46.09124324324324,45.559307544347085,46.078918918918916,0.0
0.485,0.01999999999999985,0.5,400,1.009081081081081,46.746702702702706,46.326012427683736,46.73718918918919,0.0
0.485,0.014999999999999847,0.5,400,1.0117837837837838,47.55491891891892,47.00106849022332,47.54172972972973,0.0
0.485,0.009999999999999842,0.5,400,1.0101621621621621,48.29675675675676,47.810894691780824,48.28627027027027,0.0
0.485,0.004999999999999838,0.5,400,1.0107027027027027,48.853405405405404,48.33607872499733,48.842486486486486,0.0
0.48,0.2,0.5,400,0.8431351351351352,24.657405405405406,29.244903192717015,24.098054054054053,21.63243243243243
0.48,0.195,0.5,400,0.8461621621621621,24.91956756756757,29.450108598441293,24.313405405405405,21.654054054054054
0.48,0.19,0.5,400,0.856,25.2132972972973,29.454786562263198,24.51135135135135,21.61081081081081
0.48,0.185,0.5,400,0.8649729729729729,25.534378378378378,29.520434945631795,24.74389189189189,21.427027027027027
0.48,0.18,0.5,400,0.8708108108108108,25.96356756756757,29.815394165114835,25.118054054054053,21.18918918918919
0.48,0.175,0.5,400,0.853945945945946,26.449513513513512,30.973287757944043,25.830594594594594,20.94054054054054
0.48,0.16999999999999998,0.5,400,0.8664864864864865,27.040432432432432,31.20698689956332,26.483243243243244,19.783783783783782
0.48,0.16499999999999998,0.5,400,0.9064864864864864,27.963243243243245,30.847942754919497,27.39091891891892,15.805405405405406
0.48,0.15999999999999998,0.5,400,0.9156756756756756,28.40918918918919,31.02538370720189,27.779243243243243,15.18918918918919
0.48,0.15499999999999997,0.5,400,0.9219459459459459,28.776756756756757,31.213062851782365,28.071135135135137,14.897297297297298
0.48,0.14999999999999997,0.5,400,0.9250810810810811,29.104324324324324,31.461376650695335,28.328756756756757,14.713513513513513
0.48,0.14499999999999996,0.5,400,0.9250810810810811,29.428432432432434,31.811733084024777,28.597405405405404,14.702702702702704
0.48,0.13999999999999996,0.5,400,0.9283243243243243,29.768216216216217,32.06661232095028,28.878594594594595,14.756756756756756
0.48,0.13499999999999995,0.5,400,0.923027027027027,30.23891891891892,32.76059967205435,29.453945945945947,14.508108108108107
0.48,0.12999999999999995,0.5,400,0.8918918918918919,30.9467027027027,34.697818181818185,30.709621621621622,14.27027027027027
0.48,0.12499999999999994,0.5,400,0.9019459459459459,31.46627027027027,34.887090974469615,31.172324324324325,13.664864864864866
0.48,0.11999999999999994,0.5,400,0.9217297297297298,32.00313513513513,34.72073657049027,31.489513513513515,13.416216216216217
0.48,0.11499999999999994,0.5,400,0.9411891891891891,32.57610810810811,34.61164713990352,31.933513513513514,12.367567567567567
0.48,0.10999999999999993,0.5,400,0.9954594594594595,33.73081081081081,33.88466550825369,32.94616216216216,7.718918918918919
0.48,0.10499999999999993,0.5,400,1.0016216216216216,34.20864864864865,34.153264975715054,33.337513513513514,7.210810810810811
0.48,0.09999999999999992,0.5,400,1.0044324324324325,34.62691891891892,34.474114734689486,33.69891891891892,6.8432432432432435
0.48,0.09499999999999992,0.5,400,1.0094054054054054,35.10583783783784,34.77872978472743,34.13513513513514,6.4972972972972975
0.48,0.08999999999999991,0.5,400,0.9989189189189189,35.808324324324325,35.84707792207792,35.002702702702706,6.335135135135135
0.48,0.08499999999999991,0.5,400,0.9936216216216216,36.628324324324325,36.86345337830486,36.06843243243243,5.837837837837838
0.48,0.0799999999999999,0.5,400,1.0086486486486486,37.61935135135135,37.2967845659164,37.19935135135135,3.9675675675675675
0.48,0.0749999999999999,0.5,400,1.0274594594594595,38.66908108108108,37.63562710437711,38.37827027027027,1.0702702702702702
0.48,0.0699999999999999,0.5,400,1.037081081081081,39.51881081081081,38.10580631710622,39.144864864864864,0.5945945945945946
0.48,0.06499999999999989,0.5,400,1.0347027027027027,40.096,38.75122766691046,39.72313513513514,0.5297297297297298
0.48,0.05999999999999989,0.5,400,1.039027027027027,41.13935135135135,39.594110914577044,40.758162162162165,0.22702702702702704
0.48,0.05499999999999988,0.5,400,1.0265945945945947,41.88605405405406,40.80096882898062,41.61221621621622,0.1837837837837838
0.48,0.04999999999999988,0.5,400,1.0135135135135136,42.56410810810811,41.996586666666666,42.54637837837838,0.10810810810810811
0.48,0.04499999999999987,0.5,400,1.012972972972973,43.27805405405405,42.723799359658486,43.26183783783784,0.043243243243243246
0.48,0.03999999999999987,0.5,400,1.0137297297297296,43.988324324324324,43.39255625466567,43.97091891891892,0.021621621621621623
0.48,0.034999999999999865,0.5,400,1.0126486486486486,44.742378378378376,44.18351660083271,44.728324324324326,0.0
0.48,0.02999999999999986,0.5,400,1.0132972972972973,45.43805405405406,44.84177957964366,45.424324324324324,0.0
0.48,0.024999999999999856,0.5,400,1.0098378378378379,46.01902702702703,45.57070977411412,46.00886486486486,0.0
0.48,0.01999999999999985,0.5,400,1.0104864864864864,46.588972972972975,46.10548839199743,46.578270270270274,0.0
0.48,0.014999999999999847,0.5,400,1.0117837837837838,47.427567567567564,46.87520034191687,47.41502702702703,0.0
0.48,0.009999999999999842,0.5,400,1.0108108108108107,48.141513513513516,47.62663101604278,48.13037837837838,0.0
0.48,0.004999999999999838,0.5,400,1.0099459459459459,48.72583783783784,48.245985870263326,48.71545945945946,0.0
0.475,0.2,0.5,400,0.8445405405405405,24.52681081081081,29.041602662570405,23.993945945945946,21.6
0.475,0.195,0.5,400,0.8452972972972973,24.79945945945946,29.338150658652,24.22183783783784,21.56756756756757
0.475,0.19,0.5,400,0.8465945945945946,25.063027027027026,29.604520495466733,24.42908108108108,21.61081081081081
0.475,0.185,0.5,400,0.8574054054054054,25.399675675675677,29.623880973395536,24.67772972972973,21.589189189189188
0.475,0.18,0.5,400,0.8686486486486487,25.79243243243243,29.692594897324206,24.972756756756755,21.2
0.475,0.175,0.5,400,0.8607567567567568,26.216,30.45692037176589,25.471243243243244,21.027027027027028
0.475,0.16999999999999998,0.5,400,0.8595675675675676,26.831891891891892,31.215570368507105,26.307027027027026,20.032432432432433
0.475,0.16499999999999998,0.5,400,0.9028108108108108,27.787891891891892,30.77930786732128,27.249513513513513,16.01081081081081
0.475,0.15999999999999998,0.5,400,0.9130810810810811,28.247567567567568,30.93653800615676,27.663243243243244,15.156756756756756
0.475,0.15499999999999997,0.5,400,0.9219459459459459,28.646594594594596,31.0718808630394,27.983675675675677,14.78918918918919
0.475,0.14999999999999997,0.5,400,0.9232432432432433,28.964756756756756,31.372833723653397,28.23091891891892,14.68108108108108
0.475,0.14499999999999996,0.5,400,0.9261621621621622,29.29372972972973,31.629158398505894,28.483891891891894,14.702702702702704
0.475,0.13999999999999996,0.5,400,0.9274594594594595,29.641297297297296,31.95966895908614,28.776756756756757,14.724324324324325
0.475,0.13499999999999995,0.5,400,0.9182702702702703,30.119567567567568,32.80032964445491,29.400108108108107,14.627027027027028
0.475,0.12999999999999995,0.5,400,0.8905945945945946,30.79881081081081,34.58230152949745,30.580648648648648,14.12972972972973
0.475,0.12499999999999994,0.5,400,0.8937297297297297,31.275243243243242,34.994072819644366,31.041945945945947,13.924324324324324
0.475,0.11999999999999994,0.5,400,0.916108108108108,31.815243243243245,34.728699551569505,31.403027027027026,13.448648648648648
0.475,0.11499999999999994,0.5,400,0.9354594594594594,32.37091891891892,34.60429908702184,31.78508108108108,12.562162162162162
0.475,0.10999999999999993,0.5,400,0.9844324324324324,33.42335135135135,33.951899846255216,32.68389189189189,8.735135135135135
0.475,0.10499999999999993,0.5,400,1.0018378378378379,34.09243243243243,34.02989101111471,33.26691891891892,7.221621621621622
0.475,0.09999999999999992,0.5,400,1.0023783783783784,34.492,34.41015962036238,33.59578378378379,7.037837837837838
0.475,0.09499999999999992,0.5,400,1.0042162162162163,34.99481081081081,34.84788459468188,34.08789189189189,6.605405405405405
0.475,0.08999999999999991,0.5,400,0.9971891891891892,35.634594594594596,35.73503902862099,34.867891891891894,6.410810810810811
0.475,0.08499999999999991,0.5,400,0.9949189189189189,36.444540540540544,36.630663913941106,35.85535135135135,5.7405405405405405
0.475,0.0799999999999999,0.5,400,1.000108108108108,37.34281081081081,37.338774186574426,37.00075675675676,4.27027027027027
0.475,0.0749999999999999,0.5,400,1.0220540540540541,38.604324324324324,37.77131372963825,38.40216216216216,1.0918918918918918
0.475,0.0699999999999999,0.5,400,1.0268108108108107,39.31135135135135,38.2849020846494,39.054162162162164,0.7027027027027027
0.475,0.06499999999999989,0.5,400,1.0355675675675675,40.08691891891892,38.710094999478024,39.726486486486486,0.4756756756756757
0.475,0.05999999999999989,0.5,400,1.0340540540540542,40.89708108108108,39.550235232618924,40.55535135135135,0.33513513513513515
0.475,0.05499999999999988,0.5,400,1.0243243243243243,41.794486486486484,40.802005277044856,41.6147027027027,0.16216216216216217
0.475,0.04999999999999988,0.5,400,1.0155675675675675,42.436864864864866,41.78635299127102,42.3732972972973,0.07567567567567568
0.475,0.04499999999999987,0.5,400,1.0151351351351352,43.16421621621622,42.52066027689031,43.12627027027027,0.043243243243243246
0.475,0.03999999999999987,0.5,400,1.0113513513513515,43.87513513513513,43.38268305718867,43.85762162162162,0.021621621621621623
0.475,0.034999999999999865,0.5,400,1.0134054054054054,44.62227027027027,44.03200341369746,44.60745945945946,0.010810810810810811
0.475,0.02999999999999986,0.5,400,1.012108108108108,45.28140540540541,44.73969237342448,45.26886486486487,0.0
0.475,0.024999999999999856,0.5,400,1.0114594594594595,45.852108108108105,45.332620778110304,45.84032432432432,0.0
0.475,0.01999999999999985,0.5,400,1.0094054054054054,46.503027027027024,46.06972260897505,46.493297297297296,0.0
0.475,0.014999999999999847,0.5,400,1.0096216216216216,47.25037837837838,46.80008566227647,47.24021621621622,0.0
0.475,0.009999999999999842,0.5,400,1.0103783783783784,48.02583783783784,47.53252728439974,48.01459459459459,0.0
0.475,0.004999999999999838,0.5,400,1.0095135135135136,48.61481081081081,48.156671664167916,48.6052972972973,0.0
0.47,0.2,0.5,400,0.841081081081081,24.391675675675675,29.00038560411311,23.886378378378378,21.686486486486487
0.47,0.195,0.5,400,0.8425945945945946,24.66972972972973,29.278290993071593,24.127891891891892,21.654054054054054
0.47,0.19,0.5,400,0.8425945945945946,24.92108108108108,29.576597382602003,24.33989189189189,21.6
0.47,0.185,0.5,400,0.8484324324324324,25.210054054054055,29.71368501529052,24.557297297297296,21.654054054054054
0.47,0.18,0.5,400,0.8541621621621621,25.595027027027026,29.96506771294773,24.929405405405404,21.45945945945946
0.47,0.175,0.5,400,0.8604324324324324,26.067675675675677,30.296017087573816,25.365405405405404,21.08108108108108
0.47,0.16999999999999998,0.5,400,0.853081081081081,26.584,31.162336839437334,26.06681081081081,20.55135135135135
0.47,0.16499999999999998,0.5,400,0.8895135135135135,27.464972972972973,30.87639766650462,26.977513513513514,16.972972972972972
0.47,0.15999999999999998,0.5,400,0.9096216216216216,28.07383783783784,30.863204183503683,27.52972972972973,15.448648648648648
0.47,0.15499999999999997,0.5,400,0.918054054054054,28.49427027027027,31.037682524729156,27.876648648648647,14.962162162162162
0.47,0.14999999999999997,0.5,400,0.9251891891891892,28.840216216216216,31.17223650385604,28.14291891891892,14.745945945945946
0.47,0.14499999999999996,0.5,400,0.9258378378378378,29.174594594594595,31.511560018682857,28.39772972972973,14.659459459459459
0.47,0.13999999999999996,0.5,400,0.9290810810810811,29.49437837837838,31.745752850826157,28.66345945945946,14.594594594594595
0.47,0.13499999999999995,0.5,400,0.9258378378378378,29.91027027027027,32.30616534329752,29.082054054054055,14.421621621621622
0.47,0.12999999999999995,0.5,400,0.896972972972973,30.57027027027027,34.08159575750271,30.20335135135135,14.389189189189189
0.47,0.12499999999999994,0.5,400,0.8884324324324324,31.084972972972974,34.98856169384278,30.92864864864865,13.87027027027027
0.47,0.11999999999999994,0.5,400,0.9042162162162162,31.579351351351352,34.92455762792922,31.31708108108108,13.35135135135135
0.47,0.11499999999999994,0.5,400,0.9227027027027027,32.10454054054054,34.79402460456942,31.634810810810812,13.07027027027027
0.47,0.10999999999999993,0.5,400,0.9722162162162162,33.15210810810811,34.09952185032803,32.50583783783784,9.35135135135135
0.47,0.10499999999999993,0.5,400,1.0012972972972973,33.96908108108108,33.92507017922695,33.19005405405405,7.081081081081081
0.47,0.09999999999999992,0.5,400,1.0005405405405405,34.392648648648645,34.374068071312806,33.53621621621622,7.048648648648649
0.47,0.09499999999999992,0.5,400,1.0007567567567568,34.88594594594595,34.85956573403911,34.04637837837838,6.735135135135135
0.47,0.08999999999999991,0.5,400,0.998054054054054,35.495891891891894,35.56509965337955,34.760108108108106,6.129729729729729
0.47,0.08499999999999991,0.5,400,0.996,36.27708108108108,36.42277216976012,35.681513513513515,5.675675675675675
0.47,0.0799999999999999,0.5,400,1.002810810810811,37.33156756756757,37.22692971108236,37.00075675675676,3.902702702702703
0.47,0.0749999999999999,0.5,400,1.0197837837837838,38.39427027027027,37.64942224106859,38.166378378378376,1.2972972972972974
0.47,0.0699999999999999,0.5,400,1.023027027027027,39.106054054054056,38.22582690478706,38.94432432432433,0.518918918918919
0.47,0.06499999999999989,0.5,400,1.0261621621621622,39.748756756756755,38.73535608933839,39.50183783783784,0.4756756756756757
0.47,0.05999999999999989,0.5,400,1.027027027027027,40.60291891891892,39.53442105263158,40.38227027027027,0.2594594594594595
0.47,0.05499999999999988,0.5,400,1.028,41.6667027027027,40.531811967609634,41.47524324324324,0.10810810810810811
0.47,0.04999999999999988,0.5,400,1.0107027027027027,42.378054054054054,41.92929725104289,42.35610810810811,0.12972972972972974
0.47,0.04499999999999987,0.5,400,1.013081081081081,43.03589189189189,42.48020488741863,43.01632432432432,0.05405405405405406
0.47,0.03999999999999987,0.5,400,1.012108108108108,43.77243243243243,43.24877162999359,43.75935135135135,0.010810810810810811
0.47,0.034999999999999865,0.5,400,1.0125405405405405,44.4694054054054,43.91864189622037,44.45502702702703,0.0
0.47,0.02999999999999986,0.5,400,1.0100540540540541,45.12972972972973,44.680509472332226,45.11935135135135,0.0
0.47,0.024999999999999856,0.5,400,1.0114594594594595,45.76281081081081,45.244335185976915,45.75081081081081,0.0
0.47,0.01999999999999985,0.5,400,1.010918918918919,46.38324324324324,45.88225858196984,46.37156756756757,0.0
0.47,0.014999999999999847,0.5,400,1.0100540540540541,47.043351351351355,46.57508294980199,47.03254054054054,0.0
0.47,0.009999999999999842,0.5,400,1.0104864864864864,47.8947027027027,47.39766770086659,47.883783783783784,0.0
0.47,0.004999999999999838,0.5,400,1.0097297297297296,48.47524324324324,48.00813704496788,48.46518918918919,0.0
0.46499999999999997,0.2,0.5,400,0.8431351351351352,24.26227027027027,28.77625336581613,23.77891891891892,21.513513513513512
0.46499999999999997,0.195,0.5,400,0.8423783783783784,24.547243243243244,29.140400410677618,24.033513513513512,21.57837837837838
0.46499999999999997,0.19,0.5,400,0.8425945945945946,24.811027027027027,29.44598409032589,24.245945945945945,21.697297297297297
0.46499999999999997,0.185,0.5,400,0.8452972972972973,25.08118918918919,29.671441360787824,24.477621621621623,21.664864864864864
0.46499999999999997,0.18,0.5,400,0.8471351351351352,25.433621621621622,30.023098519652883,24.815459459459458,21.491891891891893
0.46499999999999997,0.175,0.5,400,0.859027027027027,25.86291891891892,30.10722376038258,25.162054054054053,21.113513513513514
0.46499999999999997,0.16999999999999998,0.5,400,0.8509189189189189,26.324216216216215,30.936221572862408,25.728864864864864,21.135135135135137
0.46499999999999997,0.16499999999999998,0.5,400,0.8655135135135135,27.010162162162164,31.207094678990757,26.554054054054053,19.048648648648648
0.46499999999999997,0.15999999999999998,0.5,400,0.9064864864864864,27.90227027027027,30.78067978533095,27.387351351351352,15.47027027027027
0.46499999999999997,0.15499999999999997,0.5,400,0.9158918918918919,28.356216216216215,30.960221907459868,27.777513513513515,14.864864864864865
0.46499999999999997,0.14999999999999997,0.5,400,0.9194594594594595,28.701945945945948,31.216108171663727,28.053837837837836,14.778378378378378
0.46499999999999997,0.14499999999999996,0.5,400,0.9246486486486486,29.03891891891892,31.405354846252777,28.301189189189188,14.745945945945946
0.46499999999999997,0.13999999999999996,0.5,400,0.9271351351351351,29.373405405405407,31.681902985074625,28.56281081081081,14.691891891891892
0.46499999999999997,0.13499999999999995,0.5,400,0.9273513513513514,29.732432432432432,32.06166938680345,28.88,14.691891891891892
0.46499999999999997,0.12999999999999995,0.5,400,0.9130810810810811,30.288,33.171205304286055,29.688864864864865,14.27027027027027
0.46499999999999997,0.12499999999999994,0.5,400,0.8878918918918919,30.940756756756755,34.84743699013759,30.788324324324325,13.902702702702703
0.46499999999999997,0.11999999999999994,0.5,400,0.8912432432432432,31.35654054054054,35.18292091217855,31.205837837837837,13.437837837837838
0.46499999999999997,0.11499999999999994,0.5,400,0.9139459459459459,31.890054054054055,34.892713508398394,31.524540540540542,13.167567567567568
0.46499999999999997,0.10999999999999993,0.5,400,0.9652972972972973,32.8987027027027,34.08142009183559,32.32345945945946,9.762162162162163
0.46499999999999997,0.10499999999999993,0.5,400,0.9995675675675676,33.8054054054054,33.82003028336578,33.075783783783784,7.145945945945946
0.46499999999999997,0.09999999999999992,0.5,400,1.002918918918919,34.26227027027027,34.162552549315514,33.43459459459459,7.0162162162162165
0.46499999999999997,0.09499999999999992,0.5,400,1.0014054054054053,34.75308108108108,34.70430745978624,33.92508108108108,6.65945945945946
0.46499999999999997,0.08999999999999991,0.5,400,0.9991351351351352,35.35167567567568,35.38227656351439,34.58983783783784,6.140540540540541
0.46499999999999997,0.08499999999999991,0.5,400,0.993945945945946,36.08497297297297,36.304763976506415,35.51437837837838,5.794594594594595
0.46499999999999997,0.0799999999999999,0.5,400,0.9988108108108108,37.13145945945946,37.17566836237688,36.80248648648649,4.162162162162162
0.46499999999999997,0.0749999999999999,0.5,400,1.026918918918919,38.33632432432432,37.33140330561112,38.08486486486486,0.9081081081081082
0.46499999999999997,0.0699999999999999,0.5,400,1.0235675675675675,38.88518918918919,37.98986058301648,38.69156756756757,0.5621621621621622
0.46499999999999997,0.06499999999999989,0.5,400,1.0244324324324325,39.60767567567567,38.66304347826087,39.42702702702703,0.4864864864864865
0.46499999999999997,0.05999999999999989,0.5,400,1.025945945945946,40.490162162162164,39.46617492096944,40.29394594594594,0.1945945945945946
0.46499999999999997,0.05499999999999988,0.5,400,1.0258378378378379,41.44291891891892,40.399093687427545,41.26032432432432,0.17297297297297298
0.46499999999999997,0.04999999999999988,0.5,400,1.0162162162162163,42.23718918918919,41.5631914893617,42.198054054054055,0.0972972972972973
0.46499999999999997,0.04499999999999987,0.5,400,1.0143783783783784,42.91145945945946,42.30320792923372,42.89318918918919,0.032432432432432434
0.46499999999999997,0.03999999999999987,0.5,400,1.0145945945945947,43.61427027027027,42.986893979754925,43.59578378378379,0.032432432432432434
0.46499999999999997,0.034999999999999865,0.5,400,1.011027027027027,44.35178378378378,43.868049615055604,44.33697297297297,0.0
0.46499999999999997,0.02999999999999986,0.5,400,1.0116756756756757,45.045405405405404,44.52553964522334,45.03297297297297,0.0
0.46499999999999997,0.024999999999999856,0.5,400,1.0107027027027027,45.66864864864865,45.18504652904054,45.657513513513514,0.0
0.46499999999999997,0.01999999999999985,0.5,400,1.0099459459459459,46.26367567567568,45.8080710768572,46.253189189189186,0.0
0.46499999999999997,0.014999999999999847,0.5,400,1.010918918918919,46.92,46.41321783766442,46.90875675675676,0.0
0.46499999999999997,0.009999999999999842,0.5,400,1.0101621621621621,47.66216216216216,47.182684075342465,47.65037837837838,0.0
0.46499999999999997,0.004999999999999838,0.5,400,1.0095135135135136,48.353945945945945,47.898265153137714,48.34421621621622,0.0
0.45999999999999996,0.2,0.5,400,0.8391351351351352,24.104432432432432,28.725328523576398,23.664972972972972,21.74054054054054
0.45999999999999996,0.195,0.5,400,0.8403243243243244,24.419243243243244,29.059307860542905,23.92962162162162,21.654054054054054
0.45999999999999996,0.19,0.5,400,0.8414054054054054,24.682054054054053,29.33431838622639,24.149405405405407,21.686486486486487
0.45999999999999996,0.185,0.5,400,0.8452972972972973,24.952108108108106,29.518736411305795,24.371027027027026,21.437837837837836
0.45999999999999996,0.18,0.5,400,0.8468108108108108,25.213945945945945,29.775181922635007,24.586054054054053,21.63243243243243
0.45999999999999996,0.175,0.5,400,0.8497297297297297,25.627135135135134,30.159160305343512,24.97935135135135,21.35135135135135
0.45999999999999996,0.16999999999999998,0.5,400,0.8481081081081081,26.203675675675676,30.896622052262586,25.67145945945946,20.983783783783785
0.45999999999999996,0.16499999999999998,0.5,400,0.8483243243243244,26.664864864864864,31.43239454568625,26.255783783783784,20.313513513513513
0.45999999999999996,0.15999999999999998,0.5,400,0.8948108108108108,27.65491891891892,30.905883774314365,27.195891891891893,15.881081081081081
0.45999999999999996,0.15499999999999997,0.5,400,0.9144864864864864,28.21610810810811,30.854592741458802,27.67308108108108,14.897297297297298
0.45999999999999996,0.14999999999999997,0.5,400,0.9195675675675675,28.570594594594596,31.069597930872327,27.951135135135136,14.821621621621622
0.45999999999999996,0.14499999999999996,0.5,400,0.923027027027027,28.908,31.318692902319043,28.208648648648648,14.8
0.45999999999999996,0.13999999999999996,0.5,400,0.9275675675675675,29.258378378378378,31.543123543123542,28.477621621621623,14.594594594594595
0.45999999999999996,0.13499999999999995,0.5,400,0.9272432432432433,29.633945945945946,31.959193191092456,28.83264864864865,14.54054054054054
0.45999999999999996,0.12999999999999995,0.5,400,0.9073513513513514,30.196648648648647,33.279995234123675,29.65718918918919,14.497297297297298
0.45999999999999996,0.12499999999999994,0.5,400,0.8884324324324324,30.776756756756757,34.64164030177659,30.596756756756758,13.924324324324324
0.45999999999999996,0.11999999999999994,0.5,400,0.8902702702702703,31.231459459459458,35.08087431693989,31.095135135135134,13.47027027027027
0.45999999999999996,0.11499999999999994,0.5,400,0.9041081081081082,31.66637837837838,35.02499103192634,31.418054054054053,13.362162162162162
0.45999999999999996,0.10999999999999993,0.5,400,0.9402162162162162,32.46248648648648,34.52661837415201,31.973297297297297,11.427027027027027
0.45999999999999996,0.10499999999999993,0.5,400,0.9914594594594595,33.61005405405405,33.89957474648348,32.972972972972975,7.275675675675676
0.45999999999999996,0.09999999999999992,0.5,400,0.9997837837837837,34.14183783783784,34.1492214532872,33.36486486486486,7.059459459459459
0.45999999999999996,0.09499999999999992,0.5,400,1.0045405405405405,34.58497297297297,34.42864829961257,33.72356756756757,6.6702702702702705
0.45999999999999996,0.08999999999999991,0.5,400,1.0019459459459459,35.18064864864865,35.11232196806215,34.361513513513515,6.281081081081081
0.45999999999999996,0.08499999999999991,0.5,400,0.9823783783783784,36.05654054054054,36.703312424342464,35.63481081081081,5.956756756756757
0.45999999999999996,0.0799999999999999,0.5,400,0.9863783783783784,37.02118918918919,37.53244191144235,36.85254054054054,4.194594594594594
0.45999999999999996,0.0749999999999999,0.5,400,1.0162162162162163,38.09232432432432,37.484468085106386,37.8972972972973,1.3837837837837839
0.45999999999999996,0.0699999999999999,0.5,400,1.023027027027027,38.91016216216216,38.03434428828067,38.7692972972973,0.5945945945945946
0.45999999999999996,0.06499999999999989,0.5,400,1.0178378378378379,39.492216216216214,38.800106213489116,39.37275675675676,0.4756756756756757
0.45999999999999996,0.05999999999999989,0.5,400,1.0212972972972973,40.20335135135135,39.364983592674925,40.09372972972973,0.24864864864864866
0.45999999999999996,0.05499999999999988,0.5,400,1.0235675675675675,41.070594594594596,40.124947190536545,40.92086486486487,0.17297297297297298
0.45999999999999996,0.04999999999999988,0.5,400,1.0165405405405405,42.11967567567567,41.4343294693183,42.04972972972973,0.043243243243243246
0.45999999999999996,0.04499999999999987,0.5,400,1.0140540540540541,42.789297297297296,42.19626865671642,42.770270270270274,0.010810810810810811
0.45999999999999996,0.03999999999999987,0.5,400,1.013189189189189,43.53243243243243,42.9657490396927,43.518594594594596,0.021621621621621623
0.45999999999999996,0.034999999999999865,0.5,400,1.0140540540540541,44.270162162162165,43.656609808102345,44.255135135135134,0.0
0.45999999999999996,0.02999999999999986,0.5,400,1.0107027027027027,44.87848648648649,44.403251684672156,44.867243243243244,0.0
0.45999999999999996,0.024999999999999856,0.5,400,1.009189189189189,45.50735135135135,45.09298339582217,45.49772972972973,0.0
0.45999999999999996,0.01999999999999985,0.5,400,1.0085405405405405,46.12627027027027,45.73566298638654,46.11740540540541,0.0
0.45999999999999996,0.014999999999999847,0.5,400,1.0098378378378379,46.74356756756757,46.28819184241516,46.733405405405406,0.0
0.45999999999999996,0.009999999999999842,0.5,400,1.0108108108108107,47.5892972972973,47.08032085561497,47.57794594594595,0.0
0.45999999999999996,0.004999999999999838,0.5,400,1.0087567567567568,48.21243243243243,47.79391276390526,48.203675675675676,0.0
0.45499999999999996,0.2,0.5,400,0.8341621621621622,23.9372972972973,28.696215655780197,23.552,21.664864864864864
0.45499999999999996,0.195,0.5,400,0.8418378378378378,24.27654054054054,28.837549762424555,23.816756756756757,21.556756756756755
0.45499999999999996,0.19,0.5,400,0.8403243243243244,24.5652972972973,29.23311462755693,24.06345945945946,21.643243243243244
0.45499999999999996,0.185,0.5,400,0.8404324324324325,24.828756756756757,29.542835091330076,24.278054054054053,21.708108108108107
0.45499999999999996,0.18,0.5,400,0.8431351351351352,25.109405405405404,29.78099756379023,24.52691891891892,21.545945945945945
0.45499999999999996,0.175,0.5,400,0.8389189189189189,25.47091891891892,30.361597938144328,24.929513513513513,21.44864864864865
0.45499999999999996,0.16999999999999998,0.5,400,0.8485405405405405,25.921297297297297,30.548095298764174,25.373081081081082,21.037837837837838
0.45499999999999996,0.16499999999999998,0.5,400,0.8454054054054054,26.47827027027027,31.320204603580564,26.031027027027026,20.464864864864865
0.45499999999999996,0.15999999999999998,0.5,400,0.881945945945946,27.380108108108107,31.045109095366513,26.9692972972973,16.897297297297296
0.45499999999999996,0.15499999999999997,0.5,400,0.9091891891891892,28.037297297297297,30.83769322235434,27.546486486486486,15.08108108108108
0.45499999999999996,0.14999999999999997,0.5,400,0.916,28.42864864864865,31.035642629529093,27.860432432432432,14.832432432432432
0.45499999999999996,0.14499999999999996,0.5,400,0.9178378378378378,28.76518918918919,31.340164899882215,28.118378378378377,14.897297297297298
0.45499999999999996,0.13999999999999996,0.5,400,0.9264864864864865,29.117945945945944,31.42835472578763,28.379567567567566,14.627027027027028
0.45499999999999996,0.13499999999999995,0.5,400,0.9281081081081081,29.479243243243243,31.76272568433314,28.68864864864865,14.52972972972973
0.45499999999999996,0.12999999999999995,0.5,400,0.9206486486486486,29.970054054054053,32.553193987787694,29.281945945945946,14.313513513513513
0.45499999999999996,0.12499999999999994,0.5,400,0.8895135135135135,30.65297297297297,34.46037919299951,30.4252972972973,14.108108108108109
0.45499999999999996,0.11999999999999994,0.5,400,0.8861621621621621,31.094486486486485,35.08893497621081,30.97935135135135,13.567567567567568
0.45499999999999996,0.11499999999999994,0.5,400,0.8888648648648648,31.46162162162162,35.395280953539284,31.337297297297297,13.383783783783784
0.45499999999999996,0.10999999999999993,0.5,400,0.9123243243243243,32.03027027027027,35.10842516885887,31.73772972972973,12.41081081081081
0.45499999999999996,0.10499999999999993,0.5,400,0.9903783783783784,33.42648648648649,33.75122803187425,32.83664864864865,7.221621621621622
0.45499999999999996,0.09999999999999992,0.5,400,0.9995675675675676,33.98367567567568,33.99837767683322,33.24356756756757,7.091891891891892
0.45499999999999996,0.09499999999999992,0.5,400,0.9987027027027027,34.526918918918916,34.571768781121456,33.761945945945946,6.572972972972973
0.45499999999999996,0.08999999999999991,0.5,400,0.9984864864864865,35.019243243243245,35.07232568211347,34.24054054054054,6.464864864864865
0.45499999999999996,0.08499999999999991,0.5,400,0.9892972972972973,35.75989189189189,36.146759916948966,35.19427027027027,6.021621621621621
0.45499999999999996,0.0799999999999999,0.5,400,0.9891891891891892,36.84864864864865,37.25136612021858,36.61794594594595,4.151351351351352
0.45499999999999996,0.0749999999999999,0.5,400,1.0148108108108107,37.929405405405404,37.375838926174495,37.788,1.5243243243243243
0.45499999999999996,0.0699999999999999,0.5,400,1.0204324324324325,38.70843243243243,37.933361584913655,38.58410810810811,0.7351351351351352
0.45499999999999996,0.06499999999999989,0.5,400,1.0195675675675675,39.33264864864865,38.57777542148234,39.194702702702706,0.5405405405405406
0.45499999999999996,0.05999999999999989,0.5,400,1.0194594594594595,40.13859459459459,39.37242841993638,40.039027027027025,0.23783783783783785
0.45499999999999996,0.05499999999999988,0.5,400,1.0168648648648648,40.903891891891895,40.225494365298744,40.832,0.15135135135135136
0.45499999999999996,0.04999999999999988,0.5,400,1.0187027027027027,41.829945945945944,41.06197601613074,41.75675675675676,0.05405405405405406
0.45499999999999996,0.04499999999999987,0.5,400,1.0125405405405405,42.67827027027027,42.149690369421315,42.662486486486486,0.043243243243243246
0.45499999999999996,0.03999999999999987,0.5,400,1.0140540540540541,43.38010810810811,42.77889125799574,43.362702702702705,0.0
0.45499999999999996,0.034999999999999865,0.5,400,1.012972972972973,44.13556756756757,43.57033084311633,44.121297297297296,0.0
0.45499999999999996,0.02999999999999986,0.5,400,1.0107027027027027,44.79362162162162,44.319285485078616,44.78183783783784,0.0
0.45499999999999996,0.024999999999999856,0.5,400,1.0112432432432432,45.40572972972973,44.90089801154586,45.39362162162162,0.0
0.45499999999999996,0.01999999999999985,0.5,400,1.0095135135135136,46.00194594594595,45.56843007067894,45.992,0.0
0.45499999999999996,0.014999999999999847,0.5,400,1.0101621621621621,46.65513513513513,46.18578767123287,46.64454054054054,0.0
0.45499999999999996,0.009999999999999842,0.5,400,1.0097297297297296,47.42918918918919,46.97216274089936,47.41891891891892,0.0
0.45499999999999996,0.004999999999999838,0.5,400,1.0092972972972973,48.06356756756757,47.62082262210797,48.054054054054056,0.0
0.44999999999999996,0.2,0.5,400,0.8271351351351351,23.790702702702703,28.76277610769834,23.455783783783783,21.794594594594596
0.44999999999999996,0.195,0.5,400,0.835027027027027,24.12,28.885292594510616,23.735135135135135,21.762162162162163
0.44999999999999996,0.19,0.5,400,0.8402162162162162,24.44043243243243,29.088265568708184,23.975135135135137,21.643243243243244
0.44999999999999996,0.185,0.5,400,0.840972972972973,24.702054054054052,29.373184213909244,24.18497297297297,21.6
0.44999999999999996,0.18,0.5,400,0.8414054054054054,24.97708108108108,29.68495438776821,24.416432432432433,21.57837837837838
0.44999999999999996,0.175,0.5,400,0.8429189189189189,25.288864864864866,30.00153905348211,24.710918918918917,21.556756756756755
0.44999999999999996,0.16999999999999998,0.5,400,0.848972972972973,25.67427027027027,30.24156373360499,25.075783783783784,21.09189189189189
0.44999999999999996,0.16499999999999998,0.5,400,0.8457297297297297,26.24908108108108,31.037198005880096,25.77318918918919,20.778378378378378
0.44999999999999996,0.15999999999999998,0.5,400,0.8581621621621621,26.944216216216216,31.397581254724113,26.570702702702704,18.94054054054054
0.44999999999999996,0.15499999999999997,0.5,400,0.9019459459459459,27.80389189189189,30.826561189020737,27.372108108108108,15.31891891891892
0.44999999999999996,0.14999999999999997,0.5,400,0.9113513513513514,28.273297297297297,31.023487544483984,27.74227027027027,14.91891891891892
0.44999999999999996,0.14499999999999996,0.5,400,0.9128648648648648,28.62108108108108,31.353031738512552,28.020756756756757,15.05945945945946
0.44999999999999996,0.13999999999999996,0.5,400,0.9235675675675675,28.961837837837837,31.35865620976238,28.27816216216216,14.767567567567568
0.44999999999999996,0.13499999999999995,0.5,400,0.9267027027027027,29.346054054054054,31.667172188520766,28.561945945945947,14.637837837837838
0.44999999999999996,0.12999999999999995,0.5,400,0.9248648648648649,29.748756756756755,32.16551724137931,28.963135135135136,14.572972972972973
0.44999999999999996,0.12499999999999994,0.5,400,0.8884324324324324,30.537297297297297,34.37211000243368,30.33654054054054,14.054054054054054
0.44999999999999996,0.11999999999999994,0.5,400,0.8844324324324324,30.954810810810812,34.999633296663,30.838918918918917,13.708108108108108
0.44999999999999996,0.11499999999999994,0.5,400,0.8878918918918919,31.34281081081081,35.3002556921953,31.224864864864866,13.383783783783784
0.44999999999999996,0.10999999999999993,0.5,400,0.9038918918918919,31.808756756756758,35.19088625762468,31.626918918918918,12.616216216216216
0.44999999999999996,0.10499999999999993,0.5,400,0.9663783783783784,33.02097297297297,34.169817652981315,32.615135135135134,8.227027027027027
0.44999999999999996,0.09999999999999992,0.5,400,1.0005405405405405,33.82108108108108,33.802809292274446,33.16551351351352,6.8432432432432435
0.44999999999999996,0.09499999999999992,0.5,400,1.0035675675675675,34.32767567567568,34.20564472692018,33.55881081081081,6.713513513513513
0.44999999999999996,0.08999999999999991,0.5,400,1.0003243243243243,34.943891891891894,34.93256241219064,34.222702702702705,6.248648648648649
0.44999999999999996,0.08499999999999991,0.5,400,0.9914594594594595,35.662594594594594,35.969796096390795,35.11405405405405,5.9135135135135135
0.44999999999999996,0.0799999999999999,0.5,400,0.9924324324324324,36.62086486486486,36.900108932461876,36.309513513513515,4.508108108108108
0.44999999999999996,0.0749999999999999,0.5,400,1.0098378378378379,37.7812972972973,37.41323198800985,37.630702702702706,1.9243243243243244
0.44999999999999996,0.0699999999999999,0.5,400,1.017081081081081,38.561189189189186,37.91358418367347,38.45308108108108,0.6594594594594595
0.44999999999999996,0.06499999999999989,0.5,400,1.0144864864864864,39.24702702702703,38.68659420289855,39.18551351351351,0.3675675675675676
0.44999999999999996,0.05999999999999989,0.5,400,1.0193513513513512,39.974486486486484,39.2156114116025,39.872864864864866,0.2702702702702703
0.44999999999999996,0.05499999999999988,0.5,400,1.017189189189189,40.684108108108106,39.99659900095653,40.618702702702706,0.15135135135135136
0.44999999999999996,0.04999999999999988,0.5,400,1.0127567567567568,41.52421621621622,41.001174210076854,41.504,0.043243243243243246
0.44999999999999996,0.04499999999999987,0.5,400,1.0122162162162163,42.559135135135136,42.04549823774431,42.53945945945946,0.021621621621621623
0.44999999999999996,0.03999999999999987,0.5,400,1.0115675675675675,43.26486486486486,42.77011862776531,43.252432432432435,0.021621621621621623
0.44999999999999996,0.034999999999999865,0.5,400,1.0134054054054054,44.030054054054055,43.44762107958182,44.01383783783784,0.0
0.44999999999999996,0.02999999999999986,0.5,400,1.0107027027027027,44.66227027027027,44.1893250615039,44.65145945945946,0.0
0.44999999999999996,0.024999999999999856,0.5,400,1.0122162162162163,45.36378378378378,44.81629819502296,45.35091891891892,0.0
0.44999999999999996,0.01999999999999985,0.5,400,1.0087567567567568,45.85794594594594,45.45986496624156,45.84864864864865,0.0
0.44999999999999996,0.014999999999999847,0.5,400,1.0097297297297296,46.52172972972973,46.073447537473236,46.511783783783784,0.0
0.44999999999999996,0.009999999999999842,0.5,400,1.0094054054054054,47.32745945945946,46.88647317125415,47.31686486486486,0.0
0.44999999999999996,0.004999999999999838,0.5,400,1.0084324324324325,47.94183783783784,47.540951972555746,47.932972972972976,0.0
0.44499999999999995,0.2,0.5,400,0.828,23.647783783783783,28.56012534273404,23.343027027027027,21.589189189189188
0.44499999999999995,0.195,0.5,400,0.829945945945946,23.953513513513514,28.86153445356259,23.61664864864865,21.654054054054054
0.44499999999999995,0.19,0.5,400,0.8372972972972973,24.293297297297297,29.013944480309878,23.869945945945947,21.664864864864864
0.44499999999999995,0.185,0.5,400,0.8405405405405405,24.584864864864866,29.24887459807074,24.096216216216217,21.61081081081081
0.44499999999999995,0.18,0.5,400,0.8397837837837838,24.85264864864865,29.594104016477857,24.322702702702703,21.697297297297297
0.44499999999999995,0.175,0.5,400,0.8415135135135136,25.130054054054053,29.86292394655704,24.560216216216215,21.71891891891892
0.44499999999999995,0.16999999999999998,0.5,400,0.8365405405405405,25.528648648648648,30.51692943913156,25.028864864864865,21.286486486486485
0.44499999999999995,0.16499999999999998,0.5,400,0.8338378378378378,25.97654054054054,31.152988461039804,25.547135135135136,21.21081081081081
0.44499999999999995,0.15999999999999998,0.5,400,0.8412972972972973,26.60162162162162,31.61976355692624,26.279567567567568,20.28108108108108
0.44499999999999995,0.15499999999999997,0.5,400,0.8948108108108108,27.61945945945946,30.86625588981515,27.23254054054054,15.481081081081081
0.44499999999999995,0.14999999999999997,0.5,400,0.910918918918919,28.12291891891892,30.873130785663424,27.653405405405405,14.735135135135135
0.44499999999999995,0.14499999999999996,0.5,400,0.9128648648648648,28.479027027027026,31.197418285172905,27.927891891891893,14.972972972972974
0.44499999999999995,0.13999999999999996,0.5,400,0.9187027027027027,28.831567567567568,31.382913626735704,28.184756756756755,14.886486486486486
0.44499999999999995,0.13499999999999995,0.5,400,0.924972972972973,29.185837837837838,31.553179055633475,28.456216216216216,14.637837837837838
0.44499999999999995,0.12999999999999995,0.5,400,0.9267027027027027,29.576972972972975,31.916355576294915,28.81308108108108,14.551351351351352
0.44499999999999995,0.12499999999999994,0.5,400,0.9065945945945946,30.23762162162162,33.35296923443835,29.77545945945946,14.097297297297297
0.44499999999999995,0.11999999999999994,0.5,400,0.8833513513513513,30.82118918918919,34.8912005874434,30.699783783783783,13.643243243243242
0.44499999999999995,0.11499999999999994,0.5,400,0.8858378378378379,31.201297297297298,35.22235782279717,31.095135135135134,13.481081081081081
0.44499999999999995,0.10999999999999993,0.5,400,0.894918918918919,31.623567567567566,35.33679632761537,31.483351351351352,13.037837837837838
0.44499999999999995,0.10499999999999993,0.5,400,0.9425945945945946,32.61416216216216,34.600412891386625,32.33027027027027,9.308108108108108
0.44499999999999995,0.09999999999999992,0.5,400,0.9894054054054054,33.61275675675676,33.97268356643357,33.04356756756757,7.091891891891892
0.44499999999999995,0.09499999999999992,0.5,400,0.9974054054054055,34.21372972972973,34.30273141122913,33.51913513513514,6.8108108108108105
0.44499999999999995,0.08999999999999991,0.5,400,1.0042162162162163,34.79091891891892,34.6448487458284,34.044,6.118918918918919
0.44499999999999995,0.08499999999999991,0.5,400,0.9824864864864865,35.67189189189189,36.307768485915496,35.24637837837838,5.989189189189189
0.44499999999999995,0.0799999999999999,0.5,400,0.9903783783783784,36.50075675675676,36.85536513481061,36.2534054054054,4.313513513513514
0.44499999999999995,0.0749999999999999,0.5,400,1.0062702702702702,37.5932972972973,37.35904598195101,37.469297297297295,2.0216216216216214
0.44499999999999995,0.0699999999999999,0.5,400,1.0187027027027027,38.4347027027027,37.72906717605858,38.32010810810811,0.6054054054054054
0.44499999999999995,0.06499999999999989,0.5,400,1.0168648648648648,39.167027027027025,38.5174356793536,39.084756756756754,0.3783783783783784
0.44499999999999995,0.05999999999999989,0.5,400,1.0155675675675675,39.750594594594595,39.1412603789653,39.701297297297295,0.23783783783783785
0.44499999999999995,0.05499999999999988,0.5,400,1.0128648648648648,40.59556756756757,40.07994449781193,40.559891891891894,0.14054054054054055
0.44499999999999995,0.04999999999999988,0.5,400,1.011027027027027,41.39081081081081,40.93937125748503,41.367135135135136,0.06486486486486487
0.44499999999999995,0.04499999999999987,0.5,400,1.013081081081081,42.433297297297294,41.88539110020275,42.412324324324324,0.043243243243243246
0.44499999999999995,0.03999999999999987,0.5,400,1.0122162162162163,43.136,42.61540104667308,43.12216216216216,0.010810810810810811
0.44499999999999995,0.034999999999999865,0.5,400,1.0117837837837838,43.8694054054054,43.358478469922,43.8572972972973,0.0
0.44499999999999995,0.02999999999999986,0.5,400,1.0104864864864864,44.57589189189189,44.1132983845084,44.56475675675676,0.0
0.44499999999999995,0.024999999999999856,0.5,400,1.0098378378378379,45.22454054054054,44.78396317310781,45.21427027027027,0.0
0.44499999999999995,0.01999999999999985,0.5,400,1.0098378378378379,45.74594594594595,45.30028904828177,45.73567567567567,0.0
0.44499999999999995,0.014999999999999847,0.5,400,1.0084324324324325,46.320972972972974,45.93364065180103,46.31243243243243,0.0
0.44499999999999995,0.009999999999999842,0.5,400,1.0101621621621621,47.19394594594595,46.71917808219178,47.18291891891892,0.0
0.44499999999999995,0.004999999999999838,0.5,400,1.0096216216216216,47.786054054054055,47.33065638719349,47.776,0.0
0.43999999999999995,0.2,0.5,400,0.8223783783783783,23.49708108108108,28.572104640462733,23.214702702702702,21.794594594594596
0.43999999999999995,0.195,0.5,400,0.8245405405405405,23.796,28.85970892880556,23.507135135135137,21.675675675675677
0.43999999999999995,0.19,0.5,400,0.8315675675675676,24.116432432432433,29.00117004680187,23.763567567567566,21.708108108108107
0.43999999999999995,0.185,0.5,400,0.8402162162162162,24.45016216216216,29.099845599588267,23.999567567567567,21.675675675675677
0.43999999999999995,0.18,0.5,400,0.8424864864864865,24.72908108108108,29.35249582959066,24.212324324324324,21.6
0.43999999999999995,0.175,0.5,400,0.8388108108108108,25.01210810810811,29.818533316148987,24.480216216216217,21.6
0.43999999999999995,0.16999999999999998,0.5,400,0.8364324324324325,25.33545945945946,30.28990564818405,24.81427027027027,21.535135135135135
0.43999999999999995,0.16499999999999998,0.5,400,0.8356756756756757,25.770594594594595,30.838033635187582,25.30162162162162,21.102702702702704
0.43999999999999995,0.15999999999999998,0.5,400,0.8316756756756757,26.32724324324324,31.655660990510853,26.022486486486486,20.78918918918919
0.43999999999999995,0.15499999999999997,0.5,400,0.8766486486486487,27.276756756756757,31.114810704155875,26.932756756756756,16.832432432432434
0.43999999999999995,0.14999999999999997,0.5,400,0.9027027027027027,27.937945945945945,30.94922155688623,27.528972972972973,14.92972972972973
0.43999999999999995,0.14499999999999996,0.5,400,0.9125405405405406,28.333405405405404,31.048927852150218,27.818486486486485,14.81081081081081
0.43999999999999995,0.13999999999999996,0.5,400,0.916108108108108,28.688324324324324,31.315435449610572,28.082594594594596,14.875675675675677
0.43999999999999995,0.13499999999999995,0.5,400,0.9225945945945946,29.039783783783783,31.476212795875323,28.353081081081083,14.702702702702704
0.43999999999999995,0.12999999999999995,0.5,400,0.932,29.419675675675677,31.566175617677764,28.642702702702703,14.378378378378379
0.43999999999999995,0.12499999999999994,0.5,400,0.9050810810810811,30.05762162162162,33.20986622073578,29.56281081081081,14.378378378378379
0.43999999999999995,0.11999999999999994,0.5,400,0.8856216216216216,30.673297297297296,34.634765625,30.52691891891892,13.718918918918918
0.43999999999999995,0.11499999999999994,0.5,400,0.8863783783783784,31.090162162162162,35.07549701183071,30.99481081081081,13.308108108108108
0.43999999999999995,0.10999999999999993,0.5,400,0.8896216216216216,31.490054054054053,35.397132093814555,31.387351351351352,12.875675675675677
0.43999999999999995,0.10499999999999993,0.5,400,0.922054054054054,32.22486486486486,34.94899753781217,32.05135135135135,10.464864864864865
0.43999999999999995,0.09999999999999992,0.5,400,0.9771891891891892,33.370486486486485,34.14946343622082,32.968756756756754,6.951351351351351
0.43999999999999995,0.09499999999999992,0.5,400,0.9998918918918919,34.02205405405405,34.02573251162288,33.37816216216216,6.562162162162162
0.43999999999999995,0.08999999999999991,0.5,400,1.0022702702702704,34.641621621621624,34.56315392082839,33.94745945945946,6.313513513513514
0.43999999999999995,0.08499999999999991,0.5,400,0.990054054054054,35.4092972972973,35.76501419523913,34.8867027027027,5.945945945945946
0.43999999999999995,0.0799999999999999,0.5,400,0.9895135135135135,36.44151351351351,36.82770676281001,36.19394594594595,4.281081081081081
0.43999999999999995,0.0749999999999999,0.5,400,1.0063783783783784,37.563135135135134,37.32506176818133,37.44994594594595,1.772972972972973
0.43999999999999995,0.0699999999999999,0.5,400,1.016,38.34021621621621,37.73643328367738,38.26702702702703,0.6702702702702703
0.43999999999999995,0.06499999999999989,0.5,400,1.0128648648648648,39.02486486486487,38.52919201622372,38.97427027027027,0.44324324324324327
0.43999999999999995,0.05999999999999989,0.5,400,1.013081081081081,39.672108108108105,39.1598548714118,39.6292972972973,0.22702702702702704
0.43999999999999995,0.05499999999999988,0.5,400,1.0126486486486486,40.468756756756754,39.96327532828013,40.435135135135134,0.1945945945945946
0.43999999999999995,0.04999999999999988,0.5,400,1.0123243243243243,41.18832432432433,40.68688594617685,41.166486486486484,0.043243243243243246
0.43999999999999995,0.04499999999999987,0.5,400,1.0140540540540541,42.16421621621622,41.579850746268654,42.13945945945946,0.021621621621621623
0.43999999999999995,0.03999999999999987,0.5,400,1.0140540540540541,43.04994594594594,42.45330490405117,43.03351351351351,0.0
0.43999999999999995,0.034999999999999865,0.5,400,1.0097297297297296,43.74518918918919,43.323661670235545,43.735351351351355,0.0
0.43999999999999995,0.02999999999999986,0.5,400,1.0123243243243243,44.42962162162162,43.88872276804784,44.41643243243243,0.0
0.43999999999999995,0.024999999999999856,0.5,400,1.0107027027027027,45.04281081081081,44.56583591828003,45.031891891891895,0.0
0.43999999999999995,0.01999999999999985,0.5,400,1.009081081081081,45.637945945945944,45.2272337690165,45.62864864864865,0.0
0.43999999999999995,0.014999999999999847,0.5,400,1.009081081081081,46.18248648648649,45.76687379472895,46.17318918918919,0.0
0.43999999999999995,0.009999999999999842,0.5,400,1.0097297297297296,47.03405405405405,46.58083511777302,47.023675675675676,0.0
0.43999999999999995,0.004999999999999838,0.5,400,1.0076756756756757,47.65697297297297,47.29395987554983,47.64886486486486,0.0
0.43499999999999994,0.2,0.5,400,0.8211891891891892,23.349297297297298,28.433517640863613,23.090594594594595,21.74054054054054
0.43499999999999994,0.195,0.5,400,0.8216216216216217,23.67016216216216,28.80907894736842,23.403135135135134,21.72972972972973
0.43499999999999994,0.19,0.5,400,0.8275675675675676,23.97081081081081,28.965382103200522,23.665837837837838,21.57837837837838
0.43499999999999994,0.185,0.5,400,0.835891891891892,24.29210810810811,29.061303673047078,23.89664864864865,21.794594594594596
0.43499999999999994,0.18,0.5,400,0.8425945945945946,24.606918918918918,29.203746471644855,24.116108108108108,21.589189189189188
0.43499999999999994,0.175,0.5,400,0.8397837837837838,24.88972972972973,29.638259526261585,24.37556756756757,21.6
0.43499999999999994,0.16999999999999998,0.5,400,0.836972972972973,25.206702702702703,30.116507362438647,24.698810810810812,21.56756756756757
0.43499999999999994,0.16499999999999998,0.5,400,0.836972972972973,25.593297297297298,30.578403513304057,25.138486486486485,21.07027027027027
0.43499999999999994,0.15999999999999998,0.5,400,0.8250810810810811,26.06691891891892,31.59316037735849,25.78302702702703,20.94054054054054
0.43499999999999994,0.15499999999999997,0.5,400,0.8474594594594594,26.74908108108108,31.563847429519072,26.463675675675674,19.47027027027027
0.43499999999999994,0.14999999999999997,0.5,400,0.8948108108108108,27.741945945945947,31.003141234746888,27.379567567567566,15.21081081081081
0.43499999999999994,0.14499999999999996,0.5,400,0.908972972972973,28.17297297297297,30.99429115128449,27.716432432432434,14.767567567567568
0.43499999999999994,0.13999999999999996,0.5,400,0.9156756756756756,28.544324324324325,31.172963400236128,27.99027027027027,14.767567567567568
0.43499999999999994,0.13499999999999995,0.5,400,0.9202162162162162,28.904,31.41000939849624,28.260972972972972,14.81081081081081
0.43499999999999994,0.12999999999999995,0.5,400,0.9242162162162162,29.29524324324324,31.697391507778686,28.57481081081081,14.64864864864865
0.43499999999999994,0.12499999999999994,0.5,400,0.9205405405405406,29.740756756756756,32.3079271873165,29.044756756756758,14.486486486486486
0.43499999999999994,0.11999999999999994,0.5,400,0.8876756756756756,30.54983783783784,34.41554012909511,30.39027027027027,13.772972972972973
0.43499999999999994,0.11499999999999994,0.5,400,0.8823783783783784,30.9572972972973,35.08392550845381,30.855891891891893,13.567567567567568
0.43499999999999994,0.10999999999999993,0.5,400,0.8861621621621621,31.34562162162162,35.37233134073441,31.2547027027027,13.264864864864865
0.43499999999999994,0.10499999999999993,0.5,400,0.9059459459459459,31.928216216216217,35.24295942720764,31.814162162162162,11.394594594594595
0.43499999999999994,0.09999999999999992,0.5,400,0.9582702702702702,33.040216216216216,34.479016245487365,32.84540540540541,7.145945945945946
0.43499999999999994,0.09499999999999992,0.5,400,0.9904864864864865,33.79989189189189,34.12453612748308,33.2692972972973,6.52972972972973
0.43499999999999994,0.08999999999999991,0.5,400,1.0014054054054053,34.46010810810811,34.41174565475548,33.79427027027027,6.2594594594594595
0.43499999999999994,0.08499999999999991,0.5,400,0.9929729729729729,35.253189189189186,35.50266739248775,34.710594594594596,6.010810810810811
0.43499999999999994,0.0799999999999999,0.5,400,0.9891891891891892,36.22551351351351,36.621420765027324,35.936216216216216,4.454054054054054
0.43499999999999994,0.0749999999999999,0.5,400,0.997945945945946,37.29167567567568,37.36843245585527,37.221405405405406,2.3027027027027027
0.43499999999999994,0.0699999999999999,0.5,400,1.0128648648648648,38.23751351351351,37.75184117835415,38.19081081081081,0.6162162162162163
0.43499999999999994,0.06499999999999989,0.5,400,1.0144864864864864,38.8225945945946,38.26822250639386,38.784324324324324,0.34594594594594597
0.43499999999999994,0.05999999999999989,0.5,400,1.0137297297297296,39.6532972972973,39.11624186840141,39.62064864864865,0.23783783783783785
0.43499999999999994,0.05499999999999988,0.5,400,1.015027027027027,40.189189189189186,39.59420598572798,40.152324324324326,0.20540540540540542
0.43499999999999994,0.04999999999999988,0.5,400,1.016108108108108,41.01318918918919,40.36301734227045,40.98562162162162,0.06486486486486487
0.43499999999999994,0.04499999999999987,0.5,400,1.0115675675675675,41.87427027027027,41.39542588436465,41.85989189189189,0.043243243243243246
0.43499999999999994,0.03999999999999987,0.5,400,1.0128648648648648,42.91556756756757,42.37047710534742,42.90032432432432,0.010810810810810811
0.43499999999999994,0.034999999999999865,0.5,400,1.0114594594594595,43.65891891891892,43.16427960666952,43.64594594594595,0.0
0.43499999999999994,0.02999999999999986,0.5,400,1.0113513513513515,44.30475675675676,43.80748262960984,44.292432432432435,0.0
0.43499999999999994,0.024999999999999856,0.5,400,1.0111351351351352,44.90702702702703,44.412487971773764,44.89556756756757,0.0
0.43499999999999994,0.01999999999999985,0.5,400,1.009081081081081,45.57794594594595,45.16777373044783,45.56843243243243,0.0
0.43499999999999994,0.014999999999999847,0.5,400,1.0097297297297296,46.103567567567566,45.6593147751606,46.093513513513514,0.0
0.43499999999999994,0.009999999999999842,0.5,400,1.0097297297297296,46.883027027027026,46.43126338329765,46.872972972972974,0.0
0.43499999999999994,0.004999999999999838,0.5,400,1.0086486486486486,47.536432432432434,47.128831725616294,47.526918918918916,0.0
0.42999999999999994,0.2,0.5,400,0.8164324324324325,23.164,28.372219279661017,22.946162162162164,21.85945945945946
0.42999999999999994,0.195,0.5,400,0.8189189189189189,23.526162162162162,28.72831683168317,23.278702702702702,21.805405405405406
0.42999999999999994,0.19,0.5,400,0.8192432432432433,23.815243243243245,29.06980733702824,23.553945945945944,21.82702702702703
0.42999999999999994,0.185,0.5,400,0.8307027027027027,24.12389189189189,29.04034357105674,23.789297297297296,21.63243243243243
0.42999999999999994,0.18,0.5,400,0.8394594594594594,24.47145945945946,29.151448808757245,24.032,21.57837837837838
0.42999999999999994,0.175,0.5,400,0.8403243243243244,24.745405405405407,29.447446288434325,24.240756756756756,21.686486486486487
0.42999999999999994,0.16999999999999998,0.5,400,0.8392432432432433,25.040864864864865,29.837433981708102,24.503351351351352,21.697297297297297
0.42999999999999994,0.16499999999999998,0.5,400,0.839027027027027,25.402054054054055,30.275608813297257,24.902486486486488,21.275675675675675
0.42999999999999994,0.15999999999999998,0.5,400,0.8237837837837838,25.879243243243245,31.41509186351706,25.55956756756757,21.113513513513514
0.42999999999999994,0.15499999999999997,0.5,400,0.828972972972973,26.4372972972973,31.891627543035995,26.247027027027027,20.01081081081081
0.42999999999999994,0.14999999999999997,0.5,400,0.8922162162162162,27.549621621621622,30.877741427359748,27.240216216216215,15.308108108108108
0.42999999999999994,0.14499999999999996,0.5,400,0.9024864864864864,28.006702702702704,31.03282223287015,27.60962162162162,14.821621621621622
0.42999999999999994,0.13999999999999996,0.5,400,0.9124324324324324,28.412864864864865,31.13969194312796,27.893945945945944,14.908108108108108
0.42999999999999994,0.13499999999999995,0.5,400,0.9185945945945946,28.759243243243244,31.30787336707073,28.174162162162162,14.713513513513513
0.42999999999999994,0.12999999999999995,0.5,400,0.9247567567567567,29.121945945945946,31.491465980827684,28.439351351351352,14.54054054054054
0.42999999999999994,0.12499999999999994,0.5,400,0.9257297297297298,29.553405405405407,31.924442368328858,28.82789189189189,14.291891891891892
0.42999999999999994,0.11999999999999994,0.5,400,0.892,30.34702702702703,34.02133074778815,30.09372972972973,13.967567567567567
0.42999999999999994,0.11499999999999994,0.5,400,0.884972972972973,30.85827027027027,34.869166870266305,30.756,13.448648648648648
0.42999999999999994,0.10999999999999993,0.5,400,0.8885405405405405,31.22,35.13626961917508,31.133945945945946,13.04864864864865
0.42999999999999994,0.10499999999999993,0.5,400,0.8977297297297298,31.72172972972973,35.335500963391134,31.630702702702703,11.989189189189188
0.42999999999999994,0.09999999999999992,0.5,400,0.9500540540540541,32.830594594594594,34.556554392353206,32.69545945945946,7.318918918918919
0.42999999999999994,0.09499999999999992,0.5,400,0.9783783783783784,33.58216216216216,34.32430939226519,33.18291891891892,6.691891891891892
0.42999999999999994,0.08999999999999991,0.5,400,1.0008648648648648,34.269513513513516,34.2399006264852,33.64108108108108,6.162162162162162
0.42999999999999994,0.08499999999999991,0.5,400,0.9907027027027027,35.112432432432435,35.441946748144915,34.61167567567568,5.989189189189189
0.42999999999999994,0.0799999999999999,0.5,400,0.9941621621621621,36.114378378378376,36.32644628099174,35.78259459459459,4.345945945945946
0.42999999999999994,0.0749999999999999,0.5,400,1.003891891891892,37.20281081081081,37.058582812836526,37.08875675675676,1.8918918918918919
0.42999999999999994,0.0699999999999999,0.5,400,1.0116756756756757,38.18562162162162,37.74492412908741,38.14335135135135,0.6054054054054054
0.42999999999999994,0.06499999999999989,0.5,400,1.0142702702702702,38.778486486486486,38.23289277339587,38.74378378378378,0.3567567567567568
0.42999999999999994,0.05999999999999989,0.5,400,1.0140540540540541,39.495891891891894,38.948507462686564,39.457945945945944,0.1945945945945946
0.42999999999999994,0.05499999999999988,0.5,400,1.0125405405405405,40.19405405405406,39.696241725389704,40.17081081081081,0.15135135135135136
0.42999999999999994,0.04999999999999988,0.5,400,1.0145945945945947,40.91708108108108,40.328502930207776,40.87935135135135,0.05405405405405406
0.42999999999999994,0.04499999999999987,0.5,400,1.0127567567567568,41.576324324324325,41.052625960717336,41.55902702702703,0.010810810810810811
0.42999999999999994,0.03999999999999987,0.5,400,1.0123243243243243,42.81297297297297,42.29175565997437,42.79827027027027,0.0
0.42999999999999994,0.034999999999999865,0.5,400,1.0126486486486486,43.525621621621625,42.98195793743995,43.51254054054054,0.0
0.42999999999999994,0.02999999999999986,0.5,400,1.009189189189189,44.17989189189189,43.777611140867705,44.17027027027027,0.0
0.42999999999999994,0.024999999999999856,0.5,400,1.0108108108108107,44.746054054054056,44.26748663101604,44.73372972972973,0.0
0.42999999999999994,0.01999999999999985,0.5,400,1.0096216216216216,45.41362162162162,44.98083306563872,45.40378378378379,0.0
0.42999999999999994,0.014999999999999847,0.5,400,1.009081081081081,45.95686486486486,45.54328262266981,45.94745945945946,0.0
0.42999999999999994,0.009999999999999842,0.5,400,1.0087567567567568,46.68962162162162,46.28432108027007,46.68064864864865,0.0
0.42999999999999994,0.004999999999999838,0.5,400,1.0084324324324325,47.388756756756756,46.99249571183533,47.38032432432433,0.0
0.42499999999999993,0.2,0.5,400,0.8028108108108108,22.93145945945946,28.563964449232426,22.792324324324323,22.10810810810811
0.42499999999999993,0.195,0.5,400,0.8179459459459459,23.370162162162163,28.57176843774782,23.167459459459458,21.751351351351353
0.42499999999999993,0.19,0.5,400,0.8164324324324325,23.696648648648647,29.024629237288135,23.463783783783782,21.83783783783784
0.42499999999999993,0.185,0.5,400,0.8224864864864865,23.96454054054054,29.136698212407993,23.69362162162162,21.772972972972973
0.42499999999999993,0.18,0.5,400,0.8325405405405405,24.29891891891892,29.186469289702636,23.92745945945946,21.74054054054054
0.42499999999999993,0.175,0.5,400,0.8406486486486486,24.624216216216215,29.291923868312757,24.152324324324326,21.589189189189188
0.42499999999999993,0.16999999999999998,0.5,400,0.8382702702702702,24.91318918918919,29.719757544493167,24.404108108108108,21.762162162162163
0.42499999999999993,0.16499999999999998,0.5,400,0.832972972972973,25.271783783783786,30.33926022063595,24.82691891891892,21.45945945945946
0.42499999999999993,0.15999999999999998,0.5,400,0.828,25.67081081081081,31.003394699046872,25.309081081081082,21.016216216216215
0.42499999999999993,0.15499999999999997,0.5,400,0.8167567567567567,26.111027027027028,31.96915949702184,25.904432432432433,20.897297297297296
0.42499999999999993,0.14999999999999997,0.5,400,0.8695135135135135,27.137945945945948,31.210493596916574,26.90616216216216,16.67027027027027
0.42499999999999993,0.14499999999999996,0.5,400,0.8972972972972973,27.860216216216216,31.049036144578313,27.49989189189189,14.94054054054054
0.42499999999999993,0.13999999999999996,0.5,400,0.910918918918919,28.246702702702702,31.009019700925705,27.795675675675675,14.68108108108108
0.42499999999999993,0.13499999999999995,0.5,400,0.9151351351351351,28.618378378378377,31.27229769639693,28.064864864864866,14.778378378378378
0.42499999999999993,0.12999999999999995,0.5,400,0.918054054054054,28.97502702702703,31.561351860574657,28.335135135135136,14.832432432432432
0.42499999999999993,0.12499999999999994,0.5,400,0.9256216216216216,29.375783783783785,31.73627657089465,28.665513513513513,14.454054054054055
0.42499999999999993,0.11999999999999994,0.5,400,0.8971891891891892,30.155567567567566,33.61115797083986,29.834162162162162,14.151351351351352
0.42499999999999993,0.11499999999999994,0.5,400,0.8854054054054054,30.70508108108108,34.67912087912088,30.592756756756756,13.437837837837838
0.42499999999999993,0.10999999999999993,0.5,400,0.888,31.105945945945948,35.02921840759679,31.012756756756758,13.156756756756756
0.42499999999999993,0.10499999999999993,0.5,400,0.9018378378378379,31.609189189189188,35.04974826180772,31.513405405405404,11.816216216216215
0.42499999999999993,0.09999999999999992,0.5,400,0.9262702702702703,32.406486486486486,34.9859943977591,32.31189189189189,9.275675675675675
0.42499999999999993,0.09499999999999992,0.5,400,0.9667027027027028,33.316540540540544,34.46410199060613,33.07772972972973,6.713513513513513
0.42499999999999993,0.08999999999999991,0.5,400,0.9868108108108108,33.95762162162162,34.41148115687993,33.50335135135135,6.2594594594594595
0.42499999999999993,0.08499999999999991,0.5,400,0.9896216216216216,35.02281081081081,35.390102687349795,34.58291891891892,5.827027027027027
0.42499999999999993,0.0799999999999999,0.5,400,0.9911351351351352,35.95037837837838,36.27192408376963,35.642162162162165,4.735135135135135
0.42499999999999993,0.0749999999999999,0.5,400,0.9936216216216216,37.03978378378378,37.27755412903928,36.96259459459459,2.691891891891892
0.42499999999999993,0.0699999999999999,0.5,400,1.0085405405405405,37.88583783783784,37.56501232715189,37.83545945945946,0.8108108108108109
0.42499999999999993,0.06499999999999989,0.5,400,1.011891891891892,38.73372972972973,38.27852564102564,38.706162162162165,0.44324324324324327
0.42499999999999993,0.05999999999999989,0.5,400,1.0135135135135136,39.43275675675676,38.90698666666667,39.407783783783785,0.21621621621621623
0.42499999999999993,0.05499999999999988,0.5,400,1.0126486486486486,40.13167567567567,39.63040461193552,40.11135135135135,0.10810810810810811
0.42499999999999993,0.04999999999999988,0.5,400,1.0138378378378379,40.761405405405405,40.20505438259757,40.73686486486486,0.043243243243243246
0.42499999999999993,0.04499999999999987,0.5,400,1.012972972972973,41.52605405405406,40.99423692636073,41.502162162162165,0.043243243243243246
0.42499999999999993,0.03999999999999987,0.5,400,1.0123243243243243,42.51318918918919,41.995621529261,42.49827027027027,0.0
0.42499999999999993,0.034999999999999865,0.5,400,1.0115675675675675,43.36248648648649,42.86662391792241,43.350162162162164,0.0
0.42499999999999993,0.02999999999999986,0.5,400,1.0105945945945947,44.0627027027027,43.6007702182285,44.05145945945946,0.0
0.42499999999999993,0.024999999999999856,0.5,400,1.0113513513513515,44.71794594594595,44.21603420630679,44.70605405405406,0.0
0.42499999999999993,0.01999999999999985,0.5,400,1.008972972972973,45.34518918918919,44.94192649737491,45.33578378378378,0.0
0.42499999999999993,0.014999999999999847,0.5,400,1.0076756756756757,45.87156756756757,45.52215427529235,45.86367567567567,0.0
0.42499999999999993,0.009999999999999842,0.5,400,1.0085405405405405,46.54389189189189,46.14974809733091,46.535243243243244,0.0
0.42499999999999993,0.004999999999999838,0.5,400,1.007891891891892,47.26627027027027,46.89617076048482,47.25772972972973,0.0
0.41999999999999993,0.2,0.5,400,0.7952432432432432,22.736864864864867,28.591082109842304,22.628864864864866,22.454054054054055
0.41999999999999993,0.195,0.5,400,0.8032432432432433,23.158054054054055,28.830686406460295,23.03902702702703,21.924324324324324
0.41999999999999993,0.19,0.5,400,0.8157837837837838,23.56335135135135,28.88430956798304,23.360756756756757,21.71891891891892
0.41999999999999993,0.185,0.5,400,0.8192432432432433,23.840972972972974,29.10121404064397,23.594162162162164,21.72972972972973
0.41999999999999993,0.18,0.5,400,0.8246486486486486,24.117081081081082,29.245280545359204,23.819783783783784,21.697297297297297
0.41999999999999993,0.175,0.5,400,0.8372972972972973,24.467135135135134,29.22156229825694,24.053513513513515,21.72972972972973
0.41999999999999993,0.16999999999999998,0.5,400,0.8405405405405405,24.782054054054054,29.48347266881029,24.287891891891892,21.697297297297297
0.41999999999999993,0.16499999999999998,0.5,400,0.8363243243243244,25.10508108108108,30.018355739400207,24.615675675675675,21.535135135135135
0.41999999999999993,0.15999999999999998,0.5,400,0.8313513513513513,25.508108108108107,30.682704811443433,25.099675675675677,21.254054054054055
0.41999999999999993,0.15499999999999997,0.5,400,0.8202162162162162,25.944,31.630684064847767,25.706486486486487,20.91891891891892
0.41999999999999993,0.14999999999999997,0.5,400,0.8374054054054054,26.653513513513513,31.82868577330235,26.51718918918919,18.518918918918917
0.41999999999999993,0.14499999999999996,0.5,400,0.8928648648648648,27.6812972972973,31.002784840779757,27.38745945945946,14.983783783783784
0.41999999999999993,0.13999999999999996,0.5,400,0.9037837837837838,28.075567567567568,31.064473684210526,27.683675675675676,14.78918918918919
0.41999999999999993,0.13499999999999995,0.5,400,0.9125405405405406,28.46,31.187655491055562,27.960864864864863,14.724324324324325
0.41999999999999993,0.12999999999999995,0.5,400,0.9168648648648648,28.83145945945946,31.445702157764416,28.23989189189189,14.68108108108108
0.41999999999999993,0.12499999999999994,0.5,400,0.9233513513513514,29.233621621621623,31.66034422198806,28.56345945945946,14.4
0.41999999999999993,0.11999999999999994,0.5,400,0.9147027027027027,29.825405405405405,32.606665878737736,29.257837837837837,14.108108108108109
0.41999999999999993,0.11499999999999994,0.5,400,0.8864864864864865,30.596864864864866,34.514756097560976,30.485405405405405,13.481081081081081
0.41999999999999993,0.10999999999999993,0.5,400,0.8877837837837838,30.979783783783784,34.895640526059424,30.887891891891893,13.232432432432432
0.41999999999999993,0.10499999999999993,0.5,400,0.8914594594594595,31.415027027027026,35.23999514916323,31.33491891891892,12.562162162162162
0.41999999999999993,0.09999999999999992,0.5,400,0.9248648648648649,32.22281081081081,34.840561075394504,32.1292972972973,9.416216216216217
0.41999999999999993,0.09499999999999992,0.5,400,0.9605405405405405,33.138486486486485,34.49983117613956,32.978162162162164,6.6702702702702705
0.41999999999999993,0.08999999999999991,0.5,400,0.9775135135135136,33.786054054054055,34.5632603406326,33.45751351351351,6.291891891891892
0.41999999999999993,0.08499999999999991,0.5,400,0.9872432432432432,34.72227027027027,35.1709373631187,34.31513513513514,5.870270270270271
0.41999999999999993,0.0799999999999999,0.5,400,0.9875675675675676,35.727783783783785,36.17755883962781,35.416,4.92972972972973
0.41999999999999993,0.0749999999999999,0.5,400,0.9982702702702703,36.91275675675676,36.976716482564434,36.79524324324324,2.4756756756756757
0.41999999999999993,0.0699999999999999,0.5,400,1.0103783783783784,37.824216216216215,37.435694414722875,37.76918918918919,0.6702702702702703
0.41999999999999993,0.06499999999999989,0.5,400,1.0108108108108107,38.61902702702703,38.20598930481283,38.58994594594595,0.4
0.41999999999999993,0.05999999999999989,0.5,400,1.0104864864864864,39.324108108108106,38.91601583395742,39.30864864864865,0.24864864864864866
0.41999999999999993,0.05499999999999988,0.5,400,1.0138378378378379,39.93740540540541,39.39230113030497,39.91124324324324,0.14054054054054055
0.41999999999999993,0.04999999999999988,0.5,400,1.0147027027027027,40.62162162162162,40.03302791391434,40.59567567567568,0.021621621621621623
0.41999999999999993,0.04499999999999987,0.5,400,1.0112432432432432,41.42064864864865,40.96012401111824,41.39859459459459,0.032432432432432434
0.41999999999999993,0.03999999999999987,0.5,400,1.012972972972973,42.43081081081081,41.88740661686233,42.416,0.0
0.41999999999999993,0.034999999999999865,0.5,400,1.0101621621621621,43.28010810810811,42.84471318493151,43.26864864864865,0.0
0.41999999999999993,0.02999999999999986,0.5,400,1.0117837837837838,43.91945945945946,43.40794956726146,43.907243243243244,0.0
0.41999999999999993,0.024999999999999856,0.5,400,1.0094054054054054,44.524972972972975,44.11009960372711,44.51535135135135,0.0
0.41999999999999993,0.01999999999999985,0.5,400,1.0088648648648648,45.1932972972973,44.7961851693099,45.184216216216214,0.0
0.41999999999999993,0.014999999999999847,0.5,400,1.009081081081081,45.76410810810811,45.352260552817654,45.75491891891892,0.0
0.41999999999999993,0.009999999999999842,0.5,400,1.0077837837837837,46.42724324324325,46.068654795108344,46.41935135135135,0.0
0.41999999999999993,0.004999999999999838,0.5,400,1.0082162162162163,47.10594594594595,46.722067338623205,47.09772972972973,0.0
0.4149999999999999,0.2,0.5,400,0.7903783783783784,22.548216216216215,28.528381890302285,22.446054054054056,22.745945945945945
0.4149999999999999,0.195,0.5,400,0.8018378378378378,23.000216216216216,28.684373736011864,22.888324324324323,21.967567567567567
0.4149999999999999,0.19,0.5,400,0.8095135135135135,23.372432432432433,28.872195512820515,23.239243243243244,21.697297297297297
0.4149999999999999,0.185,0.5,400,0.8182702702702702,23.714594594594594,28.98137138327388,23.4987027027027,21.57837837837838
0.4149999999999999,0.18,0.5,400,0.8227027027027027,23.981189189189188,29.14927726675427,23.722486486486485,21.524324324324326
0.4149999999999999,0.175,0.5,400,0.8296216216216217,24.310054054054053,29.30258014073495,23.959243243243243,21.84864864864865
0.4149999999999999,0.16999999999999998,0.5,400,0.8349189189189189,24.651135135135135,29.525184513789977,24.247891891891893,21.643243243243244
0.4149999999999999,0.16499999999999998,0.5,400,0.8414054054054054,24.966162162162163,29.671977386611847,24.48583783783784,21.47027027027027
0.4149999999999999,0.15999999999999998,0.5,400,0.8335135135135135,25.36227027027027,30.428145265888457,24.928864864864863,21.2
0.4149999999999999,0.15499999999999997,0.5,400,0.8216216216216217,25.758486486486486,31.35078947368421,25.46010810810811,21.135135135135137
0.4149999999999999,0.14999999999999997,0.5,400,0.8176216216216217,26.269513513513512,32.12918154171625,26.149837837837836,20.27027027027027
0.4149999999999999,0.14499999999999996,0.5,400,0.8798918918918919,27.42,31.162919277552525,27.236,15.2
0.4149999999999999,0.13999999999999996,0.5,400,0.896972972972973,27.926486486486485,31.134144871640352,27.59254054054054,14.735135135135135
0.4149999999999999,0.13499999999999995,0.5,400,0.9065945945945946,28.294054054054055,31.20915812067732,27.86562162162162,14.724324324324325
0.4149999999999999,0.12999999999999995,0.5,400,0.9148108108108108,28.693945945945945,31.365989127865753,28.141513513513512,14.78918918918919
0.4149999999999999,0.12499999999999994,0.5,400,0.9235675675675675,29.071783783783783,31.4777010417886,28.434918918918918,14.454054054054055
0.4149999999999999,0.11999999999999994,0.5,400,0.9243243243243243,29.582054054054055,32.00397660818714,28.954054054054055,14.043243243243243
0.4149999999999999,0.11499999999999994,0.5,400,0.8863783783783784,30.437081081081082,34.338699841444075,30.29589189189189,13.718918918918918
0.4149999999999999,0.10999999999999993,0.5,400,0.8831351351351351,30.836972972972973,34.91761537519892,30.745513513513515,13.427027027027027
0.4149999999999999,0.10499999999999993,0.5,400,0.8907027027027027,31.27664864864865,35.11457701177327,31.19643243243243,12.702702702702704
0.4149999999999999,0.09999999999999992,0.5,400,0.916108108108108,31.995243243243245,34.925182912438046,31.911135135135137,10.14054054054054
0.4149999999999999,0.09499999999999992,0.5,400,0.9516756756756757,32.9467027027027,34.6196751107577,32.86572972972973,6.605405405405405
0.4149999999999999,0.08999999999999991,0.5,400,0.9668108108108108,33.58367567567568,34.73655372917366,33.36810810810811,6.227027027027027
0.4149999999999999,0.08499999999999991,0.5,400,0.9821621621621621,34.43102702702703,35.05635663181068,34.08616216216216,5.783783783783784
0.4149999999999999,0.0799999999999999,0.5,400,0.9894054054054054,35.70108108108108,36.08336975524475,35.42205405405405,4.778378378378378
0.4149999999999999,0.0749999999999999,0.5,400,0.9887567567567568,36.673297297297296,37.090312705007655,36.576324324324325,3.264864864864865
0.4149999999999999,0.0699999999999999,0.5,400,1.0105945945945947,37.759567567567565,37.36371416345742,37.7172972972973,0.7675675675675676
0.4149999999999999,0.06499999999999989,0.5,400,1.0122162162162163,38.42562162162162,37.96187119512977,38.3987027027027,0.31351351351351353
0.4149999999999999,0.05999999999999989,0.5,400,1.0116756756756757,39.128864864864866,38.677281470399656,39.10951351351351,0.22702702702702704
0.4149999999999999,0.05499999999999988,0.5,400,1.0111351351351352,39.766486486486485,39.32855768202716,39.752,0.07567567567567568
0.4149999999999999,0.04999999999999988,0.5,400,1.0142702702702702,40.47578378378378,39.906309955233425,40.456,0.032432432432432434
0.4149999999999999,0.04499999999999987,0.5,400,1.011891891891892,41.218378378378375,40.73397435897436,41.19708108108108,0.010810810810810811
0.4149999999999999,0.03999999999999987,0.5,400,1.011027027027027,42.07048648648649,41.61163387510693,42.05751351351351,0.010810810810810811
0.4149999999999999,0.034999999999999865,0.5,400,1.0104864864864864,43.10789189189189,42.66053279126993,43.09545945945946,0.0
0.4149999999999999,0.02999999999999986,0.5,400,1.0094054054054054,43.84281081081081,43.43429367034379,43.8332972972973,0.0
0.4149999999999999,0.024999999999999856,0.5,400,1.0099459459459459,44.466702702702705,44.0287946906444,44.45654054054054,0.0
0.4149999999999999,0.01999999999999985,0.5,400,1.0098378378378379,45.01264864864865,44.57413553152767,45.00248648648649,0.0
0.4149999999999999,0.014999999999999847,0.5,400,1.008972972972973,45.61362162162162,45.20797171327548,45.60454054054054,0.0
0.4149999999999999,0.009999999999999842,0.5,400,1.0071351351351352,46.26605405405405,45.93827823100043,46.25881081081081,0.0
0.4149999999999999,0.004999999999999838,0.5,400,1.007027027027027,47.01016216216216,46.68212560386473,47.003027027027024,0.0
0.4099999999999999,0.2,0.5,400,0.7885405405405406,22.38972972972973,28.39388538524815,22.295567567567566,23.048648648648648
0.4099999999999999,0.195,0.5,400,0.796,22.79945945945946,28.642537009371182,22.71427027027027,22.291891891891893
0.4099999999999999,0.19,0.5,400,0.8014054054054054,23.195351351351352,28.943342776203966,23.112216216216215,21.751351351351353
0.4099999999999999,0.185,0.5,400,0.811027027027027,23.55772972972973,29.04678752332711,23.395675675675676,21.762162162162163
0.4099999999999999,0.18,0.5,400,0.8188108108108109,23.85837837837838,29.1378399788751,23.623243243243245,21.71891891891892
0.4099999999999999,0.175,0.5,400,0.8234594594594594,24.142054054054054,29.3178416699488,23.860216216216216,21.697297297297297
0.4099999999999999,0.16999999999999998,0.5,400,0.8334054054054054,24.470702702702702,29.36230380075237,24.091351351351353,21.708108108108107
0.4099999999999999,0.16499999999999998,0.5,400,0.8374054054054054,24.83556756756757,29.657758843273946,24.392972972972974,21.664864864864864
0.4099999999999999,0.15999999999999998,0.5,400,0.8355675675675676,25.162594594594594,30.114374433950058,24.709945945945947,21.57837837837838
0.4099999999999999,0.15499999999999997,0.5,400,0.8252972972972973,25.60108108108108,31.02043489651559,25.257297297297296,21.08108108108108
0.4099999999999999,0.14999999999999997,0.5,400,0.8156756756756757,26.126486486486485,32.03048376408217,26.017621621621622,20.356756756756756
0.4099999999999999,0.14499999999999996,0.5,400,0.8532972972972973,26.98281081081081,31.62181679969593,26.889405405405405,16.594594594594593
0.4099999999999999,0.13999999999999996,0.5,400,0.8905945945945946,27.736216216216217,31.143481427530954,27.493189189189188,14.8
0.4099999999999999,0.13499999999999995,0.5,400,0.9025945945945946,28.14054054054054,31.177386513354893,27.7652972972973,14.724324324324325
0.4099999999999999,0.12999999999999995,0.5,400,0.9074594594594595,28.53027027027027,31.43971884679533,28.055783783783784,14.81081081081081
0.4099999999999999,0.12499999999999994,0.5,400,0.9237837837837838,28.92183783783784,31.308016383850205,28.331135135135135,14.421621621621622
0.4099999999999999,0.11999999999999994,0.5,400,0.9242162162162162,29.383243243243243,31.792607322493858,28.76908108108108,14.205405405405406
0.4099999999999999,0.11499999999999994,0.5,400,0.8865945945945946,30.318054054054056,34.19607364955493,30.176324324324323,13.654054054054054
0.4099999999999999,0.10999999999999993,0.5,400,0.8842162162162163,30.730702702702704,34.75473774300037,30.638378378378377,13.491891891891893
0.4099999999999999,0.10499999999999993,0.5,400,0.8912432432432432,31.138486486486485,34.93825812712276,31.054054054054053,12.691891891891892
0.4099999999999999,0.09999999999999992,0.5,400,0.9032432432432432,31.66162162162162,35.053261520047876,31.581405405405405,11.535135135135135
0.4099999999999999,0.09499999999999992,0.5,400,0.9485405405405405,32.79740540540541,34.5767038978801,32.71156756756757,6.908108108108108
0.4099999999999999,0.08999999999999991,0.5,400,0.9604324324324325,33.35859459459459,34.7328905898244,33.21675675675676,6.4324324324324325
0.4099999999999999,0.08499999999999991,0.5,400,0.977945945945946,34.19275675675676,34.96385142604466,33.86389189189189,5.967567567567568
0.4099999999999999,0.0799999999999999,0.5,400,0.9784864864864865,35.36432432432432,36.14186277759364,35.162594594594594,5.437837837837838
0.4099999999999999,0.0749999999999999,0.5,400,0.9918918918918919,36.48778378378378,36.78604904632152,36.396432432432434,3.189189189189189
0.4099999999999999,0.0699999999999999,0.5,400,1.009081081081081,37.6585945945946,37.31969145061067,37.61589189189189,0.6594594594594595
0.4099999999999999,0.06499999999999989,0.5,400,1.0075675675675675,38.25837837837838,37.97103004291846,38.24118918918919,0.518918918918919
0.4099999999999999,0.05999999999999989,0.5,400,1.0127567567567568,38.891891891891895,38.40200683176772,38.86994594594594,0.22702702702702704
0.4099999999999999,0.05499999999999988,0.5,400,1.012,39.5627027027027,39.09357974575366,39.54810810810811,0.10810810810810811
0.4099999999999999,0.04999999999999988,0.5,400,1.012,40.378702702702704,39.899903856425595,40.36616216216216,0.021621621621621623
0.4099999999999999,0.04499999999999987,0.5,400,1.0114594594594595,41.07405405405405,40.608700299273195,41.05902702702703,0.010810810810810811
0.4099999999999999,0.03999999999999987,0.5,400,1.013081081081081,41.97762162162162,41.435599188987304,41.96313513513513,0.0
0.4099999999999999,0.034999999999999865,0.5,400,1.011891891891892,42.92724324324325,42.42275641025641,42.91437837837838,0.0
0.4099999999999999,0.02999999999999986,0.5,400,1.0100540540540541,43.692864864864866,43.25794712619073,43.68194594594595,0.0
0.4099999999999999,0.024999999999999856,0.5,400,1.008108108108108,44.28637837837838,43.93018766756032,44.277945945945945,0.0
0.4099999999999999,0.01999999999999985,0.5,400,1.0094054054054054,44.966702702702705,44.547713398307806,44.95697297297297,0.0
0.4099999999999999,0.014999999999999847,0.5,400,1.009081081081081,45.53416216216216,45.12438397257339,45.52324324324324,0.0
0.4099999999999999,0.009999999999999842,0.5,400,1.0086486486486486,46.074486486486485,45.67942122186495,46.065621621621624,0.0
0.4099999999999999,0.004999999999999838,0.5,400,1.0082162162162163,46.85437837837838,46.47254986060476,46.84605405405405,0.0
0.4049999999999999,0.2,0.5,400,0.7778378378378379,22.115027027027025,28.431410701876302,22.01264864864865,24.15135135135135
0.4049999999999999,0.195,0.5,400,0.7935135135135135,22.625405405405406,28.512942779291553,22.53902702702703,22.4
0.4049999999999999,0.19,0.5,400,0.7971891891891892,23.032432432432433,28.892053159750475,22.981513513513512,21.85945945945946
0.4049999999999999,0.185,0.5,400,0.8027027027027027,23.366486486486487,29.10976430976431,23.269189189189188,21.72972972972973
0.4049999999999999,0.18,0.5,400,0.8172972972972973,23.72616216216216,29.030026455026455,23.519027027027025,21.675675675675677
0.4049999999999999,0.175,0.5,400,0.8194594594594594,23.999135135135134,29.28654353562005,23.74972972972973,21.772972972972973
0.4049999999999999,0.16999999999999998,0.5,400,0.825945945945946,24.331135135135135,29.45850785340314,24.027135135135136,21.72972972972973
0.4049999999999999,0.16499999999999998,0.5,400,0.8356756756756757,24.65027027027027,29.497412677878398,24.246702702702702,21.697297297297297
0.4049999999999999,0.15999999999999998,0.5,400,0.8357837837837838,25.029621621621622,29.94748415470185,24.585081081081082,21.535135135135135
0.4049999999999999,0.15499999999999997,0.5,400,0.8254054054054054,25.46972972972973,30.857236411263916,25.147135135135134,21.156756756756756
0.4049999999999999,0.14999999999999997,0.5,400,0.8092972972972973,25.908972972972972,32.01415976489447,25.774162162162163,20.972972972972972
0.4049999999999999,0.14499999999999996,0.5,400,0.8274594594594594,26.520972972972974,32.05108440031356,26.446594594594593,18.897297297297296
0.4049999999999999,0.13999999999999996,0.5,400,0.8731891891891892,27.472324324324326,31.462052742354835,27.368972972972973,14.886486486486486
0.4049999999999999,0.13499999999999995,0.5,400,0.898054054054054,27.988216216216216,31.165402672444927,27.663891891891893,14.78918918918919
0.4049999999999999,0.12999999999999995,0.5,400,0.9061621621621622,28.35827027027027,31.29491768074445,27.94172972972973,14.616216216216216
0.4049999999999999,0.12499999999999994,0.5,400,0.9194594594594595,28.769189189189188,31.289241622574956,28.2347027027027,14.345945945945946
0.4049999999999999,0.11999999999999994,0.5,400,0.9228108108108108,29.207027027027028,31.65007029053421,28.60324324324324,14.281081081081082
0.4049999999999999,0.11499999999999994,0.5,400,0.8956756756756756,30.041621621621623,33.540736270368136,29.756,13.816216216216215
0.4049999999999999,0.10999999999999993,0.5,400,0.8832432432432432,30.604,34.64957160342717,30.50162162162162,13.491891891891893
0.4049999999999999,0.10499999999999993,0.5,400,0.888,30.99308108108108,34.902118334550764,30.908216216216218,12.962162162162162
0.4049999999999999,0.09999999999999992,0.5,400,0.9023783783783784,31.51935135135135,34.92919611836588,31.43654054054054,11.783783783783784
0.4049999999999999,0.09499999999999992,0.5,400,0.9407567567567567,32.567027027027024,34.61790393013101,32.487027027027025,7.686486486486486
0.4049999999999999,0.08999999999999991,0.5,400,0.9562162162162162,33.20745945945946,34.727981910684,33.10075675675676,6.421621621621622
0.4049999999999999,0.08499999999999991,0.5,400,0.9714594594594594,34.07156756756757,35.072557311373245,33.84,5.881081081081081
0.4049999999999999,0.0799999999999999,0.5,400,0.9798918918918919,34.973621621621625,35.691306266548985,34.753297297297294,5.210810810810811
0.4049999999999999,0.0749999999999999,0.5,400,0.9934054054054055,36.45416216216216,36.696158450321036,36.34097297297297,3.0594594594594593
0.4049999999999999,0.0699999999999999,0.5,400,1.008,37.53924324324324,37.24131274131274,37.49816216216216,0.8864864864864865
0.4049999999999999,0.06499999999999989,0.5,400,1.008972972972973,38.20572972972973,37.86595949855352,38.18464864864865,0.43243243243243246
0.4049999999999999,0.05999999999999989,0.5,400,1.0099459459459459,38.84162162162162,38.459109398415755,38.824108108108106,0.2594594594594595
0.4049999999999999,0.05499999999999988,0.5,400,1.0134054054054054,39.692,39.16695114145509,39.677081081081084,0.10810810810810811
0.4049999999999999,0.04999999999999988,0.5,400,1.013081081081081,40.26994594594595,39.7499733219507,40.254486486486485,0.021621621621621623
0.4049999999999999,0.04499999999999987,0.5,400,1.0132972972972973,41.041405405405406,40.50282726981756,41.02464864864865,0.010810810810810811
0.4049999999999999,0.03999999999999987,0.5,400,1.0123243243243243,41.8174054054054,41.30830841520718,41.804432432432435,0.0
0.4049999999999999,0.034999999999999865,0.5,400,1.0115675675675675,42.746054054054056,42.2572405685583,42.733405405405406,0.0
0.4049999999999999,0.02999999999999986,0.5,400,1.0117837837837838,43.5907027027027,43.083021690351536,43.57675675675676,0.0
0.4049999999999999,0.024999999999999856,0.5,400,1.011027027027027,44.210594594594596,43.7284003421728,44.19935135135135,0.0
0.4049999999999999,0.01999999999999985,0.5,400,1.009081081081081,44.749297297297296,44.34658238697236,44.74010810810811,0.0
0.4049999999999999,0.014999999999999847,0.5,400,1.008,45.39362162162162,45.03335478335478,45.38540540540541,0.0
0.4049999999999999,0.009999999999999842,0.5,400,1.0071351351351352,45.97351351351352,45.6478102189781,45.96616216216216,0.0
0.4049999999999999,0.004999999999999838,0.5,400,1.0095135135135136,46.71297297297297,46.2727564789034,46.70324324324324,0.0
0.3999999999999999,0.2,0.5,400,0.7588108108108108,21.780648648648647,28.703661490240776,21.665513513513513,25.686486486486487
0.3999999999999999,0.195,0.5,400,0.7872432432432432,22.445621621621623,28.5116726174128,22.370162162162163,22.82162162162162
0.3999999999999999,0.19,0.5,400,0.7958918918918919,22.873837837837836,28.73988046726433,22.816756756756757,21.87027027027027
0.3999999999999999,0.185,0.5,400,0.796,23.228972972972972,29.18212685046856,23.180108108108108,21.82702702702703
0.3999999999999999,0.18,0.5,400,0.807027027027027,23.53545945945946,29.163161419959813,23.415135135135134,21.762162162162163
0.3999999999999999,0.175,0.5,400,0.8164324324324325,23.858486486486488,29.222854872881356,23.647675675675675,21.762162162162163
0.3999999999999999,0.16999999999999998,0.5,400,0.8227027027027027,24.153945945945946,29.359264126149803,23.887891891891893,21.6
0.3999999999999999,0.16499999999999998,0.5,400,0.8302702702702702,24.492864864864863,29.499869791666665,24.143351351351352,21.556756756756755
0.3999999999999999,0.15999999999999998,0.5,400,0.833945945945946,24.91664864864865,29.878014000518537,24.530594594594593,21.545945945945945
0.3999999999999999,0.15499999999999997,0.5,400,0.8303783783783784,25.26616216216216,30.427288113526885,24.89027027027027,21.372972972972974
0.3999999999999999,0.14999999999999997,0.5,400,0.8182702702702702,25.714378378378377,31.42528735632184,25.483243243243244,21.05945945945946
0.3999999999999999,0.14499999999999996,0.5,400,0.8170810810810811,26.207027027027028,32.073961365440596,26.109837837837837,20.10810810810811
0.3999999999999999,0.13999999999999996,0.5,400,0.8648648648648649,27.245945945945945,31.503125,27.16854054054054,15.221621621621622
0.3999999999999999,0.13499999999999995,0.5,400,0.8817297297297297,27.746378378378378,31.468121628249143,27.57427027027027,14.886486486486486
0.3999999999999999,0.12999999999999995,0.5,400,0.9003243243243243,28.19556756756757,31.317122958693563,27.842594594594594,14.637837837837838
0.3999999999999999,0.12499999999999994,0.5,400,0.9122162162162162,28.59481081081081,31.346527613178477,28.135567567567566,14.464864864864865
0.3999999999999999,0.11999999999999994,0.5,400,0.9233513513513514,29.018162162162163,31.426999180423838,28.429405405405404,14.259459459459459
0.3999999999999999,0.11499999999999994,0.5,400,0.9105945945945946,29.657621621621622,32.56951205033836,29.177297297297297,14.032432432432433
0.3999999999999999,0.10999999999999993,0.5,400,0.8854054054054054,30.459567567567568,34.4018315018315,30.339135135135134,13.491891891891893
0.3999999999999999,0.10499999999999993,0.5,400,0.8890810810810811,30.86183783783784,34.71206225680934,30.77664864864865,13.005405405405405
0.3999999999999999,0.09999999999999992,0.5,400,0.9004324324324324,31.38172972972973,34.85184295833834,31.304216216216215,11.85945945945946
0.3999999999999999,0.09499999999999992,0.5,400,0.9321081081081081,32.262054054054055,34.61192298770587,32.19005405405405,8.551351351351352
0.3999999999999999,0.08999999999999991,0.5,400,0.9548108108108108,33.07405405405405,34.63937952898551,32.97189189189189,6.518918918918919
0.3999999999999999,0.08499999999999991,0.5,400,0.9723243243243244,33.83718918918919,34.80031131865688,33.621945945945946,5.848648648648648
0.3999999999999999,0.0799999999999999,0.5,400,0.9821621621621621,34.88410810810811,35.517666483214086,34.66475675675676,4.897297297297297
0.3999999999999999,0.0749999999999999,0.5,400,0.9889729729729729,36.1705945945946,36.573895933537386,36.073189189189186,3.32972972972973
0.3999999999999999,0.0699999999999999,0.5,400,1.006918918918919,37.35881081081081,37.10210435902942,37.31989189189189,0.7567567567567568
0.3999999999999999,0.06499999999999989,0.5,400,1.0098378378378379,38.047891891891894,37.67722941869179,38.01945945945946,0.4
0.3999999999999999,0.05999999999999989,0.5,400,1.0108108108108107,38.70908108108108,38.295080213903745,38.69318918918919,0.23783783783783785
0.3999999999999999,0.05499999999999988,0.5,400,1.0117837837837838,39.35351351351351,38.89518110909285,39.33816216216216,0.06486486486486487
0.3999999999999999,0.04999999999999988,0.5,400,1.0123243243243243,40.15718918918919,39.66830414352841,40.14281081081081,0.043243243243243246
0.3999999999999999,0.04499999999999987,0.5,400,1.0108108108108107,40.92475675675676,40.48705882352941,40.91362162162162,0.021621621621621623
0.3999999999999999,0.03999999999999987,0.5,400,1.0128648648648648,41.66605405405405,41.13683424058064,41.65254054054054,0.010810810810810811
0.3999999999999999,0.034999999999999865,0.5,400,1.012972972972973,42.48562162162162,41.94151547491996,42.472324324324326,0.0
0.3999999999999999,0.02999999999999986,0.5,400,1.0104864864864864,43.44572972972973,42.99486466245854,43.43481081081081,0.0
0.3999999999999999,0.024999999999999856,0.5,400,1.0084324324324325,44.103027027027025,43.734240994854204,44.0945945945946,0.0
0.3999999999999999,0.01999999999999985,0.5,400,1.0100540540540541,44.67654054054054,44.23183131756395,44.66616216216216,0.0
0.3999999999999999,0.014999999999999847,0.5,400,1.0097297297297296,45.278486486486486,44.84218415417559,45.268432432432434,0.0
0.3999999999999999,0.009999999999999842,0.5,400,1.007891891891892,45.83945945945946,45.4805320175909,45.83135135135135,0.0
0.3999999999999999,0.004999999999999838,0.5,400,1.0085405405405405,46.597405405405404,46.20280844677886,46.58875675675676,0.0
0.3949999999999999,0.2,0.5,400,0.7549189189189189,21.532324324324325,28.52269798081054,21.38281081081081,26.486486486486488
0.3949999999999999,0.195,0.5,400,0.7805405405405406,22.203027027027026,28.445706371191136,22.11081081081081,23.589189189189188
0.3949999999999999,0.19,0.5,400,0.7926486486486487,22.694594594594594,28.631342062193127,22.64172972972973,22.194594594594594
0.3949999999999999,0.185,0.5,400,0.7952432432432432,23.074486486486485,29.01563349646547,23.039459459459458,21.783783783783782
0.3949999999999999,0.18,0.5,400,0.798054054054054,23.368864864864864,29.282308317529125,23.316864864864865,21.751351351351353
0.3949999999999999,0.175,0.5,400,0.8143783783783783,23.722054054054055,29.129032258064516,23.547027027027028,21.697297297297297
0.3949999999999999,0.16999999999999998,0.5,400,0.8203243243243243,24.023567567567568,29.285450711649975,23.788972972972974,21.56756756756757
0.3949999999999999,0.16499999999999998,0.5,400,0.824,24.362378378378377,29.565993177643662,24.077513513513512,21.643243243243244
0.3949999999999999,0.15999999999999998,0.5,400,0.8288648648648649,24.69643243243243,29.79548715273249,24.34291891891892,21.708108108108107
0.3949999999999999,0.15499999999999997,0.5,400,0.8356756756756757,25.071783783783783,30.001811125485123,24.65362162162162,21.524324324324326
0.3949999999999999,0.14999999999999997,0.5,400,0.8202162162162162,25.54972972972973,31.149993409779885,25.272,21.113513513513514
0.3949999999999999,0.14499999999999996,0.5,400,0.8062702702702703,25.984756756756756,32.22834540091177,25.898702702702703,21.08108108108108
0.3949999999999999,0.13999999999999996,0.5,400,0.8451891891891892,26.88410810810811,31.80839089281146,26.84562162162162,16.767567567567568
0.3949999999999999,0.13499999999999995,0.5,400,0.8697297297297297,27.543243243243243,31.668738346799255,27.47827027027027,14.767567567567568
0.3949999999999999,0.12999999999999995,0.5,400,0.8905945945945946,28.004972972972972,31.44525370235494,27.745945945945945,14.691891891891892
0.3949999999999999,0.12499999999999994,0.5,400,0.904972972972973,28.414378378378377,31.398040855333893,28.027783783783782,14.518918918918919
0.3949999999999999,0.11999999999999994,0.5,400,0.9202162162162162,28.852864864864866,31.354440789473685,28.32227027027027,14.4
0.3949999999999999,0.11499999999999994,0.5,400,0.916972972972973,29.456324324324324,32.12343786842726,28.963783783783782,13.902702702702703
0.3949999999999999,0.10999999999999993,0.5,400,0.8865945945945946,30.31437837837838,34.19192781368126,30.18864864864865,13.448648648648648
0.3949999999999999,0.10499999999999993,0.5,400,0.8861621621621621,30.739243243243244,34.68805660607539,30.6492972972973,13.124324324324323
0.3949999999999999,0.09999999999999992,0.5,400,0.8951351351351351,31.204864864864867,34.86050724637681,31.130486486486486,12.216216216216216
0.3949999999999999,0.09499999999999992,0.5,400,0.922054054054054,31.95081081081081,34.65177629264861,31.875783783783785,9.708108108108108
0.3949999999999999,0.08999999999999991,0.5,400,0.9574054054054054,32.955351351351354,34.42152213188798,32.837405405405406,6.4
0.3949999999999999,0.08499999999999991,0.5,400,0.965945945945946,33.62551351351351,34.810968102965866,33.4827027027027,5.837837837837838
0.3949999999999999,0.0799999999999999,0.5,400,0.9789189189189189,34.65416216216216,35.400441744892326,34.43254054054054,5.1891891891891895
0.3949999999999999,0.0749999999999999,0.5,400,0.9935135135135135,35.92908108108108,36.16365614798694,35.820864864864866,3.0594594594594593
0.3949999999999999,0.0699999999999999,0.5,400,1.009081081081081,37.12345945945946,36.78937218770088,37.078270270270274,1.027027027027027
0.3949999999999999,0.06499999999999989,0.5,400,1.011027027027027,37.910486486486484,37.49700598802395,37.884324324324325,0.43243243243243246
0.3949999999999999,0.05999999999999989,0.5,400,1.0094054054054054,38.60345945945946,38.24376137945807,38.5892972972973,0.21621621621621623
0.3949999999999999,0.05499999999999988,0.5,400,1.011027027027027,39.37308108108108,38.94364841745081,39.36108108108108,0.05405405405405406
0.3949999999999999,0.04999999999999988,0.5,400,1.0117837837837838,40.07524324324324,39.60850518217758,40.06227027027027,0.043243243243243246
0.3949999999999999,0.04499999999999987,0.5,400,1.0122162162162163,40.741837837837835,40.25013350421873,40.725297297297296,0.021621621621621623
0.3949999999999999,0.03999999999999987,0.5,400,1.011891891891892,41.555459459459456,41.067094017094014,41.543243243243246,0.0
0.3949999999999999,0.034999999999999865,0.5,400,1.010918918918919,42.40378378378379,41.945781199871675,42.392756756756754,0.0
0.3949999999999999,0.02999999999999986,0.5,400,1.0114594594594595,43.25556756756757,42.7654980761009,43.24378378378378,0.0
0.3949999999999999,0.024999999999999856,0.5,400,1.0104864864864864,43.92410810810811,43.46827859206162,43.91308108108108,0.0
0.3949999999999999,0.01999999999999985,0.5,400,1.0098378378378379,44.54767567567568,44.113692324162294,44.537621621621625,0.0
0.3949999999999999,0.014999999999999847,0.5,400,1.008972972972973,45.127135135135134,44.72581163612986,45.11794594594595,0.0
0.3949999999999999,0.009999999999999842,0.5,400,1.008108108108108,45.71113513513514,45.343485254691686,45.7027027027027,0.0
0.3949999999999999,0.004999999999999838,0.5,400,1.0071351351351352,46.45686486486486,46.127737226277375,46.449621621621624,0.0
0.3899999999999999,0.2,0.5,400,0.7525405405405405,21.374378378378378,28.402959344921708,21.207027027027028,26.724324324324325
0.3899999999999999,0.195,0.5,400,0.7632432432432432,21.8412972972973,28.61643059490085,21.73827027027027,25.394594594594594
0.3899999999999999,0.19,0.5,400,0.7867027027027027,22.514054054054053,28.618249278548852,22.458378378378377,22.681081081081082
0.3899999999999999,0.185,0.5,400,0.790054054054054,22.931783783783782,29.025588396278053,22.909945945945946,21.967567567567567
0.3899999999999999,0.18,0.5,400,0.7957837837837838,23.239027027027028,29.202689851922294,23.206702702702703,21.708108108108107
0.3899999999999999,0.175,0.5,400,0.8002162162162162,23.5212972972973,29.39367738449068,23.450702702702703,21.697297297297297
0.3899999999999999,0.16999999999999998,0.5,400,0.8140540540540541,23.873081081081082,29.326162018592296,23.679567567567567,21.783783783783782
0.3899999999999999,0.16499999999999998,0.5,400,0.8197837837837838,24.181513513513515,29.497428458393774,23.93318918918919,21.783783783783782
0.3899999999999999,0.15999999999999998,0.5,400,0.8256216216216217,24.52745945945946,29.707869582296713,24.217297297297296,21.71891891891892
0.3899999999999999,0.15499999999999997,0.5,400,0.8345945945945946,24.890702702702704,29.823704663212435,24.51783783783784,21.47027027027027
0.3899999999999999,0.14999999999999997,0.5,400,0.8256216216216217,25.359783783783783,30.715987953384836,25.048216216216215,21.221621621621622
0.3899999999999999,0.14499999999999996,0.5,400,0.8095135135135135,25.880324324324324,31.970219017094017,25.769297297297296,20.832432432432434
0.3899999999999999,0.13999999999999996,0.5,400,0.8302702702702702,26.49210810810811,31.9078125,26.419027027027028,18.54054054054054
0.3899999999999999,0.13499999999999995,0.5,400,0.8686486486486487,27.39827027027027,31.541257000622277,27.34637837837838,14.78918918918919
0.3899999999999999,0.12999999999999995,0.5,400,0.8753513513513513,27.780324324324326,31.736198592071137,27.658270270270272,14.702702702702704
0.3899999999999999,0.12499999999999994,0.5,400,0.8945945945945946,28.23372972972973,31.56036253776435,27.913297297297298,14.702702702702704
0.3899999999999999,0.11999999999999994,0.5,400,0.9152432432432432,28.67081081081081,31.325891802504135,28.223891891891892,14.259459459459459
0.3899999999999999,0.11499999999999994,0.5,400,0.9228108108108108,29.199675675675675,31.642104029990627,28.676324324324323,13.827027027027027
0.3899999999999999,0.10999999999999993,0.5,400,0.8877837837837838,30.157297297297298,33.96919142717974,30.008972972972973,13.502702702702702
0.3899999999999999,0.10499999999999993,0.5,400,0.8871351351351351,30.613945945945947,34.508774067755304,30.520324324324324,13.243243243243244
0.3899999999999999,0.09999999999999992,0.5,400,0.8951351351351351,31.089405405405405,34.731521739130436,31.003351351351352,12.205405405405406
0.3899999999999999,0.09499999999999992,0.5,400,0.9155675675675675,31.70745945945946,34.6314795135199,31.63091891891892,10.486486486486486
0.3899999999999999,0.08999999999999991,0.5,400,0.9535135135135135,32.79318918918919,34.391950113378684,32.69264864864865,6.616216216216216
0.3899999999999999,0.08499999999999991,0.5,400,0.9682162162162162,33.463675675675674,34.56219294327825,33.27135135135135,5.816216216216216
0.3899999999999999,0.0799999999999999,0.5,400,0.9801081081081081,34.47545945945946,35.17515993823075,34.26605405405405,4.789189189189189
0.3899999999999999,0.0749999999999999,0.5,400,0.9855135135135135,35.49956756756757,36.021390960947784,35.426162162162164,3.610810810810811
0.3899999999999999,0.0699999999999999,0.5,400,1.0108108108108107,37.03664864864865,36.64053475935829,36.995243243243245,0.5945945945945946
0.3899999999999999,0.06499999999999989,0.5,400,1.0087567567567568,37.80918918918919,37.48097738720394,37.78713513513514,0.3783783783783784
0.3899999999999999,0.05999999999999989,0.5,400,1.0122162162162163,38.527567567567566,38.062586777742176,38.507243243243245,0.2810810810810811
0.3899999999999999,0.05499999999999988,0.5,400,1.0116756756756757,39.249945945945946,38.79696516349647,39.23654054054054,0.0972972972972973
0.3899999999999999,0.04999999999999988,0.5,400,1.0115675675675675,39.83956756756757,39.383990595276266,39.82756756756757,0.021621621621621623
0.3899999999999999,0.04499999999999987,0.5,400,1.0116756756756757,40.552324324324324,40.084312887369094,40.54,0.021621621621621623
0.3899999999999999,0.03999999999999987,0.5,400,1.012108108108108,41.38356756756757,40.88848536637471,41.371135135135134,0.0
0.3899999999999999,0.034999999999999865,0.5,400,1.0122162162162163,42.17254054054054,41.663569368792054,42.15956756756757,0.0
0.3899999999999999,0.02999999999999986,0.5,400,1.0111351351351352,43.18767567567568,42.71207099326419,43.17632432432433,0.0
0.3899999999999999,0.024999999999999856,0.5,400,1.012,43.804972972972976,43.2855464159812,43.792,0.0
0.3899999999999999,0.01999999999999985,0.5,400,1.0100540540540541,44.41059459459459,43.96853259124478,44.40010810810811,0.0
0.3899999999999999,0.014999999999999847,0.5,400,1.0088648648648648,44.97037837837838,44.57522503214745,44.960972972972975,0.0
0.3899999999999999,0.009999999999999842,0.5,400,1.009189189189189,45.548972972972976,45.13422603106588,45.539567567567566,0.0
0.3899999999999999,0.004999999999999838,0.5,400,1.0076756756756757,46.27448648648649,45.922004076815796,46.26681081081081,0.0
0.3849999999999999,0.2,0.5,400,0.7629189189189189,21.171135135135135,27.750177129091682,20.874378378378378,26.7027027027027
0.3849999999999999,0.195,0.5,400,0.7542702702702703,21.587027027027027,28.619750609144333,21.483783783783785,26.237837837837837
0.3849999999999999,0.19,0.5,400,0.7794594594594595,22.21945945945946,28.50624133148405,22.149081081081082,23.664864864864864
0.3849999999999999,0.185,0.5,400,0.792972972972973,22.774054054054055,28.719836400817996,22.74227027027027,21.935135135135134
0.3849999999999999,0.18,0.5,400,0.7937297297297298,23.108432432432434,29.11372922909289,23.085837837837836,21.708108108108107
0.3849999999999999,0.175,0.5,400,0.7956756756756757,23.383675675675676,29.388451086956522,23.343135135135135,21.74054054054054
0.3849999999999999,0.16999999999999998,0.5,400,0.8065945945945946,23.682378378378377,29.360943573247553,23.578702702702703,21.6
0.3849999999999999,0.16499999999999998,0.5,400,0.8147027027027027,24.017621621621622,29.48022823779193,23.824648648648648,21.708108108108107
0.3849999999999999,0.15999999999999998,0.5,400,0.8218378378378378,24.347567567567566,29.625756379900025,24.089945945945946,21.697297297297297
0.3849999999999999,0.15499999999999997,0.5,400,0.8247567567567567,24.71264864864865,29.963560099619873,24.391027027027025,21.794594594594596
0.3849999999999999,0.14999999999999997,0.5,400,0.828,25.1587027027027,30.384906645776212,24.832540540540542,21.47027027027027
0.3849999999999999,0.14499999999999996,0.5,400,0.8189189189189189,25.619243243243243,31.284224422442243,25.38627027027027,21.113513513513514
0.3849999999999999,0.13999999999999996,0.5,400,0.8155675675675675,26.16227027027027,32.07860551431601,26.087675675675676,19.978378378378377
0.3849999999999999,0.13499999999999995,0.5,400,0.8614054054054054,27.209621621621622,31.587474899598394,27.16562162162162,15.21081081081081
0.3849999999999999,0.12999999999999995,0.5,400,0.8688648648648649,27.60518918918919,31.771556550951846,27.54745945945946,14.78918918918919
0.3849999999999999,0.12499999999999994,0.5,400,0.8867027027027027,28.02345945945946,31.604120946110704,27.83264864864865,14.454054054054055
0.3849999999999999,0.11999999999999994,0.5,400,0.904,28.478594594594593,31.50287012676393,28.119675675675676,14.572972972972973
0.3849999999999999,0.11499999999999994,0.5,400,0.9206486486486486,28.95383783783784,31.449389384687645,28.439243243243244,14.054054054054054
0.3849999999999999,0.10999999999999993,0.5,400,0.8916756756756756,29.982378378378378,33.62475751697381,29.76108108108108,13.675675675675675
0.3849999999999999,0.10499999999999993,0.5,400,0.8850810810810811,30.472972972972972,34.429583486014415,30.386702702702703,13.308108108108108
0.3849999999999999,0.09999999999999992,0.5,400,0.8950270270270271,30.962702702702703,34.594153883319244,30.887243243243244,12.227027027027027
0.3849999999999999,0.09499999999999992,0.5,400,0.908,31.477945945945947,34.66734135016073,31.401513513513514,11.156756756756756
0.3849999999999999,0.08999999999999991,0.5,400,0.9527567567567568,32.64702702702703,34.26585725632588,32.54281081081081,6.778378378378378
0.3849999999999999,0.08499999999999991,0.5,400,0.9657297297297297,33.45827027027027,34.64558379043994,33.28183783783784,5.881081081081081
0.3849999999999999,0.0799999999999999,0.5,400,0.9734054054054054,34.21718918918919,35.15204353620613,34.02302702702703,5.232432432432432
0.3849999999999999,0.0749999999999999,0.5,400,0.9877837837837837,35.23654054054054,35.672321330852576,35.13989189189189,3.156756756756757
0.3849999999999999,0.0699999999999999,0.5,400,1.0086486486486486,36.63989189189189,36.32572347266881,36.594054054054055,0.8864864864864865
0.3849999999999999,0.06499999999999989,0.5,400,1.0100540540540541,37.65427027027027,37.27946055870705,37.6292972972973,0.31351351351351353
0.3849999999999999,0.05999999999999989,0.5,400,1.0116756756756757,38.41394594594595,37.97061337892712,38.397513513513516,0.20540540540540542
0.3849999999999999,0.05499999999999988,0.5,400,1.0123243243243243,38.94637837837838,38.47223408799658,38.93210810810811,0.06486486486486487
0.3849999999999999,0.04999999999999988,0.5,400,1.0108108108108107,39.73524324324325,39.310267379679146,39.72378378378379,0.043243243243243246
0.3849999999999999,0.04499999999999987,0.5,400,1.0126486486486486,40.46951351351351,39.964022632646525,40.45610810810811,0.010810810810810811
0.3849999999999999,0.03999999999999987,0.5,400,1.011891891891892,41.33708108108108,40.85128205128205,41.32324324324324,0.010810810810810811
0.3849999999999999,0.034999999999999865,0.5,400,1.0098378378378379,42.11902702702703,41.70870356492881,42.10908108108108,0.0
0.3849999999999999,0.02999999999999986,0.5,400,1.0100540540540541,42.914054054054056,42.48688857968533,42.903891891891895,0.0
0.3849999999999999,0.024999999999999856,0.5,400,1.0113513513513515,43.67481081081081,43.184607161945486,43.6627027027027,0.0
0.3849999999999999,0.01999999999999985,0.5,400,1.0087567567567568,44.310702702702706,43.92605294180688,44.30151351351351,0.0
0.3849999999999999,0.014999999999999847,0.5,400,1.0083243243243243,44.92583783783784,44.554948000428865,44.917405405405404,0.0
0.3849999999999999,0.009999999999999842,0.5,400,1.0087567567567568,45.46518918918919,45.070517629407355,45.45610810810811,0.0
0.3849999999999999,0.004999999999999838,0.5,400,1.0077837837837837,46.147243243243246,45.79081742115426,46.139135135135135,0.0
0.3799999999999999,0.2,0.5,400,0.7715675675675676,20.95081081081081,27.153565924057727,20.536864864864864,26.691891891891892
0.3799999999999999,0.195,0.5,400,0.752,21.42108108108108,28.485480161012077,21.30389189189189,26.443243243243245
0.3799999999999999,0.19,0.5,400,0.7641081081081081,21.894486486486485,28.653650254668932,21.812648648648647,25.016216216216215
0.3799999999999999,0.185,0.5,400,0.7876756756756756,22.588324324324326,28.677189129838045,22.55372972972973,22.28108108108108
0.3799999999999999,0.18,0.5,400,0.7925405405405406,22.96962162162162,28.982267084981586,22.955027027027025,21.816216216216215
0.3799999999999999,0.175,0.5,400,0.7944864864864865,23.259891891891893,29.276636277044496,23.233405405405406,21.62162162162162
0.3799999999999999,0.16999999999999998,0.5,400,0.7979459459459459,23.52745945945946,29.48502912884433,23.479027027027026,21.783783783783782
0.3799999999999999,0.16499999999999998,0.5,400,0.8103783783783783,23.847351351351353,29.427427961579507,23.71902702702703,21.6
0.3799999999999999,0.15999999999999998,0.5,400,0.8203243243243243,24.21837837837838,29.52293094359515,23.985405405405405,21.57837837837838
0.3799999999999999,0.15499999999999997,0.5,400,0.8207567567567567,24.574918918918918,29.94178082191781,24.3187027027027,21.545945945945945
0.3799999999999999,0.14999999999999997,0.5,400,0.8258378378378378,24.975567567567566,30.242701924335645,24.663243243243244,21.56756756756757
0.3799999999999999,0.14499999999999996,0.5,400,0.8235675675675675,25.44627027027027,30.897610921501705,25.17145945945946,21.09189189189189
0.3799999999999999,0.13999999999999996,0.5,400,0.8116756756756757,25.949837837837837,31.970697922216303,25.856,20.508108108108107
0.3799999999999999,0.13499999999999995,0.5,400,0.8526486486486486,26.94010810810811,31.595790541397236,26.89535135135135,16.14054054054054
0.3799999999999999,0.12999999999999995,0.5,400,0.8657297297297297,27.48172972972973,31.744005994005995,27.43589189189189,14.92972972972973
0.3799999999999999,0.12499999999999994,0.5,400,0.8705945945945945,27.802594594594595,31.935179436234943,27.721513513513514,14.778378378378378
0.3799999999999999,0.11999999999999994,0.5,400,0.898054054054054,28.30010810810811,31.51270013241844,28.010162162162164,14.508108108108107
0.3799999999999999,0.11499999999999994,0.5,400,0.9142702702702703,28.777945945945945,31.476410074494503,28.33989189189189,14.075675675675676
0.3799999999999999,0.10999999999999993,0.5,400,0.9118918918918919,29.55664864864865,32.412448132780085,29.171027027027026,13.502702702702702
0.3799999999999999,0.10499999999999993,0.5,400,0.8870270270270271,30.326810810810812,34.18927483241926,30.24,13.178378378378378
0.3799999999999999,0.09999999999999992,0.5,400,0.8918918918918919,30.804756756756756,34.538666666666664,30.73372972972973,12.475675675675676
0.3799999999999999,0.09499999999999992,0.5,400,0.9001081081081082,31.324,34.80026423252462,31.253297297297298,11.621621621621621
0.3799999999999999,0.08999999999999991,0.5,400,0.9450810810810811,32.39545945945946,34.27796842827728,32.310054054054056,7.351351351351352
0.3799999999999999,0.08499999999999991,0.5,400,0.9686486486486486,33.221405405405406,34.29665178571429,33.038378378378376,5.902702702702703
0.3799999999999999,0.0799999999999999,0.5,400,0.9748108108108108,34.04767567567568,34.92747033381391,33.86962162162162,5.232432432432432
0.3799999999999999,0.0749999999999999,0.5,400,0.9926486486486487,35.14681081081081,35.40710084948813,35.050486486486484,2.962162162162162
0.3799999999999999,0.0699999999999999,0.5,400,1.0062702702702702,36.327891891891895,36.10152556940267,36.27232432432432,0.9081081081081082
0.3799999999999999,0.06499999999999989,0.5,400,1.0114594594594595,37.56475675675676,37.139162035057716,37.53935135135135,0.24864864864864866
0.3799999999999999,0.05999999999999989,0.5,400,1.008972972972973,38.24345945945946,37.90335369120326,38.229621621621625,0.16216216216216217
0.3799999999999999,0.05499999999999988,0.5,400,1.011891891891892,38.96518918918919,38.50726495726496,38.9507027027027,0.06486486486486487
0.3799999999999999,0.04999999999999988,0.5,400,1.0098378378378379,39.5692972972973,39.18381329622096,39.559135135135136,0.021621621621621623
0.3799999999999999,0.04499999999999987,0.5,400,1.0113513513513515,40.340756756756754,39.88797434526991,40.32908108108108,0.010810810810810811
0.3799999999999999,0.03999999999999987,0.5,400,1.0113513513513515,41.06454054054054,40.603634420096206,41.052864864864866,0.0
0.3799999999999999,0.034999999999999865,0.5,400,1.011027027027027,41.95567567567568,41.4980752780154,41.942702702702704,0.0
0.3799999999999999,0.02999999999999986,0.5,400,1.0128648648648648,42.77837837837838,42.23503041946846,42.76248648648649,0.0
0.3799999999999999,0.024999999999999856,0.5,400,1.0107027027027027,43.56356756756757,43.10225692587443,43.55264864864865,0.0
0.3799999999999999,0.01999999999999985,0.5,400,1.0101621621621621,44.12335135135135,43.67947345890411,44.11318918918919,0.0
0.3799999999999999,0.014999999999999847,0.5,400,1.008972972972973,44.71805405405405,44.32036858459231,44.70897297297297,0.0
0.3799999999999999,0.009999999999999842,0.5,400,1.0094054054054054,45.35502702702703,44.932419406661666,45.3452972972973,0.0
0.3799999999999999,0.004999999999999838,0.5,400,1.0058378378378379,46.030054054054055,45.762897678417886,46.023675675675676,0.0
0.3749999999999999,0.2,0.5,400,0.7878918918918919,20.639675675675676,26.196075740944018,20.017297297297297,26.691891891891892
0.3749999999999999,0.195,0.5,400,0.7572972972972973,21.208216216216215,28.0051391862955,20.97308108108108,26.756756756756758
0.3749999999999999,0.19,0.5,400,0.753945945945946,21.598594594594594,28.647404645827358,21.503135135135135,26.237837837837837
0.3749999999999999,0.185,0.5,400,0.7774054054054054,22.26583783783784,28.64121818940342,22.222486486486485,23.513513513513512
0.3749999999999999,0.18,0.5,400,0.7924324324324324,22.82724324324324,28.806548431105046,22.809837837837836,21.87027027027027
0.3749999999999999,0.175,0.5,400,0.794054054054054,23.12864864864865,29.127297481279783,23.11243243243243,21.589189189189188
0.3749999999999999,0.16999999999999998,0.5,400,0.7956756756756757,23.397297297297296,29.405570652173914,23.359567567567566,21.74054054054054
0.3749999999999999,0.16499999999999998,0.5,400,0.7996756756756757,23.669297297297298,29.598621062592944,23.60962162162162,21.74054054054054
0.3749999999999999,0.15999999999999998,0.5,400,0.8113513513513514,24.02508108108108,29.611192538307794,23.87556756756757,21.6
0.3749999999999999,0.15499999999999997,0.5,400,0.8194594594594594,24.388972972972972,29.7622691292876,24.154054054054054,21.71891891891892
0.3749999999999999,0.14999999999999997,0.5,400,0.8222702702702702,24.760864864864864,30.11280567972653,24.479891891891892,21.6
0.3749999999999999,0.14499999999999996,0.5,400,0.825945945945946,25.18983783783784,30.498167539267016,24.878594594594595,21.47027027027027
0.3749999999999999,0.13999999999999996,0.5,400,0.8155675675675675,25.75308108108108,31.576882290562036,25.58237837837838,20.778378378378378
0.3749999999999999,0.13499999999999995,0.5,400,0.831027027027027,26.45827027027027,31.83803824639001,26.40691891891892,18.335135135135136
0.3749999999999999,0.12999999999999995,0.5,400,0.8642162162162162,27.340324324324325,31.635976982737052,27.30443243243243,14.778378378378378
0.3749999999999999,0.12499999999999994,0.5,400,0.8709189189189189,27.68789189189189,31.791583912611717,27.630702702702703,14.562162162162162
0.3749999999999999,0.11999999999999994,0.5,400,0.8775135135135135,28.01718918918919,31.927929037821855,27.91610810810811,14.52972972972973
0.3749999999999999,0.11499999999999994,0.5,400,0.9045405405405406,28.569405405405405,31.58443886697741,28.240216216216215,14.118918918918919
0.3749999999999999,0.10999999999999993,0.5,400,0.9114594594594595,29.280648648648647,32.12501482623651,28.883675675675676,13.675675675675675
0.3749999999999999,0.10499999999999993,0.5,400,0.8870270270270271,30.184864864864863,34.029250457038394,30.055783783783784,13.448648648648648
0.3749999999999999,0.09999999999999992,0.5,400,0.890054054054054,30.65708108108108,34.44406656139925,30.58237837837838,12.637837837837838
0.3749999999999999,0.09499999999999992,0.5,400,0.8979459459459459,31.131243243243244,34.66939561762581,31.058594594594595,11.945945945945946
0.3749999999999999,0.08999999999999991,0.5,400,0.9308108108108109,32.03297297297297,34.41405342624855,31.920972972972972,9.04864864864865
0.3749999999999999,0.08499999999999991,0.5,400,0.9636756756756757,33.066702702702706,34.31310298407,32.93848648648649,6.064864864864865
0.3749999999999999,0.0799999999999999,0.5,400,0.9686486486486486,33.90291891891892,35.00022321428571,33.766486486486485,5.491891891891892
0.3749999999999999,0.0749999999999999,0.5,400,0.9868108108108108,34.98389189189189,35.45146801051709,34.89145945945946,3.4162162162162164
0.3749999999999999,0.0699999999999999,0.5,400,1.0086486486486486,36.18864864864865,35.87834941050375,36.145405405405405,0.7567567567567568
0.3749999999999999,0.06499999999999989,0.5,400,1.0107027027027027,37.22237837837838,36.828216921595896,37.19481081081081,0.3675675675675676
0.3749999999999999,0.05999999999999989,0.5,400,1.0103783783783784,38.0094054054054,37.618981382409586,37.994594594594595,0.20540540540540542
0.3749999999999999,0.05499999999999988,0.5,400,1.0100540540540541,38.69210810810811,38.30696778336723,38.67935135135135,0.14054054054054055
0.3749999999999999,0.04999999999999988,0.5,400,1.0114594594594595,39.55524324324324,39.10709705002137,39.542054054054056,0.032432432432432434
0.3749999999999999,0.04499999999999987,0.5,400,1.010918918918919,40.31318918918919,39.87776708373436,40.30172972972973,0.010810810810810811
0.3749999999999999,0.03999999999999987,0.5,400,1.011027027027027,40.888108108108106,40.44215141146279,40.876864864864864,0.0
0.3749999999999999,0.034999999999999865,0.5,400,1.011891891891892,41.84021621621621,41.348504273504275,41.82767567567568,0.0
0.3749999999999999,0.02999999999999986,0.5,400,1.0104864864864864,42.647243243243246,42.204664598266824,42.636432432432436,0.0
0.3749999999999999,0.024999999999999856,0.5,400,1.0113513513513515,43.45654054054054,42.96878674505612,43.44475675675676,0.0
0.3749999999999999,0.01999999999999985,0.5,400,1.0085405405405405,44.026162162162166,43.65333905027334,44.017405405405405,0.0
0.3749999999999999,0.014999999999999847,0.5,400,1.0084324324324325,44.635783783783786,44.26254288164665,44.62724324324324,0.0
0.3749999999999999,0.009999999999999842,0.5,400,1.0071351351351352,45.19643243243243,44.87623443537999,45.189189189189186,0.0
0.3749999999999999,0.004999999999999838,0.5,400,1.0064864864864864,45.86508108108108,45.56949516648765,45.858378378378376,0.0
0.3699999999999999,0.2,0.5,400,0.792,20.425945945945944,25.79033579033579,19.76454054054054,26.681081081081082
0.3699999999999999,0.195,0.5,400,0.7592432432432432,21.040864864864865,27.712943186672362,20.79362162162162,26.778378378378378
0.3699999999999999,0.19,0.5,400,0.7532972972972973,21.382378378378377,28.38504592422503,21.232216216216216,26.616216216216216
0.3699999999999999,0.185,0.5,400,0.7618378378378379,21.924216216216216,28.778061586490704,21.875783783783785,24.962162162162162
0.3699999999999999,0.18,0.5,400,0.7895135135135135,22.669405405405406,28.713131589757634,22.650486486486486,22.0972972972973
0.3699999999999999,0.175,0.5,400,0.7928648648648648,23.003135135135135,29.012680665394054,22.990486486486486,21.74054054054054
0.3699999999999999,0.16999999999999998,0.5,400,0.7925405405405406,23.272216216216215,29.36407038603192,23.254918918918918,21.686486486486487
0.3699999999999999,0.16499999999999998,0.5,400,0.7966486486486486,23.53427027027027,29.541593160537385,23.50291891891892,21.654054054054054
0.3699999999999999,0.15999999999999998,0.5,400,0.8025945945945946,23.846162162162162,29.711341594827587,23.767135135135135,21.62162162162162
0.3699999999999999,0.15499999999999997,0.5,400,0.8143783783783783,24.211135135135134,29.729589804858623,24.023783783783784,21.71891891891892
0.3699999999999999,0.14999999999999997,0.5,400,0.8187027027027027,24.59827027027027,30.045424534530568,24.35643243243243,21.783783783783782
0.3699999999999999,0.14499999999999996,0.5,400,0.8243243243243243,24.9987027027027,30.326295081967213,24.71481081081081,21.502702702702702
0.3699999999999999,0.13999999999999996,0.5,400,0.8174054054054054,25.558702702702703,31.268086231979897,25.359675675675675,20.972972972972972
0.3699999999999999,0.13499999999999995,0.5,400,0.8135135135135135,26.095135135135134,32.077076411960135,26.037297297297297,20.075675675675676
0.3699999999999999,0.12999999999999995,0.5,400,0.8610810810810811,27.174702702702703,31.55881983678594,27.135135135135137,15.113513513513514
0.3699999999999999,0.12499999999999994,0.5,400,0.8682162162162163,27.549945945945947,31.731664798904244,27.511567567567567,14.605405405405405
0.3699999999999999,0.11999999999999994,0.5,400,0.8718918918918919,27.879135135135137,31.975449473031617,27.81372972972973,14.508108108108107
0.3699999999999999,0.11499999999999994,0.5,400,0.8911351351351351,28.330702702702702,31.791702050224433,28.136324324324324,14.183783783783785
0.3699999999999999,0.10999999999999993,0.5,400,0.910054054054054,28.97827027027027,31.842361606082203,28.620324324324326,13.805405405405406
0.3699999999999999,0.10499999999999993,0.5,400,0.8895135135135135,29.996,33.72180359747205,29.83589189189189,13.35135135135135
0.3699999999999999,0.09999999999999992,0.5,400,0.8904864864864865,30.507135135135137,34.25895350248877,30.423567567567567,12.81081081081081
0.3699999999999999,0.09499999999999992,0.5,400,0.8971891891891892,31.02216216216216,34.577057476804434,30.954162162162163,11.837837837837839
0.3699999999999999,0.08999999999999991,0.5,400,0.9263783783783783,31.845405405405405,34.37623993464815,31.76508108108108,9.243243243243244
0.3699999999999999,0.08499999999999991,0.5,400,0.9611891891891892,32.900216216216215,34.228658193679,32.771027027027024,6.075675675675676
0.3699999999999999,0.0799999999999999,0.5,400,0.9722162162162162,33.74227027027027,34.70654953852997,33.59178378378378,5.308108108108108
0.3699999999999999,0.0749999999999999,0.5,400,0.9825945945945946,34.87881081081081,35.49664429530201,34.76572972972973,3.8162162162162163
0.3699999999999999,0.0699999999999999,0.5,400,1.0073513513513515,35.96691891891892,35.704443013522216,35.92389189189189,0.7567567567567568
0.3699999999999999,0.06499999999999989,0.5,400,1.0124324324324325,36.85481081081081,36.40224239188468,36.81945945945946,0.23783783783783785
0.3699999999999999,0.05999999999999989,0.5,400,1.0154594594594595,38.020756756756754,37.441924837645054,37.99881081081081,0.05405405405405406
0.3699999999999999,0.05499999999999988,0.5,400,1.0096216216216216,38.56843243243243,38.20087803833387,38.55708108108108,0.043243243243243246
0.3699999999999999,0.04999999999999988,0.5,400,1.0113513513513515,39.40421621621621,38.96194548369856,39.392,0.0
0.3699999999999999,0.04499999999999987,0.5,400,1.0099459459459459,40.07935135135135,39.68464996788696,40.06897297297297,0.0
0.3699999999999999,0.03999999999999987,0.5,400,1.0100540540540541,40.88172972972973,40.47479396339506,40.87135135135135,0.0
0.3699999999999999,0.034999999999999865,0.5,400,1.011027027027027,41.65275675675676,41.198460222412315,41.6412972972973,0.0
0.3699999999999999,0.02999999999999986,0.5,400,1.0101621621621621,42.484,42.056613869863014,42.472972972972975,0.0
0.3699999999999999,0.024999999999999856,0.5,400,1.0095135135135136,43.33318918918919,42.924823302634394,43.323027027027024,0.0
0.3699999999999999,0.01999999999999985,0.5,400,1.0088648648648648,43.883675675675676,43.49807115302186,43.87448648648649,0.0
0.3699999999999999,0.014999999999999847,0.5,400,1.009189189189189,44.51437837837838,44.109051955008034,44.50508108108108,0.0
0.3699999999999999,0.009999999999999842,0.5,400,1.007027027027027,45.02010810810811,44.70595813204509,45.01308108108108,0.0
0.3699999999999999,0.004999999999999838,0.5,400,1.0061621621621621,45.71091891891892,45.43096593961534,45.70475675675676,0.0
0.3649999999999999,0.2,0.5,400,0.7971891891891892,20.22464864864865,25.369948467588827,19.553405405405407,26.713513513513515
0.3649999999999999,0.195,0.5,400,0.7758918918918919,20.768,26.766615577539362,20.310594594594594,26.65945945945946
0.3649999999999999,0.19,0.5,400,0.7531891891891892,21.253297297297298,28.217740777953207,21.0972972972973,26.67027027027027
0.3649999999999999,0.185,0.5,400,0.7516756756756757,21.64627027027027,28.797353660290522,21.590702702702703,26.064864864864866
0.3649999999999999,0.18,0.5,400,0.7815135135135135,22.404216216216216,28.667727209849218,22.38410810810811,22.713513513513515
0.3649999999999999,0.175,0.5,400,0.7917837837837838,22.87610810810811,28.89186237028946,22.8612972972973,21.74054054054054
0.3649999999999999,0.16999999999999998,0.5,400,0.7930810810810811,23.14356756756757,29.18184296619411,23.13016216216216,21.686486486486487
0.3649999999999999,0.16499999999999998,0.5,400,0.7945945945945946,23.409945945945946,29.461496598639457,23.38918918918919,21.63243243243243
0.3649999999999999,0.15999999999999998,0.5,400,0.7964324324324324,23.687783783783782,29.74236459888693,23.64854054054054,21.62162162162162
0.3649999999999999,0.15499999999999997,0.5,400,0.8072432432432433,24.050054054054055,29.792821749029063,23.93254054054054,21.71891891891892
0.3649999999999999,0.14999999999999997,0.5,400,0.8181621621621622,24.404108108108108,29.827959830866806,24.188756756756757,21.74054054054054
0.3649999999999999,0.14499999999999996,0.5,400,0.8192432432432433,24.793837837837838,30.264317761942465,24.54908108108108,21.57837837837838
0.3649999999999999,0.13999999999999996,0.5,400,0.8228108108108108,25.29027027027027,30.73643410852713,25.052864864864866,21.135135135135137
0.3649999999999999,0.13499999999999995,0.5,400,0.8096216216216217,25.851567567567567,31.930431299238883,25.757945945945945,20.767567567567568
0.3649999999999999,0.12999999999999995,0.5,400,0.848972972972973,26.81027027027027,31.579651088755888,26.766486486486485,16.54054054054054
0.3649999999999999,0.12499999999999994,0.5,400,0.8651891891891892,27.429297297297296,31.703236286392602,27.395567567567568,14.724324324324325
0.3649999999999999,0.11999999999999994,0.5,400,0.8695135135135135,27.748540540540542,31.91271913465125,27.69989189189189,14.616216216216216
0.3649999999999999,0.11499999999999994,0.5,400,0.8794594594594595,28.127891891891892,31.98315918869084,28.020972972972974,14.313513513513513
0.3649999999999999,0.10999999999999993,0.5,400,0.9027027027027027,28.666810810810812,31.756646706586828,28.396324324324326,13.740540540540541
0.3649999999999999,0.10499999999999993,0.5,400,0.8951351351351351,29.811567567567568,33.303985507246374,29.627675675675675,13.308108108108108
0.3649999999999999,0.09999999999999992,0.5,400,0.8894054054054054,30.362054054054052,34.13747417041449,30.282054054054054,12.962162162162162
0.3649999999999999,0.09499999999999992,0.5,400,0.896972972972973,30.888108108108106,34.43594070145836,30.8187027027027,11.924324324324324
0.3649999999999999,0.08999999999999991,0.5,400,0.9205405405405406,31.614162162162163,34.343041691133294,31.54064864864865,9.87027027027027
0.3649999999999999,0.08499999999999991,0.5,400,0.965081081081081,32.74443243243243,33.92920353982301,32.60172972972973,6.043243243243243
0.3649999999999999,0.0799999999999999,0.5,400,0.9725405405405405,33.731027027027025,34.68341485104491,33.5292972972973,5.545945945945946
0.3649999999999999,0.0749999999999999,0.5,400,0.9849729729729729,34.633405405405405,35.161782460761714,34.54378378378378,3.545945945945946
0.3649999999999999,0.0699999999999999,0.5,400,1.0084324324324325,35.781621621621625,35.482418524871356,35.72237837837838,0.7027027027027027
0.3649999999999999,0.06499999999999989,0.5,400,1.011027027027027,36.60572972972973,36.20647989734816,36.586486486486486,0.1837837837837838
0.3649999999999999,0.05999999999999989,0.5,400,1.012972972972973,37.72583783783784,37.242689434365,37.706270270270274,0.14054054054054055
0.3649999999999999,0.05499999999999988,0.5,400,1.0108108108108107,38.459135135135135,38.047807486631015,38.44497297297297,0.032432432432432434
0.3649999999999999,0.04999999999999988,0.5,400,1.0111351351351352,39.21708108108108,38.78520260878862,39.205513513513516,0.010810810810810811
0.3649999999999999,0.04499999999999987,0.5,400,1.0103783783783784,39.992216216216214,39.58142520864541,39.98172972972973,0.0
0.3649999999999999,0.03999999999999987,0.5,400,1.0102702702702702,40.74454054054054,40.33033707865169,40.73394594594595,0.0
0.3649999999999999,0.034999999999999865,0.5,400,1.0128648648648648,41.496432432432435,40.969367061586084,41.48302702702703,0.0
0.3649999999999999,0.02999999999999986,0.5,400,1.0104864864864864,42.352648648648646,41.91312720659035,42.341945945945945,0.0
0.3649999999999999,0.024999999999999856,0.5,400,1.008972972972973,43.12486486486487,42.74134790528233,43.11578378378378,0.0
0.3649999999999999,0.01999999999999985,0.5,400,1.0099459459459459,43.780324324324326,43.349175765360734,43.770270270270274,0.0
0.3649999999999999,0.014999999999999847,0.5,400,1.0085405405405405,44.37189189189189,43.9961410654947,44.36313513513514,0.0
0.3649999999999999,0.009999999999999842,0.5,400,1.0086486486486486,44.964864864864865,44.57931404072883,44.95621621621622,0.0
0.3649999999999999,0.004999999999999838,0.5,400,1.0058378378378379,45.50551351351351,45.24140154772141,45.499675675675675,0.0
0.3599999999999999,0.2,0.5,400,0.7904864864864865,20.026486486486487,25.3343818380744,19.443783783783783,26.843243243243244
0.3599999999999999,0.195,0.5,400,0.788,20.461513513513513,25.96638770750446,19.866162162162162,26.681081081081082
0.3599999999999999,0.19,0.5,400,0.7538378378378379,21.080108108108107,27.963717194894592,20.893945945945944,26.7027027027027
0.3599999999999999,0.185,0.5,400,0.7472432432432432,21.448216216216217,28.703125,21.37654054054054,26.63783783783784
0.3599999999999999,0.18,0.5,400,0.7629189189189189,21.991783783783784,28.82584667705824,21.959243243243243,24.724324324324325
0.3599999999999999,0.175,0.5,400,0.7905945945945946,22.721945945945947,28.740325447832628,22.70843243243243,21.913513513513514
0.3599999999999999,0.16999999999999998,0.5,400,0.790918918918919,23.01989189189189,29.105248769819575,23.008108108108107,21.82702702702703
0.3599999999999999,0.16499999999999998,0.5,400,0.7930810810810811,23.304108108108107,29.3842693565976,23.28864864864865,21.686486486486487
0.3599999999999999,0.15999999999999998,0.5,400,0.7953513513513514,23.55037837837838,29.610031262742964,23.52410810810811,21.686486486486487
0.3599999999999999,0.15499999999999997,0.5,400,0.798918918918919,23.891567567567566,29.904871447902572,23.832864864864863,21.664864864864864
0.3599999999999999,0.14999999999999997,0.5,400,0.8073513513513514,24.22518918918919,30.005757900374935,24.102594594594596,21.61081081081081
0.3599999999999999,0.14499999999999996,0.5,400,0.8172972972972973,24.579783783783785,30.0744708994709,24.36064864864865,21.675675675675677
0.3599999999999999,0.13999999999999996,0.5,400,0.8180540540540541,25.075027027027026,30.652041760274876,24.852972972972974,21.405405405405407
0.3599999999999999,0.13499999999999995,0.5,400,0.8113513513513514,25.685945945945946,31.658227848101266,25.572432432432432,20.886486486486486
0.3599999999999999,0.12999999999999995,0.5,400,0.8321081081081081,26.44291891891892,31.778225282577626,26.394486486486485,18.194594594594594
0.3599999999999999,0.12499999999999994,0.5,400,0.8672432432432432,27.295459459459458,31.473821989528794,27.264432432432432,14.637837837837838
0.3599999999999999,0.11999999999999994,0.5,400,0.8697297297297297,27.633837837837838,31.772902423865755,27.595783783783784,14.486486486486486
0.3599999999999999,0.11499999999999994,0.5,400,0.8755675675675676,27.956432432432432,31.92949746882331,27.897513513513513,14.291891891891892
0.3599999999999999,0.10999999999999993,0.5,400,0.8867027027027027,28.435675675675675,32.06900755913192,28.306594594594596,13.827027027027027
0.3599999999999999,0.10499999999999993,0.5,400,0.8985945945945946,29.426054054054053,32.74675168431184,29.218162162162162,13.437837837837838
0.3599999999999999,0.09999999999999992,0.5,400,0.8871351351351351,30.212216216216216,34.055934681940045,30.12735135135135,13.156756756756756
0.3599999999999999,0.09499999999999992,0.5,400,0.8967567567567568,30.74043243243243,34.27956600361664,30.67145945945946,12.086486486486486
0.3599999999999999,0.08999999999999991,0.5,400,0.9067027027027027,31.273405405405406,34.49135566948849,31.184324324324326,11.156756756756756
0.3599999999999999,0.08499999999999991,0.5,400,0.9624864864864865,32.628864864864866,33.900595304953384,32.473837837837834,6.194594594594594
0.3599999999999999,0.0799999999999999,0.5,400,0.9780540540540541,33.6134054054054,34.36763568033602,33.390594594594596,5.481081081081081
0.3599999999999999,0.0749999999999999,0.5,400,0.984,34.37308108108108,34.931992968578335,34.246054054054056,3.881081081081081
0.3599999999999999,0.0699999999999999,0.5,400,1.0056216216216216,35.719675675675674,35.519995699849495,35.67318918918919,0.9621621621621622
0.3599999999999999,0.06499999999999989,0.5,400,1.0108108108108107,36.483135135135136,36.09294117647059,36.449621621621624,0.20540540540540542
0.3599999999999999,0.05999999999999989,0.5,400,1.0116756756756757,37.412216216216216,36.9804445394315,37.392756756756754,0.12972972972972974
0.3599999999999999,0.05499999999999988,0.5,400,1.010918918918919,38.28324324324324,37.869746551171,38.26994594594595,0.06486486486486487
0.3599999999999999,0.04999999999999988,0.5,400,1.0100540540540541,39.047891891891894,38.659210103821046,39.03675675675676,0.010810810810810811
0.3599999999999999,0.04499999999999987,0.5,400,1.0095135135135136,39.872324324324325,39.49657314200043,39.86248648648649,0.010810810810810811
0.3599999999999999,0.03999999999999987,0.5,400,1.0097297297297296,40.61783783783784,40.22644539614561,40.60778378378378,0.0
0.3599999999999999,0.034999999999999865,0.5,400,1.0101621621621621,41.44605405405405,41.0291095890411,41.435675675675675,0.0
0.3599999999999999,0.02999999999999986,0.5,400,1.009081081081081,42.250594594594595,41.87036640239983,42.240972972972976,0.0
0.3599999999999999,0.024999999999999856,0.5,400,1.0099459459459459,42.97513513513513,42.551916077927636,42.964756756756756,0.0
0.3599999999999999,0.01999999999999985,0.5,400,1.0096216216216216,43.68140540540541,43.265124745690116,43.671567567567564,0.0
0.3599999999999999,0.014999999999999847,0.5,400,1.008,44.246162162162165,43.895002145002145,44.238054054054054,0.0
0.3599999999999999,0.009999999999999842,0.5,400,1.009081081081081,44.84745945945946,44.4438611527748,44.83816216216216,0.0
0.3599999999999999,0.004999999999999838,0.5,400,1.0063783783783784,45.35859459459459,45.07111397572242,45.35221621621621,0.0
0.35499999999999987,0.2,0.5,400,0.7843243243243243,19.83545945945946,25.28986905582357,19.37081081081081,26.691891891891892
0.35499999999999987,0.195,0.5,400,0.7907027027027027,20.233621621621623,25.589417555373256,19.63308108108108,26.745945945945945
0.35499999999999987,0.19,0.5,400,0.764972972972973,20.815459459459458,27.21071226681741,20.49718918918919,26.67027027027027
0.35499999999999987,0.185,0.5,400,0.7482162162162163,21.291135135135136,28.455858979916197,21.190486486486485,26.7027027027027
0.35499999999999987,0.18,0.5,400,0.7509189189189189,21.68637837837838,28.87978692772819,21.652540540540542,25.945945945945947
0.35499999999999987,0.175,0.5,400,0.7816216216216216,22.45772972972973,28.73222683264177,22.448,22.583783783783783
0.35499999999999987,0.16999999999999998,0.5,400,0.7913513513513514,22.902594594594596,28.941120218579236,22.892432432432432,21.762162162162163
0.35499999999999987,0.16499999999999998,0.5,400,0.7943783783783783,23.176108108108107,29.1751497005988,23.15945945945946,21.71891891891892
0.35499999999999987,0.15999999999999998,0.5,400,0.7952432432432432,23.42810810810811,29.46030451332246,23.405081081081082,21.643243243243244
0.35499999999999987,0.15499999999999997,0.5,400,0.7981621621621622,23.72854054054054,29.72897196261682,23.69135135135135,21.61081081081081
0.35499999999999987,0.14999999999999997,0.5,400,0.7985945945945946,24.00054054054054,30.05347231623122,23.93427027027027,21.783783783783782
0.35499999999999987,0.14499999999999996,0.5,400,0.8112432432432433,24.43243243243243,30.11727078891258,24.282810810810812,21.686486486486487
0.35499999999999987,0.13999999999999996,0.5,400,0.8175135135135135,24.87427027027027,30.426738957947634,24.654594594594595,21.589189189189188
0.35499999999999987,0.13499999999999995,0.5,400,0.8202162162162162,25.304,30.850402003426915,25.06908108108108,21.145945945945947
0.35499999999999987,0.12999999999999995,0.5,400,0.8136216216216217,26.014054054054053,31.97315971299495,25.94810810810811,20.16216216216216
0.35499999999999987,0.12499999999999994,0.5,400,0.8618378378378379,27.090162162162162,31.43301555444054,27.056756756756755,15.07027027027027
0.35499999999999987,0.11999999999999994,0.5,400,0.8677837837837837,27.509405405405406,31.700759935218638,27.474486486486487,14.572972972972973
0.35499999999999987,0.11499999999999994,0.5,400,0.8721081081081081,27.828108108108108,31.909012024296516,27.784216216216215,14.421621621621622
0.35499999999999987,0.10999999999999993,0.5,400,0.8803243243243243,28.22183783783784,32.05845511482255,28.140216216216217,13.989189189189188
0.35499999999999987,0.10499999999999993,0.5,400,0.8896216216216216,28.936864864864866,32.52716004374772,28.800324324324325,13.437837837837838
0.35499999999999987,0.09999999999999992,0.5,400,0.8871351351351351,30.02745945945946,33.847672434803805,29.93318918918919,13.08108108108108
0.35499999999999987,0.09499999999999992,0.5,400,0.8957837837837838,30.604972972972973,34.165580497224234,30.53708108108108,12.194594594594594
0.35499999999999987,0.08999999999999991,0.5,400,0.907027027027027,31.157513513513514,34.35125148986889,31.083567567567567,11.091891891891892
0.35499999999999987,0.08499999999999991,0.5,400,0.9588108108108108,32.40291891891892,33.79490359679784,32.239243243243244,6.821621621621621
0.35499999999999987,0.0799999999999999,0.5,400,0.9764324324324324,33.28464864864865,34.08802037201063,33.076972972972975,5.427027027027027
0.35499999999999987,0.0749999999999999,0.5,400,0.9796756756756757,34.32313513513513,35.03520194217612,34.19243243243243,4.237837837837838
0.35499999999999987,0.0699999999999999,0.5,400,1.0024864864864864,35.56345945945946,35.475250727919764,35.51567567567567,1.1675675675675676
0.35499999999999987,0.06499999999999989,0.5,400,1.011027027027027,36.14108108108108,35.746899059024805,36.10886486486486,0.20540540540540542
0.35499999999999987,0.05999999999999989,0.5,400,1.011027027027027,37.118162162162164,36.71332335329341,37.1012972972973,0.0972972972972973
0.35499999999999987,0.05499999999999988,0.5,400,1.0128648648648648,38.07362162162162,37.59003095314335,38.05578378378378,0.043243243243243246
0.35499999999999987,0.04999999999999988,0.5,400,1.0098378378378379,38.922378378378376,38.54319665988652,38.91113513513513,0.010810810810810811
0.35499999999999987,0.04499999999999987,0.5,400,1.0100540540540541,39.72756756756757,39.33212030397089,39.71708108108108,0.0
0.35499999999999987,0.03999999999999987,0.5,400,1.0098378378378379,40.51124324324324,40.11658280697998,40.50108108108108,0.0
0.35499999999999987,0.034999999999999865,0.5,400,1.0077837837837837,41.30216216216216,40.983158120574984,41.293081081081084,0.0
0.35499999999999987,0.02999999999999986,0.5,400,1.0098378378378379,41.97837837837838,41.56942511508404,41.96821621621621,0.0
0.35499999999999987,0.024999999999999856,0.5,400,1.0085405405405405,42.77113513513513,42.408939864937295,42.76237837837838,0.0
0.35499999999999987,0.01999999999999985,0.5,400,1.0086486486486486,43.54172972972973,43.16838156484459,43.532648648648646,0.0
0.35499999999999987,0.014999999999999847,0.5,400,1.0095135135135136,44.09232432432432,43.6768044549154,44.082594594594596,0.0
0.35499999999999987,0.009999999999999842,0.5,400,1.0083243243243243,44.672,44.30320574675673,44.66356756756757,0.0
0.35499999999999987,0.004999999999999838,0.5,400,1.0067027027027027,45.259567567567565,44.95822594501718,45.25286486486487,0.0
0.34999999999999987,0.2,0.5,400,0.7781621621621622,19.672432432432434,25.280633509308142,19.278378378378378,26.875675675675677
0.34999999999999987,0.195,0.5,400,0.7857297297297298,20.00010810810811,25.4541827187672,19.490702702702702,26.81081081081081
0.34999999999999987,0.19,0.5,400,0.776,20.576864864864866,26.516578434104208,20.145621621621622,26.64864864864865
0.34999999999999987,0.185,0.5,400,0.7483243243243243,21.125945945945947,28.23100260040451,21.003783783783785,26.886486486486486
0.34999999999999987,0.18,0.5,400,0.7454054054054055,21.491135135135135,28.831472081218273,21.4467027027027,26.508108108108107
0.34999999999999987,0.175,0.5,400,0.7629189189189189,22.039459459459458,28.888337820603656,22.02562162162162,24.52972972972973
0.34999999999999987,0.16999999999999998,0.5,400,0.7922162162162162,22.77145945945946,28.743995633187772,22.761405405405405,21.664864864864864
0.34999999999999987,0.16499999999999998,0.5,400,0.7918918918918919,23.046486486486486,29.10307167235495,23.034486486486486,21.71891891891892
0.34999999999999987,0.15999999999999998,0.5,400,0.7953513513513514,23.31664864864865,29.316161478863666,23.296,21.62162162162162
0.34999999999999987,0.15499999999999997,0.5,400,0.7974054054054054,23.59664864864865,29.591784164859003,23.57481081081081,21.57837837837838
0.34999999999999987,0.14999999999999997,0.5,400,0.7992432432432433,23.893081081081082,29.894630055457867,23.853297297297296,21.545945945945945
0.34999999999999987,0.14499999999999996,0.5,400,0.8027027027027027,24.237405405405404,30.194747474747476,24.151783783783785,21.783783783783782
0.34999999999999987,0.13999999999999996,0.5,400,0.8144864864864865,24.623135135135136,30.231483939474384,24.440216216216218,21.63243243243243
0.34999999999999987,0.13499999999999995,0.5,400,0.8163243243243243,25.174594594594595,30.838961726923586,24.983783783783785,21.243243243243242
0.34999999999999987,0.12999999999999995,0.5,400,0.8105945945945946,25.771135135135136,31.792878100826886,25.67081081081081,20.735135135135135
0.34999999999999987,0.12499999999999994,0.5,400,0.840972972972973,26.672324324324325,31.71603033808973,26.631243243243244,17.21081081081081
0.34999999999999987,0.11999999999999994,0.5,400,0.8675675675675676,27.385837837837837,31.566230529595014,27.353405405405404,14.562162162162162
0.34999999999999987,0.11499999999999994,0.5,400,0.8751351351351352,27.724216216216217,31.679925880172945,27.681405405405407,14.302702702702703
0.34999999999999987,0.10999999999999993,0.5,400,0.8785945945945945,28.082810810810813,31.963332102866985,28.027351351351353,13.913513513513514
0.34999999999999987,0.10499999999999993,0.5,400,0.8883243243243243,28.57881081081081,32.17159547280029,28.497513513513514,13.427027027027027
0.34999999999999987,0.09999999999999992,0.5,400,0.892,29.561297297297298,33.14046782208217,29.460864864864863,12.983783783783784
0.34999999999999987,0.09499999999999992,0.5,400,0.8972972972972973,30.452216216216215,33.937710843373495,30.382162162162164,12.097297297297297
0.34999999999999987,0.08999999999999991,0.5,400,0.8991351351351351,30.91091891891892,34.37850186365276,30.844972972972972,11.848648648648648
0.34999999999999987,0.08499999999999991,0.5,400,0.9473513513513514,32.09837837837838,33.88223211229031,31.960756756756755,7.772972972972973
0.34999999999999987,0.0799999999999999,0.5,400,0.9763243243243244,33.24010810810811,34.04617428856162,33.04767567567568,5.45945945945946
0.34999999999999987,0.0749999999999999,0.5,400,0.9814054054054054,34.15762162162162,34.804802820004404,34.05005405405405,4.237837837837838
0.34999999999999987,0.0699999999999999,0.5,400,1.0036756756756757,35.39978378378378,35.27014218009479,35.34594594594594,1.0702702702702702
0.34999999999999987,0.06499999999999989,0.5,400,1.0132972972972973,36.154918918918916,35.680465165902056,36.129513513513515,0.16216216216216217
0.34999999999999987,0.05999999999999989,0.5,400,1.0097297297297296,36.89048648648649,36.53501070663812,36.878594594594595,0.07567567567567568
0.34999999999999987,0.05499999999999988,0.5,400,1.012,37.910486486486484,37.46095502617242,37.89524324324324,0.043243243243243246
0.34999999999999987,0.04999999999999988,0.5,400,1.0097297297297296,38.829297297297295,38.455139186295504,38.81805405405405,0.010810810810810811
0.34999999999999987,0.04499999999999987,0.5,400,1.0115675675675675,39.45372972972973,39.00256492465534,39.44172972972973,0.0
0.34999999999999987,0.03999999999999987,0.5,400,1.007891891891892,40.23762162162162,39.922557116807894,40.2292972972973,0.0
0.34999999999999987,0.034999999999999865,0.5,400,1.0075675675675675,41.05437837837838,40.746030042918456,41.0467027027027,0.0
0.34999999999999987,0.02999999999999986,0.5,400,1.0099459459459459,41.872972972972974,41.460608006850784,41.8625945945946,0.0
0.34999999999999987,0.024999999999999856,0.5,400,1.0100540540540541,42.557405405405405,42.13379000321096,42.54691891891892,0.0
0.34999999999999987,0.01999999999999985,0.5,400,1.0082162162162163,43.35859459459459,43.00525412824362,43.34994594594595,0.0
0.34999999999999987,0.014999999999999847,0.5,400,1.0101621621621621,44.00205405405406,43.55939640410959,43.99167567567567,0.0
0.34999999999999987,0.009999999999999842,0.5,400,1.0083243243243243,44.58562162162162,44.217540473892996,44.57675675675676,0.0
0.34999999999999987,0.004999999999999838,0.5,400,1.007891891891892,45.115027027027025,44.761771961814866,45.10702702702703,0.0
0.34499999999999986,0.2,0.5,400,0.7625945945945946,19.451351351351352,25.50680464984406,19.18627027027027,27.17837837837838
0.34499999999999986,0.195,0.5,400,0.7807567567567567,19.815783783783782,25.380227083910274,19.386594594594595,26.735135135135135
0.34499999999999986,0.19,0.5,400,0.784972972972973,20.27145945945946,25.824404352017627,19.76172972972973,26.724324324324325
0.34499999999999986,0.185,0.5,400,0.7549189189189189,20.91762162162162,27.708434770156092,20.73675675675676,26.713513513513515
0.34499999999999986,0.18,0.5,400,0.7445405405405405,21.329405405405407,28.647742122840132,21.272864864864864,26.691891891891892
0.34499999999999986,0.175,0.5,400,0.7490810810810811,21.720972972972973,28.996824938663586,21.703675675675676,25.89189189189189
0.34499999999999986,0.16999999999999998,0.5,400,0.7842162162162162,22.49837837837838,28.68899917287014,22.489081081081082,22.454054054054055
0.34499999999999986,0.16499999999999998,0.5,400,0.7923243243243243,22.935135135135134,28.946650293355166,22.916864864864866,21.72972972972973
0.34499999999999986,0.15999999999999998,0.5,400,0.7923243243243243,23.192864864864866,29.27193341519989,23.178594594594596,21.686486486486487
0.34499999999999986,0.15499999999999997,0.5,400,0.7942702702702703,23.467783783783783,29.546345447121276,23.45545945945946,21.57837837837838
0.34499999999999986,0.14999999999999997,0.5,400,0.7942702702702703,23.757945945945945,29.911664625017014,23.72691891891892,21.772972972972973
0.34499999999999986,0.14499999999999996,0.5,400,0.7962162162162162,24.06745945945946,30.227291242362526,24.02216216216216,21.772972972972973
0.34499999999999986,0.13999999999999996,0.5,400,0.8072432432432433,24.50864864864865,30.36092138743806,24.379675675675674,21.654054054054054
0.34499999999999986,0.13499999999999995,0.5,400,0.8178378378378378,24.868756756756756,30.407931262392598,24.668,21.372972972972974
0.34499999999999986,0.12999999999999995,0.5,400,0.8154594594594594,25.495675675675674,31.265411639931063,25.344864864864864,20.897297297297296
0.34499999999999986,0.12499999999999994,0.5,400,0.8355675675675676,26.464756756756756,31.67279078794152,26.41264864864865,17.816216216216215
0.34499999999999986,0.11999999999999994,0.5,400,0.8704864864864865,27.256,31.31122702434178,27.21989189189189,14.454054054054055
0.34499999999999986,0.11499999999999994,0.5,400,0.8723243243243243,27.595783783783784,31.634775065063824,27.563243243243242,14.4
0.34499999999999986,0.10999999999999993,0.5,400,0.8754594594594595,27.936216216216216,31.910348234131884,27.904324324324325,14.118918918918919
0.34499999999999986,0.10499999999999993,0.5,400,0.8867027027027027,28.427567567567568,32.05986344793953,28.345405405405405,13.416216216216217
0.34499999999999986,0.09999999999999992,0.5,400,0.8901621621621622,29.109837837837837,32.70172455671606,29.030594594594593,13.037837837837838
0.34499999999999986,0.09499999999999992,0.5,400,0.8930810810810811,30.152,33.76177218254448,30.08681081081081,12.302702702702703
0.34499999999999986,0.08999999999999991,0.5,400,0.9024864864864864,30.80918918918919,34.138116914230956,30.732324324324324,11.751351351351351
0.34499999999999986,0.08499999999999991,0.5,400,0.9403243243243243,31.83708108108108,33.85755346056565,31.69427027027027,8.518918918918919
0.34499999999999986,0.0799999999999999,0.5,400,0.9708108108108108,33.033945945945945,34.0271714922049,32.86324324324325,5.654054054054054
0.34499999999999986,0.0749999999999999,0.5,400,0.9847567567567568,34.05275675675676,34.57986606652761,33.90454054054054,4.162162162162162
0.34499999999999986,0.0699999999999999,0.5,400,1.0082162162162163,35.23891891891892,34.951747801844306,35.18562162162162,0.8540540540540541
0.34499999999999986,0.06499999999999989,0.5,400,1.0094054054054054,35.902054054054055,35.56752704294741,35.87362162162162,0.2594594594594595
0.34499999999999986,0.05999999999999989,0.5,400,1.0095135135135136,36.64497297297297,36.29963589633755,36.62735135135135,0.08648648648648649
0.34499999999999986,0.05499999999999988,0.5,400,1.0134054054054054,37.629513513513515,37.13174738638788,37.613837837837835,0.010810810810810811
0.34499999999999986,0.04999999999999988,0.5,400,1.0103783783783784,38.5812972972973,38.18499893002354,38.56951351351351,0.021621621621621623
0.34499999999999986,0.04499999999999987,0.5,400,1.009081081081081,39.30064864864865,38.94696807370902,39.29102702702703,0.0
0.34499999999999986,0.03999999999999987,0.5,400,1.0083243243243243,40.13437837837838,39.80304492334084,40.12572972972973,0.0
0.34499999999999986,0.034999999999999865,0.5,400,1.0099459459459459,41.00518918918919,40.60137015628345,40.99502702702703,0.0
0.34499999999999986,0.02999999999999986,0.5,400,1.0084324324324325,41.676,41.32750857632933,41.667567567567566,0.0
0.34499999999999986,0.024999999999999856,0.5,400,1.012,42.48540540540541,41.98162589466937,42.47264864864865,0.0
0.34499999999999986,0.01999999999999985,0.5,400,1.0083243243243243,43.214594594594594,42.85783210035381,43.20594594594595,0.0
0.34499999999999986,0.014999999999999847,0.5,400,1.0088648648648648,43.84843243243243,43.46313759108444,43.83891891891892,0.0
0.34499999999999986,0.009999999999999842,0.5,400,1.006918918918919,44.47005405405405,44.16448357311574,44.463027027027024,0.0
0.34499999999999986,0.004999999999999838,0.5,400,1.0071351351351352,44.98097297297297,44.66230141691713,44.97372972972973,0.0
0.33999999999999986,0.2,0.5,400,0.7603243243243243,19.27145945945946,25.346367126404093,19.07135135135135,27.167567567567566
0.33999999999999986,0.195,0.5,400,0.7702702702702703,19.616756756756757,25.467368421052633,19.297945945945948,26.82162162162162
0.33999999999999986,0.19,0.5,400,0.7838918918918919,19.989405405405407,25.500206868018203,19.492540540540542,26.92972972972973
0.33999999999999986,0.185,0.5,400,0.7661621621621622,20.655027027027028,26.959080005644136,20.347675675675674,26.735135135135135
0.33999999999999986,0.18,0.5,400,0.7461621621621621,21.17708108108108,28.38133874239351,21.09762162162162,26.745945945945945
0.33999999999999986,0.175,0.5,400,0.7441081081081081,21.520756756756757,28.921545837570825,21.50410810810811,26.37837837837838
0.33999999999999986,0.16999999999999998,0.5,400,0.7617297297297297,22.05697297297297,28.956429179676412,22.048108108108107,24.583783783783783
0.33999999999999986,0.16499999999999998,0.5,400,0.7903783783783784,22.790378378378378,28.834769525372725,22.777945945945945,21.72972972972973
0.33999999999999986,0.15999999999999998,0.5,400,0.7937297297297298,23.079351351351352,29.077090710977934,23.0652972972973,21.643243243243244
0.33999999999999986,0.15499999999999997,0.5,400,0.7964324324324324,23.34064864864865,29.30650196823673,23.325513513513513,21.556756756756755
0.33999999999999986,0.14999999999999997,0.5,400,0.7948108108108108,23.620540540540542,29.718443960826985,23.60572972972973,21.57837837837838
0.33999999999999986,0.14499999999999996,0.5,400,0.7947027027027027,23.929513513513513,30.111277377227587,23.90345945945946,21.71891891891892
0.33999999999999986,0.13999999999999996,0.5,400,0.8028108108108108,24.27027027027027,30.231618637220578,24.2,21.62162162162162
0.33999999999999986,0.13499999999999995,0.5,400,0.8056216216216217,24.624216216216215,30.5654857756307,24.513081081081083,21.556756756756755
0.33999999999999986,0.12999999999999995,0.5,400,0.815027027027027,25.16864864864865,30.880753415572357,25.012756756756758,21.037837837837838
0.33999999999999986,0.12499999999999994,0.5,400,0.8175135135135135,25.994162162162162,31.79661465220841,25.92345945945946,19.74054054054054
0.33999999999999986,0.11999999999999994,0.5,400,0.8638918918918919,27.084324324324324,31.35152046051808,27.051027027027025,14.821621621621622
0.33999999999999986,0.11499999999999994,0.5,400,0.8688648648648649,27.485405405405405,31.63369416448924,27.446918918918918,14.454054054054055
0.33999999999999986,0.10999999999999993,0.5,400,0.8742702702702703,27.81145945945946,31.81105477927538,27.769945945945945,14.216216216216216
0.33999999999999986,0.10499999999999993,0.5,400,0.8829189189189189,28.240216216216215,31.98506183421085,28.187243243243245,13.664864864864866
0.33999999999999986,0.09999999999999992,0.5,400,0.888972972972973,28.77037837837838,32.36361425270582,28.703027027027026,12.972972972972974
0.33999999999999986,0.09499999999999992,0.5,400,0.8927567567567568,29.69935135135135,33.26701380479535,29.639567567567568,12.302702702702703
0.33999999999999986,0.08999999999999991,0.5,400,0.9021621621621622,30.65881081081081,33.98370281605752,30.59189189189189,11.72972972972973
0.33999999999999986,0.08499999999999991,0.5,400,0.9286486486486486,31.50227027027027,33.92270081490105,31.411675675675674,9.416216216216217
0.33999999999999986,0.0799999999999999,0.5,400,0.9707027027027028,32.80054054054054,33.790511192783164,32.64562162162162,5.697297297297298
0.33999999999999986,0.0749999999999999,0.5,400,0.9812972972972973,33.92627027027027,34.5728765010466,33.7787027027027,4.421621621621622
0.33999999999999986,0.0699999999999999,0.5,400,1.0022702702702704,35.16162162162162,35.08197605436307,35.10497297297297,1.4486486486486487
0.33999999999999986,0.06499999999999989,0.5,400,1.013189189189189,35.88594594594595,35.41880068288519,35.84118918918919,0.14054054054054055
0.33999999999999986,0.05999999999999989,0.5,400,1.0104864864864864,36.52659459459459,36.14753396811811,36.51405405405406,0.08648648648648649
0.33999999999999986,0.05499999999999988,0.5,400,1.0111351351351352,37.280972972972975,36.8704159093339,37.26886486486487,0.032432432432432434
0.33999999999999986,0.04999999999999988,0.5,400,1.0113513513513515,38.51708108108108,38.08476750400855,38.50551351351351,0.0
0.33999999999999986,0.04499999999999987,0.5,400,1.009081081081081,39.19372972972973,38.84101135633169,39.184108108108106,0.0
0.33999999999999986,0.03999999999999987,0.5,400,1.0101621621621621,39.98745945945946,39.58518835616438,39.97675675675676,0.0
0.33999999999999986,0.034999999999999865,0.5,400,1.0087567567567568,40.92054054054054,40.565319901403925,40.911567567567566,0.0
0.33999999999999986,0.02999999999999986,0.5,400,1.0101621621621621,41.57210810810811,41.153895547945204,41.56151351351351,0.0
0.33999999999999986,0.024999999999999856,0.5,400,1.0099459459459459,42.37178378378378,41.95450652965104,42.36162162162162,0.0
0.33999999999999986,0.01999999999999985,0.5,400,1.0084324324324325,43.111891891891894,42.751393653516296,43.10324324324324,0.0
0.33999999999999986,0.014999999999999847,0.5,400,1.0084324324324325,43.70291891891892,43.337478559176674,43.69427027027027,0.0
0.33999999999999986,0.009999999999999842,0.5,400,1.0055135135135136,44.310702702702706,44.06773465218794,44.30518918918919,0.0
0.33999999999999986,0.004999999999999838,0.5,400,1.0077837837837837,44.84054054054054,44.494207251662736,44.83275675675676,0.0
0.33499999999999985,0.2,0.5,400,0.7474594594594595,19.077405405405404,25.522996818050334,18.97589189189189,27.383783783783784
0.33499999999999985,0.195,0.5,400,0.7584864864864865,19.40843243243243,25.58836944127708,19.20572972972973,27.243243243243242
0.33499999999999985,0.19,0.5,400,0.7727567567567567,19.758378378378378,25.56869054280918,19.430162162162162,26.81081081081081
0.33499999999999985,0.185,0.5,400,0.7735135135135135,20.271351351351353,26.206848357791753,19.889513513513513,26.713513513513515
0.33499999999999985,0.18,0.5,400,0.7510270270270271,20.960324324324326,27.90888153159637,20.823351351351352,26.681081081081082
0.33499999999999985,0.175,0.5,400,0.7411891891891892,21.351675675675676,28.807322053675612,21.33275675675676,26.691891891891892
0.33499999999999985,0.16999999999999998,0.5,400,0.7477837837837837,21.73102702702703,29.060575393956917,21.72281081081081,25.9027027027027
0.33499999999999985,0.16499999999999998,0.5,400,0.7887567567567567,22.615675675675675,28.672560307017545,22.606594594594593,21.967567567567567
0.33499999999999985,0.15999999999999998,0.5,400,0.7922162162162162,22.953513513513514,28.973799126637555,22.94237837837838,21.72972972972973
0.33499999999999985,0.15499999999999997,0.5,400,0.7941621621621622,23.217405405405405,29.235093928668665,23.19935135135135,21.56756756756757
0.33499999999999985,0.14999999999999997,0.5,400,0.796,23.47664864864865,29.493277196794786,23.462162162162162,21.491891891891893
0.33499999999999985,0.14499999999999996,0.5,400,0.7968648648648649,23.796108108108108,29.862162528829195,23.773945945945947,21.545945945945945
0.33499999999999985,0.13999999999999996,0.5,400,0.7947027027027027,24.122702702702703,30.35437355461842,24.087135135135135,21.805405405405406
0.33499999999999985,0.13499999999999995,0.5,400,0.8014054054054054,24.431027027027028,30.485228652367464,24.363135135135135,21.556756756756755
0.33499999999999985,0.12999999999999995,0.5,400,0.8132972972972973,24.866594594594595,30.575036554565997,24.72616216216216,21.286486486486485
0.33499999999999985,0.12499999999999994,0.5,400,0.8183783783783783,25.72972972972973,31.43989431968296,25.620432432432434,20.075675675675676
0.33499999999999985,0.11999999999999994,0.5,400,0.8551351351351352,26.783675675675674,31.320986093552467,26.747027027027027,15.85945945945946
0.33499999999999985,0.11499999999999994,0.5,400,0.8688648648648649,27.351135135135134,31.479158890133135,27.319135135135134,14.518918918918919
0.33499999999999985,0.10999999999999993,0.5,400,0.8751351351351352,27.689405405405406,31.640148239654106,27.648108108108108,14.172972972972973
0.33499999999999985,0.10499999999999993,0.5,400,0.8784864864864865,28.09545945945946,31.981663795225202,28.050054054054055,13.816216216216215
0.33499999999999985,0.09999999999999992,0.5,400,0.8882162162162163,28.596216216216217,32.19510710808179,28.540216216216216,13.04864864864865
0.33499999999999985,0.09499999999999992,0.5,400,0.8950270270270271,29.312864864864864,32.750815315859406,29.254054054054055,12.12972972972973
0.33499999999999985,0.08999999999999991,0.5,400,0.9011891891891892,30.321297297297296,33.645873320537426,30.2452972972973,11.783783783783784
0.33499999999999985,0.08499999999999991,0.5,400,0.926054054054054,31.34454054054054,33.84742003268737,31.239243243243244,9.956756756756757
0.33499999999999985,0.0799999999999999,0.5,400,0.9745945945945946,32.679027027027026,33.53089295618414,32.49135135135135,5.664864864864865
0.33499999999999985,0.0749999999999999,0.5,400,0.9850810810810811,33.82897297297297,34.341308165057065,33.66335135135135,4.248648648648649
0.33499999999999985,0.0699999999999999,0.5,400,1.0021621621621621,34.89416216216216,34.818878101402376,34.83318918918919,1.5351351351351352
0.33499999999999985,0.06499999999999989,0.5,400,1.0101621621621621,35.71427027027027,35.35498715753425,35.686054054054054,0.1945945945945946
0.33499999999999985,0.05999999999999989,0.5,400,1.010918918918919,36.401405405405406,36.008234413431715,36.37772972972973,0.043243243243243246
0.33499999999999985,0.05499999999999988,0.5,400,1.0105945945945947,37.05762162162162,36.669127086007705,37.04389189189189,0.021621621621621623
0.33499999999999985,0.04999999999999988,0.5,400,1.0114594594594595,38.209513513513514,37.776613937580166,38.196756756756756,0.0
0.33499999999999985,0.04499999999999987,0.5,400,1.0104864864864864,39.11318918918919,38.70728576013694,39.1012972972973,0.0
0.33499999999999985,0.03999999999999987,0.5,400,1.0099459459459459,39.75924324324324,39.36769428387925,39.74918918918919,0.0
0.33499999999999985,0.034999999999999865,0.5,400,1.008,40.73848648648649,40.41516516516516,40.73005405405405,0.0
0.33499999999999985,0.02999999999999986,0.5,400,1.0085405405405405,41.47264864864865,41.121449244291995,41.463675675675674,0.0
0.33499999999999985,0.024999999999999856,0.5,400,1.0092972972972973,42.22378378378379,41.834832904884315,42.214486486486486,0.0
0.33499999999999985,0.01999999999999985,0.5,400,1.0099459459459459,42.94475675675676,42.521836865767504,42.93416216216216,0.0
0.33499999999999985,0.014999999999999847,0.5,400,1.0074594594594595,43.57275675675675,43.250134134563794,43.564972972972974,0.0
0.33499999999999985,0.009999999999999842,0.5,400,1.0072432432432432,44.151675675675676,43.834174090372436,44.14410810810811,0.0
0.33499999999999985,0.004999999999999838,0.5,400,1.0073513513513515,44.71297297297297,44.38667095943335,44.705621621621624,0.0
0.32999999999999985,0.2,0.5,400,0.742054054054054,18.88843243243243,25.454254079254078,18.84854054054054,27.243243243243242
0.32999999999999985,0.195,0.5,400,0.7485405405405405,19.216432432432434,25.671865973425767,19.107891891891892,27.286486486486485
0.32999999999999985,0.19,0.5,400,0.7562162162162163,19.53610810810811,25.834024303073623,19.371567567567567,26.983783783783785
0.32999999999999985,0.185,0.5,400,0.7770810810810811,19.961513513513513,25.687813021702837,19.561297297297298,26.897297297297296
0.32999999999999985,0.18,0.5,400,0.7614054054054054,20.671675675675676,27.149368166974302,20.435027027027026,26.724324324324325
0.32999999999999985,0.175,0.5,400,0.7418378378378379,21.163243243243244,28.528125910813174,21.13145945945946,26.778378378378378
0.32999999999999985,0.16999999999999998,0.5,400,0.7422702702702703,21.509621621621623,28.978153218759104,21.50064864864865,26.52972972972973
0.32999999999999985,0.16499999999999998,0.5,400,0.7688648648648648,22.166162162162163,28.82972440944882,22.157513513513514,23.913513513513514
0.32999999999999985,0.15999999999999998,0.5,400,0.7899459459459459,22.814594594594595,28.881209798823047,22.805513513513514,21.772972972972973
0.32999999999999985,0.15499999999999997,0.5,400,0.7911351351351351,23.108,29.208663569281224,23.09654054054054,21.783783783783782
0.32999999999999985,0.14999999999999997,0.5,400,0.7936216216216216,23.35708108108108,29.431003950415473,23.33783783783784,21.697297297297297
0.32999999999999985,0.14499999999999996,0.5,400,0.7984864864864865,23.660756756756758,29.63200649878148,23.63491891891892,21.535135135135135
0.32999999999999985,0.13999999999999996,0.5,400,0.7943783783783783,23.925081081081082,30.11799129014698,23.904324324324325,21.675675675675677
0.32999999999999985,0.13499999999999995,0.5,400,0.7987027027027027,24.269513513513512,30.386166756903087,24.22962162162162,21.61081081081081
0.32999999999999985,0.12999999999999995,0.5,400,0.8038918918918919,24.73675675675676,30.771247982786445,24.654162162162162,21.502702702702702
0.32999999999999985,0.12499999999999994,0.5,400,0.8115675675675675,25.249405405405405,31.111895564140134,25.120648648648647,21.08108108108108
0.32999999999999985,0.11999999999999994,0.5,400,0.837081081081081,26.360972972972974,31.49154074648069,26.314810810810812,17.72972972972973
0.32999999999999985,0.11499999999999994,0.5,400,0.8686486486486487,27.226378378378378,31.343372744243933,27.188108108108107,14.486486486486486
0.32999999999999985,0.10999999999999993,0.5,400,0.872,27.571675675675674,31.61889412348128,27.536648648648647,14.281081081081082
0.32999999999999985,0.10499999999999993,0.5,400,0.8784864864864865,27.959243243243243,31.826605956190008,27.924216216216216,13.85945945945946
0.32999999999999985,0.09999999999999992,0.5,400,0.8842162162162163,28.450702702702703,32.1761829074459,28.40908108108108,13.264864864864865
0.32999999999999985,0.09499999999999992,0.5,400,0.8939459459459459,29.06248648648649,32.51033982343694,29.012864864864866,12.194594594594594
0.32999999999999985,0.08999999999999991,0.5,400,0.9032432432432432,29.824756756756756,33.019628964691805,29.76518918918919,11.394594594594595
0.32999999999999985,0.08499999999999991,0.5,400,0.9112432432432432,31.02291891891892,34.044607901293155,30.938486486486486,10.886486486486486
0.32999999999999985,0.0799999999999999,0.5,400,0.9726486486486486,32.481945945945945,33.39535400689119,32.30810810810811,5.935135135135135
0.32999999999999985,0.0749999999999999,0.5,400,0.9812972972972973,33.50335135135135,34.14189710256693,33.37145945945946,4.464864864864865
0.32999999999999985,0.0699999999999999,0.5,400,1.0062702702702702,34.888,34.670605930382465,34.83340540540541,1.0702702702702702
0.32999999999999985,0.06499999999999989,0.5,400,1.010918918918919,35.690486486486485,35.30499411827612,35.65772972972973,0.11891891891891893
0.32999999999999985,0.05999999999999989,0.5,400,1.0092972972972973,36.31372972972973,35.97922022279349,36.30032432432432,0.043243243243243246
0.32999999999999985,0.05499999999999988,0.5,400,1.0100540540540541,36.934378378378376,36.566734453601626,36.92389189189189,0.010810810810810811
0.32999999999999985,0.04999999999999988,0.5,400,1.010918918918919,38.096,37.68452571917442,38.08367567567568,0.0
0.32999999999999985,0.04499999999999987,0.5,400,1.0112432432432432,38.92345945945946,38.49069916613214,38.91145945945946,0.0
0.32999999999999985,0.03999999999999987,0.5,400,1.0095135135135136,39.66551351351352,39.29171128721354,39.65578378378378,0.0
0.32999999999999985,0.034999999999999865,0.5,400,1.0094054054054054,40.555459459459456,40.1775730962836,40.54572972972973,0.0
0.32999999999999985,0.02999999999999986,0.5,400,1.008972972972973,41.37448648648649,41.00653594771242,41.36486486486486,0.0
0.32999999999999985,0.024999999999999856,0.5,400,1.0096216216216216,42.01589189189189,41.61548345647286,42.00627027027027,0.0
0.32999999999999985,0.01999999999999985,0.5,400,1.0092972972972973,42.829297297297295,42.43476863753213,42.82,0.0
0.32999999999999985,0.014999999999999847,0.5,400,1.008108108108108,43.45308108108108,43.10359249329759,43.44464864864865,0.0
0.32999999999999985,0.009999999999999842,0.5,400,1.0067027027027027,44.06291891891892,43.76954467353952,44.056108108108106,0.0
0.32999999999999985,0.004999999999999838,0.5,400,1.0060540540540541,44.573297297297295,44.30507199656136,44.56724324324324,0.0
0.32499999999999984,0.2,0.5,400,0.7405405405405405,18.701513513513515,25.253868613138685,18.674594594594595,27.264864864864865
0.32499999999999984,0.195,0.5,400,0.7473513513513513,19.058702702702703,25.501663532475046,18.979675675675676,27.254054054054055
0.32499999999999984,0.19,0.5,400,0.7568648648648648,19.38691891891892,25.614769318668763,19.211783783783783,27.08108108108108
0.32499999999999984,0.185,0.5,400,0.7629189189189189,19.716756756756755,25.843842992773133,19.465513513513514,26.864864864864863
0.32499999999999984,0.18,0.5,400,0.7629189189189189,20.43751351351351,26.78857871616834,20.17275675675676,26.778378378378378
0.32499999999999984,0.175,0.5,400,0.7434594594594595,21.054702702702702,28.319906936164024,20.99827027027027,26.713513513513515
0.32499999999999984,0.16999999999999998,0.5,400,0.7384864864864865,21.362054054054052,28.92680427463036,21.352432432432433,26.864864864864863
0.32499999999999984,0.16499999999999998,0.5,400,0.750054054054054,21.777405405405407,29.034447967714037,21.771135135135136,25.56756756756757
0.32499999999999984,0.15999999999999998,0.5,400,0.7892972972972973,22.64345945945946,28.68812491439529,22.62918918918919,21.98918918918919
0.32499999999999984,0.15499999999999997,0.5,400,0.7914594594594595,22.971891891891893,29.024723398442834,22.961405405405404,21.686486486486487
0.32499999999999984,0.14999999999999997,0.5,400,0.7942702702702703,23.244,29.264597795018375,23.230054054054055,21.56756756756757
0.32499999999999984,0.14499999999999996,0.5,400,0.7932972972972973,23.521945945945944,29.650858544562553,23.50508108108108,21.697297297297297
0.32499999999999984,0.13999999999999996,0.5,400,0.7956756756756757,23.829405405405407,29.948641304347827,23.804324324324323,21.72972972972973
0.32499999999999984,0.13499999999999995,0.5,400,0.794918918918919,24.120648648648647,30.343533251733987,24.100756756756756,21.57837837837838
0.32499999999999984,0.12999999999999995,0.5,400,0.7994594594594595,24.472648648648647,30.611494252873563,24.420972972972972,21.61081081081081
0.32499999999999984,0.12499999999999994,0.5,400,0.8065945945945946,24.928432432432434,30.90577670553545,24.84335135135135,21.135135135135137
0.32499999999999984,0.11999999999999994,0.5,400,0.8194594594594594,25.756756756756758,31.431398416886545,25.687135135135136,19.794594594594596
0.32499999999999984,0.11499999999999994,0.5,400,0.8664864864864865,27.055027027027027,31.223830318153464,27.02054054054054,14.724324324324325
0.32499999999999984,0.10999999999999993,0.5,400,0.8728648648648649,27.43945945945946,31.436091156799602,27.399783783783782,14.367567567567567
0.32499999999999984,0.10499999999999993,0.5,400,0.8761081081081081,27.816108108108107,31.749629812438304,27.77935135135135,13.902702702702703
0.32499999999999984,0.09999999999999992,0.5,400,0.8851891891891892,28.29881081081081,31.96922325354177,28.254594594594593,13.2
0.32499999999999984,0.09499999999999992,0.5,400,0.8925405405405406,28.826486486486488,32.297117248062015,28.781513513513513,12.335135135135134
0.32499999999999984,0.08999999999999991,0.5,400,0.9,29.58518918918919,32.87243243243243,29.541297297297298,11.513513513513514
0.32499999999999984,0.08499999999999991,0.5,400,0.9154594594594595,30.684540540540542,33.51818611242324,30.60518918918919,10.551351351351352
0.32499999999999984,0.0799999999999999,0.5,400,0.9602162162162162,32.17718918918919,33.51035802747129,32.040864864864865,6.962162162162162
0.32499999999999984,0.0749999999999999,0.5,400,0.9767567567567568,33.231027027027025,34.02180409518539,33.07837837837838,4.951351351351351
0.32499999999999984,0.0699999999999999,0.5,400,1.0032432432432432,34.63113513513513,34.519181034482756,34.58281081081081,1.2
0.32499999999999984,0.06499999999999989,0.5,400,1.0114594594594595,35.493405405405404,35.09127832407012,35.463027027027024,0.0972972972972973
0.32499999999999984,0.05999999999999989,0.5,400,1.011027027027027,36.19848648648649,35.803678357570575,36.18140540540541,0.032432432432432434
0.32499999999999984,0.05499999999999988,0.5,400,1.0104864864864864,36.63545945945946,36.255269070289934,36.622054054054054,0.0
0.32499999999999984,0.04999999999999988,0.5,400,1.0105945945945947,37.671351351351355,37.27642276422764,37.6585945945946,0.0
0.32499999999999984,0.04499999999999987,0.5,400,1.0114594594594595,38.72745945945946,38.28869174861052,38.714594594594594,0.0
0.32499999999999984,0.03999999999999987,0.5,400,1.007891891891892,39.5227027027027,39.21323608280596,39.51481081081081,0.0
0.32499999999999984,0.034999999999999865,0.5,400,1.0083243243243243,40.452864864864864,40.11890211214753,40.444432432432436,0.0
0.32499999999999984,0.02999999999999986,0.5,400,1.0076756756756757,41.275891891891895,40.961484819225404,41.268,0.0
0.32499999999999984,0.024999999999999856,0.5,400,1.0085405405405405,41.84291891891892,41.488583985421805,41.834270270270274,0.0
0.32499999999999984,0.01999999999999985,0.5,400,1.0084324324324325,42.6332972972973,42.27680102915952,42.62464864864865,0.0
0.32499999999999984,0.014999999999999847,0.5,400,1.008,43.295675675675675,42.9520592020592,43.28745945945946,0.0
0.32499999999999984,0.009999999999999842,0.5,400,1.0071351351351352,43.86681081081081,43.55603263203091,43.859675675675675,0.0
0.32499999999999984,0.004999999999999838,0.5,400,1.0072432432432432,44.403351351351354,44.084039927015134,44.396,0.0
0.31999999999999984,0.2,0.5,400,0.7374054054054054,18.523891891891893,25.120363583052338,18.506810810810812,27.513513513513512
0.31999999999999984,0.195,0.5,400,0.7381621621621621,18.86562162162162,25.557557117750438,18.840108108108108,27.36216216216216
0.31999999999999984,0.19,0.5,400,0.7486486486486487,19.192864864864866,25.63667870036101,19.09308108108108,27.372972972972974
0.31999999999999984,0.185,0.5,400,0.7548108108108108,19.516864864864864,25.85663133772558,19.35772972972973,26.972972972972972
0.31999999999999984,0.18,0.5,400,0.7698378378378379,20.08237837837838,26.08650470439545,19.775027027027026,26.778378378378378
0.31999999999999984,0.175,0.5,400,0.7494054054054055,20.858162162162163,27.832948643969996,20.749837837837838,26.713513513513515
0.31999999999999984,0.16999999999999998,0.5,400,0.7393513513513513,21.218702702702704,28.699078812691916,21.203891891891892,26.82162162162162
0.31999999999999984,0.16499999999999998,0.5,400,0.7448648648648649,21.556216216216217,28.939767779390422,21.549297297297297,26.205405405405404
0.31999999999999984,0.15999999999999998,0.5,400,0.7775135135135135,22.328432432432432,28.717741935483872,22.320216216216217,23.027027027027028
0.31999999999999984,0.15499999999999997,0.5,400,0.7901621621621622,22.84064864864865,28.906279928854836,22.832324324324325,21.686486486486487
0.31999999999999984,0.14999999999999997,0.5,400,0.7903783783783784,23.12172972972973,29.254000820681167,23.113621621621622,21.71891891891892
0.31999999999999984,0.14499999999999996,0.5,400,0.7918918918918919,23.38410810810811,29.529419795221845,23.371243243243242,21.772972972972973
0.31999999999999984,0.13999999999999996,0.5,400,0.7963243243243243,23.691675675675675,29.75128970947597,23.671243243243243,21.535135135135135
0.31999999999999984,0.13499999999999995,0.5,400,0.794918918918919,24.03427027027027,30.23487012103903,24.012432432432433,21.545945945945945
0.31999999999999984,0.12999999999999995,0.5,400,0.7975135135135135,24.349297297297298,30.53151687677918,24.31491891891892,21.535135135135135
0.31999999999999984,0.12499999999999994,0.5,400,0.8031351351351351,24.756432432432433,30.824740880333827,24.69556756756757,21.32972972972973
0.31999999999999984,0.11999999999999994,0.5,400,0.8114594594594594,25.297945945945948,31.17585931254996,25.248,20.313513513513513
0.31999999999999984,0.11499999999999994,0.5,400,0.8581621621621621,26.696756756756756,31.109221466364325,26.658918918918918,15.751351351351351
0.31999999999999984,0.10999999999999993,0.5,400,0.8716756756756757,27.31427027027027,31.33535904750093,27.276108108108108,14.345945945945946
0.31999999999999984,0.10499999999999993,0.5,400,0.8771891891891892,27.697837837837838,31.575671678580232,27.662594594594594,13.913513513513514
0.31999999999999984,0.09999999999999992,0.5,400,0.8834594594594595,28.158270270270272,31.872736172295642,28.118486486486486,13.340540540540541
0.31999999999999984,0.09499999999999992,0.5,400,0.8869189189189189,28.648432432432433,32.30107264748903,28.60681081081081,12.767567567567568
0.31999999999999984,0.08999999999999991,0.5,400,0.9015135135135135,29.416756756756758,32.630411320302194,29.368216216216215,11.362162162162162
0.31999999999999984,0.08499999999999991,0.5,400,0.9091891891891892,30.161405405405404,33.17395957193817,30.107675675675676,10.897297297297298
0.31999999999999984,0.0799999999999999,0.5,400,0.9494054054054054,31.84227027027027,33.53917103165566,31.715243243243243,7.881081081081081
0.31999999999999984,0.0749999999999999,0.5,400,0.9772972972972973,33.07524324324324,33.84358407079646,32.95308108108108,4.648648648648648
0.31999999999999984,0.0699999999999999,0.5,400,1.0088648648648648,34.522594594594594,34.219245606515216,34.451027027027024,0.8108108108108109
0.31999999999999984,0.06499999999999989,0.5,400,1.0112432432432432,35.31772972972973,34.92505879837503,35.28010810810811,0.23783783783783785
0.31999999999999984,0.05999999999999989,0.5,400,1.010918918918919,36.10324324324324,35.71329269596835,36.08518918918919,0.043243243243243246
0.31999999999999984,0.05499999999999988,0.5,400,1.0108108108108107,36.730378378378376,36.33754010695187,36.716432432432434,0.010810810810810811
0.31999999999999984,0.04999999999999988,0.5,400,1.009189189189189,37.45924324324324,37.118157471880025,37.449513513513516,0.0
0.31999999999999984,0.04499999999999987,0.5,400,1.0095135135135136,38.59956756756757,38.235810666095524,38.59005405405406,0.0
0.31999999999999984,0.03999999999999987,0.5,400,1.0097297297297296,39.32043243243243,38.94154175588865,39.308972972972974,0.0
0.31999999999999984,0.034999999999999865,0.5,400,1.0086486486486486,40.26313513513514,39.917899249732045,40.25416216216216,0.0
0.31999999999999984,0.02999999999999986,0.5,400,1.0092972972972973,41.04172972972973,40.6636675235647,41.032108108108105,0.0
0.31999999999999984,0.024999999999999856,0.5,400,1.007891891891892,41.73816216216216,41.41134827845114,41.73005405405405,0.0
0.31999999999999984,0.01999999999999985,0.5,400,1.009081081081081,42.509945945945944,42.127383758302976,42.50075675675676,0.0
0.31999999999999984,0.014999999999999847,0.5,400,1.0074594594594595,43.16421621621622,42.84461852130057,43.15664864864865,0.0
0.31999999999999984,0.009999999999999842,0.5,400,1.008972972972973,43.751891891891894,43.36279867138112,43.7427027027027,0.0
0.31999999999999984,0.004999999999999838,0.5,400,1.0073513513513515,44.34389189189189,44.020283322601415,44.33643243243243,0.0
0.31499999999999984,0.2,0.5,400,0.7335135135135135,18.31502702702703,24.968901989683125,18.30454054054054,27.62162162162162
0.31499999999999984,0.195,0.5,400,0.7388108108108108,18.691783783783784,25.29982440737489,18.670486486486485,27.35135135135135
0.31499999999999984,0.19,0.5,400,0.7415135135135135,19.0212972972973,25.65199008601837,18.96108108108108,27.513513513513512
0.31499999999999984,0.185,0.5,400,0.7502702702702703,19.347783783783782,25.787752161383285,19.23027027027027,27.2972972972973
0.31499999999999984,0.18,0.5,400,0.7608648648648648,19.681945945945944,25.867860187553283,19.48735135135135,26.78918918918919
0.31499999999999984,0.175,0.5,400,0.7554594594594595,20.57427027027027,27.234115626788782,20.429405405405404,26.616216216216216
0.31499999999999984,0.16999999999999998,0.5,400,0.7404324324324324,21.092,28.486056358592496,21.07837837837838,26.724324324324325
0.31499999999999984,0.16499999999999998,0.5,400,0.7406486486486487,21.36691891891892,28.848927163917676,21.36,26.594594594594593
0.31499999999999984,0.15999999999999998,0.5,400,0.7513513513513513,21.803675675675677,29.019280575539568,21.797945945945948,25.416216216216217
0.31499999999999984,0.15499999999999997,0.5,400,0.7898378378378378,22.699675675675675,28.739666027922254,22.6907027027027,21.84864864864865
0.31499999999999984,0.14999999999999997,0.5,400,0.790918918918919,22.992756756756755,29.070940404592672,22.983135135135136,21.708108108108107
0.31499999999999984,0.14499999999999996,0.5,400,0.7931891891891892,23.268432432432434,29.335286902003542,23.257513513513512,21.675675675675677
0.31499999999999984,0.13999999999999996,0.5,400,0.7974054054054054,23.582702702702704,29.574295010845987,23.563243243243242,21.47027027027027
0.31499999999999984,0.13499999999999995,0.5,400,0.7936216216216216,23.855027027027027,30.058438904781365,23.836972972972973,21.697297297297297
0.31499999999999984,0.12999999999999995,0.5,400,0.7979459459459459,24.196864864864864,30.323939845549383,24.167783783783783,21.535135135135135
0.31499999999999984,0.12499999999999994,0.5,400,0.8014054054054054,24.561621621621622,30.648185619857006,24.503891891891893,21.427027027027027
0.31499999999999984,0.11999999999999994,0.5,400,0.8031351351351351,24.925081081081082,31.034728765648136,24.879243243243245,21.09189189189189
0.31499999999999984,0.11499999999999994,0.5,400,0.8388108108108108,26.036,31.03918030674056,25.99437837837838,17.57837837837838
0.31499999999999984,0.10999999999999993,0.5,400,0.8698378378378379,27.146594594594596,31.208799403430277,27.111243243243244,14.486486486486486
0.31499999999999984,0.10499999999999993,0.5,400,0.8743783783783784,27.55708108108108,31.516196834817013,27.52627027027027,14.032432432432433
0.31499999999999984,0.09999999999999992,0.5,400,0.8816216216216216,27.995135135135136,31.754138565297364,27.960432432432434,13.513513513513514
0.31499999999999984,0.09499999999999992,0.5,400,0.8886486486486487,28.50010810810811,32.07128953771289,28.45935135135135,12.767567567567568
0.31499999999999984,0.08999999999999991,0.5,400,0.9019459459459459,29.17308108108108,32.34460026369411,29.123351351351353,11.394594594594595
0.31499999999999984,0.08499999999999991,0.5,400,0.9050810810810811,29.82291891891892,32.95054945054945,29.790054054054053,10.91891891891892
0.31499999999999984,0.0799999999999999,0.5,400,0.9428108108108109,31.49135135135135,33.40155945419103,31.402162162162163,7.902702702702703
0.31499999999999984,0.0749999999999999,0.5,400,0.9775135135135136,32.96508108108108,33.723401902234016,32.847027027027025,4.897297297297297
0.31499999999999984,0.0699999999999999,0.5,400,1.002918918918919,34.20648648648648,34.10693111997413,34.14454054054054,1.5135135135135136
0.31499999999999984,0.06499999999999989,0.5,400,1.0116756756756757,35.24162162162162,34.83490061979055,35.213297297297295,0.10810810810810811
0.31499999999999984,0.05999999999999989,0.5,400,1.012108108108108,35.962378378378375,35.53215124973296,35.94097297297297,0.021621621621621623
0.31499999999999984,0.05499999999999988,0.5,400,1.0111351351351352,36.44551351351351,36.044156954987706,36.428108108108106,0.0
0.31499999999999984,0.04999999999999988,0.5,400,1.0100540540540541,37.15156756756757,36.781761746762285,37.14010810810811,0.0
0.31499999999999984,0.04499999999999987,0.5,400,1.0112432432432432,38.39037837837838,37.96354500748343,38.37848648648649,0.0
0.31499999999999984,0.03999999999999987,0.5,400,1.0097297297297296,39.170162162162164,38.79271948608137,39.15956756756757,0.0
0.31499999999999984,0.034999999999999865,0.5,400,1.008108108108108,40.15005405405405,39.827131367292225,40.14183783783784,0.0
0.31499999999999984,0.02999999999999986,0.5,400,1.0071351351351352,40.864216216216214,40.57471017604122,40.856972972972976,0.0
0.31499999999999984,0.024999999999999856,0.5,400,1.0082162162162163,41.55524324324324,41.21659875616556,41.54627027027027,0.0
0.31499999999999984,0.01999999999999985,0.5,400,1.007027027027027,42.39556756756757,42.09973161567365,42.38843243243243,0.0
0.31499999999999984,0.014999999999999847,0.5,400,1.007891891891892,42.95935135135135,42.622975437091064,42.951027027027024,0.0
0.31499999999999984,0.009999999999999842,0.5,400,1.0065945945945947,43.60410810810811,43.318440554183226,43.597297297297295,0.0
0.31499999999999984,0.004999999999999838,0.5,400,1.0060540540540541,44.23005405405405,43.963894261766605,44.22378378378379,0.0
0.30999999999999983,0.2,0.5,400,0.7295135135135136,18.088324324324326,24.795050385299348,18.07610810810811,28.075675675675676
0.30999999999999983,0.195,0.5,400,0.7371891891891892,18.51027027027027,25.109253556239917,18.494486486486487,27.491891891891893
0.30999999999999983,0.19,0.5,400,0.7392432432432432,18.855783783783785,25.5068733547821,18.816756756756757,27.372972972972974
0.30999999999999983,0.185,0.5,400,0.7433513513513513,19.158918918918918,25.77370564281559,19.114162162162163,27.264864864864865
0.30999999999999983,0.18,0.5,400,0.754054054054054,19.49654054054054,25.85562724014337,19.331567567567568,27.18918918918919
0.30999999999999983,0.175,0.5,400,0.7602162162162163,20.125945945945947,26.473976109215016,19.926486486486485,26.724324324324325
0.30999999999999983,0.16999999999999998,0.5,400,0.7435675675675676,20.904432432432433,28.11369584181448,20.864,26.65945945945946
0.30999999999999983,0.16499999999999998,0.5,400,0.7382702702702703,21.219567567567566,28.742275589398155,21.21416216216216,26.7027027027027
0.30999999999999983,0.15999999999999998,0.5,400,0.7454054054054055,21.56454054054054,28.92994923857868,21.557189189189188,26.17297297297297
0.30999999999999983,0.15499999999999997,0.5,400,0.7807567567567567,22.39135135135135,28.679036278039323,22.38281081081081,22.65945945945946
0.30999999999999983,0.14999999999999997,0.5,400,0.788,22.85924324324324,29.009191933049802,22.852216216216217,21.84864864864865
0.30999999999999983,0.14499999999999996,0.5,400,0.7913513513513514,23.14789189189189,29.251092896174864,23.137297297297298,21.664864864864864
0.30999999999999983,0.13999999999999996,0.5,400,0.7915675675675675,23.415783783783784,29.581535099699536,23.401405405405406,21.686486486486487
0.30999999999999983,0.13499999999999995,0.5,400,0.7958918918918919,23.76508108108108,29.859684868242326,23.748,21.535135135135135
0.30999999999999983,0.12999999999999995,0.5,400,0.798054054054054,24.01210810810811,30.088322947710648,23.986054054054055,21.654054054054054
0.30999999999999983,0.12499999999999994,0.5,400,0.7970810810810811,24.39189189189189,30.601519056015192,24.364432432432434,21.535135135135135
0.30999999999999983,0.11999999999999994,0.5,400,0.8014054054054054,24.76043243243243,30.8962633211925,24.715783783783785,21.17837837837838
0.30999999999999983,0.11499999999999994,0.5,400,0.8134054054054054,25.393945945945944,31.219298245614034,25.366054054054054,19.85945945945946
0.30999999999999983,0.10999999999999993,0.5,400,0.8650810810810811,26.711783783783783,30.877780554861285,26.67881081081081,14.756756756756756
0.30999999999999983,0.10499999999999993,0.5,400,0.8770810810810811,27.41189189189189,31.253543695303833,27.370054054054055,14.043243243243243
0.30999999999999983,0.09999999999999992,0.5,400,0.8835675675675676,27.874702702702702,31.547901627309432,27.833513513513513,13.502702702702702
0.30999999999999983,0.09499999999999992,0.5,400,0.8861621621621621,28.358162162162163,32.00109796266927,28.32345945945946,12.95135135135135
0.30999999999999983,0.08999999999999991,0.5,400,0.8983783783783784,29.01416216216216,32.29614921780987,28.96918918918919,11.556756756756757
0.30999999999999983,0.08499999999999991,0.5,400,0.9045405405405406,29.650054054054053,32.77913230548584,29.60162162162162,11.243243243243244
0.30999999999999983,0.0799999999999999,0.5,400,0.9429189189189189,30.929189189189188,32.80153634487503,30.882054054054056,7.394594594594595
0.30999999999999983,0.0749999999999999,0.5,400,0.9717837837837838,32.60086486486487,33.54744687951941,32.50875675675675,5.254054054054054
0.30999999999999983,0.0699999999999999,0.5,400,1.001189189189189,33.960432432432434,33.92009502213584,33.90064864864865,1.8162162162162163
0.30999999999999983,0.06499999999999989,0.5,400,1.013189189189189,35.22432432432432,34.76579172001707,35.18745945945946,0.0972972972972973
0.30999999999999983,0.05999999999999989,0.5,400,1.0112432432432432,35.738054054054054,35.340709856745775,35.724,0.032432432432432434
0.30999999999999983,0.05499999999999988,0.5,400,1.0099459459459459,36.256972972972974,35.899914365232284,36.24443243243243,0.0
0.30999999999999983,0.04999999999999988,0.5,400,1.0098378378378379,37.01545945945946,36.65485494058452,37.00497297297297,0.0
0.30999999999999983,0.04499999999999987,0.5,400,1.010918918918919,38.17567567567568,37.76334081916372,38.16454054054054,0.0
0.30999999999999983,0.03999999999999987,0.5,400,1.0096216216216216,39.08302702702703,38.7105685833601,39.07286486486486,0.0
0.30999999999999983,0.034999999999999865,0.5,400,1.0083243243243243,39.84713513513513,39.518173045995496,39.83762162162162,0.0
0.30999999999999983,0.02999999999999986,0.5,400,1.0076756756756757,40.64508108108108,40.3354790258556,40.63708108108108,0.0
0.30999999999999983,0.024999999999999856,0.5,400,1.009189189189189,41.54108108108108,41.16282806641671,41.53156756756757,0.0
0.30999999999999983,0.01999999999999985,0.5,400,1.008,42.140972972972975,41.80652080652081,42.132756756756756,0.0
0.30999999999999983,0.014999999999999847,0.5,400,1.0076756756756757,42.84843243243243,42.52204699066624,42.84054054054054,0.0
0.30999999999999983,0.009999999999999842,0.5,400,1.0083243243243243,43.43772972972973,43.07912512061756,43.42908108108108,0.0
0.30999999999999983,0.004999999999999838,0.5,400,1.0065945945945947,44.07545945945946,43.78670389861454,44.068756756756756,0.0
0.3049999999999998,0.2,0.5,400,0.7273513513513513,17.84454054054054,24.53359096313912,17.825513513513513,28.345945945945946
0.3049999999999998,0.195,0.5,400,0.7326486486486486,18.28237837837838,24.953814372141064,18.27091891891892,27.697297297297297
0.3049999999999998,0.19,0.5,400,0.7372972972972973,18.67016216216216,25.32243401759531,18.654162162162162,27.45945945945946
0.3049999999999998,0.185,0.5,400,0.7383783783783784,18.996648648648648,25.72752562225476,18.970486486486486,27.416216216216217
0.3049999999999998,0.18,0.5,400,0.7472432432432432,19.304216216216215,25.833912037037038,19.246054054054053,27.17837837837838
0.3049999999999998,0.175,0.5,400,0.7595675675675676,19.779891891891893,26.040990606319387,19.572,26.90810810810811
0.3049999999999998,0.16999999999999998,0.5,400,0.7414054054054054,20.74335135135135,27.978419364246136,20.716756756756755,26.724324324324325
0.3049999999999998,0.16499999999999998,0.5,400,0.7380540540540541,21.08616216216216,28.56994287388311,21.077405405405404,26.81081081081081
0.3049999999999998,0.15999999999999998,0.5,400,0.7393513513513513,21.35210810810811,28.87951454891066,21.345297297297297,26.7027027027027
0.3049999999999998,0.15499999999999997,0.5,400,0.7602162162162163,21.930594594594595,28.847838452787258,21.922702702702704,24.735135135135135
0.3049999999999998,0.14999999999999997,0.5,400,0.7918918918918919,22.718702702702704,28.689146757679183,22.709297297297297,21.643243243243244
0.3049999999999998,0.14499999999999996,0.5,400,0.792,23.020108108108108,29.065793065793066,23.01145945945946,21.61081081081081
0.3049999999999998,0.13999999999999996,0.5,400,0.7918918918918919,23.294486486486488,29.416245733788397,23.27945945945946,21.751351351351353
0.3049999999999998,0.13499999999999995,0.5,400,0.7938378378378378,23.58810810810811,29.714013346043853,23.566378378378378,21.6
0.3049999999999998,0.12999999999999995,0.5,400,0.7928648648648648,23.910054054054054,30.156531224434143,23.893621621621623,21.697297297297297
0.3049999999999998,0.12499999999999994,0.5,400,0.7977297297297298,24.227243243243244,30.37023986990107,24.196648648648647,21.643243243243244
0.3049999999999998,0.11999999999999994,0.5,400,0.7993513513513514,24.677945945945947,30.872464160129834,24.646594594594596,21.2972972972973
0.3049999999999998,0.11499999999999994,0.5,400,0.8094054054054054,25.133945945945946,31.05235741952718,25.106594594594593,20.313513513513513
0.3049999999999998,0.10999999999999993,0.5,400,0.853081081081081,26.20281081081081,30.71549866937017,26.176972972972973,15.989189189189188
0.3049999999999998,0.10499999999999993,0.5,400,0.8734054054054055,27.17827027027027,31.117588810496347,27.141189189189188,14.324324324324325
0.3049999999999998,0.09999999999999992,0.5,400,0.880972972972973,27.711027027027026,31.455025156460916,27.67654054054054,13.556756756756757
0.3049999999999998,0.09499999999999992,0.5,400,0.8870270270270271,28.209513513513514,31.802315661182206,28.168972972972973,12.94054054054054
0.3049999999999998,0.08999999999999991,0.5,400,0.8963243243243243,28.823351351351352,32.1572789772042,28.789513513513512,11.610810810810811
0.3049999999999998,0.08499999999999991,0.5,400,0.9035675675675676,29.43827027027027,32.58004307250538,29.392324324324324,11.167567567567568
0.3049999999999998,0.0799999999999999,0.5,400,0.9312432432432433,30.48291891891892,32.73357325284421,30.44864864864865,8.367567567567567
0.3049999999999998,0.0749999999999999,0.5,400,0.964972972972973,32.320324324324325,33.49350212861304,32.24908108108108,5.448648648648649
0.3049999999999998,0.0699999999999999,0.5,400,0.9952432432432432,33.753945945945944,33.91527264827287,33.706162162162165,2.227027027027027
0.3049999999999998,0.06499999999999989,0.5,400,1.011027027027027,34.855243243243244,34.47508554319931,34.823567567567565,0.22702702702702704
0.3049999999999998,0.05999999999999989,0.5,400,1.0101621621621621,35.56443243243243,35.20665667808219,35.54497297297297,0.021621621621621623
0.3049999999999998,0.05499999999999988,0.5,400,1.0098378378378379,36.272,35.918638261428114,36.2572972972973,0.0
0.3049999999999998,0.04999999999999988,0.5,400,1.009189189189189,36.8132972972973,36.478093197643275,36.80216216216216,0.0
0.3049999999999998,0.04499999999999987,0.5,400,1.0100540540540541,37.92637837837838,37.548860109172644,37.91621621621621,0.0
0.3049999999999998,0.03999999999999987,0.5,400,1.008972972972973,38.854594594594595,38.50905389478196,38.844972972972975,0.0
0.3049999999999998,0.034999999999999865,0.5,400,1.008,39.714486486486486,39.39929214929215,39.70637837837838,0.0
0.3049999999999998,0.02999999999999986,0.5,400,1.007891891891892,40.573945945945944,40.25624798884479,40.56594594594595,0.0
0.3049999999999998,0.024999999999999856,0.5,400,1.0082162162162163,41.32756756756757,40.99077846879691,41.319135135135134,0.0
0.3049999999999998,0.01999999999999985,0.5,400,1.0082162162162163,42.02205405405405,41.679605404246196,42.013621621621624,0.0
0.3049999999999998,0.014999999999999847,0.5,400,1.007891891891892,42.7452972972973,42.41059744717366,42.73697297297297,0.0
0.3049999999999998,0.009999999999999842,0.5,400,1.008972972972973,43.33081081081081,42.94546233794064,43.321621621621624,0.0
0.3049999999999998,0.004999999999999838,0.5,400,1.0063783783783784,43.920324324324326,43.64195939413471,43.91394594594595,0.0
0.2999999999999998,0.2,0.5,400,0.7245405405405405,17.58227027027027,24.266786034019695,17.54064864864865,28.778378378378378
0.2999999999999998,0.195,0.5,400,0.7285405405405405,18.047243243243244,24.771776227926992,18.03708108108108,28.075675675675676
0.2999999999999998,0.19,0.5,400,0.7352432432432432,18.476108108108107,25.12924569916189,18.465405405405406,27.45945945945946
0.2999999999999998,0.185,0.5,400,0.7384864864864865,18.839135135135134,25.51046698872786,18.81589189189189,27.437837837837836
0.2999999999999998,0.18,0.5,400,0.7454054054054055,19.160864864864866,25.70529369108049,19.08972972972973,27.372972972972974
0.2999999999999998,0.175,0.5,400,0.7516756756756757,19.493837837837837,25.93384150726305,19.360972972972974,27.048648648648648
0.2999999999999998,0.16999999999999998,0.5,400,0.7435675675675676,20.584108108108108,27.68290200639721,20.535783783783785,26.691891891891892
0.2999999999999998,0.16499999999999998,0.5,400,0.7417297297297297,20.931351351351353,28.219647281737355,20.922162162162163,26.64864864864865
0.2999999999999998,0.15999999999999998,0.5,400,0.7372972972972973,21.226486486486486,28.78958944281525,21.220432432432432,26.82162162162162
0.2999999999999998,0.15499999999999997,0.5,400,0.7414054054054054,21.517945945945947,29.023184601924758,21.511567567567567,26.486486486486488
0.2999999999999998,0.14999999999999997,0.5,400,0.7803243243243243,22.39135135135135,28.694929343308395,22.382918918918918,22.756756756756758
0.2999999999999998,0.14499999999999996,0.5,400,0.7903783783783784,22.88281081081081,28.95171659143756,22.874054054054053,21.772972972972973
0.2999999999999998,0.13999999999999996,0.5,400,0.7916756756756756,23.168108108108108,29.264645637034004,23.158594594594593,21.72972972972973
0.2999999999999998,0.13499999999999995,0.5,400,0.7924324324324324,23.462594594594595,29.60832196452933,23.439891891891893,21.74054054054054
0.2999999999999998,0.12999999999999995,0.5,400,0.7947027027027027,23.79318918918919,29.939736090327848,23.771243243243244,21.772972972972973
0.2999999999999998,0.12499999999999994,0.5,400,0.7975135135135135,24.14345945945946,30.273417378338078,24.11535135135135,21.654054054054054
0.2999999999999998,0.11999999999999994,0.5,400,0.8005405405405406,24.45427027027027,30.547197839297773,24.429405405405404,21.254054054054055
0.2999999999999998,0.11499999999999994,0.5,400,0.8019459459459459,24.880432432432432,31.025074143974116,24.850594594594593,21.027027027027028
0.2999999999999998,0.10999999999999993,0.5,400,0.8321081081081081,25.744324324324324,30.938677406781864,25.713621621621623,18.194594594594594
0.2999999999999998,0.10499999999999993,0.5,400,0.8728648648648649,26.799783783783784,30.703244983898934,26.77091891891892,14.324324324324325
0.2999999999999998,0.09999999999999992,0.5,400,0.8803243243243243,27.56518918918919,31.31253837651971,27.527783783783782,13.535135135135135
0.2999999999999998,0.09499999999999992,0.5,400,0.888,28.07708108108108,31.618334550766985,28.047783783783785,12.91891891891892
0.2999999999999998,0.08999999999999991,0.5,400,0.896,28.642486486486487,31.96706081081081,28.604432432432432,11.891891891891891
0.2999999999999998,0.08499999999999991,0.5,400,0.902054054054054,29.28681081081081,32.4668024928092,29.256,11.18918918918919
0.2999999999999998,0.0799999999999999,0.5,400,0.9292972972972973,30.134162162162163,32.42682643089809,30.092324324324323,8.713513513513513
0.2999999999999998,0.0749999999999999,0.5,400,0.9637837837837838,31.88627027027027,33.08446438586652,31.837297297297297,5.45945945945946
0.2999999999999998,0.0699999999999999,0.5,400,0.9925405405405405,33.43718918918919,33.68848709290927,33.39945945945946,2.3783783783783785
0.2999999999999998,0.06499999999999989,0.5,400,1.0126486486486486,34.69816216216216,34.26475926123626,34.65708108108108,0.22702702702702704
0.2999999999999998,0.05999999999999989,0.5,400,1.0123243243243243,35.413513513513514,34.98237932507475,35.39524324324324,0.021621621621621623
0.2999999999999998,0.05499999999999988,0.5,400,1.0103783783783784,36.14194594594595,35.77070404451102,36.12421621621622,0.0
0.2999999999999998,0.04999999999999988,0.5,400,1.0100540540540541,36.742486486486484,36.37675264904206,36.732216216216216,0.0
0.2999999999999998,0.04499999999999987,0.5,400,1.0097297297297296,37.713297297297295,37.34989293361885,37.701837837837836,0.0
0.2999999999999998,0.03999999999999987,0.5,400,1.0104864864864864,38.73935135135135,38.33732748475447,38.728,0.0
0.2999999999999998,0.034999999999999865,0.5,400,1.0085405405405405,39.532108108108105,39.197341622896346,39.523135135135135,0.0
0.2999999999999998,0.02999999999999986,0.5,400,1.0087567567567568,40.38962162162162,40.03900975243811,40.38064864864865,0.0
0.2999999999999998,0.024999999999999856,0.5,400,1.0087567567567568,41.1172972972973,40.76036866359447,41.10843243243243,0.0
0.2999999999999998,0.01999999999999985,0.5,400,1.0086486486486486,41.98302702702703,41.62304394426581,41.97416216216216,0.0
0.2999999999999998,0.014999999999999847,0.5,400,1.006810810810811,42.52486486486487,42.237195318372166,42.51794594594595,0.0
0.2999999999999998,0.009999999999999842,0.5,400,1.0074594594594595,43.188540540540544,42.86876274278356,43.18108108108108,0.0
0.2999999999999998,0.004999999999999838,0.5,400,1.005081081081081,43.76875675675676,43.547488437130255,43.76367567567568,0.0
0.2949999999999998,0.2,0.5,400,0.7289729729729729,17.238162162162162,23.647189678184784,17.100972972972972,29.113513513513514
0.2949999999999998,0.195,0.5,400,0.7248648648648649,17.80681081081081,24.565697240865028,17.795783783783783,28.443243243243245
0.2949999999999998,0.19,0.5,400,0.733945945945946,18.267027027027027,24.88879069082339,18.256972972972974,27.535135135135135
0.2949999999999998,0.185,0.5,400,0.7361081081081081,18.65664864864865,25.34498457923337,18.64237837837838,27.491891891891893
0.2949999999999998,0.18,0.5,400,0.7387027027027027,18.98345945945946,25.698375530513683,18.954054054054055,27.372972972972974
0.2949999999999998,0.175,0.5,400,0.7470270270270271,19.306918918918917,25.845007235890016,19.230054054054055,27.243243243243242
0.2949999999999998,0.16999999999999998,0.5,400,0.7476756756756757,20.211243243243242,27.0320994794679,20.13243243243243,26.78918918918919
0.2949999999999998,0.16499999999999998,0.5,400,0.7393513513513513,20.807567567567567,28.143003363064775,20.797945945945948,26.7027027027027
0.2949999999999998,0.15999999999999998,0.5,400,0.7387027027027027,21.084864864864866,28.543099663398216,21.078054054054054,26.8
0.2949999999999998,0.15499999999999997,0.5,400,0.7395675675675676,21.35643243243243,28.876918579155095,21.348324324324324,26.724324324324325
0.2949999999999998,0.14999999999999997,0.5,400,0.7603243243243243,21.963351351351353,28.886819280534624,21.95664864864865,24.616216216216216
0.2949999999999998,0.14499999999999996,0.5,400,0.7899459459459459,22.733513513513515,28.778568495962777,22.724756756756758,21.772972972972973
0.2949999999999998,0.13999999999999996,0.5,400,0.791027027027027,23.040432432432432,29.127237939046058,23.02691891891892,21.697297297297297
0.2949999999999998,0.13499999999999995,0.5,400,0.791027027027027,23.33556756756757,29.50034167008337,23.322702702702703,21.654054054054054
0.2949999999999998,0.12999999999999995,0.5,400,0.7934054054054054,23.641189189189188,29.79711132306854,23.628756756756758,21.675675675675677
0.2949999999999998,0.12499999999999994,0.5,400,0.7943783783783783,23.950702702702703,30.15024496461622,23.933621621621622,21.6
0.2949999999999998,0.11999999999999994,0.5,400,0.7967567567567567,24.306162162162163,30.506377204884668,24.281405405405405,21.545945945945945
0.2949999999999998,0.11499999999999994,0.5,400,0.8001081081081081,24.639135135135135,30.794757465207404,24.613945945945947,21.2
0.2949999999999998,0.10999999999999993,0.5,400,0.8191351351351351,25.29210810810811,30.87660023756104,25.264972972972974,19.32972972972973
0.2949999999999998,0.10499999999999993,0.5,400,0.8694054054054055,26.596864864864866,30.592016911216117,26.560864864864865,14.627027027027028
0.2949999999999998,0.09999999999999992,0.5,400,0.8766486486486487,27.152864864864863,30.973486249845852,27.118702702702702,14.043243243243243
0.2949999999999998,0.09499999999999992,0.5,400,0.8845405405405405,27.926378378378377,31.571620630652653,27.890594594594596,13.156756756756756
0.2949999999999998,0.08999999999999991,0.5,400,0.894054054054054,28.466918918918918,31.840266021765416,28.427675675675676,12.118918918918919
0.2949999999999998,0.08499999999999991,0.5,400,0.9017297297297298,29.12637837837838,32.30056348159693,29.08864864864865,11.275675675675675
0.2949999999999998,0.0799999999999999,0.5,400,0.9291891891891891,29.990702702702702,32.2762070971495,29.958378378378377,8.475675675675676
0.2949999999999998,0.0749999999999999,0.5,400,0.9605405405405405,31.524216216216217,32.81924592009004,31.49091891891892,5.318918918918919
0.2949999999999998,0.0699999999999999,0.5,400,0.9862702702702703,33.28497297297297,33.74832840074537,33.256,2.8756756756756756
0.2949999999999998,0.06499999999999989,0.5,400,1.0108108108108107,34.43037837837838,34.062139037433155,34.41113513513513,0.05405405405405406
0.2949999999999998,0.05999999999999989,0.5,400,1.0116756756756757,35.1867027027027,34.780615516135924,35.16691891891892,0.032432432432432434
0.2949999999999998,0.05499999999999988,0.5,400,1.0098378378378379,35.928756756756755,35.57873889305213,35.914702702702705,0.0
0.2949999999999998,0.04999999999999988,0.5,400,1.009189189189189,36.56162162162162,36.22870915907873,36.549837837837835,0.0
0.2949999999999998,0.04499999999999987,0.5,400,1.0086486486486486,37.52227027027027,37.2005359056806,37.513513513513516,0.0
0.2949999999999998,0.03999999999999987,0.5,400,1.0075675675675675,38.509837837837836,38.220600858369096,38.50194594594595,0.0
0.2949999999999998,0.034999999999999865,0.5,400,1.0087567567567568,39.429297297297296,39.08702175543886,39.42,0.0
0.2949999999999998,0.02999999999999986,0.5,400,1.0085405405405405,40.33848648648649,39.99689141387073,40.32918918918919,0.0
0.2949999999999998,0.024999999999999856,0.5,400,1.0075675675675675,41.01124324324324,40.70321888412017,41.003567567567565,0.0
0.2949999999999998,0.01999999999999985,0.5,400,1.008108108108108,41.7452972972973,41.40954423592493,41.73718918918919,0.0
0.2949999999999998,0.014999999999999847,0.5,400,1.007891891891892,42.403891891891895,42.0718652794165,42.39502702702703,0.0
0.2949999999999998,0.009999999999999842,0.5,400,1.0067027027027027,43.06897297297297,42.78221649484536,43.06227027027027,0.0
0.2949999999999998,0.004999999999999838,0.5,400,1.0060540540540541,43.655567567567566,43.39286481839673,43.64951351351351,0.0
0.2899999999999998,0.2,0.5,400,0.7369729729729729,16.746486486486486,22.72333871204342,16.499675675675675,29.36216216216216
0.2899999999999998,0.195,0.5,400,0.7229189189189189,17.565405405405407,24.29789143113504,17.545405405405404,28.7027027027027
0.2899999999999998,0.19,0.5,400,0.7316756756756757,18.0212972972973,24.630171394799053,18.008972972972973,27.9027027027027
0.2899999999999998,0.185,0.5,400,0.7341621621621621,18.459027027027027,25.142983360329847,18.449405405405404,27.481081081081083
0.2899999999999998,0.18,0.5,400,0.7376216216216216,18.828216216216216,25.525575260149495,18.814702702702704,27.383783783783784
0.2899999999999998,0.175,0.5,400,0.7398918918918919,19.151567567567568,25.88427819988311,19.119243243243243,27.47027027027027
0.2899999999999998,0.16999999999999998,0.5,400,0.7497297297297297,19.755783783783784,26.350540735400145,19.661513513513512,27.027027027027028
0.2899999999999998,0.16499999999999998,0.5,400,0.7397837837837837,20.615783783783783,27.867309659506066,20.607567567567568,26.681081081081082
0.2899999999999998,0.15999999999999998,0.5,400,0.7384864864864865,20.94810810810811,28.36627140974967,20.94172972972973,26.756756756756758
0.2899999999999998,0.15499999999999997,0.5,400,0.7387027027027027,21.21945945945946,28.72530367334992,21.212972972972974,26.767567567567568
0.2899999999999998,0.14999999999999997,0.5,400,0.7444324324324324,21.56918918918919,28.974005227998838,21.56281081081081,26.194594594594594
0.2899999999999998,0.14499999999999996,0.5,400,0.7805405405405406,22.420216216216215,28.723961218836564,22.411459459459458,22.616216216216216
0.2899999999999998,0.13999999999999996,0.5,400,0.792972972972973,22.910810810810812,28.89229720518064,22.90043243243243,21.654054054054054
0.2899999999999998,0.13499999999999995,0.5,400,0.7924324324324324,23.204324324324325,29.282401091405184,23.18637837837838,21.56756756756757
0.2899999999999998,0.12999999999999995,0.5,400,0.7926486486486487,23.507675675675674,29.657119476268413,23.496756756756756,21.589189189189188
0.2899999999999998,0.12499999999999994,0.5,400,0.796,23.776216216216216,29.869618362080672,23.759351351351352,21.654054054054054
0.2899999999999998,0.11999999999999994,0.5,400,0.7935135135135135,24.088864864864863,30.357220708446867,24.07545945945946,21.6
0.2899999999999998,0.11499999999999994,0.5,400,0.798918918918919,24.479675675675676,30.641001353179973,24.458054054054053,21.35135135135135
0.2899999999999998,0.10999999999999993,0.5,400,0.8071351351351351,24.998486486486488,30.971872488615055,24.976,20.464864864864865
0.2899999999999998,0.10499999999999993,0.5,400,0.8589189189189189,26.252756756756757,30.564883574575205,26.222486486486485,15.545945945945945
0.2899999999999998,0.09999999999999992,0.5,400,0.8772972972972973,26.87491891891892,30.633764633394946,26.84508108108108,14.021621621621621
0.2899999999999998,0.09499999999999992,0.5,400,0.8841081081081081,27.727351351351352,31.361946686231352,27.687783783783782,13.31891891891892
0.2899999999999998,0.08999999999999991,0.5,400,0.8936216216216216,28.312756756756755,31.6831599322526,28.275027027027026,12.183783783783785
0.2899999999999998,0.08499999999999991,0.5,400,0.9003243243243243,28.94854054054054,32.153458213256485,28.915135135135134,11.297297297297296
0.2899999999999998,0.0799999999999999,0.5,400,0.9212972972972973,29.799783783783784,32.34545881248533,29.755243243243243,9.308108108108108
0.2899999999999998,0.0749999999999999,0.5,400,0.9641081081081081,31.28302702702703,32.4476339986544,31.251675675675674,5.124324324324324
0.2899999999999998,0.0699999999999999,0.5,400,0.9848648648648649,32.97318918918919,33.47991218441273,32.949513513513516,3.1783783783783783
0.2899999999999998,0.06499999999999989,0.5,400,1.0101621621621621,34.31945945945946,33.974208047945204,34.29913513513514,0.2594594594594595
0.2899999999999998,0.05999999999999989,0.5,400,1.0102702702702702,35.00508108108108,34.64922418405565,34.992216216216214,0.0
0.2899999999999998,0.05499999999999988,0.5,400,1.012972972972973,35.79405405405405,35.33564567769477,35.77124324324324,0.0
0.2899999999999998,0.04999999999999988,0.5,400,1.0099459459459459,36.499027027027026,36.13958467137658,36.48810810810811,0.0
0.2899999999999998,0.04499999999999987,0.5,400,1.008,37.27448648648649,36.97865722865723,37.26616216216216,0.0
0.2899999999999998,0.03999999999999987,0.5,400,1.0088648648648648,38.3,37.9634590655808,38.29091891891892,0.0
0.2899999999999998,0.034999999999999865,0.5,400,1.0087567567567568,39.252540540540544,38.911799378416035,39.24324324324324,0.0
0.2899999999999998,0.02999999999999986,0.5,400,1.0086486486486486,40.12118918918919,39.77717041800643,40.11232432432433,0.0
0.2899999999999998,0.024999999999999856,0.5,400,1.0074594594594595,40.78075675675676,40.47880673892048,40.77318918918919,0.0
0.2899999999999998,0.01999999999999985,0.5,400,1.0072432432432432,41.620756756756755,41.321455404100035,41.6132972972973,0.0
0.2899999999999998,0.014999999999999847,0.5,400,1.0061621621621621,42.27372972972973,42.01482754915655,42.267135135135135,0.0
0.2899999999999998,0.009999999999999842,0.5,400,1.0063783783783784,42.87005405405405,42.5983456869696,42.863567567567564,0.0
0.2899999999999998,0.004999999999999838,0.5,400,1.006810810810811,43.52086486486486,43.22645763985826,43.51405405405406,0.0
0.2849999999999998,0.2,0.5,400,0.7236756756756757,16.174702702702703,22.35076187630714,15.933081081081081,30.767567567567568
0.2849999999999998,0.195,0.5,400,0.723027027027027,17.237837837837837,23.841208133971293,17.163027027027027,29.17837837837838
0.2849999999999998,0.19,0.5,400,0.7249729729729729,17.76,24.497464956755145,17.74972972972973,28.486486486486488
0.2849999999999998,0.185,0.5,400,0.7344864864864865,18.245081081081082,24.840594642331467,18.23372972972973,27.57837837837838
0.2849999999999998,0.18,0.5,400,0.7347027027027027,18.63881081081081,25.369187757504413,18.626918918918918,27.416216216216217
0.2849999999999998,0.175,0.5,400,0.7392432432432432,18.967135135135134,25.657502193623866,18.94108108108108,27.44864864864865
0.2849999999999998,0.16999999999999998,0.5,400,0.7463783783783784,19.4892972972973,26.111819235225955,19.43027027027027,27.21081081081081
0.2849999999999998,0.16499999999999998,0.5,400,0.7432432432432432,20.36216216216216,27.396363636363635,20.330594594594594,26.691891891891892
0.2849999999999998,0.15999999999999998,0.5,400,0.7381621621621621,20.791351351351352,28.166373755125953,20.78518918918919,26.78918918918919
0.2849999999999998,0.15499999999999997,0.5,400,0.7402162162162162,21.082810810810813,28.48196290346137,21.074594594594593,26.767567567567568
0.2849999999999998,0.14999999999999997,0.5,400,0.7382702702702703,21.364,28.937911846536828,21.358054054054055,26.756756756756758
0.2849999999999998,0.14499999999999996,0.5,400,0.7623783783783784,21.986162162162163,28.83891094724901,21.97372972972973,24.497297297297298
0.2849999999999998,0.13999999999999996,0.5,400,0.7905945945945946,22.754054054054055,28.78093805551757,22.746594594594594,21.664864864864864
0.2849999999999998,0.13499999999999995,0.5,400,0.7938378378378378,23.06454054054054,29.0544736483726,23.051135135135134,21.6
0.2849999999999998,0.12999999999999995,0.5,400,0.7941621621621622,23.376432432432434,29.43533895997822,23.364216216216217,21.502702702702702
0.2849999999999998,0.12499999999999994,0.5,400,0.792,23.714378378378377,29.942396942396943,23.698810810810812,21.697297297297297
0.2849999999999998,0.11999999999999994,0.5,400,0.7961081081081081,23.99881081081081,30.14516567083107,23.979891891891892,21.556756756756755
0.2849999999999998,0.11499999999999994,0.5,400,0.7996756756756757,24.341513513513515,30.43923212113019,24.31945945945946,21.416216216216217
0.2849999999999998,0.10999999999999993,0.5,400,0.8028108108108108,24.777837837837836,30.86385671963372,24.75545945945946,20.94054054054054
0.2849999999999998,0.10499999999999993,0.5,400,0.8371891891891892,25.669297297297298,30.661286157024794,25.641297297297296,17.74054054054054
0.2849999999999998,0.09999999999999992,0.5,400,0.8710270270270271,26.616324324324324,30.55740350006206,26.588,14.324324324324325
0.2849999999999998,0.09499999999999992,0.5,400,0.8828108108108108,27.404756756756758,31.04261572373255,27.359783783783783,13.405405405405405
0.2849999999999998,0.08999999999999991,0.5,400,0.890918918918919,28.132756756756756,31.577235772357724,28.090594594594595,12.486486486486486
0.2849999999999998,0.08499999999999991,0.5,400,0.9036756756756756,28.80735135135135,31.877975834429957,28.771783783783786,11.178378378378378
0.2849999999999998,0.0799999999999999,0.5,400,0.9144864864864864,29.50118918918919,32.25984158884029,29.470054054054053,10.075675675675676
0.2849999999999998,0.0749999999999999,0.5,400,0.9568648648648649,31.10324324324324,32.505366625240086,31.071567567567566,5.751351351351351
0.2849999999999998,0.0699999999999999,0.5,400,0.9878918918918919,32.86010810810811,33.26285839352156,32.83535135135135,2.7675675675675677
0.2849999999999998,0.06499999999999989,0.5,400,1.013081081081081,34.16875675675676,33.72756376053783,34.14908108108108,0.05405405405405406
0.2849999999999998,0.05999999999999989,0.5,400,1.011027027027027,34.96951351351351,34.58810949529512,34.95416216216216,0.021621621621621623
0.2849999999999998,0.05499999999999988,0.5,400,1.0111351351351352,35.72767567567568,35.334224313054634,35.71362162162162,0.0
0.2849999999999998,0.04999999999999988,0.5,400,1.0088648648648648,36.31535135135135,35.99624946420917,36.30335135135135,0.0
0.2849999999999998,0.04499999999999987,0.5,400,1.009081081081081,37.15762162162162,36.8232269123634,37.14648648648649,0.0
0.2849999999999998,0.03999999999999987,0.5,400,1.0094054054054054,38.17362162162162,37.8179286708793,38.162594594594594,0.0
0.2849999999999998,0.034999999999999865,0.5,400,1.0083243243243243,39.11545945945946,38.79253779350273,39.10702702702703,0.0
0.2849999999999998,0.02999999999999986,0.5,400,1.007027027027027,39.94291891891892,39.6641975308642,39.93589189189189,0.0
0.2849999999999998,0.024999999999999856,0.5,400,1.008108108108108,40.64691891891892,40.32,40.6387027027027,0.0
0.2849999999999998,0.01999999999999985,0.5,400,1.0075675675675675,41.43232432432433,41.12113733905579,41.42464864864865,0.0
0.2849999999999998,0.014999999999999847,0.5,400,1.0064864864864864,42.071243243243245,41.8001074113856,42.064324324324325,0.0
0.2849999999999998,0.009999999999999842,0.5,400,1.006810810810811,42.73956756756757,42.450445613658324,42.73254054054054,0.0
0.2849999999999998,0.004999999999999838,0.5,400,1.0073513513513515,43.342486486486486,43.0261858767976,43.33513513513513,0.0
0.2799999999999998,0.2,0.5,400,0.7063783783783784,15.493513513513513,21.93373125191307,15.253297297297298,32.605405405405406
0.2799999999999998,0.195,0.5,400,0.7203243243243244,16.809405405405407,23.335884736605134,16.70108108108108,29.675675675675677
0.2799999999999998,0.19,0.5,400,0.7215135135135136,17.512216216216217,24.271501348516633,17.503027027027027,28.713513513513515
0.2799999999999998,0.185,0.5,400,0.7291891891891892,17.98443243243243,24.66360266864344,17.974486486486487,28.021621621621623
0.2799999999999998,0.18,0.5,400,0.7362162162162162,18.43243243243243,25.036710719530102,18.420756756756756,27.427027027027027
0.2799999999999998,0.175,0.5,400,0.7382702702702703,18.8,25.46492897935276,18.784108108108107,27.416216216216217
0.2799999999999998,0.16999999999999998,0.5,400,0.7416216216216216,19.173513513513512,25.853498542274053,19.12681081081081,27.372972972972974
0.2799999999999998,0.16499999999999998,0.5,400,0.7428108108108108,20.051135135135134,26.993596274195895,20.012324324324325,27.048648648648648
0.2799999999999998,0.15999999999999998,0.5,400,0.7384864864864865,20.63243243243243,27.938808373590984,20.623567567567566,26.8
0.2799999999999998,0.15499999999999997,0.5,400,0.7391351351351352,20.932864864864865,28.32075471698113,20.925513513513515,26.81081081081081
0.2799999999999998,0.14999999999999997,0.5,400,0.7385945945945946,21.215783783783785,28.72453161592506,21.20983783783784,26.713513513513515
0.2799999999999998,0.14499999999999996,0.5,400,0.7485405405405405,21.62443243243243,28.888792605430385,21.616756756756757,25.84864864864865
0.2799999999999998,0.13999999999999996,0.5,400,0.7787027027027027,22.402162162162163,28.768568651950577,22.39416216216216,22.875675675675677
0.2799999999999998,0.13499999999999995,0.5,400,0.7891891891891892,22.92897297297297,29.053835616438356,22.920216216216215,21.783783783783782
0.2799999999999998,0.12999999999999995,0.5,400,0.7934054054054054,23.22410810810811,29.271426624880775,23.2132972972973,21.535135135135135
0.2799999999999998,0.12499999999999994,0.5,400,0.7924324324324324,23.547783783783785,29.71582537517053,23.534486486486486,21.654054054054054
0.2799999999999998,0.11999999999999994,0.5,400,0.7937297297297298,23.86464864864865,30.066466902751294,23.85081081081081,21.61081081081081
0.2799999999999998,0.11499999999999994,0.5,400,0.7974054054054054,24.28108108108108,30.45010845986985,24.256324324324325,21.481081081081083
0.2799999999999998,0.10999999999999993,0.5,400,0.8029189189189189,24.58183783783784,30.61559175979534,24.55708108108108,21.07027027027027
0.2799999999999998,0.10499999999999993,0.5,400,0.8167567567567567,25.297945945945948,30.973659827928525,25.271135135135136,19.513513513513512
0.2799999999999998,0.09999999999999992,0.5,400,0.8663783783783784,26.360324324324324,30.425879710506614,26.331027027027027,14.767567567567568
0.2799999999999998,0.09499999999999992,0.5,400,0.8810810810810811,27.084972972972974,30.740613496932514,27.047351351351352,13.545945945945945
0.2799999999999998,0.08999999999999991,0.5,400,0.8887567567567568,27.911675675675674,31.40530349105948,27.87827027027027,12.68108108108108
0.2799999999999998,0.08499999999999991,0.5,400,0.904,28.65135135135135,31.693972733795743,28.619243243243243,11.18918918918919
0.2799999999999998,0.0799999999999999,0.5,400,0.9136216216216216,29.340864864864866,32.11489764524908,29.311135135135135,10.108108108108109
0.2799999999999998,0.0749999999999999,0.5,400,0.9620540540540541,30.812864864864864,32.02820541633891,30.76962162162162,5.437837837837838
0.2799999999999998,0.0699999999999999,0.5,400,0.9877837837837837,32.73891891891892,33.143810878844256,32.71102702702703,2.691891891891892
0.2799999999999998,0.06499999999999989,0.5,400,1.0105945945945947,33.97156756756757,33.615425759520754,33.95383783783784,0.11891891891891893
0.2799999999999998,0.05999999999999989,0.5,400,1.0100540540540541,34.66789189189189,34.322808519747404,34.65632432432432,0.010810810810810811
0.2799999999999998,0.05499999999999988,0.5,400,1.0104864864864864,35.412,35.04450625869263,35.401405405405406,0.0
0.2799999999999998,0.04999999999999988,0.5,400,1.0094054054054054,36.15945945945946,35.82253400449823,36.147351351351354,0.0
0.2799999999999998,0.04499999999999987,0.5,400,1.0104864864864864,36.97351351351352,36.58981491387611,36.96205405405406,0.0
0.2799999999999998,0.03999999999999987,0.5,400,1.0073513513513515,37.790594594594594,37.51481004507405,37.78324324324324,0.0
0.2799999999999998,0.034999999999999865,0.5,400,1.0085405405405405,38.968,38.638010504877265,38.95924324324324,0.0
0.2799999999999998,0.02999999999999986,0.5,400,1.0085405405405405,39.79772972972973,39.460713902883484,39.788756756756754,0.0
0.2799999999999998,0.024999999999999856,0.5,400,1.0072432432432432,40.5772972972973,40.2854996243426,40.56983783783784,0.0
0.2799999999999998,0.01999999999999985,0.5,400,1.006918918918919,41.310702702702706,41.026841314150744,41.30356756756757,0.0
0.2799999999999998,0.014999999999999847,0.5,400,1.0083243243243243,41.91394594594595,41.5679210893106,41.905297297297295,0.0
0.2799999999999998,0.009999999999999842,0.5,400,1.0055135135135136,42.60140540540541,42.36780991291259,42.59567567567568,0.0
0.2799999999999998,0.004999999999999838,0.5,400,1.0073513513513515,43.201297297297295,42.886027044430136,43.19394594594595,0.0
0.2749999999999998,0.2,0.5,400,0.6921081081081081,15.031243243243244,21.718056857232114,14.868972972972973,33.34054054054054
0.2749999999999998,0.195,0.5,400,0.7082162162162162,16.130486486486486,22.77621737139368,15.93372972972973,31.772972972972973
0.2749999999999998,0.19,0.5,400,0.716972972972973,17.202918918918918,23.99381785283474,17.166810810810812,29.2
0.2749999999999998,0.185,0.5,400,0.723027027027027,17.723135135135134,24.51241028708134,17.71427027027027,28.497297297297298
0.2749999999999998,0.18,0.5,400,0.735027027027027,18.226486486486486,24.797028974849244,18.216432432432434,27.427027027027027
0.2749999999999998,0.175,0.5,400,0.7349189189189189,18.611027027027028,25.323918799646954,18.599351351351352,27.545945945945945
0.2749999999999998,0.16999999999999998,0.5,400,0.7402162162162162,18.968,25.624945231488244,18.927675675675676,27.491891891891893
0.2749999999999998,0.16499999999999998,0.5,400,0.742054054054054,19.703891891891892,26.553175990675992,19.66854054054054,27.254054054054055
0.2749999999999998,0.15999999999999998,0.5,400,0.7388108108108108,20.438702702702702,27.664325431665205,20.429945945945946,26.897297297297296
0.2749999999999998,0.15499999999999997,0.5,400,0.7394594594594595,20.784756756756757,28.108040935672516,20.777729729729728,26.745945945945945
0.2749999999999998,0.14999999999999997,0.5,400,0.7394594594594595,21.079675675675677,28.50687134502924,21.072864864864865,26.691891891891892
0.2749999999999998,0.14499999999999996,0.5,400,0.7384864864864865,21.363891891891893,28.92929292929293,21.35708108108108,26.778378378378378
0.2749999999999998,0.13999999999999996,0.5,400,0.7677837837837838,22.05945945945946,28.73134328358209,22.050594594594596,23.935135135135134
0.2749999999999998,0.13499999999999995,0.5,400,0.7912432432432432,22.77589189189189,28.78494329826479,22.764972972972974,21.675675675675677
0.2749999999999998,0.12999999999999995,0.5,400,0.7934054054054054,23.100216216216218,29.115274560566835,23.087027027027027,21.57837837837838
0.2749999999999998,0.12499999999999994,0.5,400,0.7932972972972973,23.410810810810812,29.51076587626056,23.396,21.589189189189188
0.2749999999999998,0.11999999999999994,0.5,400,0.792108108108108,23.737297297297296,29.9672444383786,23.721621621621622,21.751351351351353
0.2749999999999998,0.11499999999999994,0.5,400,0.7947027027027027,24.06908108108108,30.286899741531766,24.052432432432433,21.545945945945945
0.2749999999999998,0.10999999999999993,0.5,400,0.7994594594594595,24.44237837837838,30.573630831643,24.418378378378378,21.2972972972973
0.2749999999999998,0.10499999999999993,0.5,400,0.8103783783783783,24.875027027027027,30.695570971184633,24.856756756756756,20.064864864864866
0.2749999999999998,0.09999999999999992,0.5,400,0.8555675675675676,26.024432432432434,30.417740712661107,25.99437837837838,15.956756756756757
0.2749999999999998,0.09499999999999992,0.5,400,0.8787027027027027,26.85772972972973,30.565206692913385,26.83210810810811,13.578378378378378
0.2749999999999998,0.08999999999999991,0.5,400,0.8902702702702703,27.593513513513514,30.994535519125684,27.556756756756755,12.605405405405405
0.2749999999999998,0.08499999999999991,0.5,400,0.9025945945945946,28.518162162162163,31.595759971254044,28.485621621621622,11.32972972972973
0.2749999999999998,0.0799999999999999,0.5,400,0.9075675675675675,29.133513513513513,32.10065515187612,29.098594594594594,10.562162162162162
0.2749999999999998,0.0749999999999999,0.5,400,0.9604324324324325,30.648216216216216,31.910850968032417,30.612324324324323,5.578378378378378
0.2749999999999998,0.0699999999999999,0.5,400,0.9818378378378378,32.225405405405404,32.82151508478309,32.20032432432433,3.362162162162162
0.2749999999999998,0.06499999999999989,0.5,400,1.013081081081081,33.86302702702703,33.42578166684452,33.84605405405405,0.021621621621621623
0.2749999999999998,0.05999999999999989,0.5,400,1.0096216216216216,34.614486486486484,34.28461291358818,34.60291891891892,0.0
0.2749999999999998,0.05499999999999988,0.5,400,1.0095135135135136,35.271675675675674,34.93928035982009,35.26032432432432,0.0
0.2749999999999998,0.04999999999999988,0.5,400,1.0103783783783784,35.975027027027025,35.60549967900706,35.96281081081081,0.0
0.2749999999999998,0.04499999999999987,0.5,400,1.0107027027027027,36.821513513513516,36.431596962241954,36.80681081081081,0.0
0.2749999999999998,0.03999999999999987,0.5,400,1.0075675675675675,37.60832432432432,37.32585836909871,37.599783783783785,0.0
0.2749999999999998,0.034999999999999865,0.5,400,1.0084324324324325,38.76162162162162,38.4375,38.75308108108108,0.0
0.2749999999999998,0.02999999999999986,0.5,400,1.007027027027027,39.55881081081081,39.282769726247984,39.551675675675675,0.0
0.2749999999999998,0.024999999999999856,0.5,400,1.008,40.353405405405404,40.033140283140284,40.34464864864865,0.0
0.2749999999999998,0.01999999999999985,0.5,400,1.009081081081081,41.05535135135135,40.68587958003,41.045945945945945,0.0
0.2749999999999998,0.014999999999999847,0.5,400,1.0076756756756757,41.77654054054054,41.45831992275507,41.76886486486487,0.0
0.2749999999999998,0.009999999999999842,0.5,400,1.0060540540540541,42.435135135135134,42.179776488287125,42.42864864864865,0.0
0.2749999999999998,0.004999999999999838,0.5,400,1.0062702702702702,43.03318918918919,42.76504082509669,43.02681081081081,0.0
0.2699999999999998,0.2,0.5,400,0.6789189189189189,14.663783783783783,21.598726114649683,14.602486486486486,33.71891891891892
0.2699999999999998,0.195,0.5,400,0.6948108108108109,15.482810810810811,22.28349152014937,15.31427027027027,33.037837837837834
0.2699999999999998,0.19,0.5,400,0.7044324324324325,16.760324324324323,23.7926642111725,16.72345945945946,30.475675675675674
0.2699999999999998,0.185,0.5,400,0.7196756756756757,17.457621621621623,24.257623554153522,17.449513513513512,28.81081081081081
0.2699999999999998,0.18,0.5,400,0.7304864864864865,17.949405405405404,24.57185141334912,17.938054054054053,28.0
0.2699999999999998,0.175,0.5,400,0.7382702702702703,18.41535135135135,24.943915653829258,18.40335135135135,27.243243243243242
0.2699999999999998,0.16999999999999998,0.5,400,0.7387027027027027,18.77816216216216,25.420459534611446,18.76054054054054,27.34054054054054
0.2699999999999998,0.16499999999999998,0.5,400,0.7435675675675676,19.391567567567566,26.079092759523117,19.343243243243244,27.264864864864865
0.2699999999999998,0.15999999999999998,0.5,400,0.7380540540540541,20.232756756756757,27.4136516771642,20.22172972972973,27.167567567567566
0.2699999999999998,0.15499999999999997,0.5,400,0.7391351351351352,20.607567567567568,27.880649407634927,20.599135135135135,26.767567567567568
0.2699999999999998,0.14999999999999997,0.5,400,0.7372972972972973,20.91816216216216,28.37140762463343,20.912756756756757,26.81081081081081
0.2699999999999998,0.14499999999999996,0.5,400,0.7384864864864865,21.210486486486488,28.721563460693897,21.204324324324325,26.745945945945945
0.2699999999999998,0.13999999999999996,0.5,400,0.7461621621621621,21.623243243243245,28.9792813677195,21.61243243243243,26.054054054054053
0.2699999999999998,0.13499999999999995,0.5,400,0.7838918918918919,22.47945945945946,28.676734243552612,22.470486486486486,22.42162162162162
0.2699999999999998,0.12999999999999995,0.5,400,0.7904864864864865,22.950486486486486,29.033369803063458,22.942486486486487,21.686486486486487
0.2699999999999998,0.12499999999999994,0.5,400,0.792972972972973,23.25762162162162,29.32965235173824,23.24681081081081,21.654054054054054
0.2699999999999998,0.11999999999999994,0.5,400,0.7915675675675675,23.65545945945946,29.884321223709367,23.6387027027027,21.664864864864864
0.2699999999999998,0.11499999999999994,0.5,400,0.7939459459459459,23.940972972972972,30.154411764705884,23.92,21.686486486486487
0.2699999999999998,0.10999999999999993,0.5,400,0.7968648648648649,24.277837837837836,30.466693800027134,24.255783783783784,21.47027027027027
0.2699999999999998,0.10499999999999993,0.5,400,0.8071351351351351,24.713081081081082,30.618269488347174,24.68681081081081,20.713513513513515
0.2699999999999998,0.09999999999999992,0.5,400,0.8353513513513513,25.503351351351352,30.530089297269317,25.479891891891892,17.935135135135134
0.2699999999999998,0.09499999999999992,0.5,400,0.8770810810810811,26.66572972972973,30.40281030444965,26.638486486486485,13.664864864864866
0.2699999999999998,0.08999999999999991,0.5,400,0.8854054054054054,27.255675675675676,30.783272283272282,27.228648648648647,12.864864864864865
0.2699999999999998,0.08499999999999991,0.5,400,0.9004324324324324,28.29318918918919,31.42177932524913,28.25654054054054,11.416216216216217
0.2699999999999998,0.0799999999999999,0.5,400,0.9063783783783784,28.973945945945946,31.966722328244273,28.94962162162162,10.724324324324325
0.2699999999999998,0.0749999999999999,0.5,400,0.9574054054054054,30.38064864864865,31.732271906052393,30.348108108108107,5.870270270270271
0.2699999999999998,0.0699999999999999,0.5,400,0.9837837837837838,32.08940540540541,32.61835164835165,32.06454054054054,3.2
0.2699999999999998,0.06499999999999989,0.5,400,1.011027027027027,33.59956756756757,33.23310521813516,33.58172972972973,0.33513513513513515
0.2699999999999998,0.05999999999999989,0.5,400,1.0098378378378379,34.4732972972973,34.13745851621882,34.46248648648648,0.0
0.2699999999999998,0.05499999999999988,0.5,400,1.0101621621621621,35.07081081081081,34.71800085616438,35.06064864864865,0.0
0.2699999999999998,0.04999999999999988,0.5,400,1.0094054054054054,35.876864864864864,35.542572560779696,35.867135135135136,0.0
0.2699999999999998,0.04499999999999987,0.5,400,1.0098378378378379,36.574486486486485,36.21817792527567,36.56281081081081,0.0
0.2699999999999998,0.03999999999999987,0.5,400,1.008,37.39491891891892,37.09813384813385,37.386918918918916,0.0
0.2699999999999998,0.034999999999999865,0.5,400,1.0083243243243243,38.48454054054054,38.166827490082554,38.476216216216216,0.0
0.2699999999999998,0.02999999999999986,0.5,400,1.008,39.47578378378378,39.162483912483914,39.46756756756757,0.0
0.2699999999999998,0.024999999999999856,0.5,400,1.0075675675675675,40.1692972972973,39.8675965665236,40.16162162162162,0.0
0.2699999999999998,0.01999999999999985,0.5,400,1.0072432432432432,40.902594594594596,40.608457658044436,40.89502702702703,0.0
0.2699999999999998,0.014999999999999847,0.5,400,1.0058378378378379,41.62908108108108,41.387467755803954,41.623243243243245,0.0
0.2699999999999998,0.009999999999999842,0.5,400,1.007027027027027,42.258162162162165,41.96328502415459,42.25102702702703,0.0
0.2699999999999998,0.004999999999999838,0.5,400,1.0067027027027027,42.88259459459459,42.59707903780069,42.87578378378378,0.0
0.2649999999999998,0.2,0.5,400,0.6765405405405406,14.282162162162162,21.110578459571748,14.233405405405405,33.83783783783784
0.2649999999999998,0.195,0.5,400,0.6851891891891891,14.986378378378378,21.871883875039444,14.887675675675675,33.41621621621621
0.2649999999999998,0.19,0.5,400,0.6890810810810811,16.03427027027027,23.26906181361782,15.924648648648649,32.68108108108108
0.2649999999999998,0.185,0.5,400,0.7141621621621622,17.142486486486487,24.00363306085377,17.133513513513513,29.35135135135135
0.2649999999999998,0.18,0.5,400,0.725081081081081,17.67135135135135,24.371552109736097,17.66172972972973,28.38918918918919
0.2649999999999998,0.175,0.5,400,0.7344864864864865,18.191135135135134,24.7671474830733,18.181405405405407,27.437837837837836
0.2649999999999998,0.16999999999999998,0.5,400,0.7378378378378379,18.602486486486487,25.21216117216117,18.588540540540542,27.372972972972974
0.2649999999999998,0.16499999999999998,0.5,400,0.7380540540540541,19.164216216216218,25.965870807089498,19.139783783783784,27.481081081081083
0.2649999999999998,0.15999999999999998,0.5,400,0.7397837837837837,19.987135135135134,27.017536168347217,19.97427027027027,27.09189189189189
0.2649999999999998,0.15499999999999997,0.5,400,0.7393513513513513,20.42335135135135,27.62333674513818,20.414918918918918,26.843243243243244
0.2649999999999998,0.14999999999999997,0.5,400,0.7365405405405405,20.768432432432434,28.197269925143107,20.762810810810812,26.897297297297296
0.2649999999999998,0.14499999999999996,0.5,400,0.7384864864864865,21.064324324324325,28.523642219294395,21.057405405405405,26.778378378378378
0.2649999999999998,0.13999999999999996,0.5,400,0.7417297297297297,21.42627027027027,28.88689695379682,21.419027027027028,26.313513513513513
0.2649999999999998,0.13499999999999995,0.5,400,0.7638918918918919,22.03827027027027,28.849985847721484,22.03081081081081,24.28108108108108
0.2649999999999998,0.12999999999999995,0.5,400,0.7922162162162162,22.798378378378377,28.777974890829693,22.790378378378378,21.545945945945945
0.2649999999999998,0.12499999999999994,0.5,400,0.7941621621621622,23.14854054054054,29.14838007078682,23.134594594594596,21.524324324324326
0.2649999999999998,0.11999999999999994,0.5,400,0.7913513513513514,23.430162162162162,29.6077868852459,23.420648648648648,21.654054054054054
0.2649999999999998,0.11499999999999994,0.5,400,0.7944864864864865,23.77189189189189,29.921077697645938,23.755675675675676,21.491891891891893
0.2649999999999998,0.10999999999999993,0.5,400,0.7974054054054054,24.124756756756756,30.254067245119305,24.105945945945948,21.36216216216216
0.2649999999999998,0.10499999999999993,0.5,400,0.8042162162162162,24.50972972972973,30.476542546041134,24.481945945945945,21.037837837837838
0.2649999999999998,0.09999999999999992,0.5,400,0.8219459459459459,25.136972972972973,30.582270156517165,25.113945945945947,19.264864864864865
0.2649999999999998,0.09499999999999992,0.5,400,0.8755675675675676,26.337405405405406,30.08038029386344,26.312864864864864,14.043243243243243
0.2649999999999998,0.08999999999999991,0.5,400,0.8865945945945946,27.14,30.611510791366907,27.09945945945946,12.983783783783784
0.2649999999999998,0.08499999999999991,0.5,400,0.8984864864864864,28.00162162162162,31.165323065816388,27.973297297297297,11.513513513513514
0.2649999999999998,0.0799999999999999,0.5,400,0.9072432432432432,28.76043243243243,31.700905624404193,28.736432432432434,10.64864864864865
0.2649999999999998,0.0749999999999999,0.5,400,0.9484324324324325,29.98854054054054,31.619058474866065,29.959243243243243,6.8432432432432435
0.2649999999999998,0.0699999999999999,0.5,400,0.9788108108108108,31.74962162162162,32.43693395184449,31.724972972972974,3.708108108108108
0.2649999999999998,0.06499999999999989,0.5,400,1.0058378378378379,33.44854054054054,33.25440670679278,33.4334054054054,0.572972972972973
0.2649999999999998,0.05999999999999989,0.5,400,1.0097297297297296,34.22248648648649,33.89271948608137,34.21232432432432,0.0
0.2649999999999998,0.05499999999999988,0.5,400,1.0092972972972973,34.903891891891895,34.58236932305056,34.89427027027027,0.0
0.2649999999999998,0.04999999999999988,0.5,400,1.0087567567567568,35.65459459459459,35.345086271567894,35.64464864864865,0.0
0.2649999999999998,0.04499999999999987,0.5,400,1.009081081081081,36.33794594594595,36.01092779087208,36.32735135135135,0.0
0.2649999999999998,0.03999999999999987,0.5,400,1.008108108108108,37.22,36.92064343163539,37.21167567567568,0.0
0.2649999999999998,0.034999999999999865,0.5,400,1.0087567567567568,38.23394594594595,37.902046940306505,38.22508108108108,0.0
0.2649999999999998,0.02999999999999986,0.5,400,1.007027027027027,39.29394594594594,39.019753086419755,39.28691891891892,0.0
0.2649999999999998,0.024999999999999856,0.5,400,1.0071351351351352,39.99751351351351,39.71414770287677,39.990162162162164,0.0
0.2649999999999998,0.01999999999999985,0.5,400,1.007027027027027,40.763783783783786,40.47933440687064,40.75643243243243,0.0
0.2649999999999998,0.014999999999999847,0.5,400,1.0083243243243243,41.42,41.078052964511635,41.411675675675674,0.0
0.2649999999999998,0.009999999999999842,0.5,400,1.0072432432432432,42.103027027027025,41.80025759364602,42.09567567567568,0.0
0.2649999999999998,0.004999999999999838,0.5,400,1.0045405405405405,42.728432432432434,42.535299182092125,42.72389189189189,0.0
0.2599999999999998,0.2,0.5,400,0.668,13.805621621621622,20.667098235960513,13.787243243243243,34.1945945945946
0.2599999999999998,0.195,0.5,400,0.6807567567567567,14.569513513513513,21.40193743052247,14.497945945945945,33.77297297297297
0.2599999999999998,0.19,0.5,400,0.6838918918918919,15.569513513513513,22.76604489408789,15.45427027027027,33.41621621621621
0.2599999999999998,0.185,0.5,400,0.6917837837837838,16.619243243243243,24.023753711517426,16.60972972972973,31.383783783783784
0.2599999999999998,0.18,0.5,400,0.7192432432432433,17.396540540540542,24.187283932060726,17.388648648648648,28.832432432432434
0.2599999999999998,0.175,0.5,400,0.729945945945946,17.907351351351352,24.532434834123222,17.897945945945946,27.87027027027027
0.2599999999999998,0.16999999999999998,0.5,400,0.7362162162162162,18.387027027027028,24.97503671071953,18.37481081081081,27.44864864864865
0.2599999999999998,0.16499999999999998,0.5,400,0.7380540540540541,18.889297297297297,25.59337922952981,18.873945945945945,27.372972972972974
0.2599999999999998,0.15999999999999998,0.5,400,0.7388108108108108,19.670594594594593,26.62467076382792,19.65297297297297,27.21081081081081
0.2599999999999998,0.15499999999999997,0.5,400,0.7362162162162162,20.24454054054054,27.498091042584434,20.23535135135135,27.2
0.2599999999999998,0.14999999999999997,0.5,400,0.7408648648648649,20.592108108108107,27.794688457609805,20.582486486486488,26.78918918918919
0.2599999999999998,0.14499999999999996,0.5,400,0.7392432432432432,20.911459459459458,28.287657209710442,20.904432432432433,26.756756756756758
0.2599999999999998,0.13999999999999996,0.5,400,0.7393513513513513,21.220756756756757,28.701856996636934,21.210918918918917,26.78918918918919
0.2599999999999998,0.13499999999999995,0.5,400,0.746054054054054,21.610594594594595,28.966526590349226,21.60108108108108,26.043243243243243
0.2599999999999998,0.12999999999999995,0.5,400,0.7851891891891892,22.536864864864864,28.702464546330717,22.52691891891892,22.248648648648647
0.2599999999999998,0.12499999999999994,0.5,400,0.7927567567567567,22.980324324324325,28.987863084685667,22.97254054054054,21.47027027027027
0.2599999999999998,0.11999999999999994,0.5,400,0.7899459459459459,23.30681081081081,29.50431093472013,23.29816216216216,21.751351351351353
0.2599999999999998,0.11499999999999994,0.5,400,0.7936216216216216,23.664756756756756,29.818689551832176,23.65027027027027,21.589189189189188
0.2599999999999998,0.10999999999999993,0.5,400,0.7966486486486486,24.007243243243245,30.135296512416883,23.990054054054053,21.405405405405407
0.2599999999999998,0.10499999999999993,0.5,400,0.8003243243243243,24.36335135135135,30.441847899500203,24.342486486486486,21.09189189189189
0.2599999999999998,0.09999999999999992,0.5,400,0.8143783783783783,24.856972972972972,30.522633744855966,24.83264864864865,19.935135135135134
0.2599999999999998,0.09499999999999992,0.5,400,0.863027027027027,26.006810810810812,30.134410622572968,25.979027027027026,15.286486486486487
0.2599999999999998,0.08999999999999991,0.5,400,0.8848648648648648,26.955675675675675,30.463042150274894,26.918702702702703,13.005405405405405
0.2599999999999998,0.08499999999999991,0.5,400,0.8943783783783784,27.675027027027028,30.943309561223256,27.64745945945946,11.902702702702703
0.2599999999999998,0.0799999999999999,0.5,400,0.9092972972972972,28.614486486486488,31.468790869099987,28.58183783783784,10.724324324324325
0.2599999999999998,0.0749999999999999,0.5,400,0.9460540540540541,29.794162162162163,31.493086504399496,29.758486486486486,6.864864864864865
0.2599999999999998,0.0699999999999999,0.5,400,0.9748108108108108,31.504864864864864,32.3189530886104,31.479891891891892,3.924324324324324
0.2599999999999998,0.06499999999999989,0.5,400,1.0073513513513515,33.185297297297296,32.94312084138227,33.1692972972973,0.5513513513513514
0.2599999999999998,0.05999999999999989,0.5,400,1.0104864864864864,34.19308108108108,33.8382368674441,34.18194594594595,0.0
0.2599999999999998,0.05499999999999988,0.5,400,1.0084324324324325,34.74086486486487,34.45036449399657,34.732324324324324,0.0
0.2599999999999998,0.04999999999999988,0.5,400,1.009081081081081,35.50702702702703,35.18748660809942,35.49772972972973,0.0
0.2599999999999998,0.04499999999999987,0.5,400,1.0077837837837837,36.21405405405405,35.93434885217764,36.206162162162165,0.0
0.2599999999999998,0.03999999999999987,0.5,400,1.0094054054054054,37.08637837837838,36.740816107957585,37.07535135135135,0.0
0.2599999999999998,0.034999999999999865,0.5,400,1.008108108108108,37.90432432432432,37.59946380697051,37.896,0.0
0.2599999999999998,0.02999999999999986,0.5,400,1.007891891891892,39.1305945945946,38.82419821945726,39.1227027027027,0.0
0.2599999999999998,0.024999999999999856,0.5,400,1.0072432432432432,39.85167567567568,39.56509606096383,39.84421621621622,0.0
0.2599999999999998,0.01999999999999985,0.5,400,1.0065945945945947,40.59135135135135,40.325421544409835,40.58454054054054,0.0
0.2599999999999998,0.014999999999999847,0.5,400,1.0063783783783784,41.29254054054054,41.030830379202925,41.28594594594595,0.0
0.2599999999999998,0.009999999999999842,0.5,400,1.0060540540540541,41.962378378378375,41.70986460348163,41.95621621621622,0.0
0.2599999999999998,0.004999999999999838,0.5,400,1.006810810810811,42.56356756756757,42.275636207451946,42.55664864864865,0.0
0.2549999999999998,0.2,0.5,400,0.5368648648648648,9.615135135135136,17.909786548530004,9.604864864864865,46.90810810810811
0.2549999999999998,0.195,0.5,400,0.6731891891891892,14.133405405405405,20.99470049783202,14.097945945945947,33.924324324324324
0.2549999999999998,0.19,0.5,400,0.6810810810810811,15.06627027027027,22.121111111111112,14.967675675675675,33.65405405405406
0.2549999999999998,0.185,0.5,400,0.6794594594594595,16.063567567567567,23.641686555290374,16.022378378378377,33.016216216216215
0.2549999999999998,0.18,0.5,400,0.7043243243243243,16.963027027027028,24.08411358403684,16.955567567567567,30.16216216216216
0.2549999999999998,0.175,0.5,400,0.7244324324324324,17.63145945945946,24.338307715266378,17.623027027027028,28.37837837837838
0.2549999999999998,0.16999999999999998,0.5,400,0.7347027027027027,18.15427027027027,24.709682165979988,18.14508108108108,27.383783783783784
0.2549999999999998,0.16499999999999998,0.5,400,0.7364324324324324,18.641189189189188,25.31283029947152,18.627567567567567,27.32972972972973
0.2549999999999998,0.15999999999999998,0.5,400,0.7362162162162162,19.454486486486488,26.42496328928047,19.436432432432433,27.318918918918918
0.2549999999999998,0.15499999999999997,0.5,400,0.736,20.06281081081081,27.259253819036427,20.053513513513515,27.2
0.2549999999999998,0.14999999999999997,0.5,400,0.7375135135135135,20.39881081081081,27.658897683963648,20.39027027027027,27.027027027027028
0.2549999999999998,0.14499999999999996,0.5,400,0.7380540540540541,20.744216216216216,28.10663541819247,20.737945945945945,26.8
0.2549999999999998,0.13999999999999996,0.5,400,0.7363243243243244,21.051675675675675,28.590221700190867,21.044864864864866,27.048648648648648
0.2549999999999998,0.13499999999999995,0.5,400,0.743027027027027,21.416,28.822639313254765,21.408756756756755,26.37837837837838
0.2549999999999998,0.12999999999999995,0.5,400,0.7619459459459459,22.01945945945946,28.898978433598185,22.012,24.475675675675674
0.2549999999999998,0.12499999999999994,0.5,400,0.7901621621621622,22.8292972972973,28.891914078533315,22.82010810810811,21.654054054054054
0.2549999999999998,0.11999999999999994,0.5,400,0.7939459459459459,23.162594594594594,29.17401960784314,23.152216216216218,21.427027027027027
0.2549999999999998,0.11499999999999994,0.5,400,0.7918918918918919,23.469837837837837,29.63767918088737,23.461297297297296,21.643243243243244
0.2549999999999998,0.10999999999999993,0.5,400,0.7954594594594595,23.854486486486486,29.988312041315574,23.835027027027028,21.524324324324326
0.2549999999999998,0.10499999999999993,0.5,400,0.7987027027027027,24.193513513513512,30.29101245262588,24.171243243243243,21.318918918918918
0.2549999999999998,0.09999999999999992,0.5,400,0.8114594594594594,24.577837837837837,30.288435917932322,24.553081081081082,20.37837837837838
0.2549999999999998,0.09499999999999992,0.5,400,0.8345945945945946,25.43718918918919,30.478497409326426,25.411675675675674,17.87027027027027
0.2549999999999998,0.08999999999999991,0.5,400,0.8863783783783784,26.737945945945945,30.165386022685695,26.709621621621622,12.95135135135135
0.2549999999999998,0.08499999999999991,0.5,400,0.8932972972972973,27.40627027027027,30.679898342006535,27.37718918918919,11.945945945945946
0.2549999999999998,0.0799999999999999,0.5,400,0.9044324324324324,28.420972972972972,31.424097537652404,28.391027027027025,10.886486486486486
0.2549999999999998,0.0749999999999999,0.5,400,0.9404324324324325,29.548108108108107,31.419703414185538,29.510486486486485,7.697297297297298
0.2549999999999998,0.0699999999999999,0.5,400,0.973945945945946,31.300432432432434,32.13775113775114,31.27718918918919,3.9891891891891893
0.2549999999999998,0.06499999999999989,0.5,400,1.0061621621621621,33.026378378378375,32.82411088428065,33.01524324324324,0.4756756756756757
0.2549999999999998,0.05999999999999989,0.5,400,1.0096216216216216,33.863459459459456,33.54074312024842,33.85308108108108,0.010810810810810811
0.2549999999999998,0.05499999999999988,0.5,400,1.0084324324324325,34.603027027027025,34.31367924528302,34.593513513513514,0.0
0.2549999999999998,0.04999999999999988,0.5,400,1.0083243243243243,35.38681081081081,35.094671384153536,35.37848648648649,0.0
0.2549999999999998,0.04499999999999987,0.5,400,1.0085405405405405,36.03881081081081,35.733626326508734,36.02994594594595,0.0
0.2549999999999998,0.03999999999999987,0.5,400,1.008,36.85502702702703,36.56252681252681,36.84681081081081,0.0
0.2549999999999998,0.034999999999999865,0.5,400,1.007027027027027,37.729621621621625,37.466344605475044,37.72162162162162,0.0
0.2549999999999998,0.02999999999999986,0.5,400,1.0097297297297296,38.9227027027027,38.54764453961456,38.91254054054054,0.0
0.2549999999999998,0.024999999999999856,0.5,400,1.0086486486486486,39.66616216216216,39.326045016077174,39.657405405405406,0.0
0.2549999999999998,0.01999999999999985,0.5,400,1.0073513513513515,40.44172972972973,40.146597982399655,40.434378378378376,0.0
0.2549999999999998,0.014999999999999847,0.5,400,1.0073513513513515,41.13772972972973,40.83751878085426,41.13037837837838,0.0
0.2549999999999998,0.009999999999999842,0.5,400,1.006810810810811,41.813405405405405,41.53054869537206,41.806486486486484,0.0
0.2549999999999998,0.004999999999999838,0.5,400,1.0054054054054054,42.37956756756757,42.151720430107524,42.37394594594595,0.0
0.24999999999999978,0.2,0.5,400,0.3956756756756757,5.922810810810811,14.968852459016393,5.915675675675676,60.76756756756757
0.24999999999999978,0.195,0.5,400,0.6188108108108108,12.653405405405405,20.44793850454228,12.640864864864865,39.05945945945946
0.24999999999999978,0.19,0.5,400,0.6778378378378378,14.435243243243244,21.296012759170655,14.375891891891891,33.82702702702703
0.24999999999999978,0.185,0.5,400,0.676,15.632324324324324,23.124740124740125,15.571783783783784,33.61081081081081
0.24999999999999978,0.18,0.5,400,0.680972972972973,16.429405405405404,24.126369264962694,16.42172972972973,32.52972972972973
0.24999999999999978,0.175,0.5,400,0.7147027027027028,17.25664864864865,24.145212524580245,17.249189189189188,29.254054054054055
0.24999999999999978,0.16999999999999998,0.5,400,0.7303783783783784,17.85481081081081,24.445973949082298,17.845513513513513,27.84864864864865
0.24999999999999978,0.16499999999999998,0.5,400,0.7377297297297297,18.367243243243244,24.89698124267292,18.35372972972973,27.286486486486485
0.24999999999999978,0.15999999999999998,0.5,400,0.7398918918918919,19.018594594594596,25.704558737580363,19.00118918918919,27.2972972972973
0.24999999999999978,0.15499999999999997,0.5,400,0.7343783783783784,19.868972972972973,27.055498307080818,19.860864864864865,27.286486486486485
0.24999999999999978,0.14999999999999997,0.5,400,0.7381621621621621,20.220432432432432,27.392940831868774,20.21189189189189,27.005405405405405
0.24999999999999978,0.14499999999999996,0.5,400,0.7388108108108108,20.568864864864864,27.840503365525315,20.55945945945946,26.843243243243244
0.24999999999999978,0.13999999999999996,0.5,400,0.7398918918918919,20.912324324324324,28.264026884862652,20.9052972972973,26.65945945945946
0.24999999999999978,0.13499999999999995,0.5,400,0.7415135135135135,21.213729729729728,28.60868931331098,21.201621621621623,26.64864864864865
0.24999999999999978,0.12999999999999995,0.5,400,0.7484324324324324,21.65210810810811,28.929943666040735,21.64627027027027,25.71891891891892
0.24999999999999978,0.12499999999999994,0.5,400,0.7913513513513514,22.637297297297298,28.60587431693989,22.622486486486487,21.72972972972973
0.24999999999999978,0.11999999999999994,0.5,400,0.792972972972973,23.001945945945945,29.007225630538514,22.992432432432434,21.535135135135135
0.24999999999999978,0.11499999999999994,0.5,400,0.7934054054054054,23.352756756756758,29.433574056410954,23.34064864864865,21.545945945945945
0.24999999999999978,0.10999999999999993,0.5,400,0.7955675675675675,23.670378378378377,29.752819676586494,23.656864864864865,21.545945945945945
0.24999999999999978,0.10499999999999993,0.5,400,0.7966486486486486,24.079243243243244,30.22567512552585,24.060756756756756,21.405405405405407
0.24999999999999978,0.09999999999999992,0.5,400,0.8028108108108108,24.412864864864865,30.409237813089145,24.392864864864865,20.92972972972973
0.24999999999999978,0.09499999999999992,0.5,400,0.8187027027027027,25.003243243243244,30.540076587877987,24.983675675675677,19.394594594594594
0.24999999999999978,0.08999999999999991,0.5,400,0.8832432432432432,26.49556756756757,29.998041615667074,26.465297297297298,13.35135135135135
0.24999999999999978,0.08499999999999991,0.5,400,0.894054054054054,27.156216216216215,30.37424425634825,27.13156756756757,12.097297297297297
0.24999999999999978,0.0799999999999999,0.5,400,0.9035675675675676,28.123027027027028,31.124431682220628,28.095243243243242,11.102702702702702
0.24999999999999978,0.0749999999999999,0.5,400,0.9397837837837838,29.375027027027027,31.257218451627747,29.352864864864866,7.448648648648649
0.24999999999999978,0.0699999999999999,0.5,400,0.9726486486486486,31.19718918918919,32.07446926753362,31.174486486486487,4.367567567567567
0.24999999999999978,0.06499999999999989,0.5,400,1.0035675675675675,32.814702702702704,32.69805019928902,32.802594594594595,0.6486486486486487
0.24999999999999978,0.05999999999999989,0.5,400,1.0108108108108107,33.636432432432436,33.27668449197861,33.62410810810811,0.0
0.24999999999999978,0.05499999999999988,0.5,400,1.0098378378378379,34.422378378378376,34.08703564928808,34.41178378378378,0.0
0.24999999999999978,0.04999999999999988,0.5,400,1.009081081081081,35.13427027027027,34.81808442254125,35.12464864864865,0.0
0.24999999999999978,0.04499999999999987,0.5,400,1.0076756756756757,35.85978378378378,35.58663233558631,35.852,0.0
0.24999999999999978,0.03999999999999987,0.5,400,1.0071351351351352,36.69762162162162,36.437634177758696,36.69027027027027,0.0
0.24999999999999978,0.034999999999999865,0.5,400,1.0084324324324325,37.64108108108108,37.32632933104631,37.63232432432432,0.0
0.24999999999999978,0.02999999999999986,0.5,400,1.0073513513513515,38.695567567567565,38.41317879373256,38.68821621621622,0.0
0.24999999999999978,0.024999999999999856,0.5,400,1.0084324324324325,39.538378378378376,39.2077615780446,39.52994594594595,0.0
0.24999999999999978,0.01999999999999985,0.5,400,1.0064864864864864,40.24054054054054,39.9812030075188,40.234054054054056,0.0
0.24999999999999978,0.014999999999999847,0.5,400,1.0063783783783784,40.97027027027027,40.71060264260393,40.96389189189189,0.0
0.24999999999999978,0.009999999999999842,0.5,400,1.0065945945945947,41.60789189189189,41.33530233057674,41.6012972972973,0.0
0.24999999999999978,0.004999999999999838,0.5,400,1.006918918918919,42.275243243243246,41.984754133562376,42.268,0.0
0.24499999999999977,0.2,0.5,400,0.3612972972972973,5.1534054054054055,14.26361460203471,5.149297297297298,64.24864864864865
0.24499999999999977,0.195,0.5,400,0.42583783783783785,6.831243243243243,16.041888804265042,6.824648648648648,57.81621621621622
0.24499999999999977,0.19,0.5,400,0.662054054054054,13.82054054054054,20.875244937949052,13.797945945945946,34.962162162162166
0.24499999999999977,0.185,0.5,400,0.6753513513513514,15.115891891891891,22.38226348647351,15.058486486486487,33.81621621621622
0.24499999999999977,0.18,0.5,400,0.6727567567567567,16.06281081081081,23.87610477261771,16.046486486486486,33.372972972972974
0.24499999999999977,0.175,0.5,400,0.6911351351351351,16.73091891891892,24.20788362271234,16.725081081081083,31.437837837837836
0.24499999999999977,0.16999999999999998,0.5,400,0.7235675675675676,17.563891891891892,24.274017630360078,17.556,28.43243243243243
0.24499999999999977,0.16499999999999998,0.5,400,0.733945945945946,18.126594594594593,24.697451760200323,18.116,27.481081081081083
0.24499999999999977,0.15999999999999998,0.5,400,0.7380540540540541,18.72681081081081,25.37322396367365,18.70854054054054,27.36216216216216
0.24499999999999977,0.15499999999999997,0.5,400,0.7365405405405405,19.605405405405406,26.618229854689563,19.5947027027027,27.232432432432432
0.24499999999999977,0.14999999999999997,0.5,400,0.7374054054054054,20.046486486486486,27.185163465767484,20.03708108108108,27.113513513513514
0.24499999999999977,0.14499999999999996,0.5,400,0.735027027027027,20.377405405405405,27.72334166789234,20.36908108108108,27.21081081081081
0.24499999999999977,0.13999999999999996,0.5,400,0.7377297297297297,20.732216216216216,28.10272567409144,20.72518918918919,26.90810810810811
0.24499999999999977,0.13499999999999995,0.5,400,0.7393513513513513,21.052756756756757,28.474630793975727,21.04562162162162,26.767567567567568
0.24499999999999977,0.12999999999999995,0.5,400,0.7423783783783784,21.41318918918919,28.844036697247706,21.406594594594594,26.38918918918919
0.24499999999999977,0.12499999999999994,0.5,400,0.7684324324324324,22.11816216216216,28.783483398987055,22.11156756756757,23.794594594594596
0.24499999999999977,0.11999999999999994,0.5,400,0.792972972972973,22.86789189189189,28.83817314246762,22.856216216216215,21.545945945945945
0.24499999999999977,0.11499999999999994,0.5,400,0.7894054054054054,23.19135135135135,29.378252533552452,23.182378378378377,21.816216216216215
0.24499999999999977,0.10999999999999993,0.5,400,0.796,23.535351351351352,29.567024310742905,23.523243243243243,21.35135135135135
0.24499999999999977,0.10499999999999993,0.5,400,0.7976216216216216,23.902054054054055,29.966657630794252,23.88562162162162,21.32972972972973
0.24499999999999977,0.09999999999999992,0.5,400,0.8007567567567567,24.231459459459458,30.260699338463617,24.215027027027027,21.027027027027028
0.24499999999999977,0.09499999999999992,0.5,400,0.8105945945945946,24.694594594594594,30.464790610829553,24.67556756756757,20.237837837837837
0.24499999999999977,0.08999999999999991,0.5,400,0.8685405405405405,26.00281081081081,29.93851132686084,25.97772972972973,14.78918918918919
0.24499999999999977,0.08499999999999991,0.5,400,0.8927567567567568,26.98345945945946,30.224872850569145,26.954486486486488,12.194594594594594
0.24499999999999977,0.0799999999999999,0.5,400,0.9046486486486487,27.72172972972973,30.64364244741874,27.698486486486487,11.08108108108108
0.24499999999999977,0.0749999999999999,0.5,400,0.9307027027027027,29.028972972972973,31.19038215820653,28.99837837837838,8.518918918918919
0.24499999999999977,0.0699999999999999,0.5,400,0.968,30.851567567567567,31.871454098726826,30.8292972972973,4.713513513513513
0.24499999999999977,0.06499999999999989,0.5,400,1.0042162162162163,32.612,32.47507804930563,32.59805405405405,0.7891891891891892
0.24499999999999977,0.05999999999999989,0.5,400,1.009081081081081,33.5665945945946,33.26451682022713,33.557405405405405,0.0
0.24499999999999977,0.05499999999999988,0.5,400,1.0082162162162163,34.251783783783786,33.972657087711774,34.24324324324324,0.0
0.24499999999999977,0.04999999999999988,0.5,400,1.0102702702702702,35.05318918918919,34.69684323167469,35.04227027027027,0.0
0.24499999999999977,0.04499999999999987,0.5,400,1.0092972972972973,35.667567567567566,35.33901028277635,35.658054054054055,0.0
0.24499999999999977,0.03999999999999987,0.5,400,1.0062702702702702,36.535135135135135,36.307477438762355,36.528864864864865,0.0
0.24499999999999977,0.034999999999999865,0.5,400,1.0076756756756757,37.34464864864865,37.06018667524944,37.33654054054054,0.0
0.24499999999999977,0.02999999999999986,0.5,400,1.0083243243243243,38.47967567567567,38.16200278760588,38.471135135135135,0.0
0.24499999999999977,0.024999999999999856,0.5,400,1.006810810810811,39.36443243243243,39.098142381617095,39.35762162162162,0.0
0.24499999999999977,0.01999999999999985,0.5,400,1.0062702702702702,40.078270270270274,39.82853459389772,40.072,0.0
0.24499999999999977,0.014999999999999847,0.5,400,1.006918918918919,40.73318918918919,40.45329611337771,40.72616216216216,0.0
0.24499999999999977,0.009999999999999842,0.5,400,1.0057297297297296,41.43362162162162,41.197570676125984,41.42789189189189,0.0
0.24499999999999977,0.004999999999999838,0.5,400,1.0067027027027027,42.136540540540544,41.855992268041234,42.12972972972973,0.0
0.23999999999999977,0.2,0.5,400,0.3244324324324324,4.389945945945946,13.531156281239587,4.38745945945946,67.80540540540541
0.23999999999999977,0.195,0.5,400,0.3629189189189189,5.356108108108108,14.758415251712838,5.350486486486487,64.04324324324324
0.23999999999999977,0.19,0.5,400,0.48302702702702704,9.102054054054054,18.843777976723366,9.094162162162162,52.3027027027027
0.23999999999999977,0.185,0.5,400,0.6714594594594595,14.425297297297297,21.483497021413623,14.389189189189189,34.075675675675676
0.23999999999999977,0.18,0.5,400,0.6717837837837838,15.683243243243243,23.345671065336337,15.658378378378378,33.64324324324324
0.23999999999999977,0.175,0.5,400,0.6741621621621622,16.292972972972972,24.167735728030788,16.288324324324325,33.037837837837834
0.23999999999999977,0.16999999999999998,0.5,400,0.7027027027027027,17.043567567567568,24.25430769230769,17.035891891891893,30.454054054054055
0.23999999999999977,0.16499999999999998,0.5,400,0.7296216216216216,17.827783783783783,24.434286560971994,17.819891891891892,27.794594594594596
0.23999999999999977,0.15999999999999998,0.5,400,0.7364324324324324,18.418486486486486,25.01042278332355,18.40335135135135,27.394594594594594
0.23999999999999977,0.15499999999999997,0.5,400,0.7363243243243244,19.268324324324325,26.168257230949934,19.252756756756757,27.35135135135135
0.23999999999999977,0.14999999999999997,0.5,400,0.7349189189189189,19.849945945945947,27.009708737864077,19.842054054054053,27.232432432432432
0.23999999999999977,0.14499999999999996,0.5,400,0.7370810810810811,20.19610810810811,27.400117336462305,20.187567567567566,27.135135135135137
0.23999999999999977,0.13999999999999996,0.5,400,0.7375135135135135,20.550162162162163,27.86411609498681,20.543243243243243,26.91891891891892
0.23999999999999977,0.13499999999999995,0.5,400,0.7374054054054054,20.898162162162162,28.34012608121976,20.892216216216216,26.82162162162162
0.23999999999999977,0.12999999999999995,0.5,400,0.7380540540540541,21.212864864864866,28.741614178995167,21.206162162162162,26.843243243243244
0.23999999999999977,0.12499999999999994,0.5,400,0.7535135135135135,21.716216216216218,28.819942611190818,21.708972972972973,25.318918918918918
0.23999999999999977,0.11999999999999994,0.5,400,0.790918918918919,22.677621621621622,28.67249863313286,22.667783783783783,21.643243243243244
0.23999999999999977,0.11499999999999994,0.5,400,0.7908108108108108,23.034594594594594,29.127819548872182,23.024324324324326,21.72972972972973
0.23999999999999977,0.10999999999999993,0.5,400,0.7936216216216216,23.387891891891893,29.46982699904645,23.375675675675677,21.6
0.23999999999999977,0.10499999999999993,0.5,400,0.796972972972973,23.723891891891892,29.767498643516006,23.70908108108108,21.383783783783784
0.23999999999999977,0.09999999999999992,0.5,400,0.7997837837837838,24.09956756756757,30.132603406326034,24.082486486486488,21.18918918918919
0.23999999999999977,0.09499999999999992,0.5,400,0.8098378378378378,24.520972972972974,30.278867974903218,24.49935135135135,20.475675675675674
0.23999999999999977,0.08999999999999991,0.5,400,0.8505945945945946,25.638918918918918,30.1423487544484,25.611675675675677,16.37837837837838
0.23999999999999977,0.08499999999999991,0.5,400,0.8905945945945946,26.730486486486488,30.014202476329206,26.703891891891892,12.518918918918919
0.23999999999999977,0.0799999999999999,0.5,400,0.9044324324324324,27.568648648648647,30.481711690174517,27.541297297297298,11.016216216216216
0.23999999999999977,0.0749999999999999,0.5,400,0.9265945945945946,28.776756756756757,31.056469490141172,28.755783783783784,8.756756756756756
0.23999999999999977,0.0699999999999999,0.5,400,0.9694054054054054,30.664216216216218,31.63198394111743,30.64237837837838,4.367567567567567
0.23999999999999977,0.06499999999999989,0.5,400,1.0031351351351352,32.433297297297294,32.331932320293134,32.422378378378376,0.7243243243243244
0.23999999999999977,0.05999999999999989,0.5,400,1.0101621621621621,33.305081081081084,32.970034246575345,33.291135135135136,0.0
0.23999999999999977,0.05499999999999988,0.5,400,1.0077837837837837,34.169513513513515,33.905599656726025,34.161297297297295,0.0
0.23999999999999977,0.04999999999999988,0.5,400,1.0111351351351352,34.86702702702703,34.48305356570084,34.85545945945946,0.0
0.23999999999999977,0.04499999999999987,0.5,400,1.0103783783783784,35.48983783783784,35.12529424352664,35.479243243243246,0.0
0.23999999999999977,0.03999999999999987,0.5,400,1.0083243243243243,36.301945945945945,36.00225152782245,36.29351351351352,0.0
0.23999999999999977,0.034999999999999865,0.5,400,1.0074594594594595,37.1867027027027,36.911363880244664,37.17891891891892,0.0
0.23999999999999977,0.02999999999999986,0.5,400,1.007027027027027,38.297513513513515,38.03027375201288,38.29037837837838,0.0
0.23999999999999977,0.024999999999999856,0.5,400,1.006810810810811,39.21935135135135,38.954042735960485,39.21243243243243,0.0
0.23999999999999977,0.01999999999999985,0.5,400,1.0059459459459459,39.907243243243244,39.671359484148304,39.90118918918919,0.0
0.23999999999999977,0.014999999999999847,0.5,400,1.0084324324324325,40.61524324324324,40.2756217838765,40.60648648648649,0.0
0.23999999999999977,0.009999999999999842,0.5,400,1.0060540540540541,41.27416216216216,41.025789813023856,41.268,0.0
0.23999999999999977,0.004999999999999838,0.5,400,1.007027027027027,41.91686486486486,41.624369296833066,41.909621621621625,0.0
0.23499999999999976,0.2,0.5,400,0.2505945945945946,3.3002162162162163,13.169542709232097,3.298054054054054,75.15675675675676
0.23499999999999976,0.195,0.5,400,0.33783783783783783,4.695783783783784,13.89952,4.692,66.55135135135136
0.23499999999999976,0.19,0.5,400,0.3708108108108108,5.616540540540541,15.1466472303207,5.611675675675675,63.28648648648649
0.23499999999999976,0.185,0.5,400,0.5669189189189189,11.718702702702704,20.670861937452326,11.695675675675675,44.32432432432432
0.23499999999999976,0.18,0.5,400,0.6698378378378378,15.155135135135135,22.625080697224014,15.12908108108108,33.88108108108108
0.23499999999999976,0.175,0.5,400,0.6696216216216216,15.965405405405406,23.84242815628027,15.95772972972973,33.58918918918919
0.23499999999999976,0.16999999999999998,0.5,400,0.6797837837837838,16.539135135135137,24.329993638676847,16.534486486486486,32.486486486486484
0.23499999999999976,0.16499999999999998,0.5,400,0.7202162162162162,17.456432432432432,24.237766436505552,17.448432432432433,28.691891891891892
0.23499999999999976,0.15999999999999998,0.5,400,0.7367567567567568,18.167135135135137,24.658253851797504,18.152324324324326,27.36216216216216
0.23499999999999976,0.15499999999999997,0.5,400,0.736,19.019135135135134,25.841216216216218,19.002594594594594,27.318918918918918
0.23499999999999976,0.14999999999999997,0.5,400,0.7345945945945946,19.6812972972973,26.79205298013245,19.67275675675676,27.275675675675675
0.23499999999999976,0.14499999999999996,0.5,400,0.7349189189189189,20.017513513513514,27.237716975581055,20.00854054054054,27.308108108108108
0.23499999999999976,0.13999999999999996,0.5,400,0.7365405405405405,20.351243243243243,27.630852781447235,20.341837837837836,27.145945945945947
0.23499999999999976,0.13499999999999995,0.5,400,0.7397837837837837,20.713513513513515,27.999415461055094,20.70572972972973,26.767567567567568
0.23499999999999976,0.12999999999999995,0.5,400,0.7401081081081081,21.047891891891894,28.438942448144903,21.04064864864865,26.691891891891892
0.23499999999999976,0.12499999999999994,0.5,400,0.7465945945945945,21.462702702702703,28.747465971618883,21.455243243243242,26.075675675675676
0.23499999999999976,0.11999999999999994,0.5,400,0.7691891891891892,22.181945945945944,28.838088545326773,22.176,23.643243243243244
0.23499999999999976,0.11499999999999994,0.5,400,0.790918918918919,22.876,28.923318753417167,22.867783783783782,21.654054054054054
0.23499999999999976,0.10999999999999993,0.5,400,0.7918918918918919,23.21318918918919,29.31358361774744,23.204864864864867,21.513513513513512
0.23499999999999976,0.10499999999999993,0.5,400,0.7944864864864865,23.542486486486485,29.632330929378146,23.532216216216217,21.481081081081083
0.23499999999999976,0.09999999999999992,0.5,400,0.798918918918919,23.99783783783784,30.03788903924222,23.98010810810811,21.167567567567566
0.23499999999999976,0.09499999999999992,0.5,400,0.8064864864864865,24.341945945945945,30.182707774798928,24.322054054054053,20.778378378378378
0.23499999999999976,0.08999999999999991,0.5,400,0.8285405405405405,25.06918918918919,30.25704592901879,25.044864864864866,18.616216216216216
0.23499999999999976,0.08499999999999991,0.5,400,0.8850810810810811,26.538486486486487,29.984243312568708,26.513513513513512,12.972972972972974
0.23499999999999976,0.0799999999999999,0.5,400,0.9006486486486487,27.39545945945946,30.41747689353019,27.37654054054054,11.113513513513514
0.23499999999999976,0.0749999999999999,0.5,400,0.9197837837837838,28.26572972972973,30.730841560883874,28.243675675675675,9.45945945945946
0.23499999999999976,0.0699999999999999,0.5,400,0.9697297297297297,30.483027027027028,31.434559643255295,30.46010810810811,4.6378378378378375
0.23499999999999976,0.06499999999999989,0.5,400,0.9974054054054055,32.102486486486484,32.18599609798396,32.08789189189189,1.3297297297297297
0.23499999999999976,0.05999999999999989,0.5,400,1.0104864864864864,33.1134054054054,32.769765700224674,33.10227027027027,0.021621621621621623
0.23499999999999976,0.05499999999999988,0.5,400,1.0083243243243243,33.89167567567568,33.611879489653695,33.88324324324324,0.0
0.23499999999999976,0.04999999999999988,0.5,400,1.008108108108108,34.70605405405406,34.42691689008043,34.69751351351351,0.0
0.23499999999999976,0.04499999999999987,0.5,400,1.008,35.424216216216216,35.14307164307164,35.41621621621621,0.0
0.23499999999999976,0.03999999999999987,0.5,400,1.0072432432432432,36.23524324324325,35.974669958141035,36.228,0.0
0.23499999999999976,0.034999999999999865,0.5,400,1.0073513513513515,37.065513513513515,36.79502039064177,37.05783783783784,0.0
0.23499999999999976,0.02999999999999986,0.5,400,1.0071351351351352,37.91654054054054,37.64791756118506,37.908972972972975,0.0
0.23499999999999976,0.024999999999999856,0.5,400,1.006918918918919,39.001513513513515,38.73351943311145,38.99448648648649,0.0
0.23499999999999976,0.01999999999999985,0.5,400,1.0061621621621621,39.753189189189186,39.50972386375846,39.74702702702703,0.0
0.23499999999999976,0.014999999999999847,0.5,400,1.0067027027027027,40.41513513513514,40.14604810996563,40.408324324324326,0.0
0.23499999999999976,0.009999999999999842,0.5,400,1.0064864864864864,41.13254054054054,40.86745435016112,41.12594594594594,0.0
0.23499999999999976,0.004999999999999838,0.5,400,1.0059459459459459,41.74227027027027,41.49554003224073,41.736216216216214,0.0
0.22999999999999976,0.2,0.5,400,0.22648648648648648,2.863243243243243,12.64200477326969,2.8607567567567567,77.6
0.22999999999999976,0.195,0.5,400,0.2705945945945946,3.6565405405405405,13.512984418697563,3.6541621621621623,73.17837837837838
0.22999999999999976,0.19,0.5,400,0.35005405405405404,5.053189189189189,14.435453983940704,5.050054054054054,65.30810810810812
0.22999999999999976,0.185,0.5,400,0.3978378378378378,6.566486486486487,16.505434782608695,6.561405405405406,60.57297297297297
0.22999999999999976,0.18,0.5,400,0.6194594594594595,13.445513513513513,21.70523560209424,13.414810810810812,39.23243243243243
0.22999999999999976,0.175,0.5,400,0.6661621621621622,15.637945945945946,23.474683544303797,15.62908108108108,33.891891891891895
0.22999999999999976,0.16999999999999998,0.5,400,0.6711351351351351,16.191783783783784,24.12596649484536,16.186486486486487,33.394594594594594
0.22999999999999976,0.16499999999999998,0.5,400,0.6864864864864865,16.78583783783784,24.451811023622046,16.779243243243243,31.967567567567567
0.22999999999999976,0.15999999999999998,0.5,400,0.7286486486486486,17.77718918918919,24.397477744807123,17.769189189189188,27.9027027027027
0.22999999999999976,0.15499999999999997,0.5,400,0.7336216216216216,18.608972972972975,25.365900383141764,18.594594594594593,27.45945945945946
0.22999999999999976,0.14999999999999997,0.5,400,0.7353513513513513,19.404864864864866,26.388562187591884,19.395567567567568,27.254054054054055
0.22999999999999976,0.14499999999999996,0.5,400,0.7349189189189189,19.813297297297296,26.959841129744042,19.804,27.2972972972973
0.22999999999999976,0.13999999999999996,0.5,400,0.7361081081081081,20.16,27.387281539139373,20.150054054054053,27.286486486486485
0.22999999999999976,0.13499999999999995,0.5,400,0.7355675675675676,20.514594594594595,27.88947677836567,20.507243243243245,27.113513513513514
0.22999999999999976,0.12999999999999995,0.5,400,0.7394594594594595,20.88616216216216,28.24517543859649,20.87902702702703,26.735135135135135
0.22999999999999976,0.12499999999999994,0.5,400,0.7396756756756757,21.210162162162163,28.674948845366853,21.203243243243243,26.691891891891892
0.22999999999999976,0.11999999999999994,0.5,400,0.7575135135135135,21.777081081081082,28.74810903382332,21.768864864864867,25.048648648648648
0.22999999999999976,0.11499999999999994,0.5,400,0.7912432432432432,22.705189189189188,28.695586828801748,22.69545945945946,21.6
0.22999999999999976,0.10999999999999993,0.5,400,0.7930810810810811,23.083135135135134,29.105643402399128,23.07135135135135,21.6
0.22999999999999976,0.10499999999999993,0.5,400,0.794918918918919,23.419783783783785,29.46185230518156,23.407675675675677,21.535135135135135
0.22999999999999976,0.09999999999999992,0.5,400,0.7957837837837838,23.79091891891892,29.896209754109496,23.777945945945945,21.35135135135135
0.22999999999999976,0.09499999999999992,0.5,400,0.8058378378378378,24.176324324324323,30.001475717735445,24.156108108108107,20.843243243243244
0.22999999999999976,0.08999999999999991,0.5,400,0.8212972972972973,24.70627027027027,30.08200605502172,24.68345945945946,19.513513513513512
0.22999999999999976,0.08499999999999991,0.5,400,0.8690810810810811,26.066378378378378,29.993033959447693,26.039783783783783,14.497297297297298
0.22999999999999976,0.0799999999999999,0.5,400,0.9025945945945946,27.204216216216217,30.140016768475267,27.178054054054055,11.286486486486487
0.22999999999999976,0.0749999999999999,0.5,400,0.9138378378378378,28.032864864864866,30.675973027327576,28.016216216216215,9.827027027027027
0.22999999999999976,0.0699999999999999,0.5,400,0.9656216216216216,30.02908108108108,31.09818629646216,30.00972972972973,4.908108108108108
0.22999999999999976,0.06499999999999989,0.5,400,1.0007567567567568,32.05135135135135,32.0271146159663,32.04075675675676,0.9081081081081082
0.22999999999999976,0.05999999999999989,0.5,400,1.0104864864864864,32.993297297297296,32.650904033379696,32.981405405405404,0.0
0.22999999999999976,0.05499999999999988,0.5,400,1.0094054054054054,33.674594594594595,33.3608225340045,33.66464864864865,0.0
0.22999999999999976,0.04999999999999988,0.5,400,1.0092972972972973,34.53405405405405,34.2159383033419,34.52410810810811,0.0
0.22999999999999976,0.04499999999999987,0.5,400,1.0083243243243243,35.184,34.893534898681246,35.17556756756757,0.0
0.22999999999999976,0.03999999999999987,0.5,400,1.0082162162162163,36.04443243243243,35.750696976195584,36.03610810810811,0.0
0.22999999999999976,0.034999999999999865,0.5,400,1.006918918918919,36.836864864864864,36.583744900150315,36.829837837837836,0.0
0.22999999999999976,0.02999999999999986,0.5,400,1.0074594594594595,37.706918918918916,37.42772829702758,37.69902702702703,0.0
0.22999999999999976,0.024999999999999856,0.5,400,1.007027027027027,38.81935135135135,38.548470209339776,38.812216216216214,0.0
0.22999999999999976,0.01999999999999985,0.5,400,1.0067027027027027,39.55340540540541,39.2900558419244,39.546594594594595,0.0
0.22999999999999976,0.014999999999999847,0.5,400,1.0059459459459459,40.27578378378379,40.03772165502418,40.26983783783784,0.0
0.22999999999999976,0.009999999999999842,0.5,400,1.0059459459459459,40.911675675675674,40.669854916711444,40.90562162162162,0.0
0.22999999999999976,0.004999999999999838,0.5,400,1.0054054054054054,41.59318918918919,41.369569892473116,41.587783783783784,0.0
0.22499999999999976,0.2,0.5,400,0.18097297297297296,2.25427027027027,12.456391875746714,2.252,82.12972972972973
0.22499999999999976,0.195,0.5,400,0.23556756756756755,3.0526486486486486,12.958696649839377,3.050162162162162,76.69189189189188
0.22499999999999976,0.19,0.5,400,0.2822702702702703,3.877945945945946,13.738414400612792,3.875243243243243,72.04324324324324
0.22499999999999976,0.185,0.5,400,0.35967567567567565,5.3512432432432435,14.877968139464983,5.346918918918919,64.37837837837837
0.22499999999999976,0.18,0.5,400,0.4334054054054054,8.143675675675675,18.789972561736093,8.133297297297297,57.26486486486486
0.22499999999999976,0.175,0.5,400,0.6588108108108108,15.033837837837838,22.819658680669512,15.018486486486486,34.8
0.22499999999999976,0.16999999999999998,0.5,400,0.6667027027027027,15.872108108108108,23.806875304037618,15.866594594594595,33.83783783783784
0.22499999999999976,0.16499999999999998,0.5,400,0.6747027027027027,16.39037837837838,24.292741547828875,16.384756756756758,33.05945945945946
0.22499999999999976,0.15999999999999998,0.5,400,0.7101621621621622,17.267567567567568,24.314964225909574,17.260864864864864,29.63243243243243
0.22499999999999976,0.15499999999999997,0.5,400,0.7353513513513513,18.228324324324323,24.788591590708617,18.216540540540542,27.36216216216216
0.22499999999999976,0.14999999999999997,0.5,400,0.7351351351351352,19.10043243243243,25.98220588235294,19.091351351351353,27.243243243243242
0.22499999999999976,0.14499999999999996,0.5,400,0.7345945945945946,19.64075675675676,26.736865342163355,19.632756756756756,27.275675675675675
0.22499999999999976,0.13999999999999996,0.5,400,0.7341621621621621,19.985945945945947,27.222794875570607,19.976864864864865,27.32972972972973
0.22499999999999976,0.13499999999999995,0.5,400,0.7356756756756757,20.32064864864865,27.62174871418075,20.31318918918919,27.156756756756756
0.22499999999999976,0.12999999999999995,0.5,400,0.7388108108108108,20.69610810810811,28.012730465320455,20.68972972972973,26.735135135135135
0.22499999999999976,0.12499999999999994,0.5,400,0.7424864864864865,21.046054054054053,28.345369831100758,21.03762162162162,26.562162162162164
0.22499999999999976,0.11999999999999994,0.5,400,0.746054054054054,21.477297297297298,28.787856832343138,21.471351351351352,25.98918918918919
0.22499999999999976,0.11499999999999994,0.5,400,0.7717837837837838,22.23383783783784,28.808376523322593,22.222594594594593,23.513513513513512
0.22499999999999976,0.10999999999999993,0.5,400,0.792,22.92681081081081,28.947993447993447,22.91816216216216,21.535135135135135
0.22499999999999976,0.10499999999999993,0.5,400,0.7926486486486487,23.301945945945945,29.397572285870158,23.292324324324323,21.416216216216217
0.22499999999999976,0.09999999999999992,0.5,400,0.7967567567567567,23.604432432432432,29.625644504748983,23.591783783783782,21.394594594594594
0.22499999999999976,0.09499999999999992,0.5,400,0.8041081081081081,24.019243243243242,29.87066415703146,24.0,20.994594594594595
0.22499999999999976,0.08999999999999991,0.5,400,0.812,24.474486486486487,30.140993209958726,24.45383783783784,20.194594594594594
0.22499999999999976,0.08499999999999991,0.5,400,0.8525405405405405,25.639135135135135,30.073801673852397,25.61589189189189,16.12972972972973
0.22499999999999976,0.0799999999999999,0.5,400,0.9018378378378379,27.037945945945946,29.980939822584514,27.00702702702703,11.362162162162162
0.22499999999999976,0.0749999999999999,0.5,400,0.9107027027027027,27.769297297297296,30.492165242165242,27.745729729729728,10.443243243243243
0.22499999999999976,0.0699999999999999,0.5,400,0.9647567567567568,29.724432432432433,30.810286866875842,29.703891891891892,4.918918918918919
0.22499999999999976,0.06499999999999989,0.5,400,0.9968648648648649,31.783783783783782,31.88374362867368,31.772756756756756,1.3297297297297297
0.22499999999999976,0.05999999999999989,0.5,400,1.007891891891892,32.69275675675676,32.43676928027459,32.68367567567567,0.010810810810810811
0.22499999999999976,0.05499999999999988,0.5,400,1.0095135135135136,33.49124324324325,33.175626472478044,33.48151351351351,0.0
0.22499999999999976,0.04999999999999988,0.5,400,1.0088648648648648,34.370378378378376,34.068366909558506,34.361513513513515,0.0
0.22499999999999976,0.04499999999999987,0.5,400,1.0067027027027027,35.013621621621624,34.78049828178694,35.006702702702704,0.0
0.22499999999999976,0.03999999999999987,0.5,400,1.008972972972973,35.88097297297297,35.56187720990035,35.871675675675675,0.0
0.22499999999999976,0.034999999999999865,0.5,400,1.0067027027027027,36.75989189189189,36.51514175257732,36.75308108108108,0.0
0.22499999999999976,0.02999999999999986,0.5,400,1.0074594594594595,37.53805405405405,37.2601137461101,37.53037837837838,0.0
0.22499999999999976,0.024999999999999856,0.5,400,1.0073513513513515,38.58918918918919,38.30757673320455,38.58183783783784,0.0
0.22499999999999976,0.01999999999999985,0.5,400,1.0076756756756757,39.39308108108108,39.09301577084004,39.38540540540541,0.0
0.22499999999999976,0.014999999999999847,0.5,400,1.0052972972972973,40.15189189189189,39.940316163028285,40.146594594594596,0.0
0.22499999999999976,0.009999999999999842,0.5,400,1.0065945945945947,40.81762162162162,40.5502094297068,40.81091891891892,0.0
0.22499999999999976,0.004999999999999838,0.5,400,1.0055135135135136,41.428756756756755,41.20159122674981,41.42324324324324,0.0
0.21999999999999975,0.2,0.5,400,0.15643243243243243,1.9117837837837839,12.221147201105737,1.9096216216216215,84.57297297297298
0.21999999999999975,0.195,0.5,400,0.1868108108108108,2.3864864864864863,12.77488425925926,2.3846486486486485,81.5027027027027
0.21999999999999975,0.19,0.5,400,0.24227027027027026,3.2343783783783784,13.35029004908523,3.232108108108108,76.0
0.21999999999999975,0.185,0.5,400,0.30205405405405406,4.288216216216216,14.196850393700787,4.285513513513513,70.06486486486486
0.21999999999999975,0.18,0.5,400,0.364,5.578162162162162,15.324621324621324,5.573189189189189,63.935135135135134
0.21999999999999975,0.175,0.5,400,0.4955675675675676,10.90745945945946,22.010034904013963,10.894162162162162,51.11351351351351
0.21999999999999975,0.16999999999999998,0.5,400,0.666054054054054,15.488432432432433,23.254017204999187,15.48,33.96756756756757
0.21999999999999975,0.16499999999999998,0.5,400,0.6691891891891892,16.09945945945946,24.05815831987076,16.094486486486485,33.567567567567565
0.21999999999999975,0.15999999999999998,0.5,400,0.6764324324324325,16.5747027027027,24.50311650950935,16.569297297297297,32.88648648648649
0.21999999999999975,0.15499999999999997,0.5,400,0.7271351351351352,17.65935135135135,24.2862027951234,17.64854054054054,28.15135135135135
0.21999999999999975,0.14999999999999997,0.5,400,0.733081081081081,18.784108108108107,25.623506857395665,18.775135135135134,27.416216216216217
0.21999999999999975,0.14499999999999996,0.5,400,0.7341621621621621,19.376216216216218,26.392283905168604,19.368,27.2972972972973
0.21999999999999975,0.13999999999999996,0.5,400,0.7348108108108108,19.796756756756757,26.94129763130793,19.788972972972974,27.243243243243242
0.21999999999999975,0.13499999999999995,0.5,400,0.7354594594594595,20.144324324324323,27.390122004997796,20.136216216216216,27.221621621621622
0.21999999999999975,0.12999999999999995,0.5,400,0.7363243243243244,20.48745945945946,27.82396123917193,20.480216216216217,27.048648648648648
0.21999999999999975,0.12499999999999994,0.5,400,0.7397837837837837,20.87318918918919,28.21525646646208,20.866486486486487,26.65945945945946
0.21999999999999975,0.11999999999999994,0.5,400,0.7388108108108108,21.206486486486487,28.703541117939714,21.19989189189189,26.745945945945945
0.21999999999999975,0.11499999999999994,0.5,400,0.7530810810810811,21.73956756756757,28.867499282227964,21.732,25.383783783783784
0.21999999999999975,0.10999999999999993,0.5,400,0.7895135135135135,22.72108108108108,28.77858414350267,22.714486486486486,21.686486486486487
0.21999999999999975,0.10499999999999993,0.5,400,0.7941621621621622,23.118378378378377,29.11040021780561,23.107891891891892,21.44864864864865
0.21999999999999975,0.09999999999999992,0.5,400,0.7957837837837838,23.445297297297298,29.46189376443418,23.433297297297297,21.36216216216216
0.21999999999999975,0.09499999999999992,0.5,400,0.8001081081081081,23.818594594594593,29.769220375624915,23.80508108108108,21.145945945945947
0.21999999999999975,0.08999999999999991,0.5,400,0.8090810810810811,24.29935135135135,30.033270978086584,24.281513513513513,20.313513513513513
0.21999999999999975,0.08499999999999991,0.5,400,0.8336216216216216,25.168864864864865,30.192192971080274,25.148864864864866,17.87027027027027
0.21999999999999975,0.0799999999999999,0.5,400,0.8954594594594595,26.703783783783784,29.821320777496076,26.683891891891893,11.751351351351351
0.21999999999999975,0.0749999999999999,0.5,400,0.907027027027027,27.565405405405407,30.390941597139452,27.54410810810811,10.52972972972973
0.21999999999999975,0.0699999999999999,0.5,400,0.9652972972972973,29.27718918918919,30.329712173815658,29.255027027027026,4.8
0.21999999999999975,0.06499999999999989,0.5,400,0.9975135135135135,31.528648648648648,31.607239622845995,31.51827027027027,1.2648648648648648
0.21999999999999975,0.05999999999999989,0.5,400,1.0085405405405405,32.60064864864865,32.324579268946295,32.59059459459459,0.0
0.21999999999999975,0.05499999999999988,0.5,400,1.0097297297297296,33.314594594594595,32.99357601713062,33.304,0.0
0.21999999999999975,0.04999999999999988,0.5,400,1.0094054054054054,34.10627027027027,33.788475955874475,34.096,0.0
0.21999999999999975,0.04499999999999987,0.5,400,1.009189189189189,34.88075675675676,34.56314943760043,34.87124324324324,0.0
0.21999999999999975,0.03999999999999987,0.5,400,1.008972972972973,35.728,35.41026465230901,35.71891891891892,0.0
0.21999999999999975,0.034999999999999865,0.5,400,1.0082162162162163,36.528216216216215,36.230538280077205,36.51978378378379,0.0
0.21999999999999975,0.02999999999999986,0.5,400,1.0060540540540541,37.2774054054054,37.05308403180744,37.271027027027024,0.0
0.21999999999999975,0.024999999999999856,0.5,400,1.0077837837837837,38.34778378378378,38.05159836944862,38.34,0.0
0.21999999999999975,0.01999999999999985,0.5,400,1.006918918918919,39.20713513513513,38.93772815117028,39.20021621621622,0.0
0.21999999999999975,0.014999999999999847,0.5,400,1.0060540540540541,39.99556756756757,39.75488931871911,39.989513513513515,0.0
0.21999999999999975,0.009999999999999842,0.5,400,1.0062702702702702,40.605405405405406,40.352385045122475,40.59902702702703,0.0
0.21999999999999975,0.004999999999999838,0.5,400,1.0062702702702702,41.24464864864865,40.98764503652772,41.23837837837838,0.0
0.21499999999999975,0.2,0.5,400,0.14118918918918918,1.6338378378378378,11.57197549770291,1.6312432432432433,86.14054054054054
0.21499999999999975,0.195,0.5,400,0.15902702702702703,1.987027027027027,12.494901427600272,1.9851891891891893,84.28108108108108
0.21499999999999975,0.19,0.5,400,0.20205405405405405,2.596972972972973,12.852862493311932,2.5945945945945947,80.03243243243243
0.21499999999999975,0.185,0.5,400,0.24854054054054053,3.415243243243243,13.741191822531535,3.413081081081081,75.36216216216216
0.21499999999999975,0.18,0.5,400,0.3282162162162162,4.772432432432432,14.540513833992096,4.768864864864865,67.52432432432433
0.21499999999999975,0.175,0.5,400,0.37664864864864867,6.170486486486486,16.38260619977038,6.167135135135135,62.5945945945946
0.21499999999999975,0.16999999999999998,0.5,400,0.5704864864864865,13.121945945945946,23.001326511275344,13.115243243243244,43.44864864864865
0.21499999999999975,0.16499999999999998,0.5,400,0.6655135135135135,15.754702702702703,23.67300194931774,15.750054054054054,33.902702702702705
0.21499999999999975,0.15999999999999998,0.5,400,0.6707027027027027,16.297081081081082,24.29851708575113,16.292972972972972,33.34054054054054
0.21499999999999975,0.15499999999999997,0.5,400,0.6923243243243243,16.983027027027028,24.53044971892567,16.97437837837838,31.47027027027027
0.21499999999999975,0.14999999999999997,0.5,400,0.7334054054054054,18.197513513513513,24.81235259433962,18.18681081081081,27.535135135135135
0.21499999999999975,0.14499999999999996,0.5,400,0.7341621621621621,19.090162162162162,26.002650566926814,19.081945945945947,27.286486486486485
0.21499999999999975,0.13999999999999996,0.5,400,0.7340540540540541,19.59535135135135,26.694698085419734,19.58745945945946,27.308108108108108
0.21499999999999975,0.13499999999999995,0.5,400,0.7336216216216216,19.938378378378378,27.1780135573239,19.93081081081081,27.34054054054054
0.21499999999999975,0.12999999999999995,0.5,400,0.7353513513513513,20.293405405405405,27.59688326962658,20.285297297297298,27.243243243243242
0.21499999999999975,0.12499999999999994,0.5,400,0.7387027027027027,20.671783783783784,27.983901653739206,20.664648648648647,26.81081081081081
0.21499999999999975,0.11999999999999994,0.5,400,0.7382702702702703,21.037513513513513,28.495680187435934,21.03145945945946,26.745945945945945
0.21499999999999975,0.11499999999999994,0.5,400,0.7441081081081081,21.437945945945945,28.810257155310186,21.431243243243244,26.227027027027027
0.21499999999999975,0.10999999999999993,0.5,400,0.774054054054054,22.263783783783783,28.762569832402235,22.256216216216217,23.254054054054055
0.21499999999999975,0.10499999999999993,0.5,400,0.7925405405405406,22.950594594594595,28.958259446187423,22.942486486486487,21.524324324324326
0.21499999999999975,0.09999999999999992,0.5,400,0.796,23.315675675675674,29.291049843813664,23.30227027027027,21.405405405405407
0.21499999999999975,0.09499999999999992,0.5,400,0.8034594594594595,23.683027027027027,29.476318622174382,23.66691891891892,20.983783783783785
0.21499999999999975,0.08999999999999991,0.5,400,0.8125405405405406,24.099675675675677,29.659659393294305,24.08054054054054,20.313513513513513
0.21499999999999975,0.08499999999999991,0.5,400,0.8215135135135135,24.769837837837837,30.15146729832873,24.751351351351353,19.124324324324323
0.21499999999999975,0.0799999999999999,0.5,400,0.892972972972973,26.44572972972973,29.615375302663438,26.415783783783784,12.335135135135134
0.21499999999999975,0.0749999999999999,0.5,400,0.9085405405405406,27.388756756756756,30.14588291289862,27.369297297297297,10.4
0.21499999999999975,0.0699999999999999,0.5,400,0.9621621621621622,29.16118918918919,30.30797752808989,29.138486486486485,5.232432432432432
0.21499999999999975,0.06499999999999989,0.5,400,0.9950270270270271,31.299243243243243,31.45567144719687,31.28389189189189,1.664864864864865
0.21499999999999975,0.05999999999999989,0.5,400,1.0105945945945947,32.387027027027024,32.04749679075738,32.376,0.0
0.21499999999999975,0.05499999999999988,0.5,400,1.0099459459459459,33.133405405405405,32.8071076857204,33.123243243243245,0.0
0.21499999999999975,0.04999999999999988,0.5,400,1.0086486486486486,33.796216216216216,33.5064308681672,33.78745945945946,0.0
0.21499999999999975,0.04499999999999987,0.5,400,1.0072432432432432,34.749405405405405,34.4995170119137,34.74216216216216,0.0
0.21499999999999975,0.03999999999999987,0.5,400,1.006810810810811,35.511783783783784,35.271555889616664,35.50464864864865,0.0
0.21499999999999975,0.034999999999999865,0.5,400,1.006810810810811,36.393945945945944,36.14775045635134,36.387027027027024,0.0
0.21499999999999975,0.02999999999999986,0.5,400,1.0061621621621621,37.18735135135135,36.95960030084883,37.180972972972974,0.0
0.21499999999999975,0.024999999999999856,0.5,400,1.0061621621621621,38.09632432432432,37.863006339314495,38.08994594594595,0.0
0.21499999999999975,0.01999999999999985,0.5,400,1.0062702702702702,39.02778378378378,38.78459389772239,39.02151351351351,0.0
0.21499999999999975,0.014999999999999847,0.5,400,1.0063783783783784,39.716972972972975,39.46524868406918,39.71027027027027,0.0
0.21499999999999975,0.009999999999999842,0.5,400,1.0056216216216216,40.44097297297297,40.21490002150075,40.43524324324324,0.0
0.21499999999999975,0.004999999999999838,0.5,400,1.0048648648648648,41.10464864864865,40.90564819795589,41.09945945945946,0.0
0.20999999999999974,0.2,0.5,400,0.11513513513513514,1.2295135135135136,10.67887323943662,1.2272432432432432,88.71351351351352
0.20999999999999974,0.195,0.5,400,0.1425945945945946,1.6937297297297298,11.877937831690675,1.6912432432432432,85.98918918918919
0.20999999999999974,0.19,0.5,400,0.1643243243243243,2.1021621621621622,12.792763157894736,2.099891891891892,83.7945945945946
0.20999999999999974,0.185,0.5,400,0.21697297297297297,2.8593513513513513,13.178375685102143,2.857189189189189,78.51891891891891
0.20999999999999974,0.18,0.5,400,0.2562162162162162,3.6097297297297297,14.08860759493671,3.6072432432432433,74.62702702702703
0.20999999999999974,0.175,0.5,400,0.33945945945945943,5.124972972972973,15.097452229299362,5.122054054054054,66.33513513513513
0.20999999999999974,0.16999999999999998,0.5,400,0.40421621621621623,7.551027027027027,18.68066327895159,7.547135135135135,59.902702702702705
0.20999999999999974,0.16499999999999998,0.5,400,0.6167567567567568,14.378486486486487,23.313058720420685,14.372972972972972,38.85405405405405
0.20999999999999974,0.15999999999999998,0.5,400,0.667027027027027,15.97945945945946,23.956239870340358,15.974702702702702,33.76216216216216
0.20999999999999974,0.15499999999999997,0.5,400,0.6732972972972973,16.474162162162163,24.467886962106615,16.46745945945946,33.2972972972973
0.20999999999999974,0.14999999999999997,0.5,400,0.7166486486486486,17.563243243243242,24.507467189621362,17.551783783783783,29.21081081081081
0.20999999999999974,0.14499999999999996,0.5,400,0.7328648648648649,18.652324324324326,25.45124649653341,18.64518918918919,27.394594594594594
0.20999999999999974,0.13999999999999996,0.5,400,0.7327567567567568,19.374054054054053,26.439952788433168,19.368108108108107,27.275675675675675
0.20999999999999974,0.13499999999999995,0.5,400,0.7334054054054054,19.76108108108108,26.94428066037736,19.7547027027027,27.243243243243242
0.20999999999999974,0.12999999999999995,0.5,400,0.7347027027027027,20.103135135135137,27.362271924661567,20.094270270270272,27.2972972972973
0.20999999999999974,0.12499999999999994,0.5,400,0.7356756756756757,20.467027027027026,27.82072005878031,20.460432432432434,27.07027027027027
0.20999999999999974,0.11999999999999994,0.5,400,0.7417297297297297,20.860972972972974,28.124763154059174,20.85416216216216,26.497297297297298
0.20999999999999974,0.11499999999999994,0.5,400,0.7403243243243244,21.211135135135134,28.651139018691588,21.203243243243243,26.7027027027027
0.20999999999999974,0.10999999999999993,0.5,400,0.7551351351351351,21.811567567567568,28.884323550465282,21.804864864864864,25.09189189189189
0.20999999999999974,0.10499999999999993,0.5,400,0.7896216216216216,22.75027027027027,28.811610076670316,22.742594594594596,21.72972972972973
0.20999999999999974,0.09999999999999992,0.5,400,0.7923243243243243,23.17989189189189,29.25556010369764,23.169621621621623,21.524324324324326
0.20999999999999974,0.09499999999999992,0.5,400,0.7987027027027027,23.514486486486486,29.440850027070926,23.5012972972973,21.243243243243242
0.20999999999999974,0.08999999999999991,0.5,400,0.8064864864864865,23.947783783783784,29.69396782841823,23.93308108108108,20.627027027027026
0.20999999999999974,0.08499999999999991,0.5,400,0.8207567567567567,24.615675675675675,29.991438356164384,24.588540540540542,19.437837837837836
0.20999999999999974,0.0799999999999999,0.5,400,0.8622702702702703,25.776108108108108,29.89330491474423,25.751351351351353,15.167567567567568
0.20999999999999974,0.0749999999999999,0.5,400,0.9098378378378379,27.22,29.91741920152091,27.19718918918919,10.41081081081081
0.20999999999999974,0.0699999999999999,0.5,400,0.9595675675675676,28.82637837837838,30.041009463722396,28.808,5.448648648648649
0.20999999999999974,0.06499999999999989,0.5,400,0.9941621621621621,30.829513513513515,31.010548064375815,30.815567567567566,1.837837837837838
0.20999999999999974,0.05999999999999989,0.5,400,1.0075675675675675,32.18064864864865,31.938948497854078,32.17221621621621,0.08648648648648649
0.20999999999999974,0.05499999999999988,0.5,400,1.0095135135135136,32.90994594594594,32.59980723923752,32.900216216216215,0.0
0.20999999999999974,0.04999999999999988,0.5,400,1.0087567567567568,33.67027027027027,33.377987353981354,33.661297297297295,0.0
0.20999999999999974,0.04499999999999987,0.5,400,1.0074594594594595,34.5387027027027,34.28297027578066,34.53113513513514,0.0
0.20999999999999974,0.03999999999999987,0.5,400,1.007027027027027,35.31286486486486,35.06645195920558,35.30562162162162,0.0
0.20999999999999974,0.034999999999999865,0.5,400,1.0063783783783784,36.15643243243243,35.9272746804168,36.15005405405405,0.0
0.20999999999999974,0.02999999999999986,0.5,400,1.0073513513513515,36.99924324324324,36.72923374114617,36.99178378378378,0.0
0.20999999999999974,0.024999999999999856,0.5,400,1.0060540540540541,37.84118918918919,37.61347517730496,37.83481081081081,0.0
0.20999999999999974,0.01999999999999985,0.5,400,1.008108108108108,38.88162162162162,38.56890080428954,38.8732972972973,0.0
0.20999999999999974,0.014999999999999847,0.5,400,1.0055135135135136,39.58875675675676,39.37168046446619,39.58302702702703,0.0
0.20999999999999974,0.009999999999999842,0.5,400,1.0061621621621621,40.317297297297294,40.070377135489416,40.31113513513513,0.0
0.20999999999999974,0.004999999999999838,0.5,400,1.0058378378378379,40.93048648648649,40.69292777300086,40.924324324324324,0.0
0.20499999999999974,0.2,0.5,400,0.060216216216216215,0.5572972972972973,9.254937163375224,0.5554594594594595,94.16216216216216
0.20499999999999974,0.195,0.5,400,0.1185945945945946,1.3049729729729729,11.003646308113035,1.303027027027027,88.33513513513513
0.20499999999999974,0.19,0.5,400,0.14605405405405406,1.7863783783783784,12.230940044411547,1.7843243243243243,85.6
0.20499999999999974,0.185,0.5,400,0.1669189189189189,2.192756756756757,13.136658031088082,2.190810810810811,83.5027027027027
0.20499999999999974,0.18,0.5,400,0.2255135135135135,3.0523243243243243,13.534995206136145,3.049945945945946,77.68648648648649
0.20499999999999974,0.175,0.5,400,0.27318918918918916,3.966054054054054,14.517609814008706,3.9636756756756757,72.91891891891892
0.20499999999999974,0.16999999999999998,0.5,400,0.35027027027027025,5.475351351351351,15.63179012345679,5.472324324324324,65.24324324324324
0.20499999999999974,0.16499999999999998,0.5,400,0.4334054054054054,9.339459459459459,21.549014716887005,9.335135135135134,57.08108108108108
0.20499999999999974,0.15999999999999998,0.5,400,0.6568648648648648,15.476,23.560401579986834,15.471351351351352,34.77837837837838
0.20499999999999974,0.15499999999999997,0.5,400,0.6677837837837838,16.185837837837838,24.238141492633964,16.180756756756757,33.6972972972973
0.20499999999999974,0.14999999999999997,0.5,400,0.6792432432432433,16.770594594594595,24.690116186535096,16.76324324324324,32.71351351351351
0.20499999999999974,0.14499999999999996,0.5,400,0.7268108108108108,18.15027027027027,24.972482522683325,18.142162162162162,27.978378378378377
0.20499999999999974,0.13999999999999996,0.5,400,0.7327567567567568,19.011675675675676,25.945411625848333,19.004216216216218,27.405405405405407
0.20499999999999974,0.13499999999999995,0.5,400,0.7324324324324324,19.54454054054054,26.68442804428044,19.536864864864864,27.383783783783784
0.20499999999999974,0.12999999999999995,0.5,400,0.7342702702702703,19.91372972972973,27.120435806831566,19.90681081081081,27.232432432432432
0.20499999999999974,0.12499999999999994,0.5,400,0.7354594594594595,20.273621621621622,27.565926797001325,20.264216216216216,27.254054054054055
0.20499999999999974,0.11999999999999994,0.5,400,0.7381621621621621,20.652,27.977592267135325,20.644648648648648,26.875675675675677
0.20499999999999974,0.11499999999999994,0.5,400,0.7388108108108108,21.026594594594595,28.460052677787534,21.020864864864865,26.681081081081082
0.20499999999999974,0.10999999999999993,0.5,400,0.7414054054054054,21.42810810810811,28.902012248468942,21.421945945945946,26.464864864864865
0.20499999999999974,0.10499999999999993,0.5,400,0.7726486486486487,22.276,28.830698195046875,22.26616216216216,23.44864864864865
0.20499999999999974,0.09999999999999992,0.5,400,0.7932972972972973,22.99297297297297,28.984055600981193,22.984216216216215,21.45945945945946
0.20499999999999974,0.09499999999999992,0.5,400,0.7976216216216216,23.347567567567566,29.271482786663054,23.33783783783784,21.17837837837838
0.20499999999999974,0.08999999999999991,0.5,400,0.8062702702702703,23.803351351351353,29.522794314829714,23.78518918918919,20.627027027027026
0.20499999999999974,0.08499999999999991,0.5,400,0.8162162162162162,24.36227027027027,29.847814569536425,24.33837837837838,19.762162162162163
0.20499999999999974,0.0799999999999999,0.5,400,0.847027027027027,25.327675675675675,29.901850670070196,25.30443243243243,16.875675675675677
0.20499999999999974,0.0749999999999999,0.5,400,0.9078918918918919,26.99210810810811,29.730531078828292,26.97254054054054,10.572972972972973
0.20499999999999974,0.0699999999999999,0.5,400,0.9509189189189189,28.53827027027027,30.011255115961802,28.52345945945946,6.151351351351352
0.20499999999999974,0.06499999999999989,0.5,400,0.9972972972972973,30.772,30.855392953929538,30.760648648648647,1.2972972972972974
0.20499999999999974,0.05999999999999989,0.5,400,1.0083243243243243,32.03145945945946,31.767020478181625,32.0227027027027,0.0
0.20499999999999974,0.05499999999999988,0.5,400,1.008,32.75978378378378,32.4997854997855,32.75113513513514,0.0
0.20499999999999974,0.04999999999999988,0.5,400,1.008108108108108,33.47167567567568,33.20246648793566,33.463567567567566,0.0
0.20499999999999974,0.04499999999999987,0.5,400,1.009081081081081,34.34345945945946,34.034390400685666,34.334162162162166,0.0
0.20499999999999974,0.03999999999999987,0.5,400,1.006918918918919,35.123135135135136,34.88179085248014,35.116,0.0
0.20499999999999974,0.034999999999999865,0.5,400,1.0075675675675675,36.01340540540541,35.74291845493562,36.00551351351351,0.0
0.20499999999999974,0.02999999999999986,0.5,400,1.0061621621621621,36.85686486486487,36.63113785322875,36.8492972972973,0.0
0.20499999999999974,0.024999999999999856,0.5,400,1.0063783783783784,37.65189189189189,37.41325598882801,37.6452972972973,0.0
0.20499999999999974,0.01999999999999985,0.5,400,1.0054054054054054,38.547891891891894,38.340645161290325,38.54248648648649,0.0
0.20499999999999974,0.014999999999999847,0.5,400,1.0056216216216216,39.43027027027027,39.209847344657064,39.42454054054054,0.0
0.20499999999999974,0.009999999999999842,0.5,400,1.0058378378378379,40.05945945945946,39.82695614789338,40.053513513513515,0.0
0.20499999999999974,0.004999999999999838,0.5,400,1.0063783783783784,40.77318918918919,40.51477065205715,40.7667027027027,0.0
0.19999999999999973,0.2,0.5,400,0.005945945945945946,0.0068108108108108105,1.1454545454545455,0.004972972972972973,99.58918918918918
0.19999999999999973,0.195,0.5,400,0.0641081081081081,0.609945945945946,9.51433389544688,0.608,93.78378378378379
0.19999999999999973,0.19,0.5,400,0.12043243243243243,1.3667027027027028,11.348294434470377,1.3644324324324324,88.18378378378378
0.19999999999999973,0.185,0.5,400,0.14875675675675676,1.867135135135135,12.551598837209303,1.8650810810810812,85.32972972972973
0.19999999999999973,0.18,0.5,400,0.17535135135135135,2.3547027027027028,13.428483353884094,2.3525405405405406,82.68108108108108
0.19999999999999973,0.175,0.5,400,0.23264864864864865,3.2326486486486488,13.894981412639405,3.2301621621621623,76.98378378378378
0.19999999999999973,0.16999999999999998,0.5,400,0.2803243243243243,4.185837837837838,14.93212495179329,4.183135135135135,72.23783783783784
0.19999999999999973,0.16499999999999998,0.5,400,0.3619459459459459,5.921081081081081,16.359020310633213,5.918810810810811,64.03243243243243
0.19999999999999973,0.15999999999999998,0.5,400,0.5023783783783784,11.70281081081081,23.29481385840327,11.698594594594594,50.18378378378378
0.19999999999999973,0.15499999999999997,0.5,400,0.6655135135135135,15.83427027027027,23.792560103963613,15.828864864864865,33.956756756756754
0.19999999999999973,0.14999999999999997,0.5,400,0.6704864864864865,16.383027027027026,24.43453724604966,16.375027027027027,33.61081081081081
0.19999999999999973,0.14499999999999996,0.5,400,0.6900540540540541,17.135459459459458,24.832053893153688,17.12454054054054,31.74054054054054
0.19999999999999973,0.13999999999999996,0.5,400,0.7315675675675676,18.64681081081081,25.48884291414216,18.64010810810811,27.394594594594594
0.19999999999999973,0.13499999999999995,0.5,400,0.7315675675675676,19.26291891891892,26.33101817644451,19.25654054054054,27.416216216216217
0.19999999999999973,0.12999999999999995,0.5,400,0.7337297297297297,19.69718918918919,26.84529247090025,19.688864864864865,27.2972972972973
0.19999999999999973,0.12499999999999994,0.5,400,0.7329729729729729,20.071459459459458,27.38362831858407,20.063783783783784,27.36216216216216
0.19999999999999973,0.11999999999999994,0.5,400,0.7353513513513513,20.44583783783784,27.804175242575713,20.43881081081081,27.135135135135137
0.19999999999999973,0.11499999999999994,0.5,400,0.7405405405405405,20.844,28.147007299270072,20.83589189189189,26.681081081081082
0.19999999999999973,0.10999999999999993,0.5,400,0.7414054054054054,21.223891891891892,28.626567512394285,21.21318918918919,26.67027027027027
0.19999999999999973,0.10499999999999993,0.5,400,0.758054054054054,21.85827027027027,28.834711922418713,21.852,24.81081081081081
0.19999999999999973,0.09999999999999992,0.5,400,0.792,22.810378378378378,28.8009828009828,22.802594594594595,21.513513513513512
0.19999999999999973,0.09499999999999992,0.5,400,0.7963243243243243,23.210486486486488,29.147026880260658,23.200432432432432,21.156756756756756
0.19999999999999973,0.08999999999999991,0.5,400,0.8046486486486486,23.598378378378378,29.327556092973264,23.584324324324324,20.875675675675677
0.19999999999999973,0.08499999999999991,0.5,400,0.8145945945945946,24.128972972972974,29.62083609820836,24.108324324324325,20.043243243243243
0.19999999999999973,0.0799999999999999,0.5,400,0.8316756756756757,24.861945945945944,29.893799558039778,24.842486486486486,18.237837837837837
0.19999999999999973,0.0749999999999999,0.5,400,0.9051891891891892,26.826162162162163,29.635972769616625,26.804756756756756,10.843243243243244
0.19999999999999973,0.0699999999999999,0.5,400,0.9444324324324325,28.14162162162162,29.79739010989011,28.125621621621622,6.756756756756757
0.19999999999999973,0.06499999999999989,0.5,400,0.9924324324324324,30.333297297297296,30.56459694989107,30.31783783783784,1.9135135135135135
0.19999999999999973,0.05999999999999989,0.5,400,1.0096216216216216,31.850486486486485,31.54695363529286,31.84,0.0
0.19999999999999973,0.05499999999999988,0.5,400,1.0082162162162163,32.460432432432434,32.195903924512116,32.452108108108106,0.0
0.19999999999999973,0.04999999999999988,0.5,400,1.0082162162162163,33.293081081081084,33.021767102723565,33.28464864864865,0.0
0.19999999999999973,0.04499999999999987,0.5,400,1.0077837837837837,34.07589189189189,33.81270113709505,34.068,0.0
0.19999999999999973,0.03999999999999987,0.5,400,1.0094054054054054,34.936864864864866,34.61133126271822,34.927459459459456,0.0
0.19999999999999973,0.034999999999999865,0.5,400,1.008,35.85762162162162,35.573037323037326,35.84962162162162,0.0
0.19999999999999973,0.02999999999999986,0.5,400,1.0072432432432432,36.66713513513513,36.403456048084145,36.6585945945946,0.0
0.19999999999999973,0.024999999999999856,0.5,400,1.0063783783783784,37.59297297297297,37.35471049521968,37.586486486486486,0.0
0.19999999999999973,0.01999999999999985,0.5,400,1.0073513513513515,38.32454054054054,38.04485941189096,38.31686486486486,0.0
0.19999999999999973,0.014999999999999847,0.5,400,1.0055135135135136,39.21297297297297,38.99795720890227,39.20735135135135,0.0
0.19999999999999973,0.009999999999999842,0.5,400,1.0044324324324325,39.927567567567564,39.7513722957701,39.92291891891892,0.0
0.19999999999999973,0.004999999999999838,0.5,400,1.0048648648648648,40.588324324324326,40.39182356105433,40.58345945945946,0.0
0.19499999999999973,0.2,0.5,400,0.005081081081081081,0.005297297297297297,1.0425531914893618,0.0034594594594594594,99.67567567567568
0.19499999999999973,0.195,0.5,400,0.0065945945945945945,0.007459459459459459,1.1311475409836065,0.005621621621621622,99.52432432432433
0.19499999999999973,0.19,0.5,400,0.07059459459459459,0.711027027027027,10.07197549770291,0.709081081081081,93.13513513513513
0.19499999999999973,0.185,0.5,400,0.12345945945945946,1.4576216216216216,11.806479859894921,1.4554594594594594,87.87027027027027
0.19499999999999973,0.18,0.5,400,0.15102702702702703,1.9685405405405405,13.034359341445956,1.9665945945945946,85.09189189189189
0.19499999999999973,0.175,0.5,400,0.17610810810810812,2.420864864864865,13.74647022713321,2.4188108108108106,82.5945945945946
0.19499999999999973,0.16999999999999998,0.5,400,0.24097297297297296,3.4548108108108107,14.336922386720502,3.4522162162162164,76.16216216216216
0.19499999999999973,0.16499999999999998,0.5,400,0.31145945945945946,4.771351351351352,15.319333564734468,4.768432432432433,69.11351351351351
0.19499999999999973,0.15999999999999998,0.5,400,0.376,6.708648648648649,17.8421506612996,6.705837837837838,62.68108108108108
0.19499999999999973,0.15499999999999997,0.5,400,0.5658378378378378,13.378378378378379,23.643484906381353,13.372864864864864,43.956756756756754
0.19499999999999973,0.14999999999999997,0.5,400,0.6671351351351351,16.067675675675677,24.08458920758386,16.061405405405406,33.891891891891895
0.19499999999999973,0.14499999999999996,0.5,400,0.6758918918918919,16.65297297297297,24.638515674984006,16.64281081081081,33.22162162162162
0.19499999999999973,0.13999999999999996,0.5,400,0.7102702702702702,17.86983783783784,25.159208523592085,17.862486486486485,29.56756756756757
0.19499999999999973,0.13499999999999995,0.5,400,0.7303783783783784,18.916756756756758,25.899940793368856,18.910054054054054,27.502702702702702
0.19499999999999973,0.12999999999999995,0.5,400,0.7331891891891892,19.504,26.601592450604542,19.497297297297298,27.308108108108108
0.19499999999999973,0.12499999999999994,0.5,400,0.7326486486486486,19.88,27.1344252619153,19.873513513513515,27.318918918918918
0.19499999999999973,0.11999999999999994,0.5,400,0.7352432432432432,20.243567567567567,27.53315688869284,20.233621621621623,27.264864864864865
0.19499999999999973,0.11499999999999994,0.5,400,0.7370810810810811,20.631027027027027,27.9901730712819,20.62281081081081,27.037837837837838
0.19499999999999973,0.10999999999999993,0.5,400,0.7392432432432432,21.027243243243245,28.44428195378766,21.021405405405407,26.63783783783784
0.19499999999999973,0.10499999999999993,0.5,400,0.7448648648648649,21.46172972972973,28.812917271407837,21.454054054054055,26.205405405405404
0.19499999999999973,0.09999999999999992,0.5,400,0.7758918918918919,22.358594594594596,28.816636477636894,22.351675675675676,23.07027027027027
0.19499999999999973,0.09499999999999992,0.5,400,0.7968648648648649,23.033945945945945,28.905711572378237,23.022378378378377,21.2
0.19499999999999973,0.08999999999999991,0.5,400,0.802054054054054,23.451351351351352,29.239115783798354,23.43654054054054,20.94054054054054
0.19499999999999973,0.08499999999999991,0.5,400,0.8109189189189189,23.904216216216216,29.477936275163312,23.884864864864866,20.335135135135136
0.19499999999999973,0.0799999999999999,0.5,400,0.8246486486486486,24.618054054054053,29.85277923439958,24.60010810810811,18.7027027027027
0.19499999999999973,0.0749999999999999,0.5,400,0.8995675675675676,26.499243243243242,29.457757481071987,26.480216216216217,11.427027027027027
0.19499999999999973,0.0699999999999999,0.5,400,0.9381621621621622,27.860972972972974,29.697395713297993,27.84518918918919,7.491891891891892
0.19499999999999973,0.06499999999999989,0.5,400,0.9883243243243244,30.090594594594595,30.446073069350252,30.07816216216216,2.1837837837837837
0.19499999999999973,0.05999999999999989,0.5,400,1.007891891891892,31.52627027027027,31.279416496835783,31.517945945945947,0.0
0.19499999999999973,0.05499999999999988,0.5,400,1.0077837837837837,32.3625945945946,32.11263677322463,32.35427027027027,0.0
0.19499999999999973,0.04999999999999988,0.5,400,1.0083243243243243,33.12789189189189,32.85440120081484,33.11891891891892,0.0
0.19499999999999973,0.04499999999999987,0.5,400,1.007891891891892,33.96313513513513,33.69720047195109,33.955243243243245,0.0
0.19499999999999973,0.03999999999999987,0.5,400,1.0087567567567568,34.760216216216214,34.458471760797345,34.75102702702703,0.0
0.19499999999999973,0.034999999999999865,0.5,400,1.0073513513513515,35.67243243243243,35.41210560206053,35.664972972972976,0.0
0.19499999999999973,0.02999999999999986,0.5,400,1.0083243243243243,36.54832432432433,36.24659590436367,36.539675675675674,0.0
0.19499999999999973,0.024999999999999856,0.5,400,1.0062702702702702,37.3174054054054,37.08487322733133,37.31113513513513,0.0
0.19499999999999973,0.01999999999999985,0.5,400,1.0077837837837837,38.152324324324326,37.85764857326754,38.14410810810811,0.0
0.19499999999999973,0.014999999999999847,0.5,400,1.0067027027027027,38.89664864864865,38.637671821305844,38.88972972972973,0.0
0.19499999999999973,0.009999999999999842,0.5,400,1.0062702702702702,39.70994594594595,39.462505371723246,39.70356756756757,0.0
0.19499999999999973,0.004999999999999838,0.5,400,1.003891891891892,40.398162162162166,40.24154641395649,40.39427027027027,0.0
0.18999999999999972,0.2,0.5,400,0.004972972972972973,0.005189189189189189,1.0434782608695652,0.0033513513513513515,99.68648648648649
0.18999999999999972,0.195,0.5,400,0.005081081081081081,0.005297297297297297,1.0425531914893618,0.0034594594594594594,99.67567567567568
0.18999999999999972,0.19,0.5,400,0.008324324324324324,0.025405405405405406,3.051948051948052,0.023567567567567567,99.35135135135135
0.18999999999999972,0.185,0.5,400,0.07816216216216217,0.798918918918919,10.221300138312586,0.7966486486486486,92.41081081081082
0.18999999999999972,0.18,0.5,400,0.1281081081081081,1.5551351351351352,12.139240506329115,1.5530810810810811,87.3945945945946
0.18999999999999972,0.175,0.5,400,0.1544864864864865,2.0624864864864865,13.350594821553534,2.0605405405405404,84.74594594594595
0.18999999999999972,0.16999999999999998,0.5,400,0.1877837837837838,2.6423783783783783,14.071387449625792,2.6403243243243244,81.42702702702702
0.18999999999999972,0.16499999999999998,0.5,400,0.248,3.670918918918919,14.802092414995641,3.668432432432432,75.44864864864864
0.18999999999999972,0.15999999999999998,0.5,400,0.32994594594594595,5.2683243243243245,15.967234600262124,5.264972972972973,67.26486486486486
0.18999999999999972,0.15499999999999997,0.5,400,0.4078918918918919,8.732,21.407633183143385,8.728108108108108,59.58918918918919
0.18999999999999972,0.14999999999999997,0.5,400,0.6322162162162163,15.030810810810811,23.774794801641587,15.02572972972973,37.27567567567568
0.18999999999999972,0.14499999999999996,0.5,400,0.6701621621621622,16.284972972972973,24.300048394902404,16.277513513513515,33.6
0.18999999999999972,0.13999999999999996,0.5,400,0.6820540540540541,16.997945945945947,24.92169915993026,16.98745945945946,32.57297297297297
0.18999999999999972,0.13499999999999995,0.5,400,0.7262702702702702,18.49837837837838,25.47037808871688,18.492432432432434,27.913513513513514
0.18999999999999972,0.12999999999999995,0.5,400,0.732,19.23772972972973,26.281051543346624,19.23037837837838,27.427027027027027
0.18999999999999972,0.12499999999999994,0.5,400,0.731027027027027,19.659675675675675,26.893226855959774,19.652864864864863,27.45945945945946
0.18999999999999972,0.11999999999999994,0.5,400,0.7351351351351352,20.050594594594596,27.27470588235294,20.042378378378377,27.18918918918919
0.18999999999999972,0.11499999999999994,0.5,400,0.7352432432432432,20.412864864864865,27.763417144537566,20.405837837837836,27.156756756756756
0.18999999999999972,0.10999999999999993,0.5,400,0.7396756756756757,20.83491891891892,28.167641040631395,20.82572972972973,26.81081081081081
0.18999999999999972,0.10499999999999993,0.5,400,0.7446486486486487,21.252108108108107,28.53977932636469,21.24464864864865,26.248648648648647
0.18999999999999972,0.09999999999999992,0.5,400,0.7623783783783784,21.89664864864865,28.721497447532617,21.887243243243244,24.616216216216216
0.18999999999999972,0.09499999999999992,0.5,400,0.7937297297297298,22.848972972972973,28.786842822119315,22.842054054054053,21.275675675675675
0.18999999999999972,0.08999999999999991,0.5,400,0.7996756756756757,23.239675675675677,29.061376233608218,23.229513513513513,21.037837837837838
0.18999999999999972,0.08499999999999991,0.5,400,0.8107027027027027,23.703135135135135,29.237765035338047,23.686702702702704,20.36756756756757
0.18999999999999972,0.0799999999999999,0.5,400,0.8214054054054054,24.334054054054054,29.62490128981311,24.316216216216215,19.243243243243242
0.18999999999999972,0.0749999999999999,0.5,400,0.8961081081081081,26.233297297297298,29.27470141150923,26.214486486486486,11.772972972972973
0.18999999999999972,0.0699999999999999,0.5,400,0.9318918918918919,27.568,29.582830626450114,27.549297297297297,8.151351351351352
0.18999999999999972,0.06499999999999989,0.5,400,0.9912432432432432,30.01362162162162,30.278765405169594,30.0012972972973,2.0324324324324325
0.18999999999999972,0.05999999999999989,0.5,400,1.0075675675675675,31.287243243243243,31.052253218884122,31.279243243243243,0.0
0.18999999999999972,0.05499999999999988,0.5,400,1.006918918918919,32.15210810810811,31.9311788705175,32.144864864864864,0.0
0.18999999999999972,0.04999999999999988,0.5,400,1.008,32.92562162162162,32.66430716430717,32.91751351351351,0.0
0.18999999999999972,0.04499999999999987,0.5,400,1.007891891891892,33.706918918918916,33.44299045371662,33.69816216216216,0.0
0.18999999999999972,0.03999999999999987,0.5,400,1.0061621621621621,34.55091891891892,34.33931449446653,34.54443243243243,0.0
0.18999999999999972,0.034999999999999865,0.5,400,1.0077837837837837,35.395675675675676,35.12229135378674,35.38778378378378,0.0
0.18999999999999972,0.02999999999999986,0.5,400,1.0072432432432432,36.21113513513514,35.95073521519802,36.203783783783784,0.0
0.18999999999999972,0.024999999999999856,0.5,400,1.0073513513513515,37.086486486486486,36.8158403090792,37.07913513513513,0.0
0.18999999999999972,0.01999999999999985,0.5,400,1.0056216216216216,37.92637837837838,37.71436250268759,37.92075675675676,0.0
0.18999999999999972,0.014999999999999847,0.5,400,1.0063783783783784,38.777297297297295,38.53152862820926,38.77081081081081,0.0
0.18999999999999972,0.009999999999999842,0.5,400,1.004972972972973,39.5052972972973,39.30981067125646,39.50021621621622,0.0
0.18999999999999972,0.004999999999999838,0.5,400,1.005081081081081,40.26216216216216,40.05862106055717,40.256864864864866,0.0
0.18499999999999972,0.2,0.5,400,0.004972972972972973,0.005189189189189189,1.0434782608695652,0.0033513513513513515,99.68648648648649
0.18499999999999972,0.195,0.5,400,0.004972972972972973,0.005189189189189189,1.0434782608695652,0.0033513513513513515,99.68648648648649
0.18499999999999972,0.19,0.5,400,0.005189189189189189,0.005405405405405406,1.0416666666666667,0.0035675675675675674,99.66486486486487
0.18499999999999972,0.185,0.5,400,0.012108108108108109,0.059243243243243246,4.892857142857143,0.057297297297297295,98.98378378378378
0.18499999999999972,0.18,0.5,400,0.08259459459459459,0.8984864864864864,10.8782722513089,0.8966486486486487,91.92432432432433
0.18499999999999972,0.175,0.5,400,0.13124324324324324,1.6472432432432433,12.551070840197694,1.645081081081081,87.09189189189189
0.18499999999999972,0.16999999999999998,0.5,400,0.15675675675675677,2.1621621621621623,13.793103448275861,2.1603243243243244,84.5081081081081
0.18499999999999972,0.16499999999999998,0.5,400,0.19816216216216218,2.8545945945945945,14.405346426623023,2.852324324324324,80.41081081081082
0.18499999999999972,0.15999999999999998,0.5,400,0.2568648648648649,3.9434594594594596,15.352272727272727,3.941081081081081,74.55135135135136
0.18499999999999972,0.15499999999999997,0.5,400,0.34075675675675676,5.637081081081081,16.54282994923858,5.634918918918919,66.14054054054054
0.18499999999999972,0.14999999999999997,0.5,400,0.45113513513513515,10.674054054054054,23.660436137071652,10.66918918918919,55.351351351351354
0.18499999999999972,0.14499999999999996,0.5,400,0.663027027027027,15.906162162162163,23.990216859611934,15.900108108108109,34.270270270270274
0.18499999999999972,0.13999999999999996,0.5,400,0.6704864864864865,16.512756756756758,24.62802321831667,16.505513513513513,33.556756756756755
0.18499999999999972,0.13499999999999995,0.5,400,0.6875675675675675,17.42464864864865,25.34245283018868,17.416432432432433,31.9027027027027
0.18499999999999972,0.12999999999999995,0.5,400,0.7313513513513513,18.829405405405407,25.746045824094605,18.82281081081081,27.491891891891893
0.18499999999999972,0.12499999999999994,0.5,400,0.7341621621621621,19.40843243243243,26.43616551317921,19.401297297297297,27.232432432432432
0.18499999999999972,0.11999999999999994,0.5,400,0.7331891891891892,19.837297297297297,27.056178118549102,19.829513513513515,27.394594594594594
0.18499999999999972,0.11499999999999994,0.5,400,0.7352432432432432,20.214594594594594,27.493750918982503,20.20572972972973,27.254054054054055
0.18499999999999972,0.10999999999999993,0.5,400,0.737945945945946,20.603567567567566,27.920158218576034,20.596864864864866,26.864864864864863
0.18499999999999972,0.10499999999999993,0.5,400,0.7407567567567568,21.02681081081081,28.385580852305896,21.01989189189189,26.594594594594593
0.18499999999999972,0.09999999999999992,0.5,400,0.7448648648648649,21.475675675675674,28.831640058055154,21.469081081081082,26.12972972972973
0.18499999999999972,0.09499999999999992,0.5,400,0.784972972972973,22.481189189189188,28.639443602809532,22.471027027027027,22.335135135135136
0.18499999999999972,0.08999999999999991,0.5,400,0.7991351351351351,23.079027027027028,28.88000541125541,23.068972972972972,21.05945945945946
0.18499999999999972,0.08499999999999991,0.5,400,0.8109189189189189,23.531567567567567,29.018397546993736,23.515135135135136,20.37837837837838
0.18499999999999972,0.0799999999999999,0.5,400,0.8197837837837838,24.207243243243244,29.528814453382566,24.18681081081081,19.427027027027027
0.18499999999999972,0.0749999999999999,0.5,400,0.8744864864864865,25.679567567567567,29.365310916058846,25.660864864864866,13.72972972972973
0.18499999999999972,0.0699999999999999,0.5,400,0.9281081081081081,27.245945945945945,29.356435643564357,27.228648648648647,8.594594594594595
0.18499999999999972,0.06499999999999989,0.5,400,0.9801081081081081,29.53610810810811,30.135561438341053,29.526486486486487,2.8864864864864863
0.18499999999999972,0.05999999999999989,0.5,400,1.008972972972973,31.134486486486487,30.85760205721633,31.124972972972973,0.0
0.18499999999999972,0.05499999999999988,0.5,400,1.008108108108108,32.00713513513514,31.74970509383378,31.99881081081081,0.0
0.18499999999999972,0.04999999999999988,0.5,400,1.006918918918919,32.731675675675675,32.506764011165984,32.72454054054054,0.0
0.18499999999999972,0.04499999999999987,0.5,400,1.0060540540540541,33.46648648648649,33.26509778637438,33.459783783783784,0.0
0.18499999999999972,0.03999999999999987,0.5,400,1.007891891891892,34.32237837837838,34.0536308055347,34.31437837837838,0.0
0.18499999999999972,0.034999999999999865,0.5,400,1.0073513513513515,35.234054054054056,34.9769263790513,35.2267027027027,0.0
0.18499999999999972,0.02999999999999986,0.5,400,1.0072432432432432,36.11459459459459,35.85488891274015,36.107351351351355,0.0
0.18499999999999972,0.024999999999999856,0.5,400,1.0082162162162163,36.92735135135135,36.62642075916792,36.91762162162162,0.0
0.18499999999999972,0.01999999999999985,0.5,400,1.0052972972972973,37.689837837837835,37.49123561673298,37.68443243243243,0.0
0.18499999999999972,0.014999999999999847,0.5,400,1.0072432432432432,38.50508108108108,38.228185038102396,38.49762162162162,0.0
0.18499999999999972,0.009999999999999842,0.5,400,1.0065945945945947,39.40562162162162,39.14745999355601,39.39859459459459,0.0
0.18499999999999972,0.004999999999999838,0.5,400,1.0061621621621621,40.085945945945944,39.84044267755453,40.079675675675674,0.0
0.17999999999999972,0.2,0.5,400,0.004972972972972973,0.005189189189189189,1.0434782608695652,0.0033513513513513515,99.68648648648649
0.17999999999999972,0.195,0.5,400,0.004972972972972973,0.005189189189189189,1.0434782608695652,0.0033513513513513515,99.68648648648649
0.17999999999999972,0.19,0.5,400,0.004972972972972973,0.005189189189189189,1.0434782608695652,0.0033513513513513515,99.68648648648649
0.17999999999999972,0.185,0.5,400,0.005297297297297297,0.005513513513513513,1.0408163265306123,0.0036756756756756758,99.65405405405406
0.17999999999999972,0.18,0.5,400,0.016756756756756756,0.10497297297297298,6.264516129032258,0.10302702702702703,98.51891891891891
0.17999999999999972,0.175,0.5,400,0.09297297297297297,1.0490810810810811,11.283720930232558,1.046918918918919,90.91891891891892
0.17999999999999972,0.16999999999999998,0.5,400,0.1362162162162162,1.7631351351351352,12.943650793650793,1.7608648648648648,86.6054054054054
0.17999999999999972,0.16499999999999998,0.5,400,0.15902702702702703,2.264648648648649,14.240652617267164,2.2624864864864866,84.31351351351351
0.17999999999999972,0.15999999999999998,0.5,400,0.2134054054054054,3.1225945945945948,14.632218844984802,3.1197837837837836,78.94054054054054
0.17999999999999972,0.15499999999999997,0.5,400,0.27156756756756756,4.273729729729729,15.737261146496815,4.271567567567567,73.05945945945946
0.17999999999999972,0.14999999999999997,0.5,400,0.35405405405405405,6.517621621621622,18.40854961832061,6.515135135135135,64.84324324324324
0.17999999999999972,0.14499999999999996,0.5,400,0.518918918918919,12.410486486486487,23.91604166666667,12.403783783783783,48.7027027027027
0.17999999999999972,0.13999999999999996,0.5,400,0.6677837837837838,16.158162162162164,24.19669742593492,16.15027027027027,33.84864864864865
0.17999999999999972,0.13499999999999995,0.5,400,0.6734054054054054,16.805513513513514,24.956012200995346,16.796108108108108,33.372972972972974
0.17999999999999972,0.12999999999999995,0.5,400,0.708972972972973,18.032864864864866,25.43519365660262,18.02508108108108,29.71891891891892
0.17999999999999972,0.12499999999999994,0.5,400,0.731027027027027,19.11243243243243,26.14463176574978,19.10745945945946,27.36216216216216
0.17999999999999972,0.11999999999999994,0.5,400,0.7315675675675676,19.60962162162162,26.80493571745234,19.603567567567566,27.372972972972974
0.17999999999999972,0.11499999999999994,0.5,400,0.7326486486486486,20.001081081081082,27.29969012837539,19.994594594594595,27.32972972972973
0.17999999999999972,0.10999999999999993,0.5,400,0.7357837837837837,20.395675675675676,27.719659124302087,20.387027027027028,27.113513513513514
0.17999999999999972,0.10499999999999993,0.5,400,0.7396756756756757,20.811783783783785,28.136363636363637,20.803675675675677,26.78918918918919
0.17999999999999972,0.09999999999999992,0.5,400,0.7435675675675676,21.27383783783784,28.61049723756906,21.26627027027027,26.37837837837838
0.17999999999999972,0.09499999999999992,0.5,400,0.7674594594594595,21.993945945945946,28.658120862093252,21.98345945945946,24.0972972972973
0.17999999999999972,0.08999999999999991,0.5,400,0.8016216216216216,22.893081081081082,28.558462575859743,22.881621621621623,20.94054054054054
0.17999999999999972,0.08499999999999991,0.5,400,0.8082162162162162,23.354486486486486,28.89633493846977,23.338486486486488,20.497297297297298
0.17999999999999972,0.0799999999999999,0.5,400,0.8158918918918919,23.93827027027027,29.340002650059628,23.924972972972974,19.589189189189188
0.17999999999999972,0.0749999999999999,0.5,400,0.8678918918918919,25.359783783783783,29.219980069755856,25.34518918918919,14.41081081081081
0.17999999999999972,0.0699999999999999,0.5,400,0.9217297297297298,27.034054054054053,29.329697396199858,27.016972972972972,8.94054054054054
0.17999999999999972,0.06499999999999989,0.5,400,0.9868108108108108,29.35081081081081,29.743098159509202,29.340324324324325,2.281081081081081
0.17999999999999972,0.05999999999999989,0.5,400,1.0057297297297296,30.855243243243244,30.679458239277654,30.846702702702704,0.2594594594594595
0.17999999999999972,0.05499999999999988,0.5,400,1.007027027027027,31.775243243243242,31.553515834675256,31.767891891891892,0.0
0.17999999999999972,0.04999999999999988,0.5,400,1.006918918918919,32.511783783783784,32.28838307923556,32.50464864864865,0.0
0.17999999999999972,0.04499999999999987,0.5,400,1.0072432432432432,33.30345945945946,33.06396908876248,33.296216216216216,0.0
0.17999999999999972,0.03999999999999987,0.5,400,1.006810810810811,34.15708108108108,33.926017395039196,34.1494054054054,0.0
0.17999999999999972,0.034999999999999865,0.5,400,1.0073513513513515,35.030702702702705,34.775059025541964,35.023135135135135,0.0
0.17999999999999972,0.02999999999999986,0.5,400,1.0074594594594595,35.90572972972973,35.6398755231248,35.898162162162166,0.0
0.17999999999999972,0.024999999999999856,0.5,400,1.0073513513513515,36.74735135135135,36.47918008156257,36.74,0.0
0.17999999999999972,0.01999999999999985,0.5,400,1.007027027027027,37.62043243243243,37.357917337627484,37.6134054054054,0.0
0.17999999999999972,0.014999999999999847,0.5,400,1.0067027027027027,38.27437837837838,38.01954467353952,38.267675675675676,0.0
0.17999999999999972,0.009999999999999842,0.5,400,1.0060540540540541,39.10908108108108,38.87373737373738,39.10281081081081,0.0
0.17999999999999972,0.004999999999999838,0.5,400,1.0057297297297296,39.902594594594596,39.67526604321187,39.89686486486487,0.0
0.1749999999999997,0.2,0.5,400,0.004972972972972973,0.005189189189189189,1.0434782608695652,0.0033513513513513515,99.68648648648649
0.1749999999999997,0.195,0.5,400,0.004972972972972973,0.005189189189189189,1.0434782608695652,0.0033513513513513515,99.68648648648649
0.1749999999999997,0.19,0.5,400,0.004972972972972973,0.005189189189189189,1.0434782608695652,0.0033513513513513515,99.68648648648649
0.1749999999999997,0.185,0.5,400,0.004972972972972973,0.005189189189189189,1.0434782608695652,0.0033513513513513515,99.68648648648649
0.1749999999999997,0.18,0.5,400,0.005513513513513513,0.0058378378378378375,1.0588235294117647,0.004,99.63243243243244
0.1749999999999997,0.175,0.5,400,0.02108108108108108,0.1615135135135135,7.661538461538462,0.15956756756756757,98.08648648648649
0.1749999999999997,0.16999999999999998,0.5,400,0.09524324324324324,1.1023783783783785,11.574347332576618,1.1002162162162161,90.69189189189188
0.1749999999999997,0.16499999999999998,0.5,400,0.14064864864864865,1.880864864864865,13.372790161414297,1.8785945945945945,86.16216216216216
0.1749999999999997,0.15999999999999998,0.5,400,0.16475675675675674,2.385945945945946,14.481627296587927,2.383783783783784,83.74054054054054
0.1749999999999997,0.15499999999999997,0.5,400,0.23005405405405405,3.4685405405405407,15.077067669172932,3.4657297297297296,77.27567567567567
0.1749999999999997,0.14999999999999997,0.5,400,0.28886486486486485,4.691027027027027,16.239520958083833,4.688864864864865,71.32972972972973
0.1749999999999997,0.14499999999999996,0.5,400,0.37632432432432433,8.211351351351352,21.8198793450158,8.206594594594595,62.821621621621624
0.1749999999999997,0.13999999999999996,0.5,400,0.5782702702702702,13.93664864864865,24.100579547578988,13.930810810810812,42.72432432432432
0.1749999999999997,0.13499999999999995,0.5,400,0.6682162162162162,16.430162162162162,24.588092541659925,16.422054054054055,33.78378378378378
0.1749999999999997,0.12999999999999995,0.5,400,0.6782702702702703,17.17772972972973,25.32578897035384,17.17016216216216,32.75675675675676
0.1749999999999997,0.12499999999999994,0.5,400,0.7267027027027027,18.643675675675677,25.6551621541208,18.63827027027027,27.85945945945946
0.1749999999999997,0.11999999999999994,0.5,400,0.7314594594594594,19.348864864864865,26.452409104345257,19.341945945945945,27.481081081081083
0.1749999999999997,0.11499999999999994,0.5,400,0.7338378378378378,19.793837837837838,26.973040659988214,19.785945945945947,27.36216216216216
0.1749999999999997,0.10999999999999993,0.5,400,0.7348108108108108,20.198702702702704,27.488303663380904,20.1907027027027,27.275675675675675
0.1749999999999997,0.10499999999999993,0.5,400,0.7362162162162162,20.585837837837836,27.961674008810572,20.578702702702703,27.07027027027027
0.1749999999999997,0.09999999999999992,0.5,400,0.7408648648648649,21.02216216216216,28.375164161681017,21.013297297297296,26.713513513513515
0.1749999999999997,0.09499999999999992,0.5,400,0.746054054054054,21.498162162162163,28.815823793653095,21.49145945945946,26.021621621621623
0.1749999999999997,0.08999999999999991,0.5,400,0.7936216216216216,22.615567567567567,28.49666258002997,22.604,21.664864864864864
0.1749999999999997,0.08499999999999991,0.5,400,0.8057297297297298,23.15783783783784,28.741446397423857,23.14518918918919,20.55135135135135
0.1749999999999997,0.0799999999999999,0.5,400,0.8165405405405406,23.735027027027026,29.067787634052696,23.721513513513514,19.56756756756757
0.1749999999999997,0.0749999999999999,0.5,400,0.8491891891891892,24.831567567567568,29.241502227880332,24.81362162162162,16.443243243243245
0.1749999999999997,0.0699999999999999,0.5,400,0.9112432432432432,26.673837837837837,29.271918377031675,26.658270270270272,9.978378378378379
0.1749999999999997,0.06499999999999989,0.5,400,0.9812972972972973,28.940972972972972,29.492563622342182,28.926486486486485,2.962162162162162
0.1749999999999997,0.05999999999999989,0.5,400,1.008,30.680108108108108,30.436615186615185,30.671783783783784,0.0
0.1749999999999997,0.05499999999999988,0.5,400,1.0064864864864864,31.462162162162162,31.2593984962406,31.45545945945946,0.0
0.1749999999999997,0.04999999999999988,0.5,400,1.0060540540540541,32.36010810810811,32.165377176015475,32.35383783783784,0.0
0.1749999999999997,0.04499999999999987,0.5,400,1.006810810810811,33.12994594594595,32.90583055943305,33.12291891891892,0.0
0.1749999999999997,0.03999999999999987,0.5,400,1.007027027027027,33.93891891891892,33.70209339774557,33.931135135135136,0.0
0.1749999999999997,0.034999999999999865,0.5,400,1.0072432432432432,34.86648648648649,34.61575614468176,34.859027027027025,0.0
0.1749999999999997,0.02999999999999986,0.5,400,1.0062702702702702,35.70205405405405,35.47958745165449,35.695567567567565,0.0
0.1749999999999997,0.024999999999999856,0.5,400,1.0058378378378379,36.53308108108108,36.32104471195185,36.52724324324324,0.0
0.1749999999999997,0.01999999999999985,0.5,400,1.0065945945945947,37.335675675675674,37.091075072494895,37.32908108108108,0.0
0.1749999999999997,0.014999999999999847,0.5,400,1.0067027027027027,38.083351351351354,37.82978951890034,38.07654054054054,0.0
0.1749999999999997,0.009999999999999842,0.5,400,1.0058378378378379,38.817945945945944,38.59264832330181,38.812108108108106,0.0
0.1749999999999997,0.004999999999999838,0.5,400,1.0064864864864864,39.700648648648645,39.444790547798064,39.69394594594595,0.0
0.1699999999999997,0.2,0.5,400,0.004972972972972973,0.005189189189189189,1.0434782608695652,0.0033513513513513515,99.68648648648649
0.1699999999999997,0.195,0.5,400,0.004972972972972973,0.005189189189189189,1.0434782608695652,0.0033513513513513515,99.68648648648649
0.1699999999999997,0.19,0.5,400,0.004972972972972973,0.005189189189189189,1.0434782608695652,0.0033513513513513515,99.68648648648649
0.1699999999999997,0.185,0.5,400,0.004972972972972973,0.005189189189189189,1.0434782608695652,0.0033513513513513515,99.68648648648649
0.1699999999999997,0.18,0.5,400,0.004972972972972973,0.005189189189189189,1.0434782608695652,0.0033513513513513515,99.68648648648649
0.1699999999999997,0.175,0.5,400,0.005513513513513513,0.0058378378378378375,1.0588235294117647,0.004,99.63243243243244
0.1699999999999997,0.16999999999999998,0.5,400,0.025837837837837836,0.2214054054054054,8.569037656903765,0.21956756756756757,97.6
0.1699999999999997,0.16499999999999998,0.5,400,0.09924324324324324,1.2204324324324325,12.297385620915033,1.2182702702702704,90.2918918918919
0.1699999999999997,0.15999999999999998,0.5,400,0.14248648648648649,1.9821621621621621,13.91122913505311,1.9802162162162162,85.94594594594595
0.1699999999999997,0.15499999999999997,0.5,400,0.16983783783783785,2.5404324324324326,14.957988542329726,2.538162162162162,83.24324324324324
0.1699999999999997,0.14999999999999997,0.5,400,0.236,3.6832432432432434,15.606962895098489,3.680972972972973,76.62702702702703
0.1699999999999997,0.14499999999999996,0.5,400,0.3172972972972973,5.487675675675676,17.295059625212946,5.4850810810810815,68.51891891891891
0.1699999999999997,0.13999999999999996,0.5,400,0.4184864864864865,9.790378378378378,23.3947300439163,9.784324324324324,58.68108108108108
0.1699999999999997,0.13499999999999995,0.5,400,0.6410810810810811,15.530702702702703,24.225801011804386,15.522486486486487,36.486486486486484
0.1699999999999997,0.12999999999999995,0.5,400,0.6695135135135135,16.691783783783784,24.93121265945422,16.68335135135135,33.70810810810811
0.1699999999999997,0.12499999999999994,0.5,400,0.6850810810810811,17.539459459459458,25.602019883225502,17.533081081081082,32.043243243243246
0.1699999999999997,0.11999999999999994,0.5,400,0.7297297297297297,18.98162162162162,26.01185185185185,18.975675675675674,27.545945945945945
0.1699999999999997,0.11499999999999994,0.5,400,0.7315675675675676,19.555027027027027,26.730308851780702,19.548324324324323,27.44864864864865
0.1699999999999997,0.10999999999999993,0.5,400,0.7331891891891892,19.97156756756757,27.239309938071365,19.96389189189189,27.34054054054054
0.1699999999999997,0.10499999999999993,0.5,400,0.736,20.36691891891892,27.672444183313747,20.358054054054055,27.145945945945947
0.1699999999999997,0.09999999999999992,0.5,400,0.7405405405405405,20.800540540540542,28.088321167883212,20.792864864864864,26.7027027027027
0.1699999999999997,0.09499999999999992,0.5,400,0.7442162162162163,21.247243243243243,28.54982568274259,21.24043243243243,26.237837837837837
0.1699999999999997,0.08999999999999991,0.5,400,0.7708108108108108,22.04410810810811,28.598597475455822,22.03372972972973,23.89189189189189
0.1699999999999997,0.08499999999999991,0.5,400,0.8024864864864865,22.946054054054056,28.59369527145359,22.933513513513514,20.854054054054053
0.1699999999999997,0.0799999999999999,0.5,400,0.8156756756756757,23.54681081081081,28.867859509609012,23.529513513513514,19.816216216216215
0.1699999999999997,0.0749999999999999,0.5,400,0.8418378378378378,24.49545945945946,29.097598561705407,24.47654054054054,17.264864864864865
0.1699999999999997,0.0699999999999999,0.5,400,0.9092972972972972,26.413621621621623,29.048389014385922,26.40183783783784,10.097297297297297
0.1699999999999997,0.06499999999999989,0.5,400,0.9735135135135136,28.557297297297296,29.33425874514159,28.544864864864866,3.772972972972973
0.1699999999999997,0.05999999999999989,0.5,400,1.0063783783783784,30.368108108108107,30.17563648082501,30.360432432432432,0.08648648648648649
0.1699999999999997,0.05499999999999988,0.5,400,1.0059459459459459,31.34572972972973,31.16045137023106,31.339783783783783,0.0
0.1699999999999997,0.04999999999999988,0.5,400,1.0067027027027027,32.08810810810811,31.874463058419245,32.08118918918919,0.0
0.1699999999999997,0.04499999999999987,0.5,400,1.0073513513513515,32.90854054054054,32.668383773341915,32.900864864864865,0.0
0.1699999999999997,0.03999999999999987,0.5,400,1.0071351351351352,33.728,33.48905109489051,33.72064864864865,0.0
0.1699999999999997,0.034999999999999865,0.5,400,1.0072432432432432,34.55816216216216,34.30964902865729,34.55016216216216,0.0
0.1699999999999997,0.02999999999999986,0.5,400,1.0067027027027027,35.492108108108106,35.25579896907217,35.4852972972973,0.0
0.1699999999999997,0.024999999999999856,0.5,400,1.008,36.35567567567568,36.067138567138564,36.34745945945946,0.0
0.1699999999999997,0.01999999999999985,0.5,400,1.006810810810811,37.128864864864866,36.87769784172662,37.121945945945946,0.0
0.1699999999999997,0.014999999999999847,0.5,400,1.0061621621621621,37.931243243243244,37.69893628451703,37.924972972972974,0.0
0.1699999999999997,0.009999999999999842,0.5,400,1.0057297297297296,38.66281081081081,38.44254541545738,38.65697297297297,0.0
0.1699999999999997,0.004999999999999838,0.5,400,1.0063783783783784,39.4107027027027,39.160919540229884,39.40432432432432,0.0
0.1649999999999997,0.2,0.5,400,0.004972972972972973,0.005189189189189189,1.0434782608695652,0.0033513513513513515,99.68648648648649
0.1649999999999997,0.195,0.5,400,0.004972972972972973,0.005189189189189189,1.0434782608695652,0.0033513513513513515,99.68648648648649
0.1649999999999997,0.19,0.5,400,0.004972972972972973,0.005189189189189189,1.0434782608695652,0.0033513513513513515,99.68648648648649
0.1649999999999997,0.185,0.5,400,0.004972972972972973,0.005189189189189189,1.0434782608695652,0.0033513513513513515,99.68648648648649
0.1649999999999997,0.18,0.5,400,0.004972972972972973,0.005189189189189189,1.0434782608695652,0.0033513513513513515,99.68648648648649
0.1649999999999997,0.175,0.5,400,0.004972972972972973,0.005189189189189189,1.0434782608695652,0.0033513513513513515,99.68648648648649
0.1649999999999997,0.16999999999999998,0.5,400,0.005513513513513513,0.0058378378378378375,1.0588235294117647,0.004,99.63243243243244
0.1649999999999997,0.16499999999999998,0.5,400,0.02972972972972973,0.2744864864864865,9.232727272727272,0.27254054054054055,97.22162162162162
0.1649999999999997,0.15999999999999998,0.5,400,0.10605405405405405,1.334918918918919,12.587155963302752,1.3327567567567569,89.6108108108108
0.1649999999999997,0.15499999999999997,0.5,400,0.14356756756756756,2.0714594594594593,14.428463855421686,2.0695135135135136,85.83783783783784
0.1649999999999997,0.14999999999999997,0.5,400,0.17632432432432432,2.6754594594594594,15.173513182096872,2.673189189189189,82.5945945945946
0.1649999999999997,0.14499999999999996,0.5,400,0.24551351351351353,3.9566486486486485,16.11580801409071,3.9543783783783786,75.67567567567568
0.1649999999999997,0.13999999999999996,0.5,400,0.33232432432432435,6.396432432432433,19.247560182173064,6.393621621621621,67.04864864864865
0.1649999999999997,0.13499999999999995,0.5,400,0.4587027027027027,11.115135135135136,24.231675701154842,11.107783783783784,54.71351351351351
0.1649999999999997,0.12999999999999995,0.5,400,0.6648648648648648,16.254378378378377,24.447642276422766,16.245513513513515,34.1945945945946
0.1649999999999997,0.12499999999999994,0.5,400,0.6708108108108108,16.952,25.270910556003223,16.94518918918919,33.47027027027027
0.1649999999999997,0.11999999999999994,0.5,400,0.7092972972972973,18.221621621621622,25.689681450998325,18.216432432432434,29.56756756756757
0.1649999999999997,0.11499999999999994,0.5,400,0.7322162162162162,19.279567567567568,26.330429647128305,19.274162162162163,27.286486486486485
0.1649999999999997,0.10999999999999993,0.5,400,0.7313513513513513,19.73027027027027,26.97782705099778,19.723243243243243,27.45945945945946
0.1649999999999997,0.10499999999999993,0.5,400,0.7327567567567568,20.153513513513513,27.503688403658895,20.146918918918917,27.36216216216216
0.1649999999999997,0.09999999999999992,0.5,400,0.7395675675675676,20.559675675675674,27.79959070311358,20.548864864864864,26.983783783783785
0.1649999999999997,0.09499999999999992,0.5,400,0.7407567567567568,21.015135135135136,28.369819030939873,21.007459459459458,26.594594594594593
0.1649999999999997,0.08999999999999991,0.5,400,0.7556756756756757,21.585837837837836,28.564949928469243,21.576864864864866,25.264864864864865
0.1649999999999997,0.08499999999999991,0.5,400,0.7978378378378378,22.678594594594596,28.425067750677506,22.665837837837838,21.286486486486485
0.1649999999999997,0.0799999999999999,0.5,400,0.8147027027027027,23.316864864864865,28.620090233545646,23.29945945945946,20.032432432432433
0.1649999999999997,0.0749999999999999,0.5,400,0.832972972972973,24.166810810810812,29.012719013627514,24.153405405405405,17.85945945945946
0.1649999999999997,0.0699999999999999,0.5,400,0.9131891891891892,26.244972972972974,28.739907659524093,26.232216216216216,9.816216216216215
0.1649999999999997,0.06499999999999989,0.5,400,0.9768648648648649,28.330486486486485,29.001438689685703,28.315351351351353,3.545945945945946
0.1649999999999997,0.05999999999999989,0.5,400,1.0074594594594595,30.15643243243243,29.93314733340487,30.148,0.08648648648648649
0.1649999999999997,0.05499999999999988,0.5,400,1.0059459459459459,31.16162162162162,30.97743148844707,31.155567567567566,0.0
0.1649999999999997,0.04999999999999988,0.5,400,1.0061621621621621,31.915567567567567,31.720103148168047,31.909405405405405,0.0
0.1649999999999997,0.04499999999999987,0.5,400,1.0075675675675675,32.791243243243244,32.544957081545064,32.78313513513513,0.0
0.1649999999999997,0.03999999999999987,0.5,400,1.0060540540540541,33.575135135135135,33.373092628411776,33.56897297297297,0.0
0.1649999999999997,0.034999999999999865,0.5,400,1.0067027027027027,34.36745945945946,34.1386383161512,34.35989189189189,0.0
0.1649999999999997,0.02999999999999986,0.5,400,1.0065945945945947,35.3092972972973,35.077972290838794,35.302594594594595,0.0
0.1649999999999997,0.024999999999999856,0.5,400,1.0055135135135136,36.154378378378375,35.95613374905924,36.14832432432432,0.0
0.1649999999999997,0.01999999999999985,0.5,400,1.0063783783783784,36.90054054054054,36.666666666666664,36.89405405405405,0.0
0.1649999999999997,0.014999999999999847,0.5,400,1.006918918918919,37.691135135135134,37.43214515782693,37.683567567567565,0.0
0.1649999999999997,0.009999999999999842,0.5,400,1.0073513513513515,38.43762162162162,38.157115260785574,38.43016216216216,0.0
0.1649999999999997,0.004999999999999838,0.5,400,1.0060540540540541,39.14064864864865,38.90511497958307,39.134594594594596,0.0
0.1599999999999997,0.2,0.5,400,0.004972972972972973,0.005189189189189189,1.0434782608695652,0.0033513513513513515,99.68648648648649
0.1599999999999997,0.195,0.5,400,0.004972972972972973,0.005189189189189189,1.0434782608695652,0.0033513513513513515,99.68648648648649
0.1599999999999997,0.19,0.5,400,0.004972972972972973,0.005189189189189189,1.0434782608695652,0.0033513513513513515,99.68648648648649
0.1599999999999997,0.185,0.5,400,0.004972972972972973,0.005189189189189189,1.0434782608695652,0.0033513513513513515,99.68648648648649
0.1599999999999997,0.18,0.5,400,0.004972972972972973,0.005189189189189189,1.0434782608695652,0.0033513513513513515,99.68648648648649
0.1599999999999997,0.175,0.5,400,0.004972972972972973,0.005189189189189189,1.0434782608695652,0.0033513513513513515,99.68648648648649
0.1599999999999997,0.16999999999999998,0.5,400,0.004972972972972973,0.005189189189189189,1.0434782608695652,0.0033513513513513515,99.68648648648649
0.1599999999999997,0.16499999999999998,0.5,400,0.005621621621621622,0.005945945945945946,1.0576923076923077,0.0041081081081081085,99.62162162162163
0.1599999999999997,0.15999999999999998,0.5,400,0.037513513513513515,0.37394594594594593,9.968299711815561,0.3721081081081081,96.43243243243244
0.1599999999999997,0.15499999999999997,0.5,400,0.11167567567567567,1.4658378378378378,13.125847047434656,1.4636756756756757,89.04864864864865
0.1599999999999997,0.14999999999999997,0.5,400,0.1494054054054054,2.2135135135135133,14.81548480463097,2.2115675675675677,85.25405405405405
0.1599999999999997,0.14499999999999996,0.5,400,0.18864864864864864,2.9657297297297296,15.720916905444126,2.963243243243243,81.38378378378378
0.1599999999999997,0.13999999999999996,0.5,400,0.2556756756756757,4.280432432432432,16.741649048625792,4.278054054054054,74.67027027027027
0.1599999999999997,0.13499999999999995,0.5,400,0.35621621621621624,7.8201081081081085,21.953262518968135,7.815783783783783,64.78918918918919
0.1599999999999997,0.12999999999999995,0.5,400,0.5218378378378379,12.660540540540541,24.261446032732547,12.652648648648649,48.454054054054055
0.1599999999999997,0.12499999999999994,0.5,400,0.6673513513513514,16.463783783783782,24.67033857119715,16.45664864864865,33.902702702702705
0.1599999999999997,0.11999999999999994,0.5,400,0.6755675675675675,17.17654054054054,25.42534805568891,17.16854054054054,33.12432432432433
0.1599999999999997,0.11499999999999994,0.5,400,0.7228108108108108,18.78572972972973,25.989829494466047,18.78108108108108,28.15135135135135
0.1599999999999997,0.10999999999999993,0.5,400,0.7304864864864865,19.496864864864865,26.69024715110256,19.490702702702702,27.491891891891893
0.1599999999999997,0.10499999999999993,0.5,400,0.7332972972972973,19.933513513513514,27.183399675659736,19.92627027027027,27.308108108108108
0.1599999999999997,0.09999999999999992,0.5,400,0.7364324324324324,20.343243243243244,27.624045801526716,20.33481081081081,27.05945945945946
0.1599999999999997,0.09499999999999992,0.5,400,0.7385945945945946,20.787567567567567,28.144759953161593,20.777729729729728,26.962162162162162
0.1599999999999997,0.08999999999999991,0.5,400,0.7437837837837837,21.226378378378378,28.538372093023256,21.21891891891892,26.302702702702703
0.1599999999999997,0.08499999999999991,0.5,400,0.783027027027027,22.207351351351353,28.36090017948364,22.195783783783785,22.8
0.1599999999999997,0.0799999999999999,0.5,400,0.8136216216216217,23.108864864864866,28.402471432367793,23.091243243243245,20.0972972972973
0.1599999999999997,0.0749999999999999,0.5,400,0.8257297297297297,23.865189189189188,28.901937680020946,23.8507027027027,18.65945945945946
0.1599999999999997,0.0699999999999999,0.5,400,0.9062702702702703,25.930054054054054,28.61183347250388,25.914918918918918,10.713513513513513
0.1599999999999997,0.06499999999999989,0.5,400,0.9700540540540541,27.979891891891892,28.84364203722278,27.968,4.064864864864865
0.1599999999999997,0.05999999999999989,0.5,400,1.004972972972973,29.840756756756758,29.693093803786574,29.832864864864863,0.2594594594594595
0.1599999999999997,0.05499999999999988,0.5,400,1.006810810810811,30.86691891891892,30.658112316117254,30.859783783783783,0.0
0.1599999999999997,0.04999999999999988,0.5,400,1.0052972972972973,31.714486486486486,31.547370685019896,31.70918918918919,0.0
0.1599999999999997,0.04499999999999987,0.5,400,1.0052972972972973,32.52962162162162,32.358210560275296,32.524324324324326,0.0
0.1599999999999997,0.03999999999999987,0.5,400,1.0059459459459459,33.3105945945946,33.11370231058571,33.304432432432435,0.0
0.1599999999999997,0.034999999999999865,0.5,400,1.007027027027027,34.29318918918919,34.053891572732155,34.286054054054055,0.0
0.1599999999999997,0.02999999999999986,0.5,400,1.0067027027027027,35.11535135135135,34.88155068728523,35.108,0.0
0.1599999999999997,0.024999999999999856,0.5,400,1.0064864864864864,35.9372972972973,35.70569280343717,35.93081081081081,0.0
0.1599999999999997,0.01999999999999985,0.5,400,1.0058378378378379,36.75275675675676,36.53944539982803,36.7465945945946,0.0
0.1599999999999997,0.014999999999999847,0.5,400,1.0059459459459459,37.51383783783784,37.29210102095647,37.50767567567568,0.0
0.1599999999999997,0.009999999999999842,0.5,400,1.0064864864864864,38.24162162162162,37.995166487647694,38.23502702702703,0.0
0.1599999999999997,0.004999999999999838,0.5,400,1.0047567567567568,38.99481081081081,38.81020012911556,38.98983783783784,0.0
0.1549999999999997,0.2,0.5,400,0.004972972972972973,0.005189189189189189,1.0434782608695652,0.0033513513513513515,99.68648648648649
0.1549999999999997,0.195,0.5,400,0.004972972972972973,0.005189189189189189,1.0434782608695652,0.0033513513513513515,99.68648648648649
0.1549999999999997,0.19,0.5,400,0.004972972972972973,0.005189189189189189,1.0434782608695652,0.0033513513513513515,99.68648648648649
0.1549999999999997,0.185,0.5,400,0.004972972972972973,0.005189189189189189,1.0434782608695652,0.0033513513513513515,99.68648648648649
0.1549999999999997,0.18,0.5,400,0.004972972972972973,0.005189189189189189,1.0434782608695652,0.0033513513513513515,99.68648648648649
0.1549999999999997,0.175,0.5,400,0.004972972972972973,0.005189189189189189,1.0434782608695652,0.0033513513513513515,99.68648648648649
0.1549999999999997,0.16999999999999998,0.5,400,0.004972972972972973,0.005189189189189189,1.0434782608695652,0.0033513513513513515,99.68648648648649
0.1549999999999997,0.16499999999999998,0.5,400,0.004972972972972973,0.005189189189189189,1.0434782608695652,0.0033513513513513515,99.68648648648649
0.1549999999999997,0.15999999999999998,0.5,400,0.005621621621621622,0.005945945945945946,1.0576923076923077,0.0041081081081081085,99.62162162162163
0.1549999999999997,0.15499999999999997,0.5,400,0.038378378378378375,0.38994594594594595,10.16056338028169,0.3881081081081081,96.34594594594594
0.1549999999999997,0.14999999999999997,0.5,400,0.11621621621621622,1.5803243243243243,13.598139534883721,1.5776216216216217,88.64864864864865
0.1549999999999997,0.14499999999999996,0.5,400,0.15632432432432433,2.3715675675675674,15.170816044260027,2.3692972972972974,84.5945945945946
0.1549999999999997,0.13999999999999996,0.5,400,0.20075675675675675,3.233945945945946,16.10877759827679,3.2315675675675677,80.16216216216216
0.1549999999999997,0.13499999999999995,0.5,400,0.2768648648648649,4.78572972972973,17.285435376805935,4.782810810810811,72.6054054054054
0.1549999999999997,0.12999999999999995,0.5,400,0.3657297297297297,8.73372972972973,23.880283771800176,8.728540540540541,63.924324324324324
0.1549999999999997,0.12499999999999994,0.5,400,0.5938378378378378,14.540216216216216,24.48516293464409,14.532864864864864,41.22162162162162
0.1549999999999997,0.11999999999999994,0.5,400,0.6690810810810811,16.81881081081081,25.13717886572952,16.812,33.67567567567568
0.1549999999999997,0.11499999999999994,0.5,400,0.6875675675675675,17.712972972972974,25.76179245283019,17.706594594594595,31.84864864864865
0.1549999999999997,0.10999999999999993,0.5,400,0.7281081081081081,19.139243243243243,26.28626577579807,19.134054054054054,27.654054054054054
0.1549999999999997,0.10499999999999993,0.5,400,0.7325405405405405,19.700324324324324,26.893152302243212,19.693081081081083,27.36216216216216
0.1549999999999997,0.09999999999999992,0.5,400,0.7342702702702703,20.12389189189189,27.406654888103652,20.115567567567567,27.264864864864865
0.1549999999999997,0.09499999999999992,0.5,400,0.7396756756756757,20.55610810810811,27.790704472376497,20.547783783783785,26.767567567567568
0.1549999999999997,0.08999999999999991,0.5,400,0.7425945945945946,21.011567567567567,28.294802736934052,21.003675675675677,26.518918918918917
0.1549999999999997,0.08499999999999991,0.5,400,0.7629189189189189,21.668324324324324,28.401870483208164,21.656972972972973,24.8
0.1549999999999997,0.0799999999999999,0.5,400,0.8095135135135135,22.84691891891892,28.223023504273506,22.83027027027027,20.475675675675674
0.1549999999999997,0.0749999999999999,0.5,400,0.824972972972973,23.643351351351352,28.659546586292752,23.62735135135135,18.843243243243244
0.1549999999999997,0.0699999999999999,0.5,400,0.9051891891891892,25.72843243243243,28.423265257374897,25.710702702702704,10.67027027027027
0.1549999999999997,0.06499999999999989,0.5,400,0.9655135135135136,27.70691891891892,28.696562534990484,27.694054054054053,4.616216216216216
0.1549999999999997,0.05999999999999989,0.5,400,1.006810810810811,29.60291891891892,29.402662944271448,29.594162162162164,0.17297297297297298
0.1549999999999997,0.05499999999999988,0.5,400,1.0056216216216216,30.543027027027026,30.37228552999355,30.537297297297297,0.0
0.1549999999999997,0.04999999999999988,0.5,400,1.004972972972973,31.442810810810812,31.28722030981067,31.43772972972973,0.0
0.1549999999999997,0.04499999999999987,0.5,400,1.0058378378378379,32.272216216216215,32.084909716251076,32.26627027027027,0.0
0.1549999999999997,0.03999999999999987,0.5,400,1.006810810810811,33.14410810810811,32.91989691828627,33.13708108108108,0.0
0.1549999999999997,0.034999999999999865,0.5,400,1.0057297297297296,34.06162162162162,33.86756960120391,34.055567567567564,0.0
0.1549999999999997,0.02999999999999986,0.5,400,1.0054054054054054,34.88854054054054,34.700967741935486,34.883027027027026,0.0
0.1549999999999997,0.024999999999999856,0.5,400,1.007891891891892,35.741081081081084,35.461224927598415,35.73308108108108,0.0
0.1549999999999997,0.01999999999999985,0.5,400,1.0054054054054054,36.563783783783784,36.36720430107527,36.55816216216216,0.0
0.1549999999999997,0.014999999999999847,0.5,400,1.0054054054054054,37.300756756756755,37.10021505376344,37.29524324324324,0.0
0.1549999999999997,0.009999999999999842,0.5,400,1.0056216216216216,37.97675675675676,37.76445925607396,37.971135135135135,0.0
0.1549999999999997,0.004999999999999838,0.5,400,1.0064864864864864,38.74162162162162,38.49194414607948,38.734702702702705,0.0
0.1499999999999997,0.2,0.5,400,0.004972972972972973,0.005189189189189189,1.0434782608695652,0.0033513513513513515,99.68648648648649
0.1499999999999997,0.195,0.5,400,0.004972972972972973,0.005189189189189189,1.0434782608695652,0.0033513513513513515,99.68648648648649
0.1499999999999997,0.19,0.5,400,0.004972972972972973,0.005189189189189189,1.0434782608695652,0.0033513513513513515,99.68648648648649
0.1499999999999997,0.185,0.5,400,0.004972972972972973,0.005189189189189189,1.0434782608695652,0.0033513513513513515,99.68648648648649
0.1499999999999997,0.18,0.5,400,0.004972972972972973,0.005189189189189189,1.0434782608695652,0.0033513513513513515,99.68648648648649
0.1499999999999997,0.175,0.5,400,0.004972972972972973,0.005189189189189189,1.0434782608695652,0.0033513513513513515,99.68648648648649
0.1499999999999997,0.16999999999999998,0.5,400,0.004972972972972973,0.005189189189189189,1.0434782608695652,0.0033513513513513515,99.68648648648649
0.1499999999999997,0.16499999999999998,0.5,400,0.004972972972972973,0.005189189189189189,1.0434782608695652,0.0033513513513513515,99.68648648648649
0.1499999999999997,0.15999999999999998,0.5,400,0.005081081081081081,0.005297297297297297,1.0425531914893618,0.0034594594594594594,99.67567567567568
0.1499999999999997,0.15499999999999997,0.5,400,0.00572972972972973,0.00627027027027027,1.0943396226415094,0.004432432432432433,99.6108108108108
0.1499999999999997,0.14999999999999997,0.5,400,0.04378378378378378,0.4812972972972973,10.992592592592592,0.47945945945945945,95.80540540540541
0.1499999999999997,0.14499999999999996,0.5,400,0.12151351351351351,1.7030270270270271,14.015124555160142,1.7007567567567567,88.07567567567567
0.1499999999999997,0.13999999999999996,0.5,400,0.15794594594594594,2.4925405405405407,15.780971937029431,2.490162162162162,84.44324324324324
0.1499999999999997,0.13499999999999995,0.5,400,0.21113513513513513,3.5284324324324325,16.71172555043523,3.525945945945946,79.13513513513513
0.1499999999999997,0.12999999999999995,0.5,400,0.2971891891891892,5.805081081081081,19.53328483084758,5.801945945945946,70.5945945945946
0.1499999999999997,0.12499999999999994,0.5,400,0.42367567567567566,10.324756756756758,24.369482010717018,10.318486486486487,58.18378378378378
0.1499999999999997,0.11999999999999994,0.5,400,0.650918918918919,16.06972972972973,24.687759508387312,16.062162162162164,35.57837837837838
0.1499999999999997,0.11499999999999994,0.5,400,0.6691891891891892,17.047351351351352,25.474636510500808,17.04118918918919,33.62162162162162
0.1499999999999997,0.10999999999999993,0.5,400,0.7007567567567567,18.276864864864866,26.08161061400802,18.273297297297297,30.28108108108108
0.1499999999999997,0.10499999999999993,0.5,400,0.7304864864864865,19.410810810810812,26.572443392037886,19.40562162162162,27.437837837837836
0.1499999999999997,0.09999999999999992,0.5,400,0.733081081081081,19.885837837837837,27.12638253944846,19.87891891891892,27.2972972972973
0.1499999999999997,0.09499999999999992,0.5,400,0.7349189189189189,20.31718918918919,27.645483965872316,20.308108108108108,27.275675675675675
0.1499999999999997,0.08999999999999991,0.5,400,0.741945945945946,20.776108108108108,28.002185633105057,20.76583783783784,26.67027027027027
0.1499999999999997,0.08499999999999991,0.5,400,0.7507027027027027,21.322054054054053,28.402793778801843,21.312324324324326,25.816216216216215
0.1499999999999997,0.0799999999999999,0.5,400,0.7914594594594595,22.31437837837838,28.193962573418933,22.299243243243243,22.194594594594594
0.1499999999999997,0.0749999999999999,0.5,400,0.8232432432432433,23.33783783783784,28.34865397242285,23.318594594594593,19.2972972972973
0.1499999999999997,0.0699999999999999,0.5,400,0.9010810810810811,25.427135135135135,28.218476304739053,25.413297297297298,11.113513513513514
0.1499999999999997,0.06499999999999989,0.5,400,0.955027027027027,27.312,28.59814353633688,27.301297297297296,5.427027027027027
0.1499999999999997,0.05999999999999989,0.5,400,1.0035675675675675,29.37556756756757,29.271140795001617,29.369297297297297,0.2702702702702703
0.1499999999999997,0.05499999999999988,0.5,400,1.0061621621621621,30.280324324324326,30.094874825400236,30.274162162162163,0.0
0.1499999999999997,0.04999999999999988,0.5,400,1.0062702702702702,31.203783783783784,31.009346798452945,31.19643243243243,0.0
0.1499999999999997,0.04499999999999987,0.5,400,1.0052972972972973,32.05751351351351,31.888590170986127,32.052,0.0
0.1499999999999997,0.03999999999999987,0.5,400,1.0067027027027027,32.99178378378378,32.77212199312715,32.984972972972976,0.0
0.1499999999999997,0.034999999999999865,0.5,400,1.0048648648648648,33.8132972972973,33.64959655728887,33.808324324324325,0.0
0.1499999999999997,0.02999999999999986,0.5,400,1.0054054054054054,34.64843243243243,34.46215053763441,34.643027027027024,0.0
0.1499999999999997,0.024999999999999856,0.5,400,1.0065945945945947,35.51383783783784,35.28117280635807,35.506594594594596,0.0
0.1499999999999997,0.01999999999999985,0.5,400,1.005081081081081,36.36627027027027,36.18242443799075,36.36118918918919,0.0
0.1499999999999997,0.014999999999999847,0.5,400,1.0052972972972973,37.098594594594594,36.90310786106033,37.09318918918919,0.0
0.1499999999999997,0.009999999999999842,0.5,400,1.0063783783783784,37.83827027027027,37.598453109893654,37.831783783783784,0.0
0.1499999999999997,0.004999999999999838,0.5,400,1.0062702702702702,38.54389189189189,38.30371723248818,38.53740540540541,0.0
0.14499999999999968,0.2,0.5,400,0.004972972972972973,0.005189189189189189,1.0434782608695652,0.0033513513513513515,99.68648648648649
0.14499999999999968,0.195,0.5,400,0.004972972972972973,0.005189189189189189,1.0434782608695652,0.0033513513513513515,99.68648648648649
0.14499999999999968,0.19,0.5,400,0.004972972972972973,0.005189189189189189,1.0434782608695652,0.0033513513513513515,99.68648648648649
0.14499999999999968,0.185,0.5,400,0.004972972972972973,0.005189189189189189,1.0434782608695652,0.0033513513513513515,99.68648648648649
0.14499999999999968,0.18,0.5,400,0.004972972972972973,0.005189189189189189,1.0434782608695652,0.0033513513513513515,99.68648648648649
0.14499999999999968,0.175,0.5,400,0.004972972972972973,0.005189189189189189,1.0434782608695652,0.0033513513513513515,99.68648648648649
0.14499999999999968,0.16999999999999998,0.5,400,0.004972972972972973,0.005189189189189189,1.0434782608695652,0.0033513513513513515,99.68648648648649
0.14499999999999968,0.16499999999999998,0.5,400,0.004972972972972973,0.005189189189189189,1.0434782608695652,0.0033513513513513515,99.68648648648649
0.14499999999999968,0.15999999999999998,0.5,400,0.004972972972972973,0.005189189189189189,1.0434782608695652,0.0033513513513513515,99.68648648648649
0.14499999999999968,0.15499999999999997,0.5,400,0.005081081081081081,0.005297297297297297,1.0425531914893618,0.0034594594594594594,99.67567567567568
0.14499999999999968,0.14999999999999997,0.5,400,0.0058378378378378375,0.006378378378378379,1.0925925925925926,0.00454054054054054,99.6
0.14499999999999968,0.14499999999999996,0.5,400,0.047675675675675676,0.5472432432432432,11.47845804988662,0.5450810810810811,95.44864864864864
0.14499999999999968,0.13999999999999996,0.5,400,0.12735135135135134,1.893081081081081,14.865025466893039,1.891027027027027,87.47027027027028
0.14499999999999968,0.13499999999999995,0.5,400,0.16032432432432434,2.619891891891892,16.341200269723533,2.617837837837838,84.17297297297297
0.14499999999999968,0.12999999999999995,0.5,400,0.2238918918918919,3.853189189189189,17.21004345726702,3.850918918918919,77.83783783783784
0.14499999999999968,0.12499999999999994,0.5,400,0.327027027027027,6.992864864864865,21.383140495867767,6.988540540540541,67.6972972972973
0.14499999999999968,0.11999999999999994,0.5,400,0.4705945945945946,11.496972972972973,24.430737422467264,11.488216216216216,53.70810810810811
0.14499999999999968,0.11499999999999994,0.5,400,0.666054054054054,16.580648648648648,24.893848401233566,16.573621621621623,34.054054054054056
0.14499999999999968,0.10999999999999993,0.5,400,0.6761081081081081,17.396,25.729613047649504,17.390054054054055,32.94054054054054
0.14499999999999968,0.10499999999999993,0.5,400,0.7197837837837838,18.81491891891892,26.13968158606188,18.809945945945945,28.497297297297298
0.14499999999999968,0.09999999999999992,0.5,400,0.7308108108108108,19.63091891891892,26.861834319526626,19.625621621621622,27.416216216216217
0.14499999999999968,0.09499999999999992,0.5,400,0.7343783783783784,20.091027027027028,27.357868393934933,20.08389189189189,27.18918918918919
0.14499999999999968,0.08999999999999991,0.5,400,0.7416216216216216,20.536324324324326,27.691107871720117,20.525945945945946,26.756756756756758
0.14499999999999968,0.08499999999999991,0.5,400,0.7485405405405405,21.05416216216216,28.12694974003466,21.042918918918918,26.0972972972973
0.14499999999999968,0.0799999999999999,0.5,400,0.7718918918918919,21.772648648648648,28.20686274509804,21.75827027027027,24.11891891891892
0.14499999999999968,0.0749999999999999,0.5,400,0.8212972972972973,23.11081081081081,28.13939713044623,23.093945945945947,19.44864864864865
0.14499999999999968,0.0699999999999999,0.5,400,0.8916756756756756,25.01362162162162,28.052376333656643,24.998162162162163,12.172972972972973
0.14499999999999968,0.06499999999999989,0.5,400,0.9545945945945946,27.058594594594595,28.34563986409966,27.044216216216217,5.697297297297298
0.14499999999999968,0.05999999999999989,0.5,400,1.0048648648648648,29.09372972972973,28.95287789133943,29.084864864864866,0.2594594594594595
0.14499999999999968,0.05499999999999988,0.5,400,1.0054054054054054,30.080648648648648,29.918924731182795,30.075027027027026,0.0
0.14499999999999968,0.04999999999999988,0.5,400,1.0060540540540541,30.932108108108107,30.745970341715022,30.92583783783784,0.0
0.14499999999999968,0.04499999999999987,0.5,400,1.0048648648648648,31.81210810810811,31.658095750403444,31.807027027027026,0.0
0.14499999999999968,0.03999999999999987,0.5,400,1.006918918918919,32.740972972972976,32.51599742323384,32.73372972972973,0.0
0.14499999999999968,0.034999999999999865,0.5,400,1.0060540540540541,33.587135135135135,33.38502041693531,33.580864864864864,0.0
0.14499999999999968,0.02999999999999986,0.5,400,1.004972972972973,34.44464864864865,34.27420395869191,34.43935135135135,0.0
0.14499999999999968,0.024999999999999856,0.5,400,1.0058378378378379,35.31427027027027,35.109307824591575,35.30843243243243,0.0
0.14499999999999968,0.01999999999999985,0.5,400,1.0056216216216216,36.146054054054055,35.94399053966889,36.14043243243243,0.0
0.14499999999999968,0.014999999999999847,0.5,400,1.0060540540540541,36.91027027027027,36.68815817751988,36.904108108108105,0.0
0.14499999999999968,0.009999999999999842,0.5,400,1.0052972972972973,37.608756756756755,37.41058178298742,37.60313513513513,0.0
0.14499999999999968,0.004999999999999838,0.5,400,1.0054054054054054,38.326054054054055,38.12,38.32054054054054,0.0
0.13999999999999968,0.2,0.5,400,0.004972972972972973,0.005189189189189189,1.0434782608695652,0.0033513513513513515,99.68648648648649
0.13999999999999968,0.195,0.5,400,0.004972972972972973,0.005189189189189189,1.0434782608695652,0.0033513513513513515,99.68648648648649
0.13999999999999968,0.19,0.5,400,0.004972972972972973,0.005189189189189189,1.0434782608695652,0.0033513513513513515,99.68648648648649
0.13999999999999968,0.185,0.5,400,0.004972972972972973,0.005189189189189189,1.0434782608695652,0.0033513513513513515,99.68648648648649
0.13999999999999968,0.18,0.5,400,0.004972972972972973,0.005189189189189189,1.0434782608695652,0.0033513513513513515,99.68648648648649
0.13999999999999968,0.175,0.5,400,0.004972972972972973,0.005189189189189189,1.0434782608695652,0.0033513513513513515,99.68648648648649
0.13999999999999968,0.16999999999999998,0.5,400,0.004972972972972973,0.005189189189189189,1.0434782608695652,0.0033513513513513515,99.68648648648649
0.13999999999999968,0.16499999999999998,0.5,400,0.004972972972972973,0.005189189189189189,1.0434782608695652,0.0033513513513513515,99.68648648648649
0.13999999999999968,0.15999999999999998,0.5,400,0.004972972972972973,0.005189189189189189,1.0434782608695652,0.0033513513513513515,99.68648648648649
0.13999999999999968,0.15499999999999997,0.5,400,0.004972972972972973,0.005189189189189189,1.0434782608695652,0.0033513513513513515,99.68648648648649
0.13999999999999968,0.14999999999999997,0.5,400,0.005081081081081081,0.005297297297297297,1.0425531914893618,0.0034594594594594594,99.67567567567568
0.13999999999999968,0.14499999999999996,0.5,400,0.006162162162162162,0.006486486486486486,1.0526315789473684,0.004648648648648649,99.56756756756756
0.13999999999999968,0.13999999999999996,0.5,400,0.057297297297297295,0.7083243243243244,12.362264150943396,0.705945945945946,94.5081081081081
0.13999999999999968,0.13499999999999995,0.5,400,0.12908108108108107,2.004,15.525125628140703,2.002162162162162,87.27567567567567
0.13999999999999968,0.12999999999999995,0.5,400,0.16994594594594595,2.836972972972973,16.693384223918574,2.834810810810811,83.22162162162162
0.13999999999999968,0.12499999999999994,0.5,400,0.23945945945945946,4.306270270270271,17.983295711060947,4.303351351351352,76.34594594594594
0.13999999999999968,0.11999999999999994,0.5,400,0.352,8.014162162162162,22.767506142506143,8.008108108108107,65.34054054054054
0.13999999999999968,0.11499999999999994,0.5,400,0.5501621621621622,13.559567567567568,24.646492434663,13.55027027027027,45.74054054054054
0.13999999999999968,0.10999999999999993,0.5,400,0.666054054054054,16.873837837837836,25.33403668235676,16.86745945945946,33.935135135135134
0.13999999999999968,0.10499999999999993,0.5,400,0.6863783783783783,17.791351351351352,25.92061742006615,17.784864864864865,31.924324324324324
0.13999999999999968,0.09999999999999992,0.5,400,0.7285405405405405,19.299675675675676,26.490874016916457,19.295783783783783,27.524324324324326
0.13999999999999968,0.09499999999999992,0.5,400,0.7353513513513513,19.844216216216218,26.98603351955307,19.836108108108107,27.18918918918919
0.13999999999999968,0.08999999999999991,0.5,400,0.7363243243243244,20.29827027027027,27.567023931874907,20.29016216216216,27.09189189189189
0.13999999999999968,0.08499999999999991,0.5,400,0.7450810810810811,20.77545945945946,27.883488102147417,20.763675675675675,26.518918918918917
0.13999999999999968,0.0799999999999999,0.5,400,0.762054054054054,21.435783783783783,28.128954461625764,21.423567567567567,24.951351351351352
0.13999999999999968,0.0749999999999999,0.5,400,0.8188108108108109,22.84972972972973,27.90599419065223,22.833189189189188,19.686486486486487
0.13999999999999968,0.0699999999999999,0.5,400,0.8672432432432432,24.309081081081082,28.030291697830965,24.293945945945946,14.637837837837838
0.13999999999999968,0.06499999999999989,0.5,400,0.9427027027027027,26.572,28.18704128440367,26.560108108108107,6.745945945945946
0.13999999999999968,0.05999999999999989,0.5,400,1.0048648648648648,28.803783783783782,28.664335664335663,28.79318918918919,0.43243243243243246
0.13999999999999968,0.05499999999999988,0.5,400,1.0056216216216216,29.89491891891892,29.727800473016554,29.88908108108108,0.0
0.13999999999999968,0.04999999999999988,0.5,400,1.0060540540540541,30.6907027027027,30.5060176230389,30.684648648648647,0.0
0.13999999999999968,0.04499999999999987,0.5,400,1.0061621621621621,31.607027027027026,31.413452240249274,31.59945945945946,0.0
0.13999999999999968,0.03999999999999987,0.5,400,1.005081081081081,32.56281081081081,32.39819296547273,32.55762162162162,0.0
0.13999999999999968,0.034999999999999865,0.5,400,1.0062702702702702,33.40367567567568,33.19553072625698,33.396972972972975,0.0
0.13999999999999968,0.02999999999999986,0.5,400,1.0055135135135136,34.23178378378378,34.04408128158263,34.22605405405405,0.0
0.13999999999999968,0.024999999999999856,0.5,400,1.0047567567567568,35.09264864864865,34.926511727996555,35.08735135135135,0.0
0.13999999999999968,0.01999999999999985,0.5,400,1.0059459459459459,35.87405405405406,35.662009672219234,35.86735135135135,0.0
0.13999999999999968,0.014999999999999847,0.5,400,1.0061621621621621,36.69913513513514,36.474374127001184,36.692972972972974,0.0
0.13999999999999968,0.009999999999999842,0.5,400,1.0055135135135136,37.38508108108108,37.180088162563166,37.37956756756757,0.0
0.13999999999999968,0.004999999999999838,0.5,400,1.005189189189189,38.17935135135135,37.98225424822542,38.17416216216216,0.0
0.13499999999999968,0.2,0.5,400,0.004972972972972973,0.005189189189189189,1.0434782608695652,0.0033513513513513515,99.68648648648649
0.13499999999999968,0.195,0.5,400,0.004972972972972973,0.005189189189189189,1.0434782608695652,0.0033513513513513515,99.68648648648649
0.13499999999999968,0.19,0.5,400,0.004972972972972973,0.005189189189189189,1.0434782608695652,0.0033513513513513515,99.68648648648649
0.13499999999999968,0.185,0.5,400,0.004972972972972973,0.005189189189189189,1.0434782608695652,0.0033513513513513515,99.68648648648649
0.13499999999999968,0.18,0.5,400,0.004972972972972973,0.005189189189189189,1.0434782608695652,0.0033513513513513515,99.68648648648649
0.13499999999999968,0.175,0.5,400,0.004972972972972973,0.005189189189189189,1.0434782608695652,0.0033513513513513515,99.68648648648649
0.13499999999999968,0.16999999999999998,0.5,400,0.004972972972972973,0.005189189189189189,1.0434782608695652,0.0033513513513513515,99.68648648648649
0.13499999999999968,0.16499999999999998,0.5,400,0.004972972972972973,0.005189189189189189,1.0434782608695652,0.0033513513513513515,99.68648648648649
0.13499999999999968,0.15999999999999998,0.5,400,0.004972972972972973,0.005189189189189189,1.0434782608695652,0.0033513513513513515,99.68648648648649
0.13499999999999968,0.15499999999999997,0.5,400,0.004972972972972973,0.005189189189189189,1.0434782608695652,0.0033513513513513515,99.68648648648649
0.13499999999999968,0.14999999999999997,0.5,400,0.004972972972972973,0.005189189189189189,1.0434782608695652,0.0033513513513513515,99.68648648648649
0.13499999999999968,0.14499999999999996,0.5,400,0.005081081081081081,0.005297297297297297,1.0425531914893618,0.0034594594594594594,99.67567567567568
0.13499999999999968,0.13999999999999996,0.5,400,0.0075675675675675675,0.025945945945945945,3.4285714285714284,0.02410810810810811,99.42702702702702
0.13499999999999968,0.13499999999999995,0.5,400,0.0654054054054054,0.8535135135135136,13.049586776859504,0.8512432432432433,93.67567567567568
0.13499999999999968,0.12999999999999995,0.5,400,0.1332972972972973,2.1523243243243244,16.146796431467966,2.15027027027027,86.87567567567568
0.13499999999999968,0.12499999999999994,0.5,400,0.17891891891891892,3.0883243243243244,17.261027190332328,3.0862702702702705,82.31351351351351
0.13499999999999968,0.11999999999999994,0.5,400,0.2536216216216216,4.773729729729729,18.82225063938619,4.771135135135135,74.8972972972973
0.13499999999999968,0.11499999999999994,0.5,400,0.37632432432432433,9.087135135135135,24.14708417121517,9.081297297297297,62.92972972972973
0.13499999999999968,0.10999999999999993,0.5,400,0.6027027027027027,15.017513513513514,24.91695067264574,15.011891891891892,40.22702702702703
0.13499999999999968,0.10499999999999993,0.5,400,0.6675675675675675,17.14789189189189,25.687125506072874,17.14227027027027,33.70810810810811
0.13499999999999968,0.09999999999999992,0.5,400,0.7064864864864865,18.455675675675675,26.12318286151492,18.450486486486486,29.84864864864865
0.13499999999999968,0.09499999999999992,0.5,400,0.7308108108108108,19.535891891891893,26.73180473372781,19.531567567567567,27.34054054054054
0.13499999999999968,0.08999999999999991,0.5,400,0.7380540540540541,20.063783783783784,27.18470777794053,20.054378378378377,26.994594594594595
0.13499999999999968,0.08499999999999991,0.5,400,0.742054054054054,20.51783783783784,27.650058275058274,20.505945945945946,26.78918918918919
0.13499999999999968,0.0799999999999999,0.5,400,0.7528648648648648,21.044216216216217,27.95218265364733,21.030594594594593,25.87027027027027
0.13499999999999968,0.0749999999999999,0.5,400,0.8057297297297298,22.40681081081081,27.80933852140078,22.390810810810812,20.875675675675677
0.13499999999999968,0.0699999999999999,0.5,400,0.8612972972972973,23.971243243243244,27.831555165055857,23.95437837837838,15.35135135135135
0.13499999999999968,0.06499999999999989,0.5,400,0.9303783783783783,26.148756756756757,28.105507785266095,26.13308108108108,8.151351351351352
0.13499999999999968,0.05999999999999989,0.5,400,1.0008648648648648,28.539783783783783,28.515122056599697,28.530594594594593,0.6810810810810811
0.13499999999999968,0.05499999999999988,0.5,400,1.0064864864864864,29.51837837837838,29.328141783029,29.510162162162164,0.0
0.13499999999999968,0.04999999999999988,0.5,400,1.0063783783783784,30.47827027027027,30.28510044043399,30.471783783783785,0.0
0.13499999999999968,0.04499999999999987,0.5,400,1.0059459459459459,31.364216216216217,31.1788285867813,31.358054054054055,0.0
0.13499999999999968,0.03999999999999987,0.5,400,1.0047567567567568,32.2907027027027,32.137830858618464,32.28475675675676,0.0
0.13499999999999968,0.034999999999999865,0.5,400,1.0058378378378379,33.16908108108108,32.97656921754084,33.16291891891892,0.0
0.13499999999999968,0.02999999999999986,0.5,400,1.0054054054054054,34.098486486486486,33.91516129032258,34.092756756756756,0.0
0.13499999999999968,0.024999999999999856,0.5,400,1.0044324324324325,34.908972972972975,34.75492412011624,34.90443243243243,0.0
0.13499999999999968,0.01999999999999985,0.5,400,1.0046486486486486,35.69945945945946,35.53427310879157,35.694702702702706,0.0
0.13499999999999968,0.014999999999999847,0.5,400,1.005081081081081,36.45383783783784,36.269549316983976,36.44875675675676,0.0
0.13499999999999968,0.009999999999999842,0.5,400,1.0060540540540541,37.20713513513513,36.983236621534495,37.20075675675675,0.0
0.13499999999999968,0.004999999999999838,0.5,400,1.0056216216216216,37.962378378378375,37.750161255643945,37.956756756756754,0.0
0.12999999999999967,0.2,0.5,400,0.004972972972972973,0.005189189189189189,1.0434782608695652,0.0033513513513513515,99.68648648648649
0.12999999999999967,0.195,0.5,400,0.004972972972972973,0.005189189189189189,1.0434782608695652,0.0033513513513513515,99.68648648648649
0.12999999999999967,0.19,0.5,400,0.004972972972972973,0.005189189189189189,1.0434782608695652,0.0033513513513513515,99.68648648648649
0.12999999999999967,0.185,0.5,400,0.004972972972972973,0.005189189189189189,1.0434782608695652,0.0033513513513513515,99.68648648648649
0.12999999999999967,0.18,0.5,400,0.004972972972972973,0.005189189189189189,1.0434782608695652,0.0033513513513513515,99.68648648648649
0.12999999999999967,0.175,0.5,400,0.004972972972972973,0.005189189189189189,1.0434782608695652,0.0033513513513513515,99.68648648648649
0.12999999999999967,0.16999999999999998,0.5,400,0.004972972972972973,0.005189189189189189,1.0434782608695652,0.0033513513513513515,99.68648648648649
0.12999999999999967,0.16499999999999998,0.5,400,0.004972972972972973,0.005189189189189189,1.0434782608695652,0.0033513513513513515,99.68648648648649
0.12999999999999967,0.15999999999999998,0.5,400,0.004972972972972973,0.005189189189189189,1.0434782608695652,0.0033513513513513515,99.68648648648649
0.12999999999999967,0.15499999999999997,0.5,400,0.004972972972972973,0.005189189189189189,1.0434782608695652,0.0033513513513513515,99.68648648648649
0.12999999999999967,0.14999999999999997,0.5,400,0.004972972972972973,0.005189189189189189,1.0434782608695652,0.0033513513513513515,99.68648648648649
0.12999999999999967,0.14499999999999996,0.5,400,0.004972972972972973,0.005189189189189189,1.0434782608695652,0.0033513513513513515,99.68648648648649
0.12999999999999967,0.13999999999999996,0.5,400,0.005081081081081081,0.005297297297297297,1.0425531914893618,0.0034594594594594594,99.67567567567568
0.12999999999999967,0.13499999999999995,0.5,400,0.008,0.03481081081081081,4.351351351351352,0.032972972972972976,99.38378378378378
0.12999999999999967,0.12999999999999995,0.5,400,0.07286486486486486,0.9998918918918919,13.722551928783382,0.9977297297297297,92.92972972972973
0.12999999999999967,0.12499999999999994,0.5,400,0.14248648648648649,2.364,16.59104704097117,2.3614054054054052,86.01081081081081
0.12999999999999967,0.11999999999999994,0.5,400,0.18864864864864864,3.363243243243243,17.828080229226362,3.3606486486486484,81.3945945945946
0.12999999999999967,0.11499999999999994,0.5,400,0.27859459459459457,5.600108108108108,20.10128055878929,5.597081081081081,72.44324324324324
0.12999999999999967,0.10999999999999993,0.5,400,0.4211891891891892,10.329405405405405,24.524383983572896,10.320648648648648,58.648648648648646
0.12999999999999967,0.10499999999999993,0.5,400,0.656972972972973,16.502702702702702,25.11930228731282,16.496108108108107,34.88648648648649
0.12999999999999967,0.09999999999999992,0.5,400,0.6722162162162162,17.50010810810811,26.033451270504987,17.495783783783782,33.178378378378376
0.12999999999999967,0.09499999999999992,0.5,400,0.7227027027027026,19.056324324324326,26.368137621540765,19.05135135135135,28.183783783783785
0.12999999999999967,0.08999999999999991,0.5,400,0.7329729729729729,19.79945945945946,27.012536873156343,19.79362162162162,27.221621621621622
0.12999999999999967,0.08499999999999991,0.5,400,0.7411891891891892,20.268,27.34524504084014,20.257945945945945,26.81081081081081
0.12999999999999967,0.0799999999999999,0.5,400,0.7518918918918919,20.78583783783784,27.64471603163192,20.77081081081081,26.15135135135135
0.12999999999999967,0.0749999999999999,0.5,400,0.788,21.899675675675677,27.79146659349705,21.883135135135134,22.616216216216216
0.12999999999999967,0.0699999999999999,0.5,400,0.8478918918918918,23.494702702702703,27.70954991712355,23.478378378378377,16.681081081081082
0.12999999999999967,0.06499999999999989,0.5,400,0.9305945945945946,25.829405405405407,27.755808550185872,25.816108108108107,8.162162162162161
0.12999999999999967,0.05999999999999989,0.5,400,1.0034594594594595,28.247567567567568,28.15018315018315,28.239027027027028,0.43243243243243246
0.12999999999999967,0.05499999999999988,0.5,400,1.0061621621621621,29.34227027027027,29.16256581068013,29.33481081081081,0.0
0.12999999999999967,0.04999999999999988,0.5,400,1.0057297297297296,30.22972972972973,30.057508330646026,30.222918918918918,0.0
0.12999999999999967,0.04499999999999987,0.5,400,1.0064864864864864,31.104324324324324,30.903866809881848,31.09762162162162,0.0
0.12999999999999967,0.03999999999999987,0.5,400,1.0047567567567568,32.02118918918919,31.869593285990963,32.01578378378378,0.0
0.12999999999999967,0.034999999999999865,0.5,400,1.0045405405405405,32.918486486486486,32.769694360740424,32.91362162162162,0.0
0.12999999999999967,0.02999999999999986,0.5,400,1.005189189189189,33.876216216216214,33.70133362013336,33.87059459459459,0.0
0.12999999999999967,0.024999999999999856,0.5,400,1.004972972972973,34.689297297297294,34.51764199655766,34.68432432432432,0.0
0.12999999999999967,0.01999999999999985,0.5,400,1.0046486486486486,35.48724324324324,35.32303884644356,35.48205405405405,0.0
0.12999999999999967,0.014999999999999847,0.5,400,1.004972972972973,36.25481081081081,36.07540877796902,36.24918918918919,0.0
0.12999999999999967,0.009999999999999842,0.5,400,1.0061621621621621,36.98410810810811,36.75760180509294,36.977513513513514,0.0
0.12999999999999967,0.004999999999999838,0.5,400,1.0056216216216216,37.773405405405406,37.56224467856375,37.76756756756757,0.0
0.12499999999999967,0.2,0.5,400,0.004972972972972973,0.005189189189189189,1.0434782608695652,0.0033513513513513515,99.68648648648649
0.12499999999999967,0.195,0.5,400,0.004972972972972973,0.005189189189189189,1.0434782608695652,0.0033513513513513515,99.68648648648649
0.12499999999999967,0.19,0.5,400,0.004972972972972973,0.005189189189189189,1.0434782608695652,0.0033513513513513515,99.68648648648649
0.12499999999999967,0.185,0.5,400,0.004972972972972973,0.005189189189189189,1.0434782608695652,0.0033513513513513515,99.68648648648649
0.12499999999999967,0.18,0.5,400,0.004972972972972973,0.005189189189189189,1.0434782608695652,0.0033513513513513515,99.68648648648649
0.12499999999999967,0.175,0.5,400,0.004972972972972973,0.005189189189189189,1.0434782608695652,0.0033513513513513515,99.68648648648649
0.12499999999999967,0.16999999999999998,0.5,400,0.004972972972972973,0.005189189189189189,1.0434782608695652,0.0033513513513513515,99.68648648648649
0.12499999999999967,0.16499999999999998,0.5,400,0.004972972972972973,0.005189189189189189,1.0434782608695652,0.0033513513513513515,99.68648648648649
0.12499999999999967,0.15999999999999998,0.5,400,0.004972972972972973,0.005189189189189189,1.0434782608695652,0.0033513513513513515,99.68648648648649
0.12499999999999967,0.15499999999999997,0.5,400,0.004972972972972973,0.005189189189189189,1.0434782608695652,0.0033513513513513515,99.68648648648649
0.12499999999999967,0.14999999999999997,0.5,400,0.004972972972972973,0.005189189189189189,1.0434782608695652,0.0033513513513513515,99.68648648648649
0.12499999999999967,0.14499999999999996,0.5,400,0.004972972972972973,0.005189189189189189,1.0434782608695652,0.0033513513513513515,99.68648648648649
0.12499999999999967,0.13999999999999996,0.5,400,0.004972972972972973,0.005189189189189189,1.0434782608695652,0.0033513513513513515,99.68648648648649
0.12499999999999967,0.13499999999999995,0.5,400,0.005081081081081081,0.005297297297297297,1.0425531914893618,0.0034594594594594594,99.67567567567568
0.12499999999999967,0.12999999999999995,0.5,400,0.007027027027027027,0.01610810810810811,2.292307692307692,0.01427027027027027,99.48108108108109
0.12499999999999967,0.12499999999999994,0.5,400,0.07967567567567567,1.170054054054054,14.685210312075984,1.167783783783784,92.25945945945946
0.12499999999999967,0.11999999999999994,0.5,400,0.1463783783783784,2.5325405405405403,17.301329394387,2.530378378378378,85.57837837837837
0.12499999999999967,0.11499999999999994,0.5,400,0.20508108108108108,3.79772972972973,18.51818661043753,3.794810810810811,79.78378378378379
0.12499999999999967,0.10999999999999993,0.5,400,0.30648648648648646,6.605081081081081,21.550970017636683,6.599891891891892,69.83783783783784
0.12499999999999967,0.10499999999999993,0.5,400,0.4775135135135135,11.917513513513514,24.957437174552865,11.91145945945946,52.810810810810814
0.12499999999999967,0.09999999999999992,0.5,400,0.6661621621621622,16.899243243243244,25.368062317429406,16.892432432432432,34.01081081081081
0.12499999999999967,0.09499999999999992,0.5,400,0.6833513513513514,17.935243243243242,26.246005378895745,17.931027027027028,32.064864864864866
0.12499999999999967,0.08999999999999991,0.5,400,0.7296216216216216,19.45491891891892,26.664394725144465,19.450054054054053,27.513513513513512
0.12499999999999967,0.08499999999999991,0.5,400,0.7394594594594595,20.021081081081082,27.075292397660817,20.012,26.897297297297296
0.12499999999999967,0.0799999999999999,0.5,400,0.746054054054054,20.50562162162162,27.485436893203882,20.493189189189188,26.497297297297298
0.12499999999999967,0.0749999999999999,0.5,400,0.7801081081081082,21.49772972972973,27.55737250554324,21.482702702702703,23.264864864864865
0.12499999999999967,0.0699999999999999,0.5,400,0.8367567567567568,23.060864864864865,27.559819121447028,23.04172972972973,17.9027027027027
0.12499999999999967,0.06499999999999989,0.5,400,0.9235675675675675,25.502054054054053,27.612548285145735,25.4892972972973,8.78918918918919
0.12499999999999967,0.05999999999999989,0.5,400,0.9982702702702703,27.99372972972973,28.042235217673813,27.98508108108108,0.8864864864864865
0.12499999999999967,0.05499999999999988,0.5,400,1.0062702702702702,29.032756756756758,28.851847872797592,29.02572972972973,0.0
0.12499999999999967,0.04999999999999988,0.5,400,1.0056216216216216,29.953621621621622,29.786175016125565,29.94745945945946,0.0
0.12499999999999967,0.04499999999999987,0.5,400,1.0063783783783784,30.87827027027027,30.68256525942636,30.871243243243242,0.0
0.12499999999999967,0.03999999999999987,0.5,400,1.0065945945945947,31.752756756756757,31.544732037375148,31.7452972972973,0.0
0.12499999999999967,0.034999999999999865,0.5,400,1.0045405405405405,32.66691891891892,32.51926388291003,32.66172972972973,0.0
0.12499999999999967,0.02999999999999986,0.5,400,1.004972972972973,33.61891891891892,33.452560240963855,33.61318918918919,0.0
0.12499999999999967,0.024999999999999856,0.5,400,1.0062702702702702,34.49167567567567,34.27675118177911,34.485081081081084,0.0
0.12499999999999967,0.01999999999999985,0.5,400,1.0047567567567568,35.32443243243243,35.15719819238218,35.31956756756757,0.0
0.12499999999999967,0.014999999999999847,0.5,400,1.0044324324324325,36.06227027027027,35.90313206328705,36.05762162162162,0.0
0.12499999999999967,0.009999999999999842,0.5,400,1.0046486486486486,36.79848648648649,36.628214785322285,36.79351351351352,0.0
0.12499999999999967,0.004999999999999838,0.5,400,1.004108108108108,37.59481081081081,37.440999138673554,37.59027027027027,0.0
0.11999999999999966,0.2,0.5,400,0.004972972972972973,0.005189189189189189,1.0434782608695652,0.0033513513513513515,99.68648648648649
0.11999999999999966,0.195,0.5,400,0.004972972972972973,0.005189189189189189,1.0434782608695652,0.0033513513513513515,99.68648648648649
0.11999999999999966,0.19,0.5,400,0.004972972972972973,0.005189189189189189,1.0434782608695652,0.0033513513513513515,99.68648648648649
0.11999999999999966,0.185,0.5,400,0.004972972972972973,0.005189189189189189,1.0434782608695652,0.0033513513513513515,99.68648648648649
0.11999999999999966,0.18,0.5,400,0.004972972972972973,0.005189189189189189,1.0434782608695652,0.0033513513513513515,99.68648648648649
0.11999999999999966,0.175,0.5,400,0.004972972972972973,0.005189189189189189,1.0434782608695652,0.0033513513513513515,99.68648648648649
0.11999999999999966,0.16999999999999998,0.5,400,0.004972972972972973,0.005189189189189189,1.0434782608695652,0.0033513513513513515,99.68648648648649
0.11999999999999966,0.16499999999999998,0.5,400,0.004972972972972973,0.005189189189189189,1.0434782608695652,0.0033513513513513515,99.68648648648649
0.11999999999999966,0.15999999999999998,0.5,400,0.004972972972972973,0.005189189189189189,1.0434782608695652,0.0033513513513513515,99.68648648648649
0.11999999999999966,0.15499999999999997,0.5,400,0.004972972972972973,0.005189189189189189,1.0434782608695652,0.0033513513513513515,99.68648648648649
0.11999999999999966,0.14999999999999997,0.5,400,0.004972972972972973,0.005189189189189189,1.0434782608695652,0.0033513513513513515,99.68648648648649
0.11999999999999966,0.14499999999999996,0.5,400,0.004972972972972973,0.005189189189189189,1.0434782608695652,0.0033513513513513515,99.68648648648649
0.11999999999999966,0.13999999999999996,0.5,400,0.004972972972972973,0.005189189189189189,1.0434782608695652,0.0033513513513513515,99.68648648648649
0.11999999999999966,0.13499999999999995,0.5,400,0.004972972972972973,0.005189189189189189,1.0434782608695652,0.0033513513513513515,99.68648648648649
0.11999999999999966,0.12999999999999995,0.5,400,0.005081081081081081,0.005297297297297297,1.0425531914893618,0.0034594594594594594,99.67567567567568
0.11999999999999966,0.12499999999999994,0.5,400,0.008108108108108109,0.032432432432432434,4.0,0.030594594594594595,99.37297297297297
0.11999999999999966,0.11999999999999994,0.5,400,0.08518918918918919,1.299027027027027,15.248730964467006,1.2965405405405406,91.72972972972973
0.11999999999999966,0.11499999999999994,0.5,400,0.15156756756756756,2.7207567567567565,17.950784593437945,2.7185945945945944,85.05945945945946
0.11999999999999966,0.10999999999999993,0.5,400,0.21351351351351353,4.053837837837838,18.98632911392405,4.051459459459459,78.88648648648649
0.11999999999999966,0.10499999999999993,0.5,400,0.3302702702702703,7.651027027027027,23.16595744680851,7.644756756756757,67.51351351351352
0.11999999999999966,0.09999999999999992,0.5,400,0.5656216216216217,14.176324324324325,25.063264525993883,14.170054054054054,43.97837837837838
0.11999999999999966,0.09499999999999992,0.5,400,0.670918918918919,17.302162162162162,25.788752819851755,17.296324324324324,33.45945945945946
0.11999999999999966,0.08999999999999991,0.5,400,0.7054054054054054,18.58681081081081,26.349118773946362,18.580864864864864,30.01081081081081
0.11999999999999966,0.08499999999999991,0.5,400,0.7369729729729729,19.724324324324325,26.76397242188646,19.717405405405405,26.972972972972972
0.11999999999999966,0.0799999999999999,0.5,400,0.7443243243243243,20.265945945945948,27.22730573710966,20.255027027027026,26.55135135135135
0.11999999999999966,0.0749999999999999,0.5,400,0.7670270270270271,21.01827027027027,27.402255109231852,21.00118918918919,24.756756756756758
0.11999999999999966,0.0699999999999999,0.5,400,0.8312432432432433,22.724324324324325,27.337755234750944,22.706054054054054,18.454054054054055
0.11999999999999966,0.06499999999999989,0.5,400,0.916972972972973,25.146594594594596,27.423485027116246,25.134810810810812,9.405405405405405
0.11999999999999966,0.05999999999999989,0.5,400,1.0008648648648648,27.671675675675676,27.647764095917044,27.663351351351352,0.6810810810810811
0.11999999999999966,0.05499999999999988,0.5,400,1.0074594594594595,28.749405405405405,28.536538255177593,28.740108108108107,0.0
0.11999999999999966,0.04999999999999988,0.5,400,1.0062702702702702,29.73427027027027,29.548990116029223,29.727243243243244,0.0
0.11999999999999966,0.04499999999999987,0.5,400,1.0061621621621621,30.611027027027028,30.42355216503707,30.603675675675674,0.0
0.11999999999999966,0.03999999999999987,0.5,400,1.0052972972972973,31.504216216216218,31.3382084095064,31.498594594594593,0.0
0.11999999999999966,0.034999999999999865,0.5,400,1.0058378378378379,32.47967567567567,32.29116509028375,32.47318918918919,0.0
0.11999999999999966,0.02999999999999986,0.5,400,1.0046486486486486,33.38021621621622,33.225761325729046,33.37513513513513,0.0
0.11999999999999966,0.024999999999999856,0.5,400,1.0058378378378379,34.27297297297297,34.074054170249354,34.26702702702703,0.0
0.11999999999999966,0.01999999999999985,0.5,400,1.0059459459459459,35.059783783783786,34.85255239118754,35.052864864864866,0.0
0.11999999999999966,0.014999999999999847,0.5,400,1.0045405405405405,35.84162162162162,35.679616874730954,35.83643243243243,0.0
0.11999999999999966,0.009999999999999842,0.5,400,1.0043243243243243,36.58518918918919,36.42766415500538,36.58054054054054,0.0
0.11999999999999966,0.004999999999999838,0.5,400,1.004,37.34356756756757,37.19478841391192,37.33945945945946,0.0
0.11499999999999966,0.2,0.5,400,0.004972972972972973,0.005189189189189189,1.0434782608695652,0.0033513513513513515,99.68648648648649
0.11499999999999966,0.195,0.5,400,0.004972972972972973,0.005189189189189189,1.0434782608695652,0.0033513513513513515,99.68648648648649
0.11499999999999966,0.19,0.5,400,0.004972972972972973,0.005189189189189189,1.0434782608695652,0.0033513513513513515,99.68648648648649
0.11499999999999966,0.185,0.5,400,0.004972972972972973,0.005189189189189189,1.0434782608695652,0.0033513513513513515,99.68648648648649
0.11499999999999966,0.18,0.5,400,0.004972972972972973,0.005189189189189189,1.0434782608695652,0.0033513513513513515,99.68648648648649
0.11499999999999966,0.175,0.5,400,0.004972972972972973,0.005189189189189189,1.0434782608695652,0.0033513513513513515,99.68648648648649
0.11499999999999966,0.16999999999999998,0.5,400,0.004972972972972973,0.005189189189189189,1.0434782608695652,0.0033513513513513515,99.68648648648649
0.11499999999999966,0.16499999999999998,0.5,400,0.004972972972972973,0.005189189189189189,1.0434782608695652,0.0033513513513513515,99.68648648648649
0.11499999999999966,0.15999999999999998,0.5,400,0.004972972972972973,0.005189189189189189,1.0434782608695652,0.0033513513513513515,99.68648648648649
0.11499999999999966,0.15499999999999997,0.5,400,0.004972972972972973,0.005189189189189189,1.0434782608695652,0.0033513513513513515,99.68648648648649
0.11499999999999966,0.14999999999999997,0.5,400,0.004972972972972973,0.005189189189189189,1.0434782608695652,0.0033513513513513515,99.68648648648649
0.11499999999999966,0.14499999999999996,0.5,400,0.004972972972972973,0.005189189189189189,1.0434782608695652,0.0033513513513513515,99.68648648648649
0.11499999999999966,0.13999999999999996,0.5,400,0.004972972972972973,0.005189189189189189,1.0434782608695652,0.0033513513513513515,99.68648648648649
0.11499999999999966,0.13499999999999995,0.5,400,0.004972972972972973,0.005189189189189189,1.0434782608695652,0.0033513513513513515,99.68648648648649
0.11499999999999966,0.12999999999999995,0.5,400,0.004972972972972973,0.005189189189189189,1.0434782608695652,0.0033513513513513515,99.68648648648649
0.11499999999999966,0.12499999999999994,0.5,400,0.005081081081081081,0.005297297297297297,1.0425531914893618,0.0034594594594594594,99.67567567567568
0.11499999999999966,0.11999999999999994,0.5,400,0.011567567567567568,0.08335135135135135,7.205607476635514,0.08151351351351352,99.02702702702703
0.11499999999999966,0.11499999999999994,0.5,400,0.09405405405405405,1.5188108108108107,16.148275862068967,1.5162162162162163,90.85405405405406
0.11499999999999966,0.10999999999999993,0.5,400,0.1558918918918919,2.8583783783783785,18.335644937586686,2.856,84.64864864864865
0.11499999999999966,0.10499999999999993,0.5,400,0.22854054054054054,4.492756756756757,19.658467360454114,4.490054054054054,77.41621621621621
0.11499999999999966,0.09999999999999992,0.5,400,0.3922162162162162,9.624648648648648,24.539140022050717,9.619243243243243,61.26486486486486
0.11499999999999966,0.09499999999999992,0.5,400,0.6425945945945946,16.289837837837837,25.350100942126513,16.284108108108107,36.28108108108108
0.11499999999999966,0.08999999999999991,0.5,400,0.6711351351351351,17.56756756756757,26.17590206185567,17.56248648648649,33.351351351351354
0.11499999999999966,0.08499999999999991,0.5,400,0.7298378378378378,19.202594594594594,26.310768774996298,19.194702702702703,27.71891891891892
0.11499999999999966,0.0799999999999999,0.5,400,0.7434594594594595,19.984216216216215,26.88003489893849,19.974486486486487,26.562162162162164
0.11499999999999966,0.0749999999999999,0.5,400,0.7619459459459459,20.702918918918918,27.1711123723042,20.688216216216215,25.135135135135137
0.11499999999999966,0.0699999999999999,0.5,400,0.8222702702702702,22.295135135135133,27.114120431238497,22.27545945945946,19.34054054054054
0.11499999999999966,0.06499999999999989,0.5,400,0.9098378378378379,24.75654054054054,27.209838403041825,24.74345945945946,10.032432432432433
0.11499999999999966,0.05999999999999989,0.5,400,0.993945945945946,27.26335135135135,27.429410485098977,27.253945945945947,1.372972972972973
0.11499999999999966,0.05499999999999988,0.5,400,1.0072432432432432,28.52756756756757,28.32242138027262,28.518918918918917,0.0
0.11499999999999966,0.04999999999999988,0.5,400,1.0058378378378379,29.450486486486486,29.279557179707652,29.44335135135135,0.0
0.11499999999999966,0.04499999999999987,0.5,400,1.0058378378378379,30.359675675675675,30.183469475494412,30.35318918918919,0.0
0.11499999999999966,0.03999999999999987,0.5,400,1.0057297297297296,31.242054054054055,31.064065355261743,31.235783783783784,0.0
0.11499999999999966,0.034999999999999865,0.5,400,1.005189189189189,32.196864864864864,32.03065175306517,32.191135135135134,0.0
0.11499999999999966,0.02999999999999986,0.5,400,1.005081081081081,33.14583783783784,32.978272561041194,33.14,0.0
0.11499999999999966,0.024999999999999856,0.5,400,1.0054054054054054,34.056756756756755,33.873655913978496,34.05124324324324,0.0
0.11499999999999966,0.01999999999999985,0.5,400,1.0052972972972973,34.86627027027027,34.68254651037746,34.86054054054054,0.0
0.11499999999999966,0.014999999999999847,0.5,400,1.0034594594594595,35.653621621621625,35.53070458952812,35.65016216216216,0.0
0.11499999999999966,0.009999999999999842,0.5,400,1.004,36.405297297297295,36.260256272208466,36.40118918918919,0.0
0.11499999999999966,0.004999999999999838,0.5,400,1.0042162162162163,37.11610810810811,36.960275594789536,37.11167567567568,0.0
0.10999999999999965,0.2,0.5,400,0.004972972972972973,0.005189189189189189,1.0434782608695652,0.0033513513513513515,99.68648648648649
0.10999999999999965,0.195,0.5,400,0.004972972972972973,0.005189189189189189,1.0434782608695652,0.0033513513513513515,99.68648648648649
0.10999999999999965,0.19,0.5,400,0.004972972972972973,0.005189189189189189,1.0434782608695652,0.0033513513513513515,99.68648648648649
0.10999999999999965,0.185,0.5,400,0.004972972972972973,0.005189189189189189,1.0434782608695652,0.0033513513513513515,99.68648648648649
0.10999999999999965,0.18,0.5,400,0.004972972972972973,0.005189189189189189,1.0434782608695652,0.0033513513513513515,99.68648648648649
0.10999999999999965,0.175,0.5,400,0.004972972972972973,0.005189189189189189,1.0434782608695652,0.0033513513513513515,99.68648648648649
0.10999999999999965,0.16999999999999998,0.5,400,0.004972972972972973,0.005189189189189189,1.0434782608695652,0.0033513513513513515,99.68648648648649
0.10999999999999965,0.16499999999999998,0.5,400,0.004972972972972973,0.005189189189189189,1.0434782608695652,0.0033513513513513515,99.68648648648649
0.10999999999999965,0.15999999999999998,0.5,400,0.004972972972972973,0.005189189189189189,1.0434782608695652,0.0033513513513513515,99.68648648648649
0.10999999999999965,0.15499999999999997,0.5,400,0.004972972972972973,0.005189189189189189,1.0434782608695652,0.0033513513513513515,99.68648648648649
0.10999999999999965,0.14999999999999997,0.5,400,0.004972972972972973,0.005189189189189189,1.0434782608695652,0.0033513513513513515,99.68648648648649
0.10999999999999965,0.14499999999999996,0.5,400,0.004972972972972973,0.005189189189189189,1.0434782608695652,0.0033513513513513515,99.68648648648649
0.10999999999999965,0.13999999999999996,0.5,400,0.004972972972972973,0.005189189189189189,1.0434782608695652,0.0033513513513513515,99.68648648648649
0.10999999999999965,0.13499999999999995,0.5,400,0.004972972972972973,0.005189189189189189,1.0434782608695652,0.0033513513513513515,99.68648648648649
0.10999999999999965,0.12999999999999995,0.5,400,0.004972972972972973,0.005189189189189189,1.0434782608695652,0.0033513513513513515,99.68648648648649
0.10999999999999965,0.12499999999999994,0.5,400,0.004972972972972973,0.005189189189189189,1.0434782608695652,0.0033513513513513515,99.68648648648649
0.10999999999999965,0.11999999999999994,0.5,400,0.005189189189189189,0.005405405405405406,1.0416666666666667,0.0035675675675675674,99.66486486486487
0.10999999999999965,0.11499999999999994,0.5,400,0.016648648648648647,0.1707027027027027,10.253246753246753,0.16886486486486488,98.51891891891891
0.10999999999999965,0.10999999999999993,0.5,400,0.10248648648648649,1.7255135135135136,16.83649789029536,1.7232432432432432,89.97837837837838
0.10999999999999965,0.10499999999999993,0.5,400,0.16108108108108107,3.0483243243243243,18.924161073825502,3.0457297297297297,84.15135135135135
0.10999999999999965,0.09999999999999992,0.5,400,0.2531891891891892,5.201945945945946,20.545687446626815,5.19881081081081,74.97297297297297
0.10999999999999965,0.09499999999999992,0.5,400,0.41254054054054057,10.275243243243244,24.907232704402517,10.270594594594595,59.189189189189186
0.10999999999999965,0.08999999999999991,0.5,400,0.6578378378378379,16.84918918918919,25.612982744453575,16.843675675675676,34.73513513513514
0.10999999999999965,0.08499999999999991,0.5,400,0.6834594594594594,18.012972972972975,26.355583676051882,18.00789189189189,32.15135135135135
0.10999999999999965,0.0799999999999999,0.5,400,0.7368648648648649,19.592864864864865,26.58949530516432,19.583783783783783,27.145945945945947
0.10999999999999965,0.0749999999999999,0.5,400,0.7550270270270271,20.35924324324324,26.964919816723942,20.344864864864864,25.708108108108107
0.10999999999999965,0.0699999999999999,0.5,400,0.8126486486486486,21.904324324324325,26.954237062657974,21.88756756756757,20.183783783783785
0.10999999999999965,0.06499999999999989,0.5,400,0.9023783783783784,24.342378378378378,26.975799688510843,24.329405405405407,10.832432432432432
0.10999999999999965,0.05999999999999989,0.5,400,0.9905945945945946,26.888756756756756,27.14405762304922,26.879135135135137,1.654054054054054
0.10999999999999965,0.05499999999999988,0.5,400,1.006918918918919,28.218486486486487,28.024586643762078,28.211243243243242,0.0
0.10999999999999965,0.04999999999999988,0.5,400,1.007027027027027,29.215675675675676,29.011808910359633,29.207135135135136,0.0
0.10999999999999965,0.04499999999999987,0.5,400,1.0054054054054054,30.092972972972973,29.931182795698923,30.087243243243243,0.0
0.10999999999999965,0.03999999999999987,0.5,400,1.005081081081081,31.055243243243243,30.898246746262235,31.04972972972973,0.0
0.10999999999999965,0.034999999999999865,0.5,400,1.005081081081081,31.944864864864865,31.783370979885984,31.939243243243244,0.0
0.10999999999999965,0.02999999999999986,0.5,400,1.0054054054054054,32.89167567567568,32.714838709677416,32.88583783783784,0.0
0.10999999999999965,0.024999999999999856,0.5,400,1.0043243243243243,33.78918918918919,33.64370290635092,33.78454054054054,0.0
0.10999999999999965,0.01999999999999985,0.5,400,1.005081081081081,34.63827027027027,34.46316015919113,34.63243243243243,0.0
0.10999999999999965,0.014999999999999847,0.5,400,1.005081081081081,35.447675675675676,35.26847370119393,35.44237837837838,0.0
0.10999999999999965,0.009999999999999842,0.5,400,1.004108108108108,36.16616216216216,36.0181955211025,36.161945945945945,0.0
0.10999999999999965,0.004999999999999838,0.5,400,1.0043243243243243,36.9212972972973,36.76232508073197,36.916,0.0
0.10499999999999965,0.2,0.5,400,0.004972972972972973,0.005189189189189189,1.0434782608695652,0.0033513513513513515,99.68648648648649
0.10499999999999965,0.195,0.5,400,0.004972972972972973,0.005189189189189189,1.0434782608695652,0.0033513513513513515,99.68648648648649
0.10499999999999965,0.19,0.5,400,0.004972972972972973,0.005189189189189189,1.0434782608695652,0.0033513513513513515,99.68648648648649
0.10499999999999965,0.185,0.5,400,0.004972972972972973,0.005189189189189189,1.0434782608695652,0.0033513513513513515,99.68648648648649
0.10499999999999965,0.18,0.5,400,0.004972972972972973,0.005189189189189189,1.0434782608695652,0.0033513513513513515,99.68648648648649
0.10499999999999965,0.175,0.5,400,0.004972972972972973,0.005189189189189189,1.0434782608695652,0.0033513513513513515,99.68648648648649
0.10499999999999965,0.16999999999999998,0.5,400,0.004972972972972973,0.005189189189189189,1.0434782608695652,0.0033513513513513515,99.68648648648649
0.10499999999999965,0.16499999999999998,0.5,400,0.004972972972972973,0.005189189189189189,1.0434782608695652,0.0033513513513513515,99.68648648648649
0.10499999999999965,0.15999999999999998,0.5,400,0.004972972972972973,0.005189189189189189,1.0434782608695652,0.0033513513513513515,99.68648648648649
0.10499999999999965,0.15499999999999997,0.5,400,0.004972972972972973,0.005189189189189189,1.0434782608695652,0.0033513513513513515,99.68648648648649
0.10499999999999965,0.14999999999999997,0.5,400,0.004972972972972973,0.005189189189189189,1.0434782608695652,0.0033513513513513515,99.68648648648649
0.10499999999999965,0.14499999999999996,0.5,400,0.004972972972972973,0.005189189189189189,1.0434782608695652,0.0033513513513513515,99.68648648648649
0.10499999999999965,0.13999999999999996,0.5,400,0.004972972972972973,0.005189189189189189,1.0434782608695652,0.0033513513513513515,99.68648648648649
0.10499999999999965,0.13499999999999995,0.5,400,0.004972972972972973,0.005189189189189189,1.0434782608695652,0.0033513513513513515,99.68648648648649
0.10499999999999965,0.12999999999999995,0.5,400,0.004972972972972973,0.005189189189189189,1.0434782608695652,0.0033513513513513515,99.68648648648649
0.10499999999999965,0.12499999999999994,0.5,400,0.004972972972972973,0.005189189189189189,1.0434782608695652,0.0033513513513513515,99.68648648648649
0.10499999999999965,0.11999999999999994,0.5,400,0.004972972972972973,0.005189189189189189,1.0434782608695652,0.0033513513513513515,99.68648648648649
0.10499999999999965,0.11499999999999994,0.5,400,0.005189189189189189,0.005405405405405406,1.0416666666666667,0.0035675675675675674,99.66486486486487
0.10499999999999965,0.10999999999999993,0.5,400,0.027135135135135133,0.34735135135135137,12.800796812749004,0.3452972972972973,97.4918918918919
0.10499999999999965,0.10499999999999993,0.5,400,0.11383783783783784,2.017621621621622,17.723646723646723,2.0155675675675675,88.82162162162162
0.10499999999999965,0.09999999999999992,0.5,400,0.17405405405405405,3.3652972972972974,19.33478260869565,3.3627027027027028,82.84324324324324
0.10499999999999965,0.09499999999999992,0.5,400,0.28097297297297297,6.069513513513513,21.601769911504423,6.065189189189189,72.31351351351351
0.10499999999999965,0.08999999999999991,0.5,400,0.4971891891891892,12.515567567567567,25.172646227440747,12.509513513513513,50.86486486486486
0.10499999999999965,0.08499999999999991,0.5,400,0.6683243243243243,17.321945945945945,25.918472986088645,17.317621621621623,33.6
0.10499999999999965,0.0799999999999999,0.5,400,0.7046486486486486,18.602810810810812,26.4001227370359,18.595243243243242,30.27027027027027
0.10499999999999965,0.0749999999999999,0.5,400,0.750054054054054,20.002054054054053,26.667483424618045,19.990378378378377,26.021621621621623
0.10499999999999965,0.0699999999999999,0.5,400,0.8007567567567567,21.447135135135134,26.783583097070338,21.432972972972973,21.232432432432432
0.10499999999999965,0.06499999999999989,0.5,400,0.8896216216216216,23.81297297297297,26.76752946895127,23.800864864864867,12.054054054054054
0.10499999999999965,0.05999999999999989,0.5,400,0.9884324324324324,26.60735135135135,26.91873564475555,26.60010810810811,1.7837837837837838
0.10499999999999965,0.05499999999999988,0.5,400,1.0067027027027027,27.949081081081083,27.762993986254294,27.94,0.0
0.10499999999999965,0.04999999999999988,0.5,400,1.006810810810811,28.916,28.720390851497907,28.90681081081081,0.0
0.10499999999999965,0.04499999999999987,0.5,400,1.0056216216216216,29.86064864864865,29.693721780262308,29.854054054054053,0.0
0.10499999999999965,0.03999999999999987,0.5,400,1.0064864864864864,30.748,30.54983888292159,30.740216216216215,0.0
0.10499999999999965,0.034999999999999865,0.5,400,1.0044324324324325,31.692756756756758,31.552900656549348,31.688,0.0
0.10499999999999965,0.02999999999999986,0.5,400,1.0060540540540541,32.66875675675676,32.47216849344509,32.661297297297295,0.0
0.10499999999999965,0.024999999999999856,0.5,400,1.0054054054054054,33.537081081081084,33.35677419354839,33.53102702702703,0.0
0.10499999999999965,0.01999999999999985,0.5,400,1.0059459459459459,34.41308108108108,34.20967221923697,34.40691891891892,0.0
0.10499999999999965,0.014999999999999847,0.5,400,1.0054054054054054,35.20983783783784,35.020537634408605,35.204324324324325,0.0
0.10499999999999965,0.009999999999999842,0.5,400,1.004108108108108,35.96281081081081,35.81567614125753,35.957945945945944,0.0
0.10499999999999965,0.004999999999999838,0.5,400,1.004,36.739243243243244,36.59287175621837,36.73502702702703,0.0
0.09999999999999964,0.2,0.5,400,0.004972972972972973,0.005189189189189189,1.0434782608695652,0.0033513513513513515,99.68648648648649
0.09999999999999964,0.195,0.5,400,0.004972972972972973,0.005189189189189189,1.0434782608695652,0.0033513513513513515,99.68648648648649
0.09999999999999964,0.19,0.5,400,0.004972972972972973,0.005189189189189189,1.0434782608695652,0.0033513513513513515,99.68648648648649
0.09999999999999964,0.185,0.5,400,0.004972972972972973,0.005189189189189189,1.0434782608695652,0.0033513513513513515,99.68648648648649
0.09999999999999964,0.18,0.5,400,0.004972972972972973,0.005189189189189189,1.0434782608695652,0.0033513513513513515,99.68648648648649
0.09999999999999964,0.175,0.5,400,0.004972972972972973,0.005189189189189189,1.0434782608695652,0.0033513513513513515,99.68648648648649
0.09999999999999964,0.16999999999999998,0.5,400,0.004972972972972973,0.005189189189189189,1.0434782608695652,0.0033513513513513515,99.68648648648649
0.09999999999999964,0.16499999999999998,0.5,400,0.004972972972972973,0.005189189189189189,1.0434782608695652,0.0033513513513513515,99.68648648648649
0.09999999999999964,0.15999999999999998,0.5,400,0.004972972972972973,0.005189189189189189,1.0434782608695652,0.0033513513513513515,99.68648648648649
0.09999999999999964,0.15499999999999997,0.5,400,0.004972972972972973,0.005189189189189189,1.0434782608695652,0.0033513513513513515,99.68648648648649
0.09999999999999964,0.14999999999999997,0.5,400,0.004972972972972973,0.005189189189189189,1.0434782608695652,0.0033513513513513515,99.68648648648649
0.09999999999999964,0.14499999999999996,0.5,400,0.004972972972972973,0.005189189189189189,1.0434782608695652,0.0033513513513513515,99.68648648648649
0.09999999999999964,0.13999999999999996,0.5,400,0.004972972972972973,0.005189189189189189,1.0434782608695652,0.0033513513513513515,99.68648648648649
0.09999999999999964,0.13499999999999995,0.5,400,0.004972972972972973,0.005189189189189189,1.0434782608695652,0.0033513513513513515,99.68648648648649
0.09999999999999964,0.12999999999999995,0.5,400,0.004972972972972973,0.005189189189189189,1.0434782608695652,0.0033513513513513515,99.68648648648649
0.09999999999999964,0.12499999999999994,0.5,400,0.004972972972972973,0.005189189189189189,1.0434782608695652,0.0033513513513513515,99.68648648648649
0.09999999999999964,0.11999999999999994,0.5,400,0.004972972972972973,0.005189189189189189,1.0434782608695652,0.0033513513513513515,99.68648648648649
0.09999999999999964,0.11499999999999994,0.5,400,0.004972972972972973,0.005189189189189189,1.0434782608695652,0.0033513513513513515,99.68648648648649
0.09999999999999964,0.10999999999999993,0.5,400,0.005189189189189189,0.005405405405405406,1.0416666666666667,0.0035675675675675674,99.66486486486487
0.09999999999999964,0.10499999999999993,0.5,400,0.029513513513513515,0.38594594594594595,13.076923076923077,0.384,97.24324324324324
0.09999999999999964,0.09999999999999992,0.5,400,0.1251891891891892,2.2643243243243245,18.087219343696027,2.2615135135135134,87.76216216216216
0.09999999999999964,0.09499999999999992,0.5,400,0.18756756756756757,3.77772972972973,20.14063400576369,3.775027027027027,81.51351351351352
0.09999999999999964,0.08999999999999991,0.5,400,0.3312432432432432,7.7476756756756755,23.38968668407311,7.742378378378378,67.38378378378378
0.09999999999999964,0.08499999999999991,0.5,400,0.5763243243243243,14.715783783783785,25.533858563121367,14.710486486486486,42.8972972972973
0.09999999999999964,0.0799999999999999,0.5,400,0.6787027027027027,17.74908108108108,26.15148136349156,17.742918918918917,32.72432432432432
0.09999999999999964,0.0749999999999999,0.5,400,0.7376216216216216,19.39891891891892,26.299281840832478,19.38691891891892,27.286486486486485
0.09999999999999964,0.0699999999999999,0.5,400,0.788972972972973,20.89037837837838,26.477939161414085,20.872864864864866,22.583783783783783
0.09999999999999964,0.06499999999999989,0.5,400,0.8715675675675676,23.19935135135135,26.617960803770778,23.185513513513513,13.924324324324324
0.09999999999999964,0.05999999999999989,0.5,400,0.9852972972972973,26.23124324324324,26.622668422207592,26.223135135135134,2.151351351351351
0.09999999999999964,0.05499999999999988,0.5,400,1.005189189189189,27.676324324324323,27.533448053344806,27.668864864864865,0.0
0.09999999999999964,0.04999999999999988,0.5,400,1.0063783783783784,28.614918918918917,28.433558921473843,28.607567567567568,0.0
0.09999999999999964,0.04499999999999987,0.5,400,1.0063783783783784,29.583135135135134,29.39563862928349,29.575891891891892,0.0
0.09999999999999964,0.03999999999999987,0.5,400,1.0054054054054054,30.524,30.35989247311828,30.51708108108108,0.0
0.09999999999999964,0.034999999999999865,0.5,400,1.0052972972972973,31.47589189189189,31.310033336917947,31.468,0.0
0.09999999999999964,0.02999999999999986,0.5,400,1.0060540540540541,32.427459459459456,32.23232323232323,32.419783783783785,0.0
0.09999999999999964,0.024999999999999856,0.5,400,1.0054054054054054,33.31178378378378,33.13268817204301,33.305837837837835,0.0
0.09999999999999964,0.01999999999999985,0.5,400,1.0047567567567568,34.20475675675676,34.04282332687755,34.2,0.0
0.09999999999999964,0.014999999999999847,0.5,400,1.0034594594594595,35.00389189189189,34.883214824391295,35.00043243243243,0.0
0.09999999999999964,0.009999999999999842,0.5,400,1.0046486486486486,35.78194594594595,35.61637791886366,35.77697297297297,0.0
0.09999999999999964,0.004999999999999838,0.5,400,1.005189189189189,36.49621621621622,36.30780813078081,36.48983783783784,0.0
0.09499999999999964,0.2,0.5,400,0.004972972972972973,0.005189189189189189,1.0434782608695652,0.0033513513513513515,99.68648648648649
0.09499999999999964,0.195,0.5,400,0.004972972972972973,0.005189189189189189,1.0434782608695652,0.0033513513513513515,99.68648648648649
0.09499999999999964,0.19,0.5,400,0.004972972972972973,0.005189189189189189,1.0434782608695652,0.0033513513513513515,99.68648648648649
0.09499999999999964,0.185,0.5,400,0.004972972972972973,0.005189189189189189,1.0434782608695652,0.0033513513513513515,99.68648648648649
0.09499999999999964,0.18,0.5,400,0.004972972972972973,0.005189189189189189,1.0434782608695652,0.0033513513513513515,99.68648648648649
0.09499999999999964,0.175,0.5,400,0.004972972972972973,0.005189189189189189,1.0434782608695652,0.0033513513513513515,99.68648648648649
0.09499999999999964,0.16999999999999998,0.5,400,0.004972972972972973,0.005189189189189189,1.0434782608695652,0.0033513513513513515,99.68648648648649
0.09499999999999964,0.16499999999999998,0.5,400,0.004972972972972973,0.005189189189189189,1.0434782608695652,0.0033513513513513515,99.68648648648649
0.09499999999999964,0.15999999999999998,0.5,400,0.004972972972972973,0.005189189189189189,1.0434782608695652,0.0033513513513513515,99.68648648648649
0.09499999999999964,0.15499999999999997,0.5,400,0.004972972972972973,0.005189189189189189,1.0434782608695652,0.0033513513513513515,99.68648648648649
0.09499999999999964,0.14999999999999997,0.5,400,0.004972972972972973,0.005189189189189189,1.0434782608695652,0.0033513513513513515,99.68648648648649
0.09499999999999964,0.14499999999999996,0.5,400,0.004972972972972973,0.005189189189189189,1.0434782608695652,0.0033513513513513515,99.68648648648649
0.09499999999999964,0.13999999999999996,0.5,400,0.004972972972972973,0.005189189189189189,1.0434782608695652,0.0033513513513513515,99.68648648648649
0.09499999999999964,0.13499999999999995,0.5,400,0.004972972972972973,0.005189189189189189,1.0434782608695652,0.0033513513513513515,99.68648648648649
0.09499999999999964,0.12999999999999995,0.5,400,0.004972972972972973,0.005189189189189189,1.0434782608695652,0.0033513513513513515,99.68648648648649
0.09499999999999964,0.12499999999999994,0.5,400,0.004972972972972973,0.005189189189189189,1.0434782608695652,0.0033513513513513515,99.68648648648649
0.09499999999999964,0.11999999999999994,0.5,400,0.004972972972972973,0.005189189189189189,1.0434782608695652,0.0033513513513513515,99.68648648648649
0.09499999999999964,0.11499999999999994,0.5,400,0.004972972972972973,0.005189189189189189,1.0434782608695652,0.0033513513513513515,99.68648648648649
0.09499999999999964,0.10999999999999993,0.5,400,0.004972972972972973,0.005189189189189189,1.0434782608695652,0.0033513513513513515,99.68648648648649
0.09499999999999964,0.10499999999999993,0.5,400,0.006702702702702703,0.02918918918918919,4.354838709677419,0.02735135135135135,99.51351351351352
0.09499999999999964,0.09999999999999992,0.5,400,0.03632432432432432,0.5171891891891892,14.238095238095237,0.5148108108108108,96.6054054054054
0.09499999999999964,0.09499999999999992,0.5,400,0.13297297297297297,2.487135135135135,18.704065040650406,2.483783783783784,87.01621621621622
0.09499999999999964,0.08999999999999991,0.5,400,0.22,4.615243243243243,20.978378378378377,4.611783783783784,78.31351351351351
0.09499999999999964,0.08499999999999991,0.5,400,0.38594594594594595,9.488648648648649,24.58543417366947,9.48335135135135,61.84864864864865
0.09499999999999964,0.0799999999999999,0.5,400,0.6405405405405405,16.517513513513514,25.786835443037976,16.513081081081083,36.37837837837838
0.09499999999999964,0.0749999999999999,0.5,400,0.6913513513513514,18.1587027027027,26.265519937451135,18.15016216216216,31.697297297297297
0.09499999999999964,0.0699999999999999,0.5,400,0.7671351351351351,20.223243243243243,26.362034949267194,20.21081081081081,24.38918918918919
0.09499999999999964,0.06499999999999989,0.5,400,0.8565405405405405,22.635783783783783,26.426984728007067,22.624216216216215,15.31891891891892
0.09499999999999964,0.05999999999999989,0.5,400,0.975027027027027,25.755675675675676,26.415345381971395,25.748648648648647,3.1135135135135137
0.09499999999999964,0.05499999999999988,0.5,400,1.0073513513513515,27.37491891891892,27.175144880875724,27.364432432432434,0.0
0.09499999999999964,0.04999999999999988,0.5,400,1.0062702702702702,28.365297297297296,28.18854748603352,28.356756756756756,0.0
0.09499999999999964,0.04499999999999987,0.5,400,1.007027027027027,29.304648648648648,29.100161030595814,29.29535135135135,0.0
0.09499999999999964,0.03999999999999987,0.5,400,1.0059459459459459,30.257297297297296,30.078452444922085,30.250054054054054,0.0
0.09499999999999964,0.034999999999999865,0.5,400,1.005081081081081,31.22810810810811,31.0702377110896,31.222486486486485,0.0
0.09499999999999964,0.02999999999999986,0.5,400,1.005189189189189,32.15632432432432,31.990320499032048,32.14962162162162,0.0
0.09499999999999964,0.024999999999999856,0.5,400,1.0057297297297296,33.08064864864865,32.89218531656455,33.07297297297297,0.0
0.09499999999999964,0.01999999999999985,0.5,400,1.0044324324324325,33.92767567567567,33.777957162845766,33.92227027027027,0.0
0.09499999999999964,0.014999999999999847,0.5,400,1.005189189189189,34.78151351351352,34.601957410195745,34.77632432432432,0.0
0.09499999999999964,0.009999999999999842,0.5,400,1.0056216216216216,35.55502702702703,35.35626746936143,35.549081081081084,0.0
0.09499999999999964,0.004999999999999838,0.5,400,1.0045405405405405,36.30216216216216,36.13807576409815,36.297513513513515,0.0
0.08999999999999964,0.2,0.5,400,0.004972972972972973,0.005189189189189189,1.0434782608695652,0.0033513513513513515,99.68648648648649
0.08999999999999964,0.195,0.5,400,0.004972972972972973,0.005189189189189189,1.0434782608695652,0.0033513513513513515,99.68648648648649
0.08999999999999964,0.19,0.5,400,0.004972972972972973,0.005189189189189189,1.0434782608695652,0.0033513513513513515,99.68648648648649
0.08999999999999964,0.185,0.5,400,0.004972972972972973,0.005189189189189189,1.0434782608695652,0.0033513513513513515,99.68648648648649
0.08999999999999964,0.18,0.5,400,0.004972972972972973,0.005189189189189189,1.0434782608695652,0.0033513513513513515,99.68648648648649
0.08999999999999964,0.175,0.5,400,0.004972972972972973,0.005189189189189189,1.0434782608695652,0.0033513513513513515,99.68648648648649
0.08999999999999964,0.16999999999999998,0.5,400,0.004972972972972973,0.005189189189189189,1.0434782608695652,0.0033513513513513515,99.68648648648649
0.08999999999999964,0.16499999999999998,0.5,400,0.004972972972972973,0.005189189189189189,1.0434782608695652,0.0033513513513513515,99.68648648648649
0.08999999999999964,0.15999999999999998,0.5,400,0.004972972972972973,0.005189189189189189,1.0434782608695652,0.0033513513513513515,99.68648648648649
0.08999999999999964,0.15499999999999997,0.5,400,0.004972972972972973,0.005189189189189189,1.0434782608695652,0.0033513513513513515,99.68648648648649
0.08999999999999964,0.14999999999999997,0.5,400,0.004972972972972973,0.005189189189189189,1.0434782608695652,0.0033513513513513515,99.68648648648649
0.08999999999999964,0.14499999999999996,0.5,400,0.004972972972972973,0.005189189189189189,1.0434782608695652,0.0033513513513513515,99.68648648648649
0.08999999999999964,0.13999999999999996,0.5,400,0.004972972972972973,0.005189189189189189,1.0434782608695652,0.0033513513513513515,99.68648648648649
0.08999999999999964,0.13499999999999995,0.5,400,0.004972972972972973,0.005189189189189189,1.0434782608695652,0.0033513513513513515,99.68648648648649
0.08999999999999964,0.12999999999999995,0.5,400,0.004972972972972973,0.005189189189189189,1.0434782608695652,0.0033513513513513515,99.68648648648649
0.08999999999999964,0.12499999999999994,0.5,400,0.004972972972972973,0.005189189189189189,1.0434782608695652,0.0033513513513513515,99.68648648648649
0.08999999999999964,0.11999999999999994,0.5,400,0.004972972972972973,0.005189189189189189,1.0434782608695652,0.0033513513513513515,99.68648648648649
0.08999999999999964,0.11499999999999994,0.5,400,0.004972972972972973,0.005189189189189189,1.0434782608695652,0.0033513513513513515,99.68648648648649
0.08999999999999964,0.10999999999999993,0.5,400,0.004972972972972973,0.005189189189189189,1.0434782608695652,0.0033513513513513515,99.68648648648649
0.08999999999999964,0.10499999999999993,0.5,400,0.004972972972972973,0.005189189189189189,1.0434782608695652,0.0033513513513513515,99.68648648648649
0.08999999999999964,0.09999999999999992,0.5,400,0.0068108108108108105,0.030810810810810812,4.523809523809524,0.028972972972972973,99.5027027027027
0.08999999999999964,0.09499999999999992,0.5,400,0.03783783783783784,0.5271351351351351,13.93142857142857,0.5250810810810811,96.42162162162163
0.08999999999999964,0.08999999999999991,0.5,400,0.13881081081081081,2.6621621621621623,19.17834890965732,2.659135135135135,86.3891891891892
0.08999999999999964,0.08499999999999991,0.5,400,0.23156756756756758,4.880864864864865,21.07749766573296,4.877513513513514,77.14594594594594
0.08999999999999964,0.0799999999999999,0.5,400,0.43448648648648647,10.868756756756756,25.015177904951482,10.86227027027027,57.14594594594595
0.08999999999999964,0.0749999999999999,0.5,400,0.6690810810810811,17.391027027027025,25.992405881402487,17.384,33.78378378378378
0.08999999999999964,0.0699999999999999,0.5,400,0.7269189189189189,19.079351351351352,26.24687685901249,19.067243243243244,28.335135135135136
0.08999999999999964,0.06499999999999989,0.5,400,0.8441081081081081,22.057297297297296,26.130891393442624,22.04454054054054,16.67027027027027
0.08999999999999964,0.05999999999999989,0.5,400,0.9714594594594594,25.34702702702703,26.091698197195637,25.33881081081081,3.5243243243243243
0.08999999999999964,0.05499999999999988,0.5,400,1.0062702702702702,27.060108108108107,26.891491190373873,27.052972972972974,0.0
0.08999999999999964,0.04999999999999988,0.5,400,1.0045405405405405,28.0307027027027,27.904003443822642,28.024,0.0
0.08999999999999964,0.04499999999999987,0.5,400,1.0064864864864864,29.008108108108107,28.821160042964554,28.998162162162163,0.0
0.08999999999999964,0.03999999999999987,0.5,400,1.0065945945945947,30.005405405405405,29.808828267640425,29.997405405405406,0.0
0.08999999999999964,0.034999999999999865,0.5,400,1.0055135135135136,30.97589189189189,30.806042361036447,30.968108108108108,0.0
0.08999999999999964,0.02999999999999986,0.5,400,1.0043243243243243,31.92172972972973,31.78428417653391,31.91610810810811,0.0
0.08999999999999964,0.024999999999999856,0.5,400,1.0064864864864864,32.81881081081081,32.60730397422127,32.81167567567567,0.0
0.08999999999999964,0.01999999999999985,0.5,400,1.0054054054054054,33.67091891891892,33.48989247311828,33.66410810810811,0.0
0.08999999999999964,0.014999999999999847,0.5,400,1.0044324324324325,34.54043243243243,34.38800990205575,34.535783783783785,0.0
0.08999999999999964,0.009999999999999842,0.5,400,1.0042162162162163,35.22378378378379,35.07589622133707,35.21945945945946,0.0
0.08999999999999964,0.004999999999999838,0.5,400,1.0043243243243243,36.06421621621622,35.90893433799785,36.05945945945946,0.0
0.08499999999999963,0.2,0.5,400,0.004972972972972973,0.005189189189189189,1.0434782608695652,0.0033513513513513515,99.68648648648649
0.08499999999999963,0.195,0.5,400,0.004972972972972973,0.005189189189189189,1.0434782608695652,0.0033513513513513515,99.68648648648649
0.08499999999999963,0.19,0.5,400,0.004972972972972973,0.005189189189189189,1.0434782608695652,0.0033513513513513515,99.68648648648649
0.08499999999999963,0.185,0.5,400,0.004972972972972973,0.005189189189189189,1.0434782608695652,0.0033513513513513515,99.68648648648649
0.08499999999999963,0.18,0.5,400,0.004972972972972973,0.005189189189189189,1.0434782608695652,0.0033513513513513515,99.68648648648649
0.08499999999999963,0.175,0.5,400,0.004972972972972973,0.005189189189189189,1.0434782608695652,0.0033513513513513515,99.68648648648649
0.08499999999999963,0.16999999999999998,0.5,400,0.004972972972972973,0.005189189189189189,1.0434782608695652,0.0033513513513513515,99.68648648648649
0.08499999999999963,0.16499999999999998,0.5,400,0.004972972972972973,0.005189189189189189,1.0434782608695652,0.0033513513513513515,99.68648648648649
0.08499999999999963,0.15999999999999998,0.5,400,0.004972972972972973,0.005189189189189189,1.0434782608695652,0.0033513513513513515,99.68648648648649
0.08499999999999963,0.15499999999999997,0.5,400,0.004972972972972973,0.005189189189189189,1.0434782608695652,0.0033513513513513515,99.68648648648649
0.08499999999999963,0.14999999999999997,0.5,400,0.004972972972972973,0.005189189189189189,1.0434782608695652,0.0033513513513513515,99.68648648648649
0.08499999999999963,0.14499999999999996,0.5,400,0.004972972972972973,0.005189189189189189,1.0434782608695652,0.0033513513513513515,99.68648648648649
0.08499999999999963,0.13999999999999996,0.5,400,0.004972972972972973,0.005189189189189189,1.0434782608695652,0.0033513513513513515,99.68648648648649
0.08499999999999963,0.13499999999999995,0.5,400,0.004972972972972973,0.005189189189189189,1.0434782608695652,0.0033513513513513515,99.68648648648649
0.08499999999999963,0.12999999999999995,0.5,400,0.004972972972972973,0.005189189189189189,1.0434782608695652,0.0033513513513513515,99.68648648648649
0.08499999999999963,0.12499999999999994,0.5,400,0.004972972972972973,0.005189189189189189,1.0434782608695652,0.0033513513513513515,99.68648648648649
0.08499999999999963,0.11999999999999994,0.5,400,0.004972972972972973,0.005189189189189189,1.0434782608695652,0.0033513513513513515,99.68648648648649
0.08499999999999963,0.11499999999999994,0.5,400,0.004972972972972973,0.005189189189189189,1.0434782608695652,0.0033513513513513515,99.68648648648649
0.08499999999999963,0.10999999999999993,0.5,400,0.004972972972972973,0.005189189189189189,1.0434782608695652,0.0033513513513513515,99.68648648648649
0.08499999999999963,0.10499999999999993,0.5,400,0.004972972972972973,0.005189189189189189,1.0434782608695652,0.0033513513513513515,99.68648648648649
0.08499999999999963,0.09999999999999992,0.5,400,0.004972972972972973,0.005189189189189189,1.0434782608695652,0.0033513513513513515,99.68648648648649
0.08499999999999963,0.09499999999999992,0.5,400,0.007243243243243243,0.033297297297297294,4.597014925373134,0.03145945945945946,99.45945945945945
0.08499999999999963,0.08999999999999991,0.5,400,0.04,0.5805405405405405,14.513513513513514,0.5784864864864865,96.2054054054054
0.08499999999999963,0.08499999999999991,0.5,400,0.1492972972972973,2.9478918918918917,19.74511223750905,2.944972972972973,85.36216216216216
0.08499999999999963,0.0799999999999999,0.5,400,0.2606486486486487,5.66572972972973,21.73703857320614,5.660972972972973,74.3891891891892
0.08499999999999963,0.0749999999999999,0.5,400,0.5147027027027027,13.103567567567568,25.45851711825247,13.096432432432433,49.189189189189186
0.08499999999999963,0.0699999999999999,0.5,400,0.6875675675675675,17.955027027027025,26.113836477987423,17.945513513513514,32.16216216216216
0.08499999999999963,0.06499999999999989,0.5,400,0.8245405405405405,21.360108108108108,25.905467418382063,21.349297297297298,18.475675675675674
0.08499999999999963,0.05999999999999989,0.5,400,0.9548108108108108,24.743135135135134,25.91417572463768,24.73664864864865,5.081081081081081
0.08499999999999963,0.05499999999999988,0.5,400,1.0052972972972973,26.75189189189189,26.6109259060114,26.744864864864866,0.0
0.08499999999999963,0.04999999999999988,0.5,400,1.0059459459459459,27.764,27.599892530897367,27.756756756756758,0.0
0.08499999999999963,0.04499999999999987,0.5,400,1.0052972972972973,28.71081081081081,28.559522529304225,28.703891891891892,0.0
0.08499999999999963,0.03999999999999987,0.5,400,1.0060540540540541,29.68702702702703,29.508381689232753,29.67989189189189,0.0
0.08499999999999963,0.034999999999999865,0.5,400,1.0062702702702702,30.678918918918917,30.487752470992696,30.670486486486485,0.0
0.08499999999999963,0.02999999999999986,0.5,400,1.005081081081081,31.63664864864865,31.476712918145637,31.63091891891892,0.0
0.08499999999999963,0.024999999999999856,0.5,400,1.005081081081081,32.56594594594595,32.401312251263846,32.558594594594595,0.0
0.08499999999999963,0.01999999999999985,0.5,400,1.0046486486486486,33.44659459459459,33.29183256214355,33.44108108108108,0.0
0.08499999999999963,0.014999999999999847,0.5,400,1.0044324324324325,34.26637837837838,34.115165213647614,34.26097297297297,0.0
0.08499999999999963,0.009999999999999842,0.5,400,1.003891891891892,34.99383783783784,34.85817359465862,34.98994594594595,0.0
0.08499999999999963,0.004999999999999838,0.5,400,1.0044324324324325,35.78118918918919,35.62329135722742,35.77654054054054,0.0
0.07999999999999963,0.2,0.5,400,0.004972972972972973,0.005189189189189189,1.0434782608695652,0.0033513513513513515,99.68648648648649
0.07999999999999963,0.195,0.5,400,0.004972972972972973,0.005189189189189189,1.0434782608695652,0.0033513513513513515,99.68648648648649
0.07999999999999963,0.19,0.5,400,0.004972972972972973,0.005189189189189189,1.0434782608695652,0.0033513513513513515,99.68648648648649
0.07999999999999963,0.185,0.5,400,0.004972972972972973,0.005189189189189189,1.0434782608695652,0.0033513513513513515,99.68648648648649
0.07999999999999963,0.18,0.5,400,0.004972972972972973,0.005189189189189189,1.0434782608695652,0.0033513513513513515,99.68648648648649
0.07999999999999963,0.175,0.5,400,0.004972972972972973,0.005189189189189189,1.0434782608695652,0.0033513513513513515,99.68648648648649
0.07999999999999963,0.16999999999999998,0.5,400,0.004972972972972973,0.005189189189189189,1.0434782608695652,0.0033513513513513515,99.68648648648649
0.07999999999999963,0.16499999999999998,0.5,400,0.004972972972972973,0.005189189189189189,1.0434782608695652,0.0033513513513513515,99.68648648648649
0.07999999999999963,0.15999999999999998,0.5,400,0.004972972972972973,0.005189189189189189,1.0434782608695652,0.0033513513513513515,99.68648648648649
0.07999999999999963,0.15499999999999997,0.5,400,0.004972972972972973,0.005189189189189189,1.0434782608695652,0.0033513513513513515,99.68648648648649
0.07999999999999963,0.14999999999999997,0.5,400,0.004972972972972973,0.005189189189189189,1.0434782608695652,0.0033513513513513515,99.68648648648649
0.07999999999999963,0.14499999999999996,0.5,400,0.004972972972972973,0.005189189189189189,1.0434782608695652,0.0033513513513513515,99.68648648648649
0.07999999999999963,0.13999999999999996,0.5,400,0.004972972972972973,0.005189189189189189,1.0434782608695652,0.0033513513513513515,99.68648648648649
0.07999999999999963,0.13499999999999995,0.5,400,0.004972972972972973,0.005189189189189189,1.0434782608695652,0.0033513513513513515,99.68648648648649
0.07999999999999963,0.12999999999999995,0.5,400,0.004972972972972973,0.005189189189189189,1.0434782608695652,0.0033513513513513515,99.68648648648649
0.07999999999999963,0.12499999999999994,0.5,400,0.004972972972972973,0.005189189189189189,1.0434782608695652,0.0033513513513513515,99.68648648648649
0.07999999999999963,0.11999999999999994,0.5,400,0.004972972972972973,0.005189189189189189,1.0434782608695652,0.0033513513513513515,99.68648648648649
0.07999999999999963,0.11499999999999994,0.5,400,0.004972972972972973,0.005189189189189189,1.0434782608695652,0.0033513513513513515,99.68648648648649
0.07999999999999963,0.10999999999999993,0.5,400,0.004972972972972973,0.005189189189189189,1.0434782608695652,0.0033513513513513515,99.68648648648649
0.07999999999999963,0.10499999999999993,0.5,400,0.004972972972972973,0.005189189189189189,1.0434782608695652,0.0033513513513513515,99.68648648648649
0.07999999999999963,0.09999999999999992,0.5,400,0.004972972972972973,0.005189189189189189,1.0434782608695652,0.0033513513513513515,99.68648648648649
0.07999999999999963,0.09499999999999992,0.5,400,0.004972972972972973,0.005189189189189189,1.0434782608695652,0.0033513513513513515,99.68648648648649
0.07999999999999963,0.08999999999999991,0.5,400,0.007675675675675676,0.03427027027027027,4.464788732394366,0.032432432432432434,99.41621621621621
0.07999999999999963,0.08499999999999991,0.5,400,0.05762162162162162,0.9534054054054054,16.545966228893057,0.951027027027027,94.47567567567567
0.07999999999999963,0.0799999999999999,0.5,400,0.1641081081081081,3.321405405405405,20.23913043478261,3.3176216216216217,83.94594594594595
0.07999999999999963,0.0749999999999999,0.5,400,0.31816216216216214,7.308216216216216,22.97009853890588,7.300864864864865,68.84324324324324
0.07999999999999963,0.0699999999999999,0.5,400,0.6168648648648649,15.819783783783784,25.64546091833158,15.809837837837838,39.2
0.07999999999999963,0.06499999999999989,0.5,400,0.7351351351351352,19.22972972972973,26.158088235294116,19.220864864864865,27.254054054054055
0.07999999999999963,0.05999999999999989,0.5,400,0.94,24.07816216216216,25.615066129959747,24.071459459459458,6.52972972972973
0.07999999999999963,0.05499999999999988,0.5,400,1.0046486486486486,26.432864864864865,26.310556332723554,26.427243243243243,0.010810810810810811
0.07999999999999963,0.04999999999999988,0.5,400,1.0052972972972973,27.451891891891893,27.307237337348102,27.445621621621623,0.0
0.07999999999999963,0.04499999999999987,0.5,400,1.0056216216216216,28.42345945945946,28.264566759836594,28.415675675675676,0.0
0.07999999999999963,0.03999999999999987,0.5,400,1.0059459459459459,29.447135135135134,29.273078989790434,29.438594594594594,0.0
0.07999999999999963,0.034999999999999865,0.5,400,1.007027027027027,30.39708108108108,30.1849704777241,30.38745945945946,0.0
0.07999999999999963,0.02999999999999986,0.5,400,1.005189189189189,31.35762162162162,31.1957410195741,31.351783783783784,0.0
0.07999999999999963,0.024999999999999856,0.5,400,1.0042162162162163,32.32518918918919,32.189471417806004,32.32010810810811,0.0
0.07999999999999963,0.01999999999999985,0.5,400,1.0061621621621621,33.18627027027027,32.98302353067584,33.17827027027027,0.0
0.07999999999999963,0.014999999999999847,0.5,400,1.0048648648648648,34.03362162162162,33.86885422270038,34.02659459459459,0.0
0.07999999999999963,0.009999999999999842,0.5,400,1.004108108108108,34.75416216216216,34.61197243755383,34.749297297297296,0.0
0.07999999999999963,0.004999999999999838,0.5,400,1.0048648648648648,35.56767567567567,35.39548144163529,35.562486486486485,0.0
0.07499999999999962,0.2,0.5,400,0.004972972972972973,0.005189189189189189,1.0434782608695652,0.0033513513513513515,99.68648648648649
0.07499999999999962,0.195,0.5,400,0.004972972972972973,0.005189189189189189,1.0434782608695652,0.0033513513513513515,99.68648648648649
0.07499999999999962,0.19,0.5,400,0.004972972972972973,0.005189189189189189,1.0434782608695652,0.0033513513513513515,99.68648648648649
0.07499999999999962,0.185,0.5,400,0.004972972972972973,0.005189189189189189,1.0434782608695652,0.0033513513513513515,99.68648648648649
0.07499999999999962,0.18,0.5,400,0.004972972972972973,0.005189189189189189,1.0434782608695652,0.0033513513513513515,99.68648648648649
0.07499999999999962,0.175,0.5,400,0.004972972972972973,0.005189189189189189,1.0434782608695652,0.0033513513513513515,99.68648648648649
0.07499999999999962,0.16999999999999998,0.5,400,0.004972972972972973,0.005189189189189189,1.0434782608695652,0.0033513513513513515,99.68648648648649
0.07499999999999962,0.16499999999999998,0.5,400,0.004972972972972973,0.005189189189189189,1.0434782608695652,0.0033513513513513515,99.68648648648649
0.07499999999999962,0.15999999999999998,0.5,400,0.004972972972972973,0.005189189189189189,1.0434782608695652,0.0033513513513513515,99.68648648648649
0.07499999999999962,0.15499999999999997,0.5,400,0.004972972972972973,0.005189189189189189,1.0434782608695652,0.0033513513513513515,99.68648648648649
0.07499999999999962,0.14999999999999997,0.5,400,0.004972972972972973,0.005189189189189189,1.0434782608695652,0.0033513513513513515,99.68648648648649
0.07499999999999962,0.14499999999999996,0.5,400,0.004972972972972973,0.005189189189189189,1.0434782608695652,0.0033513513513513515,99.68648648648649
0.07499999999999962,0.13999999999999996,0.5,400,0.004972972972972973,0.005189189189189189,1.0434782608695652,0.0033513513513513515,99.68648648648649
0.07499999999999962,0.13499999999999995,0.5,400,0.004972972972972973,0.005189189189189189,1.0434782608695652,0.0033513513513513515,99.68648648648649
0.07499999999999962,0.12999999999999995,0.5,400,0.004972972972972973,0.005189189189189189,1.0434782608695652,0.0033513513513513515,99.68648648648649
0.07499999999999962,0.12499999999999994,0.5,400,0.004972972972972973,0.005189189189189189,1.0434782608695652,0.0033513513513513515,99.68648648648649
0.07499999999999962,0.11999999999999994,0.5,400,0.004972972972972973,0.005189189189189189,1.0434782608695652,0.0033513513513513515,99.68648648648649
0.07499999999999962,0.11499999999999994,0.5,400,0.004972972972972973,0.005189189189189189,1.0434782608695652,0.0033513513513513515,99.68648648648649
0.07499999999999962,0.10999999999999993,0.5,400,0.004972972972972973,0.005189189189189189,1.0434782608695652,0.0033513513513513515,99.68648648648649
0.07499999999999962,0.10499999999999993,0.5,400,0.004972972972972973,0.005189189189189189,1.0434782608695652,0.0033513513513513515,99.68648648648649
0.07499999999999962,0.09999999999999992,0.5,400,0.004972972972972973,0.005189189189189189,1.0434782608695652,0.0033513513513513515,99.68648648648649
0.07499999999999962,0.09499999999999992,0.5,400,0.004972972972972973,0.005189189189189189,1.0434782608695652,0.0033513513513513515,99.68648648648649
0.07499999999999962,0.08999999999999991,0.5,400,0.004972972972972973,0.005189189189189189,1.0434782608695652,0.0033513513513513515,99.68648648648649
0.07499999999999962,0.08499999999999991,0.5,400,0.008324324324324324,0.047135135135135134,5.662337662337662,0.0452972972972973,99.35135135135135
0.07499999999999962,0.0799999999999999,0.5,400,0.06691891891891892,1.1651891891891892,17.41195476575121,1.1629189189189189,93.53513513513514
0.07499999999999962,0.0749999999999999,0.5,400,0.18843243243243243,3.937945945945946,20.898450946643717,3.9336216216216218,81.57837837837837
0.07499999999999962,0.0699999999999999,0.5,400,0.3876756756756757,9.401297297297297,24.25041829336308,9.391243243243244,62.11891891891892
0.07499999999999962,0.06499999999999989,0.5,400,0.6775135135135135,17.549405405405405,25.9026647518749,17.540108108108107,33.12432432432433
0.07499999999999962,0.05999999999999989,0.5,400,0.9281081081081081,23.42972972972973,25.244612696563774,23.423567567567567,7.7405405405405405
0.07499999999999962,0.05499999999999988,0.5,400,1.0032432432432432,26.067891891891893,25.983620689655172,26.062594594594593,0.032432432432432434
0.07499999999999962,0.04999999999999988,0.5,400,1.004108108108108,27.14356756756757,27.032515073212746,27.138378378378377,0.010810810810810811
0.07499999999999962,0.04499999999999987,0.5,400,1.0055135135135136,28.132,27.97774432856682,28.124864864864865,0.0
0.07499999999999962,0.03999999999999987,0.5,400,1.004972972972973,29.130594594594594,28.98644578313253,29.123567567567566,0.0
0.07499999999999962,0.034999999999999865,0.5,400,1.0063783783783784,30.147027027027026,29.955956601138684,30.136432432432432,0.0
0.07499999999999962,0.02999999999999986,0.5,400,1.0059459459459459,31.116972972972974,30.933046749059645,31.108972972972975,0.0
0.07499999999999962,0.024999999999999856,0.5,400,1.0045405405405405,32.02118918918919,31.87645286267757,32.016216216216215,0.0
0.07499999999999962,0.01999999999999985,0.5,400,1.0047567567567568,32.930054054054054,32.77415536905531,32.92335135135135,0.0
0.07499999999999962,0.014999999999999847,0.5,400,1.0054054054054054,33.7972972972973,33.615591397849464,33.7907027027027,0.0
0.07499999999999962,0.009999999999999842,0.5,400,1.0035675675675675,34.518054054054055,34.39534633200474,34.51437837837838,0.0
0.07499999999999962,0.004999999999999838,0.5,400,1.0048648648648648,35.32832432432433,35.157288864981176,35.32345945945946,0.0
0.06999999999999962,0.2,0.5,400,0.004972972972972973,0.005189189189189189,1.0434782608695652,0.0033513513513513515,99.68648648648649
0.06999999999999962,0.195,0.5,400,0.004972972972972973,0.005189189189189189,1.0434782608695652,0.0033513513513513515,99.68648648648649
0.06999999999999962,0.19,0.5,400,0.004972972972972973,0.005189189189189189,1.0434782608695652,0.0033513513513513515,99.68648648648649
0.06999999999999962,0.185,0.5,400,0.004972972972972973,0.005189189189189189,1.0434782608695652,0.0033513513513513515,99.68648648648649
0.06999999999999962,0.18,0.5,400,0.004972972972972973,0.005189189189189189,1.0434782608695652,0.0033513513513513515,99.68648648648649
0.06999999999999962,0.175,0.5,400,0.004972972972972973,0.005189189189189189,1.0434782608695652,0.0033513513513513515,99.68648648648649
0.06999999999999962,0.16999999999999998,0.5,400,0.004972972972972973,0.005189189189189189,1.0434782608695652,0.0033513513513513515,99.68648648648649
0.06999999999999962,0.16499999999999998,0.5,400,0.004972972972972973,0.005189189189189189,1.0434782608695652,0.0033513513513513515,99.68648648648649
0.06999999999999962,0.15999999999999998,0.5,400,0.004972972972972973,0.005189189189189189,1.0434782608695652,0.0033513513513513515,99.68648648648649
0.06999999999999962,0.15499999999999997,0.5,400,0.004972972972972973,0.005189189189189189,1.0434782608695652,0.0033513513513513515,99.68648648648649
0.06999999999999962,0.14999999999999997,0.5,400,0.004972972972972973,0.005189189189189189,1.0434782608695652,0.0033513513513513515,99.68648648648649
0.06999999999999962,0.14499999999999996,0.5,400,0.004972972972972973,0.005189189189189189,1.0434782608695652,0.0033513513513513515,99.68648648648649
0.06999999999999962,0.13999999999999996,0.5,400,0.004972972972972973,0.005189189189189189,1.0434782608695652,0.0033513513513513515,99.68648648648649
0.06999999999999962,0.13499999999999995,0.5,400,0.004972972972972973,0.005189189189189189,1.0434782608695652,0.0033513513513513515,99.68648648648649
0.06999999999999962,0.12999999999999995,0.5,400,0.004972972972972973,0.005189189189189189,1.0434782608695652,0.0033513513513513515,99.68648648648649
0.06999999999999962,0.12499999999999994,0.5,400,0.004972972972972973,0.005189189189189189,1.0434782608695652,0.0033513513513513515,99.68648648648649
0.06999999999999962,0.11999999999999994,0.5,400,0.004972972972972973,0.005189189189189189,1.0434782608695652,0.0033513513513513515,99.68648648648649
0.06999999999999962,0.11499999999999994,0.5,400,0.004972972972972973,0.005189189189189189,1.0434782608695652,0.0033513513513513515,99.68648648648649
0.06999999999999962,0.10999999999999993,0.5,400,0.004972972972972973,0.005189189189189189,1.0434782608695652,0.0033513513513513515,99.68648648648649
0.06999999999999962,0.10499999999999993,0.5,400,0.004972972972972973,0.005189189189189189,1.0434782608695652,0.0033513513513513515,99.68648648648649
0.06999999999999962,0.09999999999999992,0.5,400,0.004972972972972973,0.005189189189189189,1.0434782608695652,0.0033513513513513515,99.68648648648649
0.06999999999999962,0.09499999999999992,0.5,400,0.004972972972972973,0.005189189189189189,1.0434782608695652,0.0033513513513513515,99.68648648648649
0.06999999999999962,0.08999999999999991,0.5,400,0.004972972972972973,0.005189189189189189,1.0434782608695652,0.0033513513513513515,99.68648648648649
0.06999999999999962,0.08499999999999991,0.5,400,0.005081081081081081,0.005297297297297297,1.0425531914893618,0.0034594594594594594,99.67567567567568
0.06999999999999962,0.0799999999999999,0.5,400,0.00908108108108108,0.04951351351351351,5.4523809523809526,0.047675675675675676,99.27567567567567
0.06999999999999962,0.0749999999999999,0.5,400,0.08313513513513514,1.4895135135135136,17.916775032509754,1.4858378378378378,92.04324324324324
0.06999999999999962,0.0699999999999999,0.5,400,0.20410810810810812,4.296432432432432,21.04978813559322,4.288540540540541,80.34594594594594
0.06999999999999962,0.06499999999999989,0.5,400,0.4861621621621622,12.124216216216217,24.938625750500332,12.114594594594594,52.23783783783784
0.06999999999999962,0.05999999999999989,0.5,400,0.8970810810810811,22.438702702702702,25.01301518438178,22.433405405405406,10.78918918918919
0.06999999999999962,0.05499999999999988,0.5,400,1.0016216216216216,25.659891891891892,25.618348623853212,25.655567567567566,0.14054054054054055
0.06999999999999962,0.04999999999999988,0.5,400,1.0037837837837837,26.79945945945946,26.698438341410878,26.79437837837838,0.010810810810810811
0.06999999999999962,0.04499999999999987,0.5,400,1.004972972972973,27.843891891891893,27.706110154905335,27.83654054054054,0.0
0.06999999999999962,0.03999999999999987,0.5,400,1.0055135135135136,28.850594594594593,28.69239866681002,28.84227027027027,0.0
0.06999999999999962,0.034999999999999865,0.5,400,1.006918918918919,29.86054054054054,29.65535752630449,29.84983783783784,0.0
0.06999999999999962,0.02999999999999986,0.5,400,1.0057297297297296,30.833837837837837,30.65817478232828,30.823783783783785,0.0
0.06999999999999962,0.024999999999999856,0.5,400,1.0052972972972973,31.79945945945946,31.631895902785246,31.792756756756756,0.0
0.06999999999999962,0.01999999999999985,0.5,400,1.0055135135135136,32.66108108108108,32.48199118374368,32.6532972972973,0.0
0.06999999999999962,0.014999999999999847,0.5,400,1.0047567567567568,33.53297297297297,33.37421992683452,33.524432432432434,0.0
0.06999999999999962,0.009999999999999842,0.5,400,1.005189189189189,34.29827027027027,34.12120886212089,34.28908108108108,0.0
0.06999999999999962,0.004999999999999838,0.5,400,1.0043243243243243,35.06767567567567,34.916684607104415,35.06216216216216,0.0
0.06499999999999961,0.2,0.5,400,0.004972972972972973,0.005189189189189189,1.0434782608695652,0.0033513513513513515,99.68648648648649
0.06499999999999961,0.195,0.5,400,0.004972972972972973,0.005189189189189189,1.0434782608695652,0.0033513513513513515,99.68648648648649
0.06499999999999961,0.19,0.5,400,0.004972972972972973,0.005189189189189189,1.0434782608695652,0.0033513513513513515,99.68648648648649
0.06499999999999961,0.185,0.5,400,0.004972972972972973,0.005189189189189189,1.0434782608695652,0.0033513513513513515,99.68648648648649
0.06499999999999961,0.18,0.5,400,0.004972972972972973,0.005189189189189189,1.0434782608695652,0.0033513513513513515,99.68648648648649
0.06499999999999961,0.175,0.5,400,0.004972972972972973,0.005189189189189189,1.0434782608695652,0.0033513513513513515,99.68648648648649
0.06499999999999961,0.16999999999999998,0.5,400,0.004972972972972973,0.005189189189189189,1.0434782608695652,0.0033513513513513515,99.68648648648649
0.06499999999999961,0.16499999999999998,0.5,400,0.004972972972972973,0.005189189189189189,1.0434782608695652,0.0033513513513513515,99.68648648648649
0.06499999999999961,0.15999999999999998,0.5,400,0.004972972972972973,0.005189189189189189,1.0434782608695652,0.0033513513513513515,99.68648648648649
0.06499999999999961,0.15499999999999997,0.5,400,0.004972972972972973,0.005189189189189189,1.0434782608695652,0.0033513513513513515,99.68648648648649
0.06499999999999961,0.14999999999999997,0.5,400,0.004972972972972973,0.005189189189189189,1.0434782608695652,0.0033513513513513515,99.68648648648649
0.06499999999999961,0.14499999999999996,0.5,400,0.004972972972972973,0.005189189189189189,1.0434782608695652,0.0033513513513513515,99.68648648648649
0.06499999999999961,0.13999999999999996,0.5,400,0.004972972972972973,0.005189189189189189,1.0434782608695652,0.0033513513513513515,99.68648648648649
0.06499999999999961,0.13499999999999995,0.5,400,0.004972972972972973,0.005189189189189189,1.0434782608695652,0.0033513513513513515,99.68648648648649
0.06499999999999961,0.12999999999999995,0.5,400,0.004972972972972973,0.005189189189189189,1.0434782608695652,0.0033513513513513515,99.68648648648649
0.06499999999999961,0.12499999999999994,0.5,400,0.004972972972972973,0.005189189189189189,1.0434782608695652,0.0033513513513513515,99.68648648648649
0.06499999999999961,0.11999999999999994,0.5,400,0.004972972972972973,0.005189189189189189,1.0434782608695652,0.0033513513513513515,99.68648648648649
0.06499999999999961,0.11499999999999994,0.5,400,0.004972972972972973,0.005189189189189189,1.0434782608695652,0.0033513513513513515,99.68648648648649
0.06499999999999961,0.10999999999999993,0.5,400,0.004972972972972973,0.005189189189189189,1.0434782608695652,0.0033513513513513515,99.68648648648649
0.06499999999999961,0.10499999999999993,0.5,400,0.004972972972972973,0.005189189189189189,1.0434782608695652,0.0033513513513513515,99.68648648648649
0.06499999999999961,0.09999999999999992,0.5,400,0.004972972972972973,0.005189189189189189,1.0434782608695652,0.0033513513513513515,99.68648648648649
0.06499999999999961,0.09499999999999992,0.5,400,0.004972972972972973,0.005189189189189189,1.0434782608695652,0.0033513513513513515,99.68648648648649
0.06499999999999961,0.08999999999999991,0.5,400,0.004972972972972973,0.005189189189189189,1.0434782608695652,0.0033513513513513515,99.68648648648649
0.06499999999999961,0.08499999999999991,0.5,400,0.004972972972972973,0.005189189189189189,1.0434782608695652,0.0033513513513513515,99.68648648648649
0.06499999999999961,0.0799999999999999,0.5,400,0.005081081081081081,0.005297297297297297,1.0425531914893618,0.0034594594594594594,99.67567567567568
0.06499999999999961,0.0749999999999999,0.5,400,0.009513513513513514,0.05156756756756757,5.420454545454546,0.04972972972972973,99.23243243243243
0.06499999999999961,0.0699999999999999,0.5,400,0.10291891891891893,1.8474594594594596,17.95063025210084,1.840864864864865,90.32432432432432
0.06499999999999961,0.06499999999999989,0.5,400,0.2517837837837838,5.453621621621622,21.659939888364104,5.445189189189189,75.58918918918918
0.06499999999999961,0.05999999999999989,0.5,400,0.7770810810810811,18.88972972972973,24.30856983861992,18.8827027027027,22.897297297297296
0.06499999999999961,0.05499999999999988,0.5,400,0.998054054054054,25.17016216216216,25.219237435008665,25.166810810810812,0.43243243243243246
0.06499999999999961,0.04999999999999988,0.5,400,1.0022702702702704,26.417297297297296,26.357458742314744,26.41318918918919,0.08648648648648649
0.06499999999999961,0.04499999999999987,0.5,400,1.0035675675675675,27.493297297297296,27.395561779597113,27.488108108108108,0.010810810810810811
0.06499999999999961,0.03999999999999987,0.5,400,1.0056216216216216,28.529945945945947,28.370457966028813,28.522702702702702,0.0
0.06499999999999961,0.034999999999999865,0.5,400,1.0067027027027027,29.542594594594593,29.345897766323024,29.532972972972974,0.0
0.06499999999999961,0.02999999999999986,0.5,400,1.0055135135135136,30.54691891891892,30.37942156757338,30.537513513513513,0.0
0.06499999999999961,0.024999999999999856,0.5,400,1.0045405405405405,31.512864864864866,31.37042617305209,31.50627027027027,0.0
0.06499999999999961,0.01999999999999985,0.5,400,1.0042162162162163,32.40454054054054,32.26848961136829,32.39913513513513,0.0
0.06499999999999961,0.014999999999999847,0.5,400,1.0052972972972973,33.27654054054054,33.101193676739435,33.26864864864865,0.0
0.06499999999999961,0.009999999999999842,0.5,400,1.0045405405405405,34.03924324324324,33.8853852776582,34.03405405405405,0.0
0.06499999999999961,0.004999999999999838,0.5,400,1.004,34.84778378378378,34.708947991816515,34.84237837837838,0.0
0.05999999999999961,0.2,0.5,400,0.004972972972972973,0.005189189189189189,1.0434782608695652,0.0033513513513513515,99.68648648648649
0.05999999999999961,0.195,0.5,400,0.004972972972972973,0.005189189189189189,1.0434782608695652,0.0033513513513513515,99.68648648648649
0.05999999999999961,0.19,0.5,400,0.004972972972972973,0.005189189189189189,1.0434782608695652,0.0033513513513513515,99.68648648648649
0.05999999999999961,0.185,0.5,400,0.004972972972972973,0.005189189189189189,1.0434782608695652,0.0033513513513513515,99.68648648648649
0.05999999999999961,0.18,0.5,400,0.004972972972972973,0.005189189189189189,1.0434782608695652,0.0033513513513513515,99.68648648648649
0.05999999999999961,0.175,0.5,400,0.004972972972972973,0.005189189189189189,1.0434782608695652,0.0033513513513513515,99.68648648648649
0.05999999999999961,0.16999999999999998,0.5,400,0.004972972972972973,0.005189189189189189,1.0434782608695652,0.0033513513513513515,99.68648648648649
0.05999999999999961,0.16499999999999998,0.5,400,0.004972972972972973,0.005189189189189189,1.0434782608695652,0.0033513513513513515,99.68648648648649
0.05999999999999961,0.15999999999999998,0.5,400,0.004972972972972973,0.005189189189189189,1.0434782608695652,0.0033513513513513515,99.68648648648649
0.05999999999999961,0.15499999999999997,0.5,400,0.004972972972972973,0.005189189189189189,1.0434782608695652,0.0033513513513513515,99.68648648648649
0.05999999999999961,0.14999999999999997,0.5,400,0.004972972972972973,0.005189189189189189,1.0434782608695652,0.0033513513513513515,99.68648648648649
0.05999999999999961,0.14499999999999996,0.5,400,0.004972972972972973,0.005189189189189189,1.0434782608695652,0.0033513513513513515,99.68648648648649
0.05999999999999961,0.13999999999999996,0.5,400,0.004972972972972973,0.005189189189189189,1.0434782608695652,0.0033513513513513515,99.68648648648649
0.05999999999999961,0.13499999999999995,0.5,400,0.004972972972972973,0.005189189189189189,1.0434782608695652,0.0033513513513513515,99.68648648648649
0.05999999999999961,0.12999999999999995,0.5,400,0.004972972972972973,0.005189189189189189,1.0434782608695652,0.0033513513513513515,99.68648648648649
0.05999999999999961,0.12499999999999994,0.5,400,0.004972972972972973,0.005189189189189189,1.0434782608695652,0.0033513513513513515,99.68648648648649
0.05999999999999961,0.11999999999999994,0.5,400,0.004972972972972973,0.005189189189189189,1.0434782608695652,0.0033513513513513515,99.68648648648649
0.05999999999999961,0.11499999999999994,0.5,400,0.004972972972972973,0.005189189189189189,1.0434782608695652,0.0033513513513513515,99.68648648648649
0.05999999999999961,0.10999999999999993,0.5,400,0.004972972972972973,0.005189189189189189,1.0434782608695652,0.0033513513513513515,99.68648648648649
0.05999999999999961,0.10499999999999993,0.5,400,0.004972972972972973,0.005189189189189189,1.0434782608695652,0.0033513513513513515,99.68648648648649
0.05999999999999961,0.09999999999999992,0.5,400,0.004972972972972973,0.005189189189189189,1.0434782608695652,0.0033513513513513515,99.68648648648649
0.05999999999999961,0.09499999999999992,0.5,400,0.004972972972972973,0.005189189189189189,1.0434782608695652,0.0033513513513513515,99.68648648648649
0.05999999999999961,0.08999999999999991,0.5,400,0.004972972972972973,0.005189189189189189,1.0434782608695652,0.0033513513513513515,99.68648648648649
0.05999999999999961,0.08499999999999991,0.5,400,0.004972972972972973,0.005189189189189189,1.0434782608695652,0.0033513513513513515,99.68648648648649
0.05999999999999961,0.0799999999999999,0.5,400,0.004972972972972973,0.005189189189189189,1.0434782608695652,0.0033513513513513515,99.68648648648649
0.05999999999999961,0.0749999999999999,0.5,400,0.005081081081081081,0.005297297297297297,1.0425531914893618,0.0034594594594594594,99.67567567567568
0.05999999999999961,0.0699999999999999,0.5,400,0.01145945945945946,0.09751351351351352,8.50943396226415,0.09567567567567567,99.03783783783784
0.05999999999999961,0.06499999999999989,0.5,400,0.13016216216216217,2.5135135135135136,19.31063122923588,2.506378378378378,87.6
0.05999999999999961,0.05999999999999989,0.5,400,0.43383783783783786,9.745189189189189,22.46274607525542,9.73935135135135,57.09189189189189
0.05999999999999961,0.05499999999999988,0.5,400,0.9622702702702702,23.80637837837838,24.739804516346478,23.803135135135136,4.032432432432432
0.05999999999999961,0.04999999999999988,0.5,400,1.0,26.002702702702702,26.002702702702702,25.99945945945946,0.23783783783783785
0.05999999999999961,0.04499999999999987,0.5,400,1.0027027027027027,27.148108108108108,27.074932614555255,27.143675675675677,0.032432432432432434
0.05999999999999961,0.03999999999999987,0.5,400,1.0044324324324325,28.20054054054054,28.07609514584006,28.195351351351352,0.010810810810810811
0.05999999999999961,0.034999999999999865,0.5,400,1.0052972972972973,29.237189189189188,29.08312721798043,29.229837837837838,0.0
0.05999999999999961,0.02999999999999986,0.5,400,1.0057297297297296,30.262162162162163,30.08975599269053,30.251459459459458,0.0
0.05999999999999961,0.024999999999999856,0.5,400,1.0055135135135136,31.233945945945948,31.062681432104075,31.22464864864865,0.0
0.05999999999999961,0.01999999999999985,0.5,400,1.0047567567567568,32.12940540540541,31.977297180976976,32.12227027027027,0.0
0.05999999999999961,0.014999999999999847,0.5,400,1.0055135135135136,32.99243243243243,32.81152564240404,32.9852972972973,0.0
0.05999999999999961,0.009999999999999842,0.5,400,1.0046486486486486,33.81935135135135,33.662864521682984,33.81243243243243,0.0
0.05999999999999961,0.004999999999999838,0.5,400,1.0045405405405405,34.6027027027027,34.446297890658634,34.596648648648646,0.0
0.054999999999999605,0.2,0.5,400,0.004972972972972973,0.005189189189189189,1.0434782608695652,0.0033513513513513515,99.68648648648649
0.054999999999999605,0.195,0.5,400,0.004972972972972973,0.005189189189189189,1.0434782608695652,0.0033513513513513515,99.68648648648649
0.054999999999999605,0.19,0.5,400,0.004972972972972973,0.005189189189189189,1.0434782608695652,0.0033513513513513515,99.68648648648649
0.054999999999999605,0.185,0.5,400,0.004972972972972973,0.005189189189189189,1.0434782608695652,0.0033513513513513515,99.68648648648649
0.054999999999999605,0.18,0.5,400,0.004972972972972973,0.005189189189189189,1.0434782608695652,0.0033513513513513515,99.68648648648649
0.054999999999999605,0.175,0.5,400,0.004972972972972973,0.005189189189189189,1.0434782608695652,0.0033513513513513515,99.68648648648649
0.054999999999999605,0.16999999999999998,0.5,400,0.004972972972972973,0.005189189189189189,1.0434782608695652,0.0033513513513513515,99.68648648648649
0.054999999999999605,0.16499999999999998,0.5,400,0.004972972972972973,0.005189189189189189,1.0434782608695652,0.0033513513513513515,99.68648648648649
0.054999999999999605,0.15999999999999998,0.5,400,0.004972972972972973,0.005189189189189189,1.0434782608695652,0.0033513513513513515,99.68648648648649
0.054999999999999605,0.15499999999999997,0.5,400,0.004972972972972973,0.005189189189189189,1.0434782608695652,0.0033513513513513515,99.68648648648649
0.054999999999999605,0.14999999999999997,0.5,400,0.004972972972972973,0.005189189189189189,1.0434782608695652,0.0033513513513513515,99.68648648648649
0.054999999999999605,0.14499999999999996,0.5,400,0.004972972972972973,0.005189189189189189,1.0434782608695652,0.0033513513513513515,99.68648648648649
0.054999999999999605,0.13999999999999996,0.5,400,0.004972972972972973,0.005189189189189189,1.0434782608695652,0.0033513513513513515,99.68648648648649
0.054999999999999605,0.13499999999999995,0.5,400,0.004972972972972973,0.005189189189189189,1.0434782608695652,0.0033513513513513515,99.68648648648649
0.054999999999999605,0.12999999999999995,0.5,400,0.004972972972972973,0.005189189189189189,1.0434782608695652,0.0033513513513513515,99.68648648648649
0.054999999999999605,0.12499999999999994,0.5,400,0.004972972972972973,0.005189189189189189,1.0434782608695652,0.0033513513513513515,99.68648648648649
0.054999999999999605,0.11999999999999994,0.5,400,0.004972972972972973,0.005189189189189189,1.0434782608695652,0.0033513513513513515,99.68648648648649
0.054999999999999605,0.11499999999999994,0.5,400,0.004972972972972973,0.005189189189189189,1.0434782608695652,0.0033513513513513515,99.68648648648649
0.054999999999999605,0.10999999999999993,0.5,400,0.004972972972972973,0.005189189189189189,1.0434782608695652,0.0033513513513513515,99.68648648648649
0.054999999999999605,0.10499999999999993,0.5,400,0.004972972972972973,0.005189189189189189,1.0434782608695652,0.0033513513513513515,99.68648648648649
0.054999999999999605,0.09999999999999992,0.5,400,0.004972972972972973,0.005189189189189189,1.0434782608695652,0.0033513513513513515,99.68648648648649
0.054999999999999605,0.09499999999999992,0.5,400,0.004972972972972973,0.005189189189189189,1.0434782608695652,0.0033513513513513515,99.68648648648649
0.054999999999999605,0.08999999999999991,0.5,400,0.004972972972972973,0.005189189189189189,1.0434782608695652,0.0033513513513513515,99.68648648648649
0.054999999999999605,0.08499999999999991,0.5,400,0.004972972972972973,0.005189189189189189,1.0434782608695652,0.0033513513513513515,99.68648648648649
0.054999999999999605,0.0799999999999999,0.5,400,0.004972972972972973,0.005189189189189189,1.0434782608695652,0.0033513513513513515,99.68648648648649
0.054999999999999605,0.0749999999999999,0.5,400,0.004972972972972973,0.005189189189189189,1.0434782608695652,0.0033513513513513515,99.68648648648649
0.054999999999999605,0.0699999999999999,0.5,400,0.005405405405405406,0.005621621621621622,1.04,0.0037837837837837837,99.64324324324325
0.054999999999999605,0.06499999999999989,0.5,400,0.016216216216216217,0.1641081081081081,10.12,0.16227027027027027,98.56216216216217
0.054999999999999605,0.05999999999999989,0.5,400,0.18356756756756756,3.8033513513513513,20.719081272084807,3.79772972972973,82.0972972972973
0.054999999999999605,0.05499999999999988,0.5,400,0.7116756756756757,16.52335135135135,23.217530001519066,16.520324324324324,29.07027027027027
0.054999999999999605,0.04999999999999988,0.5,400,0.9889729729729729,25.31491891891892,25.59717971141233,25.312216216216218,1.3405405405405406
0.054999999999999605,0.04499999999999987,0.5,400,1.0012972972972973,26.760324324324323,26.725653206650833,26.75654054054054,0.15135135135135136
0.054999999999999605,0.03999999999999987,0.5,400,1.0034594594594595,27.871135135135134,27.775048480930835,27.86627027027027,0.021621621621621623
0.054999999999999605,0.034999999999999865,0.5,400,1.0045405405405405,28.94389189189189,28.81306500215239,28.93762162162162,0.0
0.054999999999999605,0.02999999999999986,0.5,400,1.0052972972972973,29.96508108108108,29.807183568125605,29.957513513513515,0.0
0.054999999999999605,0.024999999999999856,0.5,400,1.0057297297297296,30.948432432432433,30.77211652155219,30.93772972972973,0.0
0.054999999999999605,0.01999999999999985,0.5,400,1.0056216216216216,31.871567567567567,31.693399268974414,31.862486486486485,0.0
0.054999999999999605,0.014999999999999847,0.5,400,1.0056216216216216,32.71783783783784,32.5349387228553,32.71016216216216,0.0
0.054999999999999605,0.009999999999999842,0.5,400,1.0056216216216216,33.54162162162162,33.35411739410879,33.53362162162162,0.0
0.054999999999999605,0.004999999999999838,0.5,400,1.0036756756756757,34.38010810810811,34.25420077552779,34.37524324324324,0.0
0.0499999999999996,0.2,0.5,400,0.004972972972972973,0.005189189189189189,1.0434782608695652,0.0033513513513513515,99.68648648648649
0.0499999999999996,0.195,0.5,400,0.004972972972972973,0.005189189189189189,1.0434782608695652,0.0033513513513513515,99.68648648648649
0.0499999999999996,0.19,0.5,400,0.004972972972972973,0.005189189189189189,1.0434782608695652,0.0033513513513513515,99.68648648648649
0.0499999999999996,0.185,0.5,400,0.004972972972972973,0.005189189189189189,1.0434782608695652,0.0033513513513513515,99.68648648648649
0.0499999999999996,0.18,0.5,400,0.004972972972972973,0.005189189189189189,1.0434782608695652,0.0033513513513513515,99.68648648648649
0.0499999999999996,0.175,0.5,400,0.004972972972972973,0.005189189189189189,1.0434782608695652,0.0033513513513513515,99.68648648648649
0.0499999999999996,0.16999999999999998,0.5,400,0.004972972972972973,0.005189189189189189,1.0434782608695652,0.0033513513513513515,99.68648648648649
0.0499999999999996,0.16499999999999998,0.5,400,0.004972972972972973,0.005189189189189189,1.0434782608695652,0.0033513513513513515,99.68648648648649
0.0499999999999996,0.15999999999999998,0.5,400,0.004972972972972973,0.005189189189189189,1.0434782608695652,0.0033513513513513515,99.68648648648649
0.0499999999999996,0.15499999999999997,0.5,400,0.004972972972972973,0.005189189189189189,1.0434782608695652,0.0033513513513513515,99.68648648648649
0.0499999999999996,0.14999999999999997,0.5,400,0.004972972972972973,0.005189189189189189,1.0434782608695652,0.0033513513513513515,99.68648648648649
0.0499999999999996,0.14499999999999996,0.5,400,0.004972972972972973,0.005189189189189189,1.0434782608695652,0.0033513513513513515,99.68648648648649
0.0499999999999996,0.13999999999999996,0.5,400,0.004972972972972973,0.005189189189189189,1.0434782608695652,0.0033513513513513515,99.68648648648649
0.0499999999999996,0.13499999999999995,0.5,400,0.004972972972972973,0.005189189189189189,1.0434782608695652,0.0033513513513513515,99.68648648648649
0.0499999999999996,0.12999999999999995,0.5,400,0.004972972972972973,0.005189189189189189,1.0434782608695652,0.0033513513513513515,99.68648648648649
0.0499999999999996,0.12499999999999994,0.5,400,0.004972972972972973,0.005189189189189189,1.0434782608695652,0.0033513513513513515,99.68648648648649
0.0499999999999996,0.11999999999999994,0.5,400,0.004972972972972973,0.005189189189189189,1.0434782608695652,0.0033513513513513515,99.68648648648649
0.0499999999999996,0.11499999999999994,0.5,400,0.004972972972972973,0.005189189189189189,1.0434782608695652,0.0033513513513513515,99.68648648648649
0.0499999999999996,0.10999999999999993,0.5,400,0.004972972972972973,0.005189189189189189,1.0434782608695652,0.0033513513513513515,99.68648648648649
0.0499999999999996,0.10499999999999993,0.5,400,0.004972972972972973,0.005189189189189189,1.0434782608695652,0.0033513513513513515,99.68648648648649
0.0499999999999996,0.09999999999999992,0.5,400,0.004972972972972973,0.005189189189189189,1.0434782608695652,0.0033513513513513515,99.68648648648649
0.0499999999999996,0.09499999999999992,0.5,400,0.004972972972972973,0.005189189189189189,1.0434782608695652,0.0033513513513513515,99.68648648648649
0.0499999999999996,0.08999999999999991,0.5,400,0.004972972972972973,0.005189189189189189,1.0434782608695652,0.0033513513513513515,99.68648648648649
0.0499999999999996,0.08499999999999991,0.5,400,0.004972972972972973,0.005189189189189189,1.0434782608695652,0.0033513513513513515,99.68648648648649
0.0499999999999996,0.0799999999999999,0.5,400,0.004972972972972973,0.005189189189189189,1.0434782608695652,0.0033513513513513515,99.68648648648649
0.0499999999999996,0.0749999999999999,0.5,400,0.004972972972972973,0.005189189189189189,1.0434782608695652,0.0033513513513513515,99.68648648648649
0.0499999999999996,0.0699999999999999,0.5,400,0.004972972972972973,0.005189189189189189,1.0434782608695652,0.0033513513513513515,99.68648648648649
0.0499999999999996,0.06499999999999989,0.5,400,0.005513513513513513,0.00572972972972973,1.0392156862745099,0.0038918918918918917,99.63243243243244
0.0499999999999996,0.05999999999999989,0.5,400,0.030810810810810812,0.4735135135135135,15.368421052631579,0.47124324324324324,97.13513513513513
0.0499999999999996,0.05499999999999988,0.5,400,0.5407567567567567,11.48508108108108,21.23890443822471,11.482054054054053,46.1945945945946
0.0499999999999996,0.04999999999999988,0.5,400,0.8328648648648649,20.57891891891892,24.708592938733126,20.575567567567568,16.994594594594595
0.0499999999999996,0.04499999999999987,0.5,400,0.9964324324324324,26.296216216216216,26.390365628729523,26.29318918918919,0.5945945945945946
0.0499999999999996,0.03999999999999987,0.5,400,1.0016216216216216,27.539135135135137,27.494549379384782,27.535351351351352,0.11891891891891893
0.0499999999999996,0.034999999999999865,0.5,400,1.0033513513513515,28.612216216216215,28.516646913048163,28.60627027027027,0.010810810810810811
0.0499999999999996,0.02999999999999986,0.5,400,1.0055135135135136,29.64162162162162,29.479088270078485,29.632864864864864,0.0
0.0499999999999996,0.024999999999999856,0.5,400,1.0058378378378379,30.65491891891892,30.47699914015477,30.64443243243243,0.0
0.0499999999999996,0.01999999999999985,0.5,400,1.0054054054054054,31.582594594594596,31.412795698924732,31.572108108108107,0.0
0.0499999999999996,0.014999999999999847,0.5,400,1.0059459459459459,32.427459459459456,32.235787211176785,32.41945945945946,0.0
0.0499999999999996,0.009999999999999842,0.5,400,1.005081081081081,33.26562162162162,33.097450790577604,33.25643243243243,0.0
0.0499999999999996,0.004999999999999838,0.5,400,1.003891891891892,34.12486486486487,33.99256945940125,34.11935135135135,0.0
0.044999999999999596,0.2,0.5,400,0.004972972972972973,0.005189189189189189,1.0434782608695652,0.0033513513513513515,99.68648648648649
0.044999999999999596,0.195,0.5,400,0.004972972972972973,0.005189189189189189,1.0434782608695652,0.0033513513513513515,99.68648648648649
0.044999999999999596,0.19,0.5,400,0.004972972972972973,0.005189189189189189,1.0434782608695652,0.0033513513513513515,99.68648648648649
0.044999999999999596,0.185,0.5,400,0.004972972972972973,0.005189189189189189,1.0434782608695652,0.0033513513513513515,99.68648648648649
0.044999999999999596,0.18,0.5,400,0.004972972972972973,0.005189189189189189,1.0434782608695652,0.0033513513513513515,99.68648648648649
0.044999999999999596,0.175,0.5,400,0.004972972972972973,0.005189189189189189,1.0434782608695652,0.0033513513513513515,99.68648648648649
0.044999999999999596,0.16999999999999998,0.5,400,0.004972972972972973,0.005189189189189189,1.0434782608695652,0.0033513513513513515,99.68648648648649
0.044999999999999596,0.16499999999999998,0.5,400,0.004972972972972973,0.005189189189189189,1.0434782608695652,0.0033513513513513515,99.68648648648649
0.044999999999999596,0.15999999999999998,0.5,400,0.004972972972972973,0.005189189189189189,1.0434782608695652,0.0033513513513513515,99.68648648648649
0.044999999999999596,0.15499999999999997,0.5,400,0.004972972972972973,0.005189189189189189,1.0434782608695652,0.0033513513513513515,99.68648648648649
0.044999999999999596,0.14999999999999997,0.5,400,0.004972972972972973,0.005189189189189189,1.0434782608695652,0.0033513513513513515,99.68648648648649
0.044999999999999596,0.14499999999999996,0.5,400,0.004972972972972973,0.005189189189189189,1.0434782608695652,0.0033513513513513515,99.68648648648649
0.044999999999999596,0.13999999999999996,0.5,400,0.004972972972972973,0.005189189189189189,1.0434782608695652,0.0033513513513513515,99.68648648648649
0.044999999999999596,0.13499999999999995,0.5,400,0.004972972972972973,0.005189189189189189,1.0434782608695652,0.0033513513513513515,99.68648648648649
0.044999999999999596,0.12999999999999995,0.5,400,0.004972972972972973,0.005189189189189189,1.0434782608695652,0.0033513513513513515,99.68648648648649
0.044999999999999596,0.12499999999999994,0.5,400,0.004972972972972973,0.005189189189189189,1.0434782608695652,0.0033513513513513515,99.68648648648649
0.044999999999999596,0.11999999999999994,0.5,400,0.004972972972972973,0.005189189189189189,1.0434782608695652,0.0033513513513513515,99.68648648648649
0.044999999999999596,0.11499999999999994,0.5,400,0.004972972972972973,0.005189189189189189,1.0434782608695652,0.0033513513513513515,99.68648648648649
0.044999999999999596,0.10999999999999993,0.5,400,0.004972972972972973,0.005189189189189189,1.0434782608695652,0.0033513513513513515,99.68648648648649
0.044999999999999596,0.10499999999999993,0.5,400,0.004972972972972973,0.005189189189189189,1.0434782608695652,0.0033513513513513515,99.68648648648649
0.044999999999999596,0.09999999999999992,0.5,400,0.004972972972972973,0.005189189189189189,1.0434782608695652,0.0033513513513513515,99.68648648648649
0.044999999999999596,0.09499999999999992,0.5,400,0.004972972972972973,0.005189189189189189,1.0434782608695652,0.0033513513513513515,99.68648648648649
0.044999999999999596,0.08999999999999991,0.5,400,0.004972972972972973,0.005189189189189189,1.0434782608695652,0.0033513513513513515,99.68648648648649
0.044999999999999596,0.08499999999999991,0.5,400,0.004972972972972973,0.005189189189189189,1.0434782608695652,0.0033513513513513515,99.68648648648649
0.044999999999999596,0.0799999999999999,0.5,400,0.004972972972972973,0.005189189189189189,1.0434782608695652,0.0033513513513513515,99.68648648648649
0.044999999999999596,0.0749999999999999,0.5,400,0.004972972972972973,0.005189189189189189,1.0434782608695652,0.0033513513513513515,99.68648648648649
0.044999999999999596,0.0699999999999999,0.5,400,0.004972972972972973,0.005189189189189189,1.0434782608695652,0.0033513513513513515,99.68648648648649
0.044999999999999596,0.06499999999999989,0.5,400,0.004972972972972973,0.005189189189189189,1.0434782608695652,0.0033513513513513515,99.68648648648649
0.044999999999999596,0.05999999999999989,0.5,400,0.0058378378378378375,0.006054054054054054,1.037037037037037,0.004216216216216216,99.6
0.044999999999999596,0.05499999999999988,0.5,400,0.18832432432432433,3.7094054054054055,19.696900114810564,3.706918918918919,81.37297297297297
0.044999999999999596,0.04999999999999988,0.5,400,0.5868108108108108,13.293297297297297,22.65346352247605,13.29027027027027,41.57837837837838
0.044999999999999596,0.04499999999999987,0.5,400,0.9061621621621622,23.373945945945945,25.794440467668814,23.3707027027027,9.632432432432433
0.044999999999999596,0.03999999999999987,0.5,400,0.9996756756756757,27.06562162162162,27.074402508921814,27.061621621621622,0.33513513513513515
0.044999999999999596,0.034999999999999865,0.5,400,1.0031351351351352,28.232432432432432,28.144196572906562,28.227351351351352,0.05405405405405406
0.044999999999999596,0.02999999999999986,0.5,400,1.0045405405405405,29.33027027027027,29.197696943607404,29.32356756756757,0.010810810810810811
0.044999999999999596,0.024999999999999856,0.5,400,1.0054054054054054,30.345837837837838,30.18268817204301,30.337513513513514,0.0
0.044999999999999596,0.01999999999999985,0.5,400,1.0061621621621621,31.293297297297297,31.101643923928226,31.283567567567566,0.0
0.044999999999999596,0.014999999999999847,0.5,400,1.0062702702702702,32.15481081081081,31.95444778685002,32.14378378378378,0.0
0.044999999999999596,0.009999999999999842,0.5,400,1.004108108108108,32.98475675675676,32.849806201550386,32.9785945945946,0.0
0.044999999999999596,0.004999999999999838,0.5,400,1.0047567567567568,33.85827027027027,33.69797718958468,33.8505945945946,0.0
0.03999999999999959,0.2,0.5,400,0.004972972972972973,0.005189189189189189,1.0434782608695652,0.0033513513513513515,99.68648648648649
0.03999999999999959,0.195,0.5,400,0.004972972972972973,0.005189189189189189,1.0434782608695652,0.0033513513513513515,99.68648648648649
0.03999999999999959,0.19,0.5,400,0.004972972972972973,0.005189189189189189,1.0434782608695652,0.0033513513513513515,99.68648648648649
0.03999999999999959,0.185,0.5,400,0.004972972972972973,0.005189189189189189,1.0434782608695652,0.0033513513513513515,99.68648648648649
0.03999999999999959,0.18,0.5,400,0.004972972972972973,0.005189189189189189,1.0434782608695652,0.0033513513513513515,99.68648648648649
0.03999999999999959,0.175,0.5,400,0.004972972972972973,0.005189189189189189,1.0434782608695652,0.0033513513513513515,99.68648648648649
0.03999999999999959,0.16999999999999998,0.5,400,0.004972972972972973,0.005189189189189189,1.0434782608695652,0.0033513513513513515,99.68648648648649
0.03999999999999959,0.16499999999999998,0.5,400,0.004972972972972973,0.005189189189189189,1.0434782608695652,0.0033513513513513515,99.68648648648649
0.03999999999999959,0.15999999999999998,0.5,400,0.004972972972972973,0.005189189189189189,1.0434782608695652,0.0033513513513513515,99.68648648648649
0.03999999999999959,0.15499999999999997,0.5,400,0.004972972972972973,0.005189189189189189,1.0434782608695652,0.0033513513513513515,99.68648648648649
0.03999999999999959,0.14999999999999997,0.5,400,0.004972972972972973,0.005189189189189189,1.0434782608695652,0.0033513513513513515,99.68648648648649
0.03999999999999959,0.14499999999999996,0.5,400,0.004972972972972973,0.005189189189189189,1.0434782608695652,0.0033513513513513515,99.68648648648649
0.03999999999999959,0.13999999999999996,0.5,400,0.004972972972972973,0.005189189189189189,1.0434782608695652,0.0033513513513513515,99.68648648648649
0.03999999999999959,0.13499999999999995,0.5,400,0.004972972972972973,0.005189189189189189,1.0434782608695652,0.0033513513513513515,99.68648648648649
0.03999999999999959,0.12999999999999995,0.5,400,0.004972972972972973,0.005189189189189189,1.0434782608695652,0.0033513513513513515,99.68648648648649
0.03999999999999959,0.12499999999999994,0.5,400,0.004972972972972973,0.005189189189189189,1.0434782608695652,0.0033513513513513515,99.68648648648649
0.03999999999999959,0.11999999999999994,0.5,400,0.004972972972972973,0.005189189189189189,1.0434782608695652,0.0033513513513513515,99.68648648648649
0.03999999999999959,0.11499999999999994,0.5,400,0.004972972972972973,0.005189189189189189,1.0434782608695652,0.0033513513513513515,99.68648648648649
0.03999999999999959,0.10999999999999993,0.5,400,0.004972972972972973,0.005189189189189189,1.0434782608695652,0.0033513513513513515,99.68648648648649
0.03999999999999959,0.10499999999999993,0.5,400,0.004972972972972973,0.005189189189189189,1.0434782608695652,0.0033513513513513515,99.68648648648649
0.03999999999999959,0.09999999999999992,0.5,400,0.004972972972972973,0.005189189189189189,1.0434782608695652,0.0033513513513513515,99.68648648648649
0.03999999999999959,0.09499999999999992,0.5,400,0.004972972972972973,0.005189189189189189,1.0434782608695652,0.0033513513513513515,99.68648648648649
0.03999999999999959,0.08999999999999991,0.5,400,0.004972972972972973,0.005189189189189189,1.0434782608695652,0.0033513513513513515,99.68648648648649
0.03999999999999959,0.08499999999999991,0.5,400,0.004972972972972973,0.005189189189189189,1.0434782608695652,0.0033513513513513515,99.68648648648649
0.03999999999999959,0.0799999999999999,0.5,400,0.004972972972972973,0.005189189189189189,1.0434782608695652,0.0033513513513513515,99.68648648648649
0.03999999999999959,0.0749999999999999,0.5,400,0.004972972972972973,0.005189189189189189,1.0434782608695652,0.0033513513513513515,99.68648648648649
0.03999999999999959,0.0699999999999999,0.5,400,0.004972972972972973,0.005189189189189189,1.0434782608695652,0.0033513513513513515,99.68648648648649
0.03999999999999959,0.06499999999999989,0.5,400,0.004972972972972973,0.005189189189189189,1.0434782608695652,0.0033513513513513515,99.68648648648649
0.03999999999999959,0.05999999999999989,0.5,400,0.004972972972972973,0.005189189189189189,1.0434782608695652,0.0033513513513513515,99.68648648648649
0.03999999999999959,0.05499999999999988,0.5,400,0.006162162162162162,0.006378378378378379,1.0350877192982457,0.00454054054054054,99.56756756756756
0.03999999999999959,0.04999999999999988,0.5,400,0.23675675675675675,5.020972972972973,21.20730593607306,5.018810810810811,76.54054054054055
0.03999999999999959,0.04499999999999987,0.5,400,0.654054054054054,15.82572972972973,24.196363636363635,15.822486486486486,34.84324324324324
0.03999999999999959,0.03999999999999987,0.5,400,0.9771891891891892,26.14583783783784,26.756167717667882,26.14291891891892,2.5297297297297296
0.03999999999999959,0.034999999999999865,0.5,400,1.0006486486486486,27.8707027027027,27.852636127917027,27.86637837837838,0.20540540540540542
0.03999999999999959,0.02999999999999986,0.5,400,1.0031351351351352,28.969081081081082,28.878542946438195,28.963783783783782,0.032432432432432434
0.03999999999999959,0.024999999999999856,0.5,400,1.0047567567567568,30.016864864864864,29.874757908327954,30.010378378378377,0.0
0.03999999999999959,0.01999999999999985,0.5,400,1.0054054054054054,31.013837837837837,30.84709677419355,31.004,0.0
0.03999999999999959,0.014999999999999847,0.5,400,1.0063783783783784,31.87545945945946,31.67343431088194,31.863675675675676,0.0
0.03999999999999959,0.009999999999999842,0.5,400,1.0046486486486486,32.7427027027027,32.59119767566986,32.73524324324325,0.0
0.03999999999999959,0.004999999999999838,0.5,400,1.0042162162162163,33.61167567567568,33.47055657228981,33.60443243243243,0.0
0.03499999999999959,0.2,0.5,400,0.004972972972972973,0.005189189189189189,1.0434782608695652,0.0033513513513513515,99.68648648648649
0.03499999999999959,0.195,0.5,400,0.004972972972972973,0.005189189189189189,1.0434782608695652,0.0033513513513513515,99.68648648648649
0.03499999999999959,0.19,0.5,400,0.004972972972972973,0.005189189189189189,1.0434782608695652,0.0033513513513513515,99.68648648648649
0.03499999999999959,0.185,0.5,400,0.004972972972972973,0.005189189189189189,1.0434782608695652,0.0033513513513513515,99.68648648648649
0.03499999999999959,0.18,0.5,400,0.004972972972972973,0.005189189189189189,1.0434782608695652,0.0033513513513513515,99.68648648648649
0.03499999999999959,0.175,0.5,400,0.004972972972972973,0.005189189189189189,1.0434782608695652,0.0033513513513513515,99.68648648648649
0.03499999999999959,0.16999999999999998,0.5,400,0.004972972972972973,0.005189189189189189,1.0434782608695652,0.0033513513513513515,99.68648648648649
0.03499999999999959,0.16499999999999998,0.5,400,0.004972972972972973,0.005189189189189189,1.0434782608695652,0.0033513513513513515,99.68648648648649
0.03499999999999959,0.15999999999999998,0.5,400,0.004972972972972973,0.005189189189189189,1.0434782608695652,0.0033513513513513515,99.68648648648649
0.03499999999999959,0.15499999999999997,0.5,400,0.004972972972972973,0.005189189189189189,1.0434782608695652,0.0033513513513513515,99.68648648648649
0.03499999999999959,0.14999999999999997,0.5,400,0.004972972972972973,0.005189189189189189,1.0434782608695652,0.0033513513513513515,99.68648648648649
0.03499999999999959,0.14499999999999996,0.5,400,0.004972972972972973,0.005189189189189189,1.0434782608695652,0.0033513513513513515,99.68648648648649
0.03499999999999959,0.13999999999999996,0.5,400,0.004972972972972973,0.005189189189189189,1.0434782608695652,0.0033513513513513515,99.68648648648649
0.03499999999999959,0.13499999999999995,0.5,400,0.004972972972972973,0.005189189189189189,1.0434782608695652,0.0033513513513513515,99.68648648648649
0.03499999999999959,0.12999999999999995,0.5,400,0.004972972972972973,0.005189189189189189,1.0434782608695652,0.0033513513513513515,99.68648648648649
0.03499999999999959,0.12499999999999994,0.5,400,0.004972972972972973,0.005189189189189189,1.0434782608695652,0.0033513513513513515,99.68648648648649
0.03499999999999959,0.11999999999999994,0.5,400,0.004972972972972973,0.005189189189189189,1.0434782608695652,0.0033513513513513515,99.68648648648649
0.03499999999999959,0.11499999999999994,0.5,400,0.004972972972972973,0.005189189189189189,1.0434782608695652,0.0033513513513513515,99.68648648648649
0.03499999999999959,0.10999999999999993,0.5,400,0.004972972972972973,0.005189189189189189,1.0434782608695652,0.0033513513513513515,99.68648648648649
0.03499999999999959,0.10499999999999993,0.5,400,0.004972972972972973,0.005189189189189189,1.0434782608695652,0.0033513513513513515,99.68648648648649
0.03499999999999959,0.09999999999999992,0.5,400,0.004972972972972973,0.005189189189189189,1.0434782608695652,0.0033513513513513515,99.68648648648649
0.03499999999999959,0.09499999999999992,0.5,400,0.004972972972972973,0.005189189189189189,1.0434782608695652,0.0033513513513513515,99.68648648648649
0.03499999999999959,0.08999999999999991,0.5,400,0.004972972972972973,0.005189189189189189,1.0434782608695652,0.0033513513513513515,99.68648648648649
0.03499999999999959,0.08499999999999991,0.5,400,0.004972972972972973,0.005189189189189189,1.0434782608695652,0.0033513513513513515,99.68648648648649
0.03499999999999959,0.0799999999999999,0.5,400,0.004972972972972973,0.005189189189189189,1.0434782608695652,0.0033513513513513515,99.68648648648649
0.03499999999999959,0.0749999999999999,0.5,400,0.004972972972972973,0.005189189189189189,1.0434782608695652,0.0033513513513513515,99.68648648648649
0.03499999999999959,0.0699999999999999,0.5,400,0.004972972972972973,0.005189189189189189,1.0434782608695652,0.0033513513513513515,99.68648648648649
0.03499999999999959,0.06499999999999989,0.5,400,0.004972972972972973,0.005189189189189189,1.0434782608695652,0.0033513513513513515,99.68648648648649
0.03499999999999959,0.05999999999999989,0.5,400,0.004972972972972973,0.005189189189189189,1.0434782608695652,0.0033513513513513515,99.68648648648649
0.03499999999999959,0.05499999999999988,0.5,400,0.005189189189189189,0.005405405405405406,1.0416666666666667,0.0035675675675675674,99.66486486486487
0.03499999999999959,0.04999999999999988,0.5,400,0.01718918918918919,0.23178378378378378,13.484276729559749,0.22994594594594595,98.46486486486486
0.03499999999999959,0.04499999999999987,0.5,400,0.3621621621621622,8.200324324324324,22.64268656716418,8.197405405405405,64.01081081081081
0.03499999999999959,0.03999999999999987,0.5,400,0.7705945945945946,19.843675675675676,25.75112233445567,19.84064864864865,23.18918918918919
0.03499999999999959,0.034999999999999865,0.5,400,0.9941621621621621,27.356864864864864,27.517507612005218,27.353945945945945,0.8324324324324325
0.03499999999999959,0.02999999999999986,0.5,400,1.0021621621621621,28.656,28.594174757281554,28.650378378378377,0.10810810810810811
0.03499999999999959,0.024999999999999856,0.5,400,1.0044324324324325,29.693513513513512,29.562479819179853,29.68637837837838,0.010810810810810811
0.03499999999999959,0.01999999999999985,0.5,400,1.0043243243243243,30.708648648648648,30.576426264800862,30.70054054054054,0.0
0.03499999999999959,0.014999999999999847,0.5,400,1.0058378378378379,31.57610810810811,31.392841788478073,31.565081081081082,0.0
0.03499999999999959,0.009999999999999842,0.5,400,1.0045405405405405,32.41502702702703,32.26851054670684,32.40562162162162,0.0
0.03499999999999959,0.004999999999999838,0.5,400,1.0036756756756757,33.37005405405405,33.2478457561396,33.364,0.0
0.029999999999999583,0.2,0.5,400,0.004972972972972973,0.005189189189189189,1.0434782608695652,0.0033513513513513515,99.68648648648649
0.029999999999999583,0.195,0.5,400,0.004972972972972973,0.005189189189189189,1.0434782608695652,0.0033513513513513515,99.68648648648649
0.029999999999999583,0.19,0.5,400,0.004972972972972973,0.005189189189189189,1.0434782608695652,0.0033513513513513515,99.68648648648649
0.029999999999999583,0.185,0.5,400,0.004972972972972973,0.005189189189189189,1.0434782608695652,0.0033513513513513515,99.68648648648649
0.029999999999999583,0.18,0.5,400,0.004972972972972973,0.005189189189189189,1.0434782608695652,0.0033513513513513515,99.68648648648649
0.029999999999999583,0.175,0.5,400,0.004972972972972973,0.005189189189189189,1.0434782608695652,0.0033513513513513515,99.68648648648649
0.029999999999999583,0.16999999999999998,0.5,400,0.004972972972972973,0.005189189189189189,1.0434782608695652,0.0033513513513513515,99.68648648648649
0.029999999999999583,0.16499999999999998,0.5,400,0.004972972972972973,0.005189189189189189,1.0434782608695652,0.0033513513513513515,99.68648648648649
0.029999999999999583,0.15999999999999998,0.5,400,0.004972972972972973,0.005189189189189189,1.0434782608695652,0.0033513513513513515,99.68648648648649
0.029999999999999583,0.15499999999999997,0.5,400,0.004972972972972973,0.005189189189189189,1.0434782608695652,0.0033513513513513515,99.68648648648649
0.029999999999999583,0.14999999999999997,0.5,400,0.004972972972972973,0.005189189189189189,1.0434782608695652,0.0033513513513513515,99.68648648648649
0.029999999999999583,0.14499999999999996,0.5,400,0.004972972972972973,0.005189189189189189,1.0434782608695652,0.0033513513513513515,99.68648648648649
0.029999999999999583,0.13999999999999996,0.5,400,0.004972972972972973,0.005189189189189189,1.0434782608695652,0.0033513513513513515,99.68648648648649
0.029999999999999583,0.13499999999999995,0.5,400,0.004972972972972973,0.005189189189189189,1.0434782608695652,0.0033513513513513515,99.68648648648649
0.029999999999999583,0.12999999999999995,0.5,400,0.004972972972972973,0.005189189189189189,1.0434782608695652,0.0033513513513513515,99.68648648648649
0.029999999999999583,0.12499999999999994,0.5,400,0.004972972972972973,0.005189189189189189,1.0434782608695652,0.0033513513513513515,99.68648648648649
0.029999999999999583,0.11999999999999994,0.5,400,0.004972972972972973,0.005189189189189189,1.0434782608695652,0.0033513513513513515,99.68648648648649
0.029999999999999583,0.11499999999999994,0.5,400,0.004972972972972973,0.005189189189189189,1.0434782608695652,0.0033513513513513515,99.68648648648649
0.029999999999999583,0.10999999999999993,0.5,400,0.004972972972972973,0.005189189189189189,1.0434782608695652,0.0033513513513513515,99.68648648648649
0.029999999999999583,0.10499999999999993,0.5,400,0.004972972972972973,0.005189189189189189,1.0434782608695652,0.0033513513513513515,99.68648648648649
0.029999999999999583,0.09999999999999992,0.5,400,0.004972972972972973,0.005189189189189189,1.0434782608695652,0.0033513513513513515,99.68648648648649
0.029999999999999583,0.09499999999999992,0.5,400,0.004972972972972973,0.005189189189189189,1.0434782608695652,0.0033513513513513515,99.68648648648649
0.029999999999999583,0.08999999999999991,0.5,400,0.004972972972972973,0.005189189189189189,1.0434782608695652,0.0033513513513513515,99.68648648648649
0.029999999999999583,0.08499999999999991,0.5,400,0.004972972972972973,0.005189189189189189,1.0434782608695652,0.0033513513513513515,99.68648648648649
0.029999999999999583,0.0799999999999999,0.5,400,0.004972972972972973,0.005189189189189189,1.0434782608695652,0.0033513513513513515,99.68648648648649
0.029999999999999583,0.0749999999999999,0.5,400,0.004972972972972973,0.005189189189189189,1.0434782608695652,0.0033513513513513515,99.68648648648649
0.029999999999999583,0.0699999999999999,0.5,400,0.004972972972972973,0.005189189189189189,1.0434782608695652,0.0033513513513513515,99.68648648648649
0.029999999999999583,0.06499999999999989,0.5,400,0.004972972972972973,0.005189189189189189,1.0434782608695652,0.0033513513513513515,99.68648648648649
0.029999999999999583,0.05999999999999989,0.5,400,0.004972972972972973,0.005189189189189189,1.0434782608695652,0.0033513513513513515,99.68648648648649
0.029999999999999583,0.05499999999999988,0.5,400,0.004972972972972973,0.005189189189189189,1.0434782608695652,0.0033513513513513515,99.68648648648649
0.029999999999999583,0.04999999999999988,0.5,400,0.005189189189189189,0.005405405405405406,1.0416666666666667,0.0035675675675675674,99.66486486486487
0.029999999999999583,0.04499999999999987,0.5,400,0.018378378378378378,0.2467027027027027,13.423529411764706,0.24475675675675676,98.35675675675675
0.029999999999999583,0.03999999999999987,0.5,400,0.3987027027027027,9.503351351351352,23.835683297180044,9.499783783783784,60.4
0.029999999999999583,0.034999999999999865,0.5,400,0.877945945945946,23.55881081081081,26.83401058982884,23.55491891891892,12.475675675675676
0.029999999999999583,0.02999999999999986,0.5,400,0.9987027027027027,28.194594594594594,28.23121887854514,28.19037837837838,0.44324324324324327
0.029999999999999583,0.024999999999999856,0.5,400,1.0032432432432432,29.337945945945947,29.24310344827586,29.33264864864865,0.05405405405405406
0.029999999999999583,0.01999999999999985,0.5,400,1.005081081081081,30.38616216216216,30.232548133806603,30.376972972972972,0.0
0.029999999999999583,0.014999999999999847,0.5,400,1.0045405405405405,31.285297297297298,31.143887214808437,31.27762162162162,0.0
0.029999999999999583,0.009999999999999842,0.5,400,1.0042162162162163,32.158702702702705,32.023683927225754,32.14972972972973,0.0
0.029999999999999583,0.004999999999999838,0.5,400,1.004108108108108,33.06032432432433,32.92506459948321,33.05178378378378,0.0
0.024999999999999578,0.2,0.5,400,0.004972972972972973,0.005189189189189189,1.0434782608695652,0.0033513513513513515,99.68648648648649
0.024999999999999578,0.195,0.5,400,0.004972972972972973,0.005189189189189189,1.0434782608695652,0.0033513513513513515,99.68648648648649
0.024999999999999578,0.19,0.5,400,0.004972972972972973,0.005189189189189189,1.0434782608695652,0.0033513513513513515,99.68648648648649
0.024999999999999578,0.185,0.5,400,0.004972972972972973,0.005189189189189189,1.0434782608695652,0.0033513513513513515,99.68648648648649
0.024999999999999578,0.18,0.5,400,0.004972972972972973,0.005189189189189189,1.0434782608695652,0.0033513513513513515,99.68648648648649
0.024999999999999578,0.175,0.5,400,0.004972972972972973,0.005189189189189189,1.0434782608695652,0.0033513513513513515,99.68648648648649
0.024999999999999578,0.16999999999999998,0.5,400,0.004972972972972973,0.005189189189189189,1.0434782608695652,0.0033513513513513515,99.68648648648649
0.024999999999999578,0.16499999999999998,0.5,400,0.004972972972972973,0.005189189189189189,1.0434782608695652,0.0033513513513513515,99.68648648648649
0.024999999999999578,0.15999999999999998,0.5,400,0.004972972972972973,0.005189189189189189,1.0434782608695652,0.0033513513513513515,99.68648648648649
0.024999999999999578,0.15499999999999997,0.5,400,0.004972972972972973,0.005189189189189189,1.0434782608695652,0.0033513513513513515,99.68648648648649
0.024999999999999578,0.14999999999999997,0.5,400,0.004972972972972973,0.005189189189189189,1.0434782608695652,0.0033513513513513515,99.68648648648649
0.024999999999999578,0.14499999999999996,0.5,400,0.004972972972972973,0.005189189189189189,1.0434782608695652,0.0033513513513513515,99.68648648648649
0.024999999999999578,0.13999999999999996,0.5,400,0.004972972972972973,0.005189189189189189,1.0434782608695652,0.0033513513513513515,99.68648648648649
0.024999999999999578,0.13499999999999995,0.5,400,0.004972972972972973,0.005189189189189189,1.0434782608695652,0.0033513513513513515,99.68648648648649
0.024999999999999578,0.12999999999999995,0.5,400,0.004972972972972973,0.005189189189189189,1.0434782608695652,0.0033513513513513515,99.68648648648649
0.024999999999999578,0.12499999999999994,0.5,400,0.004972972972972973,0.005189189189189189,1.0434782608695652,0.0033513513513513515,99.68648648648649
0.024999999999999578,0.11999999999999994,0.5,400,0.004972972972972973,0.005189189189189189,1.0434782608695652,0.0033513513513513515,99.68648648648649
0.024999999999999578,0.11499999999999994,0.5,400,0.004972972972972973,0.005189189189189189,1.0434782608695652,0.0033513513513513515,99.68648648648649
0.024999999999999578,0.10999999999999993,0.5,400,0.004972972972972973,0.005189189189189189,1.0434782608695652,0.0033513513513513515,99.68648648648649
0.024999999999999578,0.10499999999999993,0.5,400,0.004972972972972973,0.005189189189189189,1.0434782608695652,0.0033513513513513515,99.68648648648649
0.024999999999999578,0.09999999999999992,0.5,400,0.004972972972972973,0.005189189189189189,1.0434782608695652,0.0033513513513513515,99.68648648648649
0.024999999999999578,0.09499999999999992,0.5,400,0.004972972972972973,0.005189189189189189,1.0434782608695652,0.0033513513513513515,99.68648648648649
0.024999999999999578,0.08999999999999991,0.5,400,0.004972972972972973,0.005189189189189189,1.0434782608695652,0.0033513513513513515,99.68648648648649
0.024999999999999578,0.08499999999999991,0.5,400,0.004972972972972973,0.005189189189189189,1.0434782608695652,0.0033513513513513515,99.68648648648649
0.024999999999999578,0.0799999999999999,0.5,400,0.004972972972972973,0.005189189189189189,1.0434782608695652,0.0033513513513513515,99.68648648648649
0.024999999999999578,0.0749999999999999,0.5,400,0.004972972972972973,0.005189189189189189,1.0434782608695652,0.0033513513513513515,99.68648648648649
0.024999999999999578,0.0699999999999999,0.5,400,0.004972972972972973,0.005189189189189189,1.0434782608695652,0.0033513513513513515,99.68648648648649
0.024999999999999578,0.06499999999999989,0.5,400,0.004972972972972973,0.005189189189189189,1.0434782608695652,0.0033513513513513515,99.68648648648649
0.024999999999999578,0.05999999999999989,0.5,400,0.004972972972972973,0.005189189189189189,1.0434782608695652,0.0033513513513513515,99.68648648648649
0.024999999999999578,0.05499999999999988,0.5,400,0.004972972972972973,0.005189189189189189,1.0434782608695652,0.0033513513513513515,99.68648648648649
0.024999999999999578,0.04999999999999988,0.5,400,0.004972972972972973,0.005189189189189189,1.0434782608695652,0.0033513513513513515,99.68648648648649
0.024999999999999578,0.04499999999999987,0.5,400,0.005513513513513513,0.00572972972972973,1.0392156862745099,0.0038918918918918917,99.63243243243244
0.024999999999999578,0.03999999999999987,0.5,400,0.029297297297297298,0.5216216216216216,17.804428044280442,0.5196756756756756,97.26486486486486
0.024999999999999578,0.034999999999999865,0.5,400,0.5530810810810811,13.988648648648649,25.292220484753713,13.983675675675675,44.962162162162166
0.024999999999999578,0.02999999999999986,0.5,400,0.9713513513513513,27.040216216216216,27.83772954924875,27.035243243243244,3.156756756756757
0.024999999999999578,0.024999999999999856,0.5,400,1.0014054054054053,28.996756756756756,28.956061751052573,28.991783783783784,0.20540540540540542
0.024999999999999578,0.01999999999999985,0.5,400,1.004108108108108,30.031243243243242,29.90837639965547,30.023675675675676,0.021621621621621623
0.024999999999999578,0.014999999999999847,0.5,400,1.0055135135135136,31.010918918918918,30.840877325018816,31.000432432432433,0.0
0.024999999999999578,0.009999999999999842,0.5,400,1.0045405405405405,31.887135135135136,31.743004735256136,31.878594594594595,0.0
0.024999999999999578,0.004999999999999838,0.5,400,1.0034594594594595,32.793837837837835,32.68078000430942,32.78410810810811,0.0
0.019999999999999574,0.2,0.5,400,0.004972972972972973,0.005189189189189189,1.0434782608695652,0.0033513513513513515,99.68648648648649
0.019999999999999574,0.195,0.5,400,0.004972972972972973,0.005189189189189189,1.0434782608695652,0.0033513513513513515,99.68648648648649
0.019999999999999574,0.19,0.5,400,0.004972972972972973,0.005189189189189189,1.0434782608695652,0.0033513513513513515,99.68648648648649
0.019999999999999574,0.185,0.5,400,0.004972972972972973,0.005189189189189189,1.0434782608695652,0.0033513513513513515,99.68648648648649
0.019999999999999574,0.18,0.5,400,0.004972972972972973,0.005189189189189189,1.0434782608695652,0.0033513513513513515,99.68648648648649
0.019999999999999574,0.175,0.5,400,0.004972972972972973,0.005189189189189189,1.0434782608695652,0.0033513513513513515,99.68648648648649
0.019999999999999574,0.16999999999999998,0.5,400,0.004972972972972973,0.005189189189189189,1.0434782608695652,0.0033513513513513515,99.68648648648649
0.019999999999999574,0.16499999999999998,0.5,400,0.004972972972972973,0.005189189189189189,1.0434782608695652,0.0033513513513513515,99.68648648648649
0.019999999999999574,0.15999999999999998,0.5,400,0.004972972972972973,0.005189189189189189,1.0434782608695652,0.0033513513513513515,99.68648648648649
0.019999999999999574,0.15499999999999997,0.5,400,0.004972972972972973,0.005189189189189189,1.0434782608695652,0.0033513513513513515,99.68648648648649
0.019999999999999574,0.14999999999999997,0.5,400,0.004972972972972973,0.005189189189189189,1.0434782608695652,0.0033513513513513515,99.68648648648649
0.019999999999999574,0.14499999999999996,0.5,400,0.004972972972972973,0.005189189189189189,1.0434782608695652,0.0033513513513513515,99.68648648648649
0.019999999999999574,0.13999999999999996,0.5,400,0.004972972972972973,0.005189189189189189,1.0434782608695652,0.0033513513513513515,99.68648648648649
0.019999999999999574,0.13499999999999995,0.5,400,0.004972972972972973,0.005189189189189189,1.0434782608695652,0.0033513513513513515,99.68648648648649
0.019999999999999574,0.12999999999999995,0.5,400,0.004972972972972973,0.005189189189189189,1.0434782608695652,0.0033513513513513515,99.68648648648649
0.019999999999999574,0.12499999999999994,0.5,400,0.004972972972972973,0.005189189189189189,1.0434782608695652,0.0033513513513513515,99.68648648648649
0.019999999999999574,0.11999999999999994,0.5,400,0.004972972972972973,0.005189189189189189,1.0434782608695652,0.0033513513513513515,99.68648648648649
0.019999999999999574,0.11499999999999994,0.5,400,0.004972972972972973,0.005189189189189189,1.0434782608695652,0.0033513513513513515,99.68648648648649
0.019999999999999574,0.10999999999999993,0.5,400,0.004972972972972973,0.005189189189189189,1.0434782608695652,0.0033513513513513515,99.68648648648649
0.019999999999999574,0.10499999999999993,0.5,400,0.004972972972972973,0.005189189189189189,1.0434782608695652,0.0033513513513513515,99.68648648648649
0.019999999999999574,0.09999999999999992,0.5,400,0.004972972972972973,0.005189189189189189,1.0434782608695652,0.0033513513513513515,99.68648648648649
0.019999999999999574,0.09499999999999992,0.5,400,0.004972972972972973,0.005189189189189189,1.0434782608695652,0.0033513513513513515,99.68648648648649
0.019999999999999574,0.08999999999999991,0.5,400,0.004972972972972973,0.005189189189189189,1.0434782608695652,0.0033513513513513515,99.68648648648649
0.019999999999999574,0.08499999999999991,0.5,400,0.004972972972972973,0.005189189189189189,1.0434782608695652,0.0033513513513513515,99.68648648648649
0.019999999999999574,0.0799999999999999,0.5,400,0.004972972972972973,0.005189189189189189,1.0434782608695652,0.0033513513513513515,99.68648648648649
0.019999999999999574,0.0749999999999999,0.5,400,0.004972972972972973,0.005189189189189189,1.0434782608695652,0.0033513513513513515,99.68648648648649
0.019999999999999574,0.0699999999999999,0.5,400,0.004972972972972973,0.005189189189189189,1.0434782608695652,0.0033513513513513515,99.68648648648649
0.019999999999999574,0.06499999999999989,0.5,400,0.004972972972972973,0.005189189189189189,1.0434782608695652,0.0033513513513513515,99.68648648648649
0.019999999999999574,0.05999999999999989,0.5,400,0.004972972972972973,0.005189189189189189,1.0434782608695652,0.0033513513513513515,99.68648648648649
0.019999999999999574,0.05499999999999988,0.5,400,0.004972972972972973,0.005189189189189189,1.0434782608695652,0.0033513513513513515,99.68648648648649
0.019999999999999574,0.04999999999999988,0.5,400,0.004972972972972973,0.005189189189189189,1.0434782608695652,0.0033513513513513515,99.68648648648649
0.019999999999999574,0.04499999999999987,0.5,400,0.004972972972972973,0.005189189189189189,1.0434782608695652,0.0033513513513513515,99.68648648648649
0.019999999999999574,0.03999999999999987,0.5,400,0.006162162162162162,0.006378378378378379,1.0350877192982457,0.00454054054054054,99.56756756756756
0.019999999999999574,0.034999999999999865,0.5,400,0.040972972972972976,0.7968648648648649,19.448548812664907,0.794918918918919,96.0972972972973
0.019999999999999574,0.02999999999999986,0.5,400,0.7125405405405405,19.087783783783784,26.788347746927627,19.084108108108108,29.016216216216215
0.019999999999999574,0.024999999999999856,0.5,400,0.9897297297297297,28.31081081081081,28.604587657018023,28.306918918918917,1.2864864864864864
0.019999999999999574,0.01999999999999985,0.5,400,1.003027027027027,29.718054054054054,29.628368182798017,29.71254054054054,0.07567567567567568
0.019999999999999574,0.014999999999999847,0.5,400,1.0044324324324325,30.674162162162162,30.538800990205576,30.664216216216218,0.021621621621621623
0.019999999999999574,0.009999999999999842,0.5,400,1.0037837837837837,31.614162162162163,31.494991922455572,31.607027027027026,0.0
0.019999999999999574,0.004999999999999838,0.5,400,1.0027027027027027,32.52108108108108,32.43342318059299,32.5132972972973,0.0
0.01499999999999957,0.2,0.5,400,0.004972972972972973,0.005189189189189189,1.0434782608695652,0.0033513513513513515,99.68648648648649
0.01499999999999957,0.195,0.5,400,0.004972972972972973,0.005189189189189189,1.0434782608695652,0.0033513513513513515,99.68648648648649
0.01499999999999957,0.19,0.5,400,0.004972972972972973,0.005189189189189189,1.0434782608695652,0.0033513513513513515,99.68648648648649
0.01499999999999957,0.185,0.5,400,0.004972972972972973,0.005189189189189189,1.0434782608695652,0.0033513513513513515,99.68648648648649
0.01499999999999957,0.18,0.5,400,0.004972972972972973,0.005189189189189189,1.0434782608695652,0.0033513513513513515,99.68648648648649
0.01499999999999957,0.175,0.5,400,0.004972972972972973,0.005189189189189189,1.0434782608695652,0.0033513513513513515,99.68648648648649
0.01499999999999957,0.16999999999999998,0.5,400,0.004972972972972973,0.005189189189189189,1.0434782608695652,0.0033513513513513515,99.68648648648649
0.01499999999999957,0.16499999999999998,0.5,400,0.004972972972972973,0.005189189189189189,1.0434782608695652,0.0033513513513513515,99.68648648648649
0.01499999999999957,0.15999999999999998,0.5,400,0.004972972972972973,0.005189189189189189,1.0434782608695652,0.0033513513513513515,99.68648648648649
0.01499999999999957,0.15499999999999997,0.5,400,0.004972972972972973,0.005189189189189189,1.0434782608695652,0.0033513513513513515,99.68648648648649
0.01499999999999957,0.14999999999999997,0.5,400,0.004972972972972973,0.005189189189189189,1.0434782608695652,0.0033513513513513515,99.68648648648649
0.01499999999999957,0.14499999999999996,0.5,400,0.004972972972972973,0.005189189189189189,1.0434782608695652,0.0033513513513513515,99.68648648648649
0.01499999999999957,0.13999999999999996,0.5,400,0.004972972972972973,0.005189189189189189,1.0434782608695652,0.0033513513513513515,99.68648648648649
0.01499999999999957,0.13499999999999995,0.5,400,0.004972972972972973,0.005189189189189189,1.0434782608695652,0.0033513513513513515,99.68648648648649
0.01499999999999957,0.12999999999999995,0.5,400,0.004972972972972973,0.005189189189189189,1.0434782608695652,0.0033513513513513515,99.68648648648649
0.01499999999999957,0.12499999999999994,0.5,400,0.004972972972972973,0.005189189189189189,1.0434782608695652,0.0033513513513513515,99.68648648648649
0.01499999999999957,0.11999999999999994,0.5,400,0.004972972972972973,0.005189189189189189,1.0434782608695652,0.0033513513513513515,99.68648648648649
0.01499999999999957,0.11499999999999994,0.5,400,0.004972972972972973,0.005189189189189189,1.0434782608695652,0.0033513513513513515,99.68648648648649
0.01499999999999957,0.10999999999999993,0.5,400,0.004972972972972973,0.005189189189189189,1.0434782608695652,0.0033513513513513515,99.68648648648649
0.01499999999999957,0.10499999999999993,0.5,400,0.004972972972972973,0.005189189189189189,1.0434782608695652,0.0033513513513513515,99.68648648648649
0.01499999999999957,0.09999999999999992,0.5,400,0.004972972972972973,0.005189189189189189,1.0434782608695652,0.0033513513513513515,99.68648648648649
0.01499999999999957,0.09499999999999992,0.5,400,0.004972972972972973,0.005189189189189189,1.0434782608695652,0.0033513513513513515,99.68648648648649
0.01499999999999957,0.08999999999999991,0.5,400,0.004972972972972973,0.005189189189189189,1.0434782608695652,0.0033513513513513515,99.68648648648649
0.01499999999999957,0.08499999999999991,0.5,400,0.004972972972972973,0.005189189189189189,1.0434782608695652,0.0033513513513513515,99.68648648648649
0.01499999999999957,0.0799999999999999,0.5,400,0.004972972972972973,0.005189189189189189,1.0434782608695652,0.0033513513513513515,99.68648648648649
0.01499999999999957,0.0749999999999999,0.5,400,0.004972972972972973,0.005189189189189189,1.0434782608695652,0.0033513513513513515,99.68648648648649
0.01499999999999957,0.0699999999999999,0.5,400,0.004972972972972973,0.005189189189189189,1.0434782608695652,0.0033513513513513515,99.68648648648649
0.01499999999999957,0.06499999999999989,0.5,400,0.004972972972972973,0.005189189189189189,1.0434782608695652,0.0033513513513513515,99.68648648648649
0.01499999999999957,0.05999999999999989,0.5,400,0.004972972972972973,0.005189189189189189,1.0434782608695652,0.0033513513513513515,99.68648648648649
0.01499999999999957,0.05499999999999988,0.5,400,0.004972972972972973,0.005189189189189189,1.0434782608695652,0.0033513513513513515,99.68648648648649
0.01499999999999957,0.04999999999999988,0.5,400,0.004972972972972973,0.005189189189189189,1.0434782608695652,0.0033513513513513515,99.68648648648649
0.01499999999999957,0.04499999999999987,0.5,400,0.004972972972972973,0.005189189189189189,1.0434782608695652,0.0033513513513513515,99.68648648648649
0.01499999999999957,0.03999999999999987,0.5,400,0.005189189189189189,0.005405405405405406,1.0416666666666667,0.0035675675675675674,99.66486486486487
0.01499999999999957,0.034999999999999865,0.5,400,0.006702702702702703,0.006918918918918919,1.032258064516129,0.005081081081081081,99.51351351351352
0.01499999999999957,0.02999999999999986,0.5,400,0.08,1.7114594594594594,21.393243243243244,1.709081081081081,92.21621621621621
0.01499999999999957,0.024999999999999856,0.5,400,0.8732972972972973,24.413297297297298,27.955310720475364,24.407891891891893,13.016216216216216
0.01499999999999957,0.01999999999999985,0.5,400,0.9996756756756757,29.271243243243244,29.280739699361956,29.266702702702702,0.34594594594594597
0.01499999999999957,0.014999999999999847,0.5,400,1.0046486486486486,30.349297297297298,30.208866889056278,30.34118918918919,0.021621621621621623
0.01499999999999957,0.009999999999999842,0.5,400,1.0046486486486486,31.296864864864865,31.15204993005488,31.28810810810811,0.0
0.01499999999999957,0.004999999999999838,0.5,400,1.0034594594594595,32.20854054054054,32.09750053867701,32.19816216216216,0.0
0.009999999999999565,0.2,0.5,400,0.004972972972972973,0.005189189189189189,1.0434782608695652,0.0033513513513513515,99.68648648648649
0.009999999999999565,0.195,0.5,400,0.004972972972972973,0.005189189189189189,1.0434782608695652,0.0033513513513513515,99.68648648648649
0.009999999999999565,0.19,0.5,400,0.004972972972972973,0.005189189189189189,1.0434782608695652,0.0033513513513513515,99.68648648648649
0.009999999999999565,0.185,0.5,400,0.004972972972972973,0.005189189189189189,1.0434782608695652,0.0033513513513513515,99.68648648648649
0.009999999999999565,0.18,0.5,400,0.004972972972972973,0.005189189189189189,1.0434782608695652,0.0033513513513513515,99.68648648648649
0.009999999999999565,0.175,0.5,400,0.004972972972972973,0.005189189189189189,1.0434782608695652,0.0033513513513513515,99.68648648648649
0.009999999999999565,0.16999999999999998,0.5,400,0.004972972972972973,0.005189189189189189,1.0434782608695652,0.0033513513513513515,99.68648648648649
0.009999999999999565,0.16499999999999998,0.5,400,0.004972972972972973,0.005189189189189189,1.0434782608695652,0.0033513513513513515,99.68648648648649
0.009999999999999565,0.15999999999999998,0.5,400,0.004972972972972973,0.005189189189189189,1.0434782608695652,0.0033513513513513515,99.68648648648649
0.009999999999999565,0.15499999999999997,0.5,400,0.004972972972972973,0.005189189189189189,1.0434782608695652,0.0033513513513513515,99.68648648648649
0.009999999999999565,0.14999999999999997,0.5,400,0.004972972972972973,0.005189189189189189,1.0434782608695652,0.0033513513513513515,99.68648648648649
0.009999999999999565,0.14499999999999996,0.5,400,0.004972972972972973,0.005189189189189189,1.0434782608695652,0.0033513513513513515,99.68648648648649
0.009999999999999565,0.13999999999999996,0.5,400,0.004972972972972973,0.005189189189189189,1.0434782608695652,0.0033513513513513515,99.68648648648649
0.009999999999999565,0.13499999999999995,0.5,400,0.004972972972972973,0.005189189189189189,1.0434782608695652,0.0033513513513513515,99.68648648648649
0.009999999999999565,0.12999999999999995,0.5,400,0.004972972972972973,0.005189189189189189,1.0434782608695652,0.0033513513513513515,99.68648648648649
0.009999999999999565,0.12499999999999994,0.5,400,0.004972972972972973,0.005189189189189189,1.0434782608695652,0.0033513513513513515,99.68648648648649
0.009999999999999565,0.11999999999999994,0.5,400,0.004972972972972973,0.005189189189189189,1.0434782608695652,0.0033513513513513515,99.68648648648649
0.009999999999999565,0.11499999999999994,0.5,400,0.004972972972972973,0.005189189189189189,1.0434782608695652,0.0033513513513513515,99.68648648648649
0.009999999999999565,0.10999999999999993,0.5,400,0.004972972972972973,0.005189189189189189,1.0434782608695652,0.0033513513513513515,99.68648648648649
0.009999999999999565,0.10499999999999993,0.5,400,0.004972972972972973,0.005189189189189189,1.0434782608695652,0.0033513513513513515,99.68648648648649
0.009999999999999565,0.09999999999999992,0.5,400,0.004972972972972973,0.005189189189189189,1.0434782608695652,0.0033513513513513515,99.68648648648649
0.009999999999999565,0.09499999999999992,0.5,400,0.004972972972972973,0.005189189189189189,1.0434782608695652,0.0033513513513513515,99.68648648648649
0.009999999999999565,0.08999999999999991,0.5,400,0.004972972972972973,0.005189189189189189,1.0434782608695652,0.0033513513513513515,99.68648648648649
0.009999999999999565,0.08499999999999991,0.5,400,0.004972972972972973,0.005189189189189189,1.0434782608695652,0.0033513513513513515,99.68648648648649
0.009999999999999565,0.0799999999999999,0.5,400,0.004972972972972973,0.005189189189189189,1.0434782608695652,0.0033513513513513515,99.68648648648649
0.009999999999999565,0.0749999999999999,0.5,400,0.004972972972972973,0.005189189189189189,1.0434782608695652,0.0033513513513513515,99.68648648648649
0.009999999999999565,0.0699999999999999,0.5,400,0.004972972972972973,0.005189189189189189,1.0434782608695652,0.0033513513513513515,99.68648648648649
0.009999999999999565,0.06499999999999989,0.5,400,0.004972972972972973,0.005189189189189189,1.0434782608695652,0.0033513513513513515,99.68648648648649
0.009999999999999565,0.05999999999999989,0.5,400,0.004972972972972973,0.005189189189189189,1.0434782608695652,0.0033513513513513515,99.68648648648649
0.009999999999999565,0.05499999999999988,0.5,400,0.004972972972972973,0.005189189189189189,1.0434782608695652,0.0033513513513513515,99.68648648648649
0.009999999999999565,0.04999999999999988,0.5,400,0.004972972972972973,0.005189189189189189,1.0434782608695652,0.0033513513513513515,99.68648648648649
0.009999999999999565,0.04499999999999987,0.5,400,0.004972972972972973,0.005189189189189189,1.0434782608695652,0.0033513513513513515,99.68648648648649
0.009999999999999565,0.03999999999999987,0.5,400,0.004972972972972973,0.005189189189189189,1.0434782608695652,0.0033513513513513515,99.68648648648649
0.009999999999999565,0.034999999999999865,0.5,400,0.005621621621621622,0.0058378378378378375,1.0384615384615385,0.004,99.62162162162163
0.009999999999999565,0.02999999999999986,0.5,400,0.008108108108108109,0.008324324324324324,1.0266666666666666,0.006486486486486486,99.37297297297297
0.009999999999999565,0.024999999999999856,0.5,400,0.2187027027027027,5.481513513513513,25.063766683143847,5.478486486486487,78.37837837837837
0.009999999999999565,0.01999999999999985,0.5,400,0.9781621621621621,28.26454054054054,28.89555702917772,28.26054054054054,2.5297297297297296
0.009999999999999565,0.014999999999999847,0.5,400,1.0027027027027027,30.00918918918919,29.928301886792454,30.00356756756757,0.08648648648648649
0.009999999999999565,0.009999999999999842,0.5,400,1.004972972972973,30.987243243243242,30.833907056798623,30.976756756756757,0.0
0.009999999999999565,0.004999999999999838,0.5,400,1.0032432432432432,31.926486486486485,31.823275862068964,31.91881081081081,0.0
0.00499999999999956,0.2,0.5,400,0.004972972972972973,0.005189189189189189,1.0434782608695652,0.0033513513513513515,99.68648648648649
0.00499999999999956,0.195,0.5,400,0.004972972972972973,0.005189189189189189,1.0434782608695652,0.0033513513513513515,99.68648648648649
0.00499999999999956,0.19,0.5,400,0.004972972972972973,0.005189189189189189,1.0434782608695652,0.0033513513513513515,99.68648648648649
0.00499999999999956,0.185,0.5,400,0.004972972972972973,0.005189189189189189,1.0434782608695652,0.0033513513513513515,99.68648648648649
0.00499999999999956,0.18,0.5,400,0.004972972972972973,0.005189189189189189,1.0434782608695652,0.0033513513513513515,99.68648648648649
0.00499999999999956,0.175,0.5,400,0.004972972972972973,0.005189189189189189,1.0434782608695652,0.0033513513513513515,99.68648648648649
0.00499999999999956,0.16999999999999998,0.5,400,0.004972972972972973,0.005189189189189189,1.0434782608695652,0.0033513513513513515,99.68648648648649
0.00499999999999956,0.16499999999999998,0.5,400,0.004972972972972973,0.005189189189189189,1.0434782608695652,0.0033513513513513515,99.68648648648649
0.00499999999999956,0.15999999999999998,0.5,400,0.004972972972972973,0.005189189189189189,1.0434782608695652,0.0033513513513513515,99.68648648648649
0.00499999999999956,0.15499999999999997,0.5,400,0.004972972972972973,0.005189189189189189,1.0434782608695652,0.0033513513513513515,99.68648648648649
0.00499999999999956,0.14999999999999997,0.5,400,0.004972972972972973,0.005189189189189189,1.0434782608695652,0.0033513513513513515,99.68648648648649
0.00499999999999956,0.14499999999999996,0.5,400,0.004972972972972973,0.005189189189189189,1.0434782608695652,0.0033513513513513515,99.68648648648649
0.00499999999999956,0.13999999999999996,0.5,400,0.004972972972972973,0.005189189189189189,1.0434782608695652,0.0033513513513513515,99.68648648648649
0.00499999999999956,0.13499999999999995,0.5,400,0.004972972972972973,0.005189189189189189,1.0434782608695652,0.0033513513513513515,99.68648648648649
0.00499999999999956,0.12999999999999995,0.5,400,0.004972972972972973,0.005189189189189189,1.0434782608695652,0.0033513513513513515,99.68648648648649
0.00499999999999956,0.12499999999999994,0.5,400,0.004972972972972973,0.005189189189189189,1.0434782608695652,0.0033513513513513515,99.68648648648649
0.00499999999999956,0.11999999999999994,0.5,400,0.004972972972972973,0.005189189189189189,1.0434782608695652,0.0033513513513513515,99.68648648648649
0.00499999999999956,0.11499999999999994,0.5,400,0.004972972972972973,0.005189189189189189,1.0434782608695652,0.0033513513513513515,99.68648648648649
0.00499999999999956,0.10999999999999993,0.5,400,0.004972972972972973,0.005189189189189189,1.0434782608695652,0.0033513513513513515,99.68648648648649
0.00499999999999956,0.10499999999999993,0.5,400,0.004972972972972973,0.005189189189189189,1.0434782608695652,0.0033513513513513515,99.68648648648649
0.00499999999999956,0.09999999999999992,0.5,400,0.004972972972972973,0.005189189189189189,1.0434782608695652,0.0033513513513513515,99.68648648648649
0.00499999999999956,0.09499999999999992,0.5,400,0.004972972972972973,0.005189189189189189,1.0434782608695652,0.0033513513513513515,99.68648648648649
0.00499999999999956,0.08999999999999991,0.5,400,0.004972972972972973,0.005189189189189189,1.0434782608695652,0.0033513513513513515,99.68648648648649
0.00499999999999956,0.08499999999999991,0.5,400,0.004972972972972973,0.005189189189189189,1.0434782608695652,0.0033513513513513515,99.68648648648649
0.00499999999999956,0.0799999999999999,0.5,400,0.004972972972972973,0.005189189189189189,1.0434782608695652,0.0033513513513513515,99.68648648648649
0.00499999999999956,0.0749999999999999,0.5,400,0.004972972972972973,0.005189189189189189,1.0434782608695652,0.0033513513513513515,99.68648648648649
0.00499999999999956,0.0699999999999999,0.5,400,0.004972972972972973,0.005189189189189189,1.0434782608695652,0.0033513513513513515,99.68648648648649
0.00499999999999956,0.06499999999999989,0.5,400,0.004972972972972973,0.005189189189189189,1.0434782608695652,0.0033513513513513515,99.68648648648649
0.00499999999999956,0.05999999999999989,0.5,400,0.004972972972972973,0.005189189189189189,1.0434782608695652,0.0033513513513513515,99.68648648648649
0.00499999999999956,0.05499999999999988,0.5,400,0.004972972972972973,0.005189189189189189,1.0434782608695652,0.0033513513513513515,99.68648648648649
0.00499999999999956,0.04999999999999988,0.5,400,0.004972972972972973,0.005189189189189189,1.0434782608695652,0.0033513513513513515,99.68648648648649
0.00499999999999956,0.04499999999999987,0.5,400,0.004972972972972973,0.005189189189189189,1.0434782608695652,0.0033513513513513515,99.68648648648649
0.00499999999999956,0.03999999999999987,0.5,400,0.004972972972972973,0.005189189189189189,1.0434782608695652,0.0033513513513513515,99.68648648648649
0.00499999999999956,0.034999999999999865,0.5,400,0.005081081081081081,0.005297297297297297,1.0425531914893618,0.0034594594594594594,99.67567567567568
0.00499999999999956,0.02999999999999986,0.5,400,0.006162162162162162,0.006378378378378379,1.0350877192982457,0.00454054054054054,99.56756756756756
0.00499999999999956,0.024999999999999856,0.5,400,0.014702702702702703,0.014918918918918918,1.0147058823529411,0.01308108108108108,98.71351351351352
0.00499999999999956,0.01999999999999985,0.5,400,0.7121081081081081,19.65881081081081,27.606497646880218,19.65437837837838,29.135135135135137
0.00499999999999956,0.014999999999999847,0.5,400,1.0005405405405405,29.56843243243243,29.552458130740142,29.563027027027026,0.31351351351351353
0.00499999999999956,0.009999999999999842,0.5,400,1.0037837837837837,30.661513513513512,30.545934302638663,30.653837837837838,0.010810810810810811
0.00499999999999956,0.004999999999999838,0.5,400,1.0036756756756757,31.63091891891892,31.515079707022835,31.622486486486487,0.0
