timestamp,dB_SPL,-90.0,-87.0,-84.0,-81.0,-78.0,-75.0,-72.0,-69.0,-66.0,-63.0,-60.0,-57.0,-54.0,-51.0,-48.0,-45.0,-42.0,-39.0,-36.0,-33.0,-30.0,-27.0,-24.0,-21.0,-18.0,-15.0,-12.0,-9.0,-6.0,-3.0,0.0,3.0,6.0,9.0,12.0,15.0,18.0,21.0,24.0,27.0,30.0,33.0,36.0,39.0,42.0,45.0,48.0,51.0,54.0,57.0,60.0,63.0,66.0,69.0,72.0,75.0,78.0,81.0,84.0,87.0,90.0
2026-07-30 10:16:34.500891,[71.80274792],3.3832274744518234e-09,3.3888514390696072e-09,3.406231246098218e-09,3.4369608591474504e-09,3.4839270850076524e-09,3.5516369708094036e-09,3.6466259123631653e-09,3.777867420985325e-09,3.957056626628609e-09,4.198601632710427e-09,4.519170194637566e-09,4.936761053357549e-09,5.469554202602468e-09,6.135252033837153e-09,6.952157015995012e-09,7.943583098158186e-09,9.146948927084821e-09,1.0627592699542508e-08,1.2494754302053658e-08,1.4913663465759918e-08,1.8104503426261293e-08,2.2318218167647343e-08,2.7782802572663674e-08,3.462277853144193e-08,4.2767447181216216e-08,5.187569085442336e-08,6.13102511771435e-08,7.018723780927598e-08,7.750625496520058e-08,8.233849974240058e-08,8.402524793146836e-08,8.233849974240058e-08,7.750625496520058e-08,7.018723780927598e-08,6.13102511771435e-08,5.187569085442336e-08,4.2767447181216216e-08,3.462277853144193e-08,2.7782802572663674e-08,2.2318218167647343e-08,1.8104503426261293e-08,1.4913663465759918e-08,1.2494754302053658e-08,1.0627592699542508e-08,9.146948927084821e-09,7.943583098158186e-09,6.952157015995012e-09,6.135252033837153e-09,5.469554202602468e-09,4.936761053357549e-09,4.519170194637566e-09,4.198601632710427e-09,3.957056626628609e-09,3.777867420985325e-09,3.6466259123631653e-09,3.5516369708094036e-09,3.4839270850076524e-09,3.4369608591474504e-09,3.406231246098218e-09,3.3888514390696072e-09,3.3832274744518234e-09
2026-07-30 10:16:34.526512,[71.80274792],3.3832274744518234e-09,3.3888514390696072e-09,3.406231246098218e-09,3.4369608591474504e-09,3.4839270850076524e-09,3.5516369708094036e-09,3.6466259123631653e-09,3.777867420985325e-09,3.957056626628609e-09,4.198601632710427e-09,4.519170194637566e-09,4.936761053357549e-09,5.469554202602468e-09,6.135252033837153e-09,6.952157015995012e-09,7.943583098158186e-09,9.146948927084821e-09,1.0627592699542508e-08,1.2494754302053658e-08,1.4913663465759918e-08,1.8104503426261293e-08,2.2318218167647343e-08,2.7782802572663674e-08,3.462277853144193e-08,4.2767447181216216e-08,5.187569085442336e-08,6.13102511771435e-08,7.018723780927598e-08,7.750625496520058e-08,8.233849974240058e-08,8.402524793146836e-08,8.233849974240058e-08,7.750625496520058e-08,7.018723780927598e-08,6.13102511771435e-08,5.187569085442336e-08,4.2767447181216216e-08,3.462277853144193e-08,2.7782802572663674e-08,2.2318218167647343e-08,1.8104503426261293e-08,1.4913663465759918e-08,1.2494754302053658e-08,1.0627592699542508e-08,9.146948927084821e-09,7.943583098158186e-09,6.952157015995012e-09,6.135252033837153e-09,5.469554202602468e-09,4.936761053357549e-09,4.519170194637566e-09,4.198601632710427e-09,3.957056626628609e-09,3.777867420985325e-09,3.6466259123631653e-09,3.5516369708094036e-09,3.4839270850076524e-09,3.4369608591474504e-09,3.406231246098218e-09,3.3888514390696072e-09,3.3832274744518234e-09
2026-07-30 10:16:34.552582,[94.47686242],1.131105547664263e-06,1.1343907782535454e-06,1.144377643149574e-06,1.1615005404969475e-06,1.1866189479274102e-06,1.2212142998047943e-06,1.2676403641486503e-06,1.3293746138472653e-06,1.411171131383354e-06,1.5189606587258604e-06,1.6593014135206789e-06,1.838190602306642e-06,2.059145065805082e-06,2.320684741994959e-06,2.613699620626308e-06,2.9195712262165118e-06,3.2101851439094065e-06,3.4508825580808644e-06,3.6067606465561454e-06,3.651528725401744e-06,3.5766586907926457e-06,3.3974643932488244e-06,3.152769603263271e-06,2.896475783991628e-06,2.6824082491454467e-06,2.547193573965668e-06,2.497912298384229e-06,2.510430582616437e-06,2.540390802605912e-06,2.543257788046489e-06,2.4952129043113486e-06,2.543257788046489e-06,2.540390802605912e-06,2.510430582616437e-06,2.497912298384229e-06,2.547193573965668e-06,2.6824082491454467e-06,2.896475783991628e-06,3.152769603263271e-06,3.3974643932488244e-06,3.5766586907926457e-06,3.651528725401744e-06,3.6067606465561454e-06,3.4508825580808644e-06,3.2101851439094065e-06,2.9195712262165118e-06,2.613699620626308e-06,2.320684741994959e-06,2.059145065805082e-06,1.838190602306642e-06,1.6593014135206789e-06,1.5189606587258604e-06,1.411171131383354e-06,1.3293746138472653e-06,1.2676403641486503e-06,1.2212142998047943e-06,1.1866189479274102e-06,1.1615005404969475e-06,1.144377643149574e-06,1.1343907782535454e-06,1.131105547664263e-06
2026-07-30 10:16:34.578185,[69.2424279],6.492314165655129e-09,6.529782435461838e-09,6.642837361135081e-09,6.833393181132967e-09,7.104518205151592e-09,7.460244952229518e-09,7.905288322260803e-09,8.444650013778157e-09,9.08307427991038e-09,9.824306102692308e-09,1.0670095480986408e-08,1.1618904706689316e-08,1.2664328258652744e-08,1.3793344556868371e-08,1.4984687243611398e-08,1.6207819738471203e-08,1.7423143318817635e-08,1.8584049135509537e-08,1.9641122002753836e-08,2.0548176300890124e-08,2.1268965724464172e-08,2.178266515896449e-08,2.2086005133636112e-08,2.219060808987028e-08,2.2115665042418272e-08,2.187813242863254e-08,2.1484221232371118e-08,2.092613899424761e-08,2.0186371088508152e-08,1.924869795168588e-08,1.81119494244499e-08,1.924869795168588e-08,2.0186371088508152e-08,2.092613899424761e-08,2.1484221232371118e-08,2.187813242863254e-08,2.2115665042418272e-08,2.219060808987028e-08,2.2086005133636112e-08,2.178266515896449e-08,2.1268965724464172e-08,2.0548176300890124e-08,1.9641122002753836e-08,1.8584049135509537e-08,1.7423143318817635e-08,1.6207819738471203e-08,1.4984687243611398e-08,1.3793344556868371e-08,1.2664328258652744e-08,1.1618904706689316e-08,1.0670095480986408e-08,9.824306102692308e-09,9.08307427991038e-09,8.444650013778157e-09,7.905288322260803e-09,7.460244952229518e-09,7.104518205151592e-09,6.833393181132967e-09,6.642837361135081e-09,6.529782435461838e-09,6.492314165655129e-09
2026-07-30 10:16:34.603829,[69.2424279],6.492314165655129e-09,6.529782435461838e-09,6.642837361135081e-09,6.833393181132967e-09,7.104518205151592e-09,7.460244952229518e-09,7.905288322260803e-09,8.444650013778157e-09,9.08307427991038e-09,9.824306102692308e-09,1.0670095480986408e-08,1.1618904706689316e-08,1.2664328258652744e-08,1.3793344556868371e-08,1.4984687243611398e-08,1.6207819738471203e-08,1.7423143318817635e-08,1.8584049135509537e-08,1.9641122002753836e-08,2.0548176300890124e-08,2.1268965724464172e-08,2.178266515896449e-08,2.2086005133636112e-08,2.219060808987028e-08,2.2115665042418272e-08,2.187813242863254e-08,2.1484221232371118e-08,2.092613899424761e-08,2.0186371088508152e-08,1.924869795168588e-08,1.81119494244499e-08,1.924869795168588e-08,2.0186371088508152e-08,2.092613899424761e-08,2.1484221232371118e-08,2.187813242863254e-08,2.2115665042418272e-08,2.219060808987028e-08,2.2086005133636112e-08,2.178266515896449e-08,2.1268965724464172e-08,2.0548176300890124e-08,1.9641122002753836e-08,1.8584049135509537e-08,1.7423143318817635e-08,1.6207819738471203e-08,1.4984687243611398e-08,1.3793344556868371e-08,1.2664328258652744e-08,1.1618904706689316e-08,1.0670095480986408e-08,9.824306102692308e-09,9.08307427991038e-09,8.444650013778157e-09,7.905288322260803e-09,7.460244952229518e-09,7.104518205151592e-09,6.833393181132967e-09,6.642837361135081e-09,6.529782435461838e-09,6.492314165655129e-09
2026-07-30 10:16:35.019920,[69.1777348],6.750703370997517e-09,6.787279483388538e-09,6.897908014437465e-09,7.085238724425134e-09,7.353512004719576e-09,7.708273715589633e-09,8.155938268850711e-09,8.703175046071632e-09,9.356106840270794e-09,1.0119341271815598e-08,1.0994911986173307e-08,1.1981286975752081e-08,1.3072699005519716e-08,1.4259145855955498e-08,1.5527455116569e-08,1.6863751278956287e-08,1.8257438613374247e-08,1.970638115489212e-08,2.1222343858272988e-08,2.2835083562083317e-08,2.4592991465235038e-08,2.6558216330826275e-08,2.8795030512885663e-08,3.135192389332276e-08,3.42402415354138e-08,3.7414422299192064e-08,4.0760092199538356e-08,4.4095570278915716e-08,4.718947089974794e-08,4.9792625166976066e-08,5.1677910478882404e-08,4.9792625166976066e-08,4.718947089974794e-08,4.4095570278915716e-08,4.0760092199538356e-08,3.7414422299192064e-08,3.42402415354138e-08,3.135192389332276e-08,2.8795030512885663e-08,2.6558216330826275e-08,2.4592991465235038e-08,2.2835083562083317e-08,2.1222343858272988e-08,1.970638115489212e-08,1.8257438613374247e-08,1.6863751278956287e-08,1.5527455116569e-08,1.4259145855955498e-08,1.3072699005519716e-08,1.1981286975752081e-08,1.0994911986173307e-08,1.0119341271815598e-08,9.356106840270794e-09,8.703175046071632e-09,8.155938268850711e-09,7.708273715589633e-09,7.353512004719576e-09,7.085238724425134e-09,6.897908014437465e-09,6.787279483388538e-09,6.750703370997517e-09
2026-07-30 10:16:35.049032,[69.1777348],6.750703370997517e-09,6.787279483388538e-09,6.897908014437465e-09,7.085238724425134e-09,7.353512004719576e-09,7.708273715589633e-09,8.155938268850711e-09,8.703175046071632e-09,9.356106840270794e-09,1.0119341271815598e-08,1.0994911986173307e-08,1.1981286975752081e-08,1.3072699005519716e-08,1.4259145855955498e-08,1.5527455116569e-08,1.6863751278956287e-08,1.8257438613374247e-08,1.970638115489212e-08,2.1222343858272988e-08,2.2835083562083317e-08,2.4592991465235038e-08,2.6558216330826275e-08,2.8795030512885663e-08,3.135192389332276e-08,3.42402415354138e-08,3.7414422299192064e-08,4.0760092199538356e-08,4.4095570278915716e-08,4.718947089974794e-08,4.9792625166976066e-08,5.1677910478882404e-08,4.9792625166976066e-08,4.718947089974794e-08,4.4095570278915716e-08,4.0760092199538356e-08,3.7414422299192064e-08,3.42402415354138e-08,3.135192389332276e-08,2.8795030512885663e-08,2.6558216330826275e-08,2.4592991465235038e-08,2.2835083562083317e-08,2.1222343858272988e-08,1.970638115489212e-08,1.8257438613374247e-08,1.6863751278956287e-08,1.5527455116569e-08,1.4259145855955498e-08,1.3072699005519716e-08,1.1981286975752081e-08,1.0994911986173307e-08,1.0119341271815598e-08,9.356106840270794e-09,8.703175046071632e-09,8.155938268850711e-09,7.708273715589633e-09,7.353512004719576e-09,7.085238724425134e-09,6.897908014437465e-09,6.787279483388538e-09,6.750703370997517e-09
2026-07-30 10:16:35.542581,[88.4752212],4.246273534413006e-07,4.261958768204559e-07,4.308990471769202e-07,4.387269193586172e-07,4.496537993885814e-07,4.636247226377594e-07,4.80536970543926e-07,5.002173874811741e-07,5.223969206544602e-07,5.466847744515694e-07,5.725458493073048e-07,5.992866279060966e-07,6.260561112991563e-07,6.51869278401303e-07,6.7566004433074e-07,6.963678295749381e-07,7.130557362238889e-07,7.250487565305053e-07,7.320686398818426e-07,7.34331264697289e-07,7.325677609342468e-07,7.279379231058178e-07,7.21827200751328e-07,7.155548387153811e-07,7.100610123726415e-07,7.056689727554957e-07,7.020171545827428e-07,6.982164088604288e-07,6.932150084557319e-07,6.862722865225643e-07,6.773843817502855e-07,6.862722865225643e-07,6.932150084557319e-07,6.982164088604288e-07,7.020171545827428e-07,7.056689727554957e-07,7.100610123726415e-07,7.155548387153811e-07,7.21827200751328e-07,7.279379231058178e-07,7.325677609342468e-07,7.34331264697289e-07,7.320686398818426e-07,7.250487565305053e-07,7.130557362238889e-07,6.963678295749381e-07,6.7566004433074e-07,6.51869278401303e-07,6.260561112991563e-07,5.992866279060966e-07,5.725458493073048e-07,5.466847744515694e-07,5.223969206544602e-07,5.002173874811741e-07,4.80536970543926e-07,4.636247226377594e-07,4.496537993885814e-07,4.387269193586172e-07,4.308990471769202e-07,4.261958768204559e-07,4.246273534413006e-07
2026-07-30 10:16:35.571611,[88.4752212],4.246273534413006e-07,4.261958768204559e-07,4.308990471769202e-07,4.387269193586172e-07,4.496537993885814e-07,4.636247226377594e-07,4.80536970543926e-07,5.002173874811741e-07,5.223969206544602e-07,5.466847744515694e-07,5.725458493073048e-07,5.992866279060966e-07,6.260561112991563e-07,6.51869278401303e-07,6.7566004433074e-07,6.963678295749381e-07,7.130557362238889e-07,7.250487565305053e-07,7.320686398818426e-07,7.34331264697289e-07,7.325677609342468e-07,7.279379231058178e-07,7.21827200751328e-07,7.155548387153811e-07,7.100610123726415e-07,7.056689727554957e-07,7.020171545827428e-07,6.982164088604288e-07,6.932150084557319e-07,6.862722865225643e-07,6.773843817502855e-07,6.862722865225643e-07,6.932150084557319e-07,6.982164088604288e-07,7.020171545827428e-07,7.056689727554957e-07,7.100610123726415e-07,7.155548387153811e-07,7.21827200751328e-07,7.279379231058178e-07,7.325677609342468e-07,7.34331264697289e-07,7.320686398818426e-07,7.250487565305053e-07,7.130557362238889e-07,6.963678295749381e-07,6.7566004433074e-07,6.51869278401303e-07,6.260561112991563e-07,5.992866279060966e-07,5.725458493073048e-07,5.466847744515694e-07,5.223969206544602e-07,5.002173874811741e-07,4.80536970543926e-07,4.636247226377594e-07,4.496537993885814e-07,4.387269193586172e-07,4.308990471769202e-07,4.261958768204559e-07,4.246273534413006e-07
2026-07-30 10:16:35.600667,[92.83585185],4.923018859526002e-07,4.910856065129853e-07,4.875058129391448e-07,4.818243626370411e-07,4.7465911847894157e-07,4.672486761250328e-07,4.617942655197015e-07,4.618202758120002e-07,4.724436982453611e-07,5.003838441283767e-07,5.534997761839175e-07,6.396513494477089e-07,7.647853883773346e-07,9.30384201438447e-07,1.1307691717273907e-06,1.3511415088531569e-06,1.5674908289807936e-06,1.7493823354216322e-06,1.8659643349285436e-06,1.89433242191686e-06,1.8279739921794043e-06,1.682035806125987e-06,1.4923383950491331e-06,1.306819035903829e-06,1.1711067544758026e-06,1.1130494280620463e-06,1.1325822832070595e-06,1.2020768127300768e-06,1.278231054332626e-06,1.3212570066433334e-06,1.3132016694063867e-06,1.3212570066433334e-06,1.278231054332626e-06,1.2020768127300768e-06,1.1325822832070595e-06,1.1130494280620463e-06,1.1711067544758026e-06,1.306819035903829e-06,1.4923383950491331e-06,1.682035806125987e-06,1.8279739921794043e-06,1.89433242191686e-06,1.8659643349285436e-06,1.7493823354216322e-06,1.5674908289807936e-06,1.3511415088531569e-06,1.1307691717273907e-06,9.30384201438447e-07,7.647853883773346e-07,6.396513494477089e-07,5.534997761839175e-07,5.003838441283767e-07,4.724436982453611e-07,4.618202758120002e-07,4.617942655197015e-07,4.672486761250328e-07,4.7465911847894157e-07,4.818243626370411e-07,4.875058129391448e-07,4.910856065129853e-07,4.923018859526002e-07
2026-07-30 10:16:36.581185,[94.52379419],1.2168279067506177e-06,1.2212037128233687e-06,1.2345121709697683e-06,1.2573309828178134e-06,1.2907353846228693e-06,1.3364534108925127e-06,1.3970453855602455e-06,1.476046304984001e-06,1.57796705051584e-06,1.7080062224700365e-06,1.8713010692658709e-06,2.0715776900510887e-06,2.3091856024038165e-06,2.5787428784159032e-06,2.8669540320766814e-06,3.151499464279104e-06,3.402058609799833e-06,3.584305995832327e-06,3.66695962015148e-06,3.630716606329427e-06,3.476545896210941e-06,3.22997271862314e-06,2.938389919596949e-06,2.660419221734907e-06,2.449526189576276e-06,2.33722830143269e-06,2.322659974613299e-06,2.373735771874934e-06,2.440759792435313e-06,2.4777664684291155e-06,2.462836780236384e-06,2.4777664684291155e-06,2.440759792435313e-06,2.373735771874934e-06,2.322659974613299e-06,2.33722830143269e-06,2.449526189576276e-06,2.660419221734907e-06,2.938389919596949e-06,3.22997271862314e-06,3.476545896210941e-06,3.630716606329427e-06,3.66695962015148e-06,3.584305995832327e-06,3.402058609799833e-06,3.151499464279104e-06,2.8669540320766814e-06,2.5787428784159032e-06,2.3091856024038165e-06,2.0715776900510887e-06,1.8713010692658709e-06,1.7080062224700365e-06,1.57796705051584e-06,1.476046304984001e-06,1.3970453855602455e-06,1.3364534108925127e-06,1.2907353846228693e-06,1.2573309828178134e-06,1.2345121709697683e-06,1.2212037128233687e-06,1.2168279067506177e-06
2026-07-30 10:16:36.606128,[94.52379419],1.2168279067506177e-06,1.2212037128233687e-06,1.2345121709697683e-06,1.2573309828178134e-06,1.2907353846228693e-06,1.3364534108925127e-06,1.3970453855602455e-06,1.476046304984001e-06,1.57796705051584e-06,1.7080062224700365e-06,1.8713010692658709e-06,2.0715776900510887e-06,2.3091856024038165e-06,2.5787428784159032e-06,2.8669540320766814e-06,3.151499464279104e-06,3.402058609799833e-06,3.584305995832327e-06,3.66695962015148e-06,3.630716606329427e-06,3.476545896210941e-06,3.22997271862314e-06,2.938389919596949e-06,2.660419221734907e-06,2.449526189576276e-06,2.33722830143269e-06,2.322659974613299e-06,2.373735771874934e-06,2.440759792435313e-06,2.4777664684291155e-06,2.462836780236384e-06,2.4777664684291155e-06,2.440759792435313e-06,2.373735771874934e-06,2.322659974613299e-06,2.33722830143269e-06,2.449526189576276e-06,2.660419221734907e-06,2.938389919596949e-06,3.22997271862314e-06,3.476545896210941e-06,3.630716606329427e-06,3.66695962015148e-06,3.584305995832327e-06,3.402058609799833e-06,3.151499464279104e-06,2.8669540320766814e-06,2.5787428784159032e-06,2.3091856024038165e-06,2.0715776900510887e-06,1.8713010692658709e-06,1.7080062224700365e-06,1.57796705051584e-06,1.476046304984001e-06,1.3970453855602455e-06,1.3364534108925127e-06,1.2907353846228693e-06,1.2573309828178134e-06,1.2345121709697683e-06,1.2212037128233687e-06,1.2168279067506177e-06
2026-07-30 10:16:37.573648,[94.51864943],1.2409630215365565e-06,1.2455755258080072e-06,1.2595950687218689e-06,1.2836006188086907e-06,1.3186639756942562e-06,1.366497262182704e-06,1.429622941911058e-06,1.5115070216581715e-06,1.6165544428251732e-06,1.7498223583303502e-06,1.916283595114824e-06,2.119502487272409e-06,2.359706012262179e-06,2.6314679707784383e-06,2.9215531370888947e-06,3.207800974834603e-06,3.4600950440462886e-06,3.644254934504332e-06,3.728951218767847e-06,3.694525691673383e-06,3.541249677176505e-06,3.2937085339566782e-06,2.998358264810343e-06,2.713221193828561e-06,2.491804583532213e-06,2.3664383704973155e-06,2.33769718734249e-06,2.375157751861192e-06,2.43047887107492e-06,2.458311957943643e-06,2.4364912327273847e-06,2.458311957943643e-06,2.43047887107492e-06,2.375157751861192e-06,2.33769718734249e-06,2.3664383704973155e-06,2.491804583532213e-06,2.713221193828561e-06,2.998358264810343e-06,3.2937085339566782e-06,3.541249677176505e-06,3.694525691673383e-06,3.728951218767847e-06,3.644254934504332e-06,3.4600950440462886e-06,3.207800974834603e-06,2.9215531370888947e-06,2.6314679707784383e-06,2.359706012262179e-06,2.119502487272409e-06,1.916283595114824e-06,1.7498223583303502e-06,1.6165544428251732e-06,1.5115070216581715e-06,1.429622941911058e-06,1.366497262182704e-06,1.3186639756942562e-06,1.2836006188086907e-06,1.2595950687218689e-06,1.2455755258080072e-06,1.2409630215365565e-06
2026-07-30 10:16:37.599532,[94.51864943],1.2409630215365565e-06,1.2455755258080072e-06,1.2595950687218689e-06,1.2836006188086907e-06,1.3186639756942562e-06,1.366497262182704e-06,1.429622941911058e-06,1.5115070216581715e-06,1.6165544428251732e-06,1.7498223583303502e-06,1.916283595114824e-06,2.119502487272409e-06,2.359706012262179e-06,2.6314679707784383e-06,2.9215531370888947e-06,3.207800974834603e-06,3.4600950440462886e-06,3.644254934504332e-06,3.728951218767847e-06,3.694525691673383e-06,3.541249677176505e-06,3.2937085339566782e-06,2.998358264810343e-06,2.713221193828561e-06,2.491804583532213e-06,2.3664383704973155e-06,2.33769718734249e-06,2.375157751861192e-06,2.43047887107492e-06,2.458311957943643e-06,2.4364912327273847e-06,2.458311957943643e-06,2.43047887107492e-06,2.375157751861192e-06,2.33769718734249e-06,2.3664383704973155e-06,2.491804583532213e-06,2.713221193828561e-06,2.998358264810343e-06,3.2937085339566782e-06,3.541249677176505e-06,3.694525691673383e-06,3.728951218767847e-06,3.644254934504332e-06,3.4600950440462886e-06,3.207800974834603e-06,2.9215531370888947e-06,2.6314679707784383e-06,2.359706012262179e-06,2.119502487272409e-06,1.916283595114824e-06,1.7498223583303502e-06,1.6165544428251732e-06,1.5115070216581715e-06,1.429622941911058e-06,1.366497262182704e-06,1.3186639756942562e-06,1.2836006188086907e-06,1.2595950687218689e-06,1.2455755258080072e-06,1.2409630215365565e-06
2026-07-30 10:16:38.583278,[94.51433254],1.2668823814419227e-06,1.2717735678825202e-06,1.2866304159973036e-06,1.3120332959828183e-06,1.3490485341073674e-06,1.3993646993572578e-06,1.4654484223007326e-06,1.5506628544763076e-06,1.6592518943540726e-06,1.7960516279884026e-06,1.965767729883002e-06,2.171685976666832e-06,2.413798956802461e-06,2.6865583812020952e-06,2.9767809071791126e-06,3.262559142717353e-06,3.51419491579624e-06,3.697975242155352e-06,3.7829034807345416e-06,3.749318046040867e-06,3.597013752258151e-06,3.3496413595312293e-06,3.052480552881116e-06,2.76252308738509e-06,2.5328263400896186e-06,2.396149862075103e-06,2.35437481605061e-06,2.378901619925961e-06,2.4231207008823392e-06,2.4427108041354644e-06,2.415494065243205e-06,2.4427108041354644e-06,2.4231207008823392e-06,2.378901619925961e-06,2.35437481605061e-06,2.396149862075103e-06,2.5328263400896186e-06,2.76252308738509e-06,3.052480552881116e-06,3.3496413595312293e-06,3.597013752258151e-06,3.749318046040867e-06,3.7829034807345416e-06,3.697975242155352e-06,3.51419491579624e-06,3.262559142717353e-06,2.9767809071791126e-06,2.6865583812020952e-06,2.413798956802461e-06,2.171685976666832e-06,1.965767729883002e-06,1.7960516279884026e-06,1.6592518943540726e-06,1.5506628544763076e-06,1.4654484223007326e-06,1.3993646993572578e-06,1.3490485341073674e-06,1.3120332959828183e-06,1.2866304159973036e-06,1.2717735678825202e-06,1.2668823814419227e-06
2026-07-30 10:16:38.613553,[94.51433254],1.2668823814419227e-06,1.2717735678825202e-06,1.2866304159973036e-06,1.3120332959828183e-06,1.3490485341073674e-06,1.3993646993572578e-06,1.4654484223007326e-06,1.5506628544763076e-06,1.6592518943540726e-06,1.7960516279884026e-06,1.965767729883002e-06,2.171685976666832e-06,2.413798956802461e-06,2.6865583812020952e-06,2.9767809071791126e-06,3.262559142717353e-06,3.51419491579624e-06,3.697975242155352e-06,3.7829034807345416e-06,3.749318046040867e-06,3.597013752258151e-06,3.3496413595312293e-06,3.052480552881116e-06,2.76252308738509e-06,2.5328263400896186e-06,2.396149862075103e-06,2.35437481605061e-06,2.378901619925961e-06,2.4231207008823392e-06,2.4427108041354644e-06,2.415494065243205e-06,2.4427108041354644e-06,2.4231207008823392e-06,2.378901619925961e-06,2.35437481605061e-06,2.396149862075103e-06,2.5328263400896186e-06,2.76252308738509e-06,3.052480552881116e-06,3.3496413595312293e-06,3.597013752258151e-06,3.749318046040867e-06,3.7829034807345416e-06,3.697975242155352e-06,3.51419491579624e-06,3.262559142717353e-06,2.9767809071791126e-06,2.6865583812020952e-06,2.413798956802461e-06,2.171685976666832e-06,1.965767729883002e-06,1.7960516279884026e-06,1.6592518943540726e-06,1.5506628544763076e-06,1.4654484223007326e-06,1.3993646993572578e-06,1.3490485341073674e-06,1.3120332959828183e-06,1.2866304159973036e-06,1.2717735678825202e-06,1.2668823814419227e-06
2026-07-30 10:16:38.638201,[67.17244057],4.5961173935644964e-09,4.619470465277487e-09,4.690039901204416e-09,4.809360329373938e-09,4.980002166798069e-09,5.205586673497284e-09,5.490791140752802e-09,5.841310437568586e-09,6.263708649356658e-09,6.7650531018852315e-09,7.3521850715173605e-09,8.030471444979464e-09,8.801934556236449e-09,9.662808490058891e-09,1.0600832560065344e-08,1.1592928350868832e-08,1.2604202913031197e-08,1.3589296046693576e-08,1.449675192602076e-08,1.527625351684692e-08,1.5887350313125777e-08,1.6307166003817493e-08,1.6534122227976582e-08,1.6585503946666297e-08,1.6488802725947208e-08,1.626956050548817e-08,1.5940625650405935e-08,1.549797977470977e-08,1.4925979100571647e-08,1.4210665226858781e-08,1.3355629686493103e-08,1.4210665226858781e-08,1.4925979100571647e-08,1.549797977470977e-08,1.5940625650405935e-08,1.626956050548817e-08,1.6488802725947208e-08,1.6585503946666297e-08,1.6534122227976582e-08,1.6307166003817493e-08,1.5887350313125777e-08,1.527625351684692e-08,1.449675192602076e-08,1.3589296046693576e-08,1.2604202913031197e-08,1.1592928350868832e-08,1.0600832560065344e-08,9.662808490058891e-09,8.801934556236449e-09,8.030471444979464e-09,7.3521850715173605e-09,6.7650531018852315e-09,6.263708649356658e-09,5.841310437568586e-09,5.490791140752802e-09,5.205586673497284e-09,4.980002166798069e-09,4.809360329373938e-09,4.690039901204416e-09,4.619470465277487e-09,4.5961173935644964e-09
2026-07-30 10:16:39.596385,[94.51711353],1.2997213113767348e-06,1.3049919498838625e-06,1.3209919164405529e-06,1.348312764618266e-06,1.388029028879983e-06,1.441818736170228e-06,1.5120974893399075e-06,1.6021109210342625e-06,1.7158924669151494e-06,1.8579544794224447e-06,2.0325606122769583e-06,2.242456937113107e-06,2.487053071731886e-06,2.760264046119437e-06,3.048530265517533e-06,3.329842059154203e-06,3.57474869153646e-06,3.750133162313847e-06,3.825841088191772e-06,3.78310473781414e-06,3.6224284419032497e-06,3.3677958136973933e-06,3.064382026225304e-06,2.768755166691097e-06,2.533497090743261e-06,2.3911451391353023e-06,2.3438028705870925e-06,2.3634976167305826e-06,2.404368548593368e-06,2.422559920360472e-06,2.39575392822061e-06,2.422559920360472e-06,2.404368548593368e-06,2.3634976167305826e-06,2.3438028705870925e-06,2.3911451391353023e-06,2.533497090743261e-06,2.768755166691097e-06,3.064382026225304e-06,3.3677958136973933e-06,3.6224284419032497e-06,3.78310473781414e-06,3.825841088191772e-06,3.750133162313847e-06,3.57474869153646e-06,3.329842059154203e-06,3.048530265517533e-06,2.760264046119437e-06,2.487053071731886e-06,2.242456937113107e-06,2.0325606122769583e-06,1.8579544794224447e-06,1.7158924669151494e-06,1.6021109210342625e-06,1.5120974893399075e-06,1.441818736170228e-06,1.388029028879983e-06,1.348312764618266e-06,1.3209919164405529e-06,1.3049919498838625e-06,1.2997213113767348e-06
2026-07-30 10:16:39.620428,[69.1032909],7.1142525724744115e-09,7.151202414977412e-09,7.262750309882239e-09,7.450987930237691e-09,7.719385445679509e-09,8.072749092959821e-09,8.517115633246893e-09,9.059518459247998e-09,9.707521293530661e-09,1.0468376841962877e-08,1.134765005943233e-08,1.2347181230089553e-08,1.3462390378000353e-08,1.4679166895456273e-08,1.5970932019749896e-08,1.7296822941208693e-08,1.8602161248661426e-08,1.9822221632064225e-08,2.0889638140123477e-08,2.174458158309595e-08,2.2345415574612192e-08,2.2676492456687457e-08,2.2749794022343815e-08,2.2598698989084213e-08,2.2265047219958723e-08,2.178382412403256e-08,2.117164753028297e-08,2.0424490179986917e-08,1.9526509799981044e-08,1.8466804361558442e-08,1.7256762758236055e-08,1.8466804361558442e-08,1.9526509799981044e-08,2.0424490179986917e-08,2.117164753028297e-08,2.178382412403256e-08,2.2265047219958723e-08,2.2598698989084213e-08,2.2749794022343815e-08,2.2676492456687457e-08,2.2345415574612192e-08,2.174458158309595e-08,2.0889638140123477e-08,1.9822221632064225e-08,1.8602161248661426e-08,1.7296822941208693e-08,1.5970932019749896e-08,1.4679166895456273e-08,1.3462390378000353e-08,1.2347181230089553e-08,1.134765005943233e-08,1.0468376841962877e-08,9.707521293530661e-09,9.059518459247998e-09,8.517115633246893e-09,8.072749092959821e-09,7.719385445679509e-09,7.450987930237691e-09,7.262750309882239e-09,7.151202414977412e-09,7.1142525724744115e-09
2026-07-30 10:16:39.645013,[69.1032909],7.1142525724744115e-09,7.151202414977412e-09,7.262750309882239e-09,7.450987930237691e-09,7.719385445679509e-09,8.072749092959821e-09,8.517115633246893e-09,9.059518459247998e-09,9.707521293530661e-09,1.0468376841962877e-08,1.134765005943233e-08,1.2347181230089553e-08,1.3462390378000353e-08,1.4679166895456273e-08,1.5970932019749896e-08,1.7296822941208693e-08,1.8602161248661426e-08,1.9822221632064225e-08,2.0889638140123477e-08,2.174458158309595e-08,2.2345415574612192e-08,2.2676492456687457e-08,2.2749794022343815e-08,2.2598698989084213e-08,2.2265047219958723e-08,2.178382412403256e-08,2.117164753028297e-08,2.0424490179986917e-08,1.9526509799981044e-08,1.8466804361558442e-08,1.7256762758236055e-08,1.8466804361558442e-08,1.9526509799981044e-08,2.0424490179986917e-08,2.117164753028297e-08,2.178382412403256e-08,2.2265047219958723e-08,2.2598698989084213e-08,2.2749794022343815e-08,2.2676492456687457e-08,2.2345415574612192e-08,2.174458158309595e-08,2.0889638140123477e-08,1.9822221632064225e-08,1.8602161248661426e-08,1.7296822941208693e-08,1.5970932019749896e-08,1.4679166895456273e-08,1.3462390378000353e-08,1.2347181230089553e-08,1.134765005943233e-08,1.0468376841962877e-08,9.707521293530661e-09,9.059518459247998e-09,8.517115633246893e-09,8.072749092959821e-09,7.719385445679509e-09,7.450987930237691e-09,7.262750309882239e-09,7.151202414977412e-09,7.1142525724744115e-09
2026-07-30 10:16:40.580832,[94.50063036],1.3154020209128348e-06,1.3208792485690245e-06,1.3374951685859585e-06,1.3658276139744883e-06,1.4069210330471069e-06,1.4623976293489538e-06,1.5345816671407578e-06,1.626585840292871e-06,1.7422723523997768e-06,1.885963215063577e-06,2.061752884846856e-06,2.2723011129758807e-06,2.5170886506564807e-06,2.7903255100729607e-06,3.0789961162399407e-06,3.361829966405809e-06,3.6101502574408832e-06,3.791385654090922e-06,3.875386648229626e-06,3.842592695149275e-06,3.691849130478124e-06,3.444841776617033e-06,3.144348582787916e-06,2.8451704500406267e-06,2.599421376494224e-06,2.440784194882263e-06,2.373876500237495e-06,2.373819339264139e-06,2.397366038601741e-06,2.4019076527567283e-06,2.364701330556221e-06,2.4019076527567283e-06,2.397366038601741e-06,2.373819339264139e-06,2.373876500237495e-06,2.440784194882263e-06,2.599421376494224e-06,2.8451704500406267e-06,3.144348582787916e-06,3.444841776617033e-06,3.691849130478124e-06,3.842592695149275e-06,3.875386648229626e-06,3.791385654090922e-06,3.6101502574408832e-06,3.361829966405809e-06,3.0789961162399407e-06,2.7903255100729607e-06,2.5170886506564807e-06,2.2723011129758807e-06,2.061752884846856e-06,1.885963215063577e-06,1.7422723523997768e-06,1.626585840292871e-06,1.5345816671407578e-06,1.4623976293489538e-06,1.4069210330471069e-06,1.3658276139744883e-06,1.3374951685859585e-06,1.3208792485690245e-06,1.3154020209128348e-06
2026-07-30 10:16:40.605861,[94.50063036],1.3154020209128348e-06,1.3208792485690245e-06,1.3374951685859585e-06,1.3658276139744883e-06,1.4069210330471069e-06,1.4623976293489538e-06,1.5345816671407578e-06,1.626585840292871e-06,1.7422723523997768e-06,1.885963215063577e-06,2.061752884846856e-06,2.2723011129758807e-06,2.5170886506564807e-06,2.7903255100729607e-06,3.0789961162399407e-06,3.361829966405809e-06,3.6101502574408832e-06,3.791385654090922e-06,3.875386648229626e-06,3.842592695149275e-06,3.691849130478124e-06,3.444841776617033e-06,3.144348582787916e-06,2.8451704500406267e-06,2.599421376494224e-06,2.440784194882263e-06,2.373876500237495e-06,2.373819339264139e-06,2.397366038601741e-06,2.4019076527567283e-06,2.364701330556221e-06,2.4019076527567283e-06,2.397366038601741e-06,2.373819339264139e-06,2.373876500237495e-06,2.440784194882263e-06,2.599421376494224e-06,2.8451704500406267e-06,3.144348582787916e-06,3.444841776617033e-06,3.691849130478124e-06,3.842592695149275e-06,3.875386648229626e-06,3.791385654090922e-06,3.6101502574408832e-06,3.361829966405809e-06,3.0789961162399407e-06,2.7903255100729607e-06,2.5170886506564807e-06,2.2723011129758807e-06,2.061752884846856e-06,1.885963215063577e-06,1.7422723523997768e-06,1.626585840292871e-06,1.5345816671407578e-06,1.4623976293489538e-06,1.4069210330471069e-06,1.3658276139744883e-06,1.3374951685859585e-06,1.3208792485690245e-06,1.3154020209128348e-06
2026-07-30 10:16:40.631475,[68.674507],6.9644782620707784e-09,6.999747543830922e-09,7.106306140495092e-09,7.2864129296848635e-09,7.543848440486402e-09,7.883913388046115e-09,8.31336691777659e-09,8.840225510566965e-09,9.473302201564528e-09,1.0221328476674316e-08,1.1091491037539932e-08,1.2087266258523878e-08,1.3205582196837449e-08,1.443359968755424e-08,1.5745753285824553e-08,1.7102031417407344e-08,1.844863051927003e-08,1.9721886159539304e-08,2.0855628811137228e-08,2.1790896158665923e-08,2.248561525982132e-08,2.29210635609062e-08,2.3102274808275696e-08,2.3051370525944212e-08,2.279566497046887e-08,2.235514845405667e-08,2.173509569086165e-08,2.0928025735813622e-08,1.99252481354104e-08,1.873340916535856e-08,1.7388244776145288e-08,1.873340916535856e-08,1.99252481354104e-08,2.0928025735813622e-08,2.173509569086165e-08,2.235514845405667e-08,2.279566497046887e-08,2.3051370525944212e-08,2.3102274808275696e-08,2.29210635609062e-08,2.248561525982132e-08,2.1790896158665923e-08,2.0855628811137228e-08,1.9721886159539304e-08,1.844863051927003e-08,1.7102031417407344e-08,1.5745753285824553e-08,1.443359968755424e-08,1.3205582196837449e-08,1.2087266258523878e-08,1.1091491037539932e-08,1.0221328476674316e-08,9.473302201564528e-09,8.840225510566965e-09,8.31336691777659e-09,7.883913388046115e-09,7.543848440486402e-09,7.2864129296848635e-09,7.106306140495092e-09,6.999747543830922e-09,6.9644782620707784e-09
2026-07-30 10:16:41.577760,[94.49099986],1.3379862473712009e-06,1.343757656896345e-06,1.3612562989903607e-06,1.3910579706903517e-06,1.434195342073724e-06,1.4922572450212829e-06,1.5674983182571495e-06,1.662910794667883e-06,1.7821757097255624e-06,1.929374253368956e-06,2.1083190526670163e-06,2.3213879491839304e-06,2.567842039127043e-06,2.841807455677366e-06,3.130383658855883e-06,3.412636317375008e-06,3.660396598025585e-06,3.841636259586158e-06,3.926575743758051e-06,3.8956283100241066e-06,3.747069685608794e-06,3.501495175738678e-06,3.20031448537959e-06,2.8971105086839988e-06,2.643406323186936e-06,2.4732483603692754e-06,2.3925743526480284e-06,2.3784019412262007e-06,2.38931357233888e-06,2.383818674075324e-06,2.3392360361654745e-06,2.383818674075324e-06,2.38931357233888e-06,2.3784019412262007e-06,2.3925743526480284e-06,2.4732483603692754e-06,2.643406323186936e-06,2.8971105086839988e-06,3.20031448537959e-06,3.501495175738678e-06,3.747069685608794e-06,3.8956283100241066e-06,3.926575743758051e-06,3.841636259586158e-06,3.660396598025585e-06,3.412636317375008e-06,3.130383658855883e-06,2.841807455677366e-06,2.567842039127043e-06,2.3213879491839304e-06,2.1083190526670163e-06,1.929374253368956e-06,1.7821757097255624e-06,1.662910794667883e-06,1.5674983182571495e-06,1.4922572450212829e-06,1.434195342073724e-06,1.3910579706903517e-06,1.3612562989903607e-06,1.343757656896345e-06,1.3379862473712009e-06
2026-07-30 10:16:41.601351,[94.49099986],1.3379862473712009e-06,1.343757656896345e-06,1.3612562989903607e-06,1.3910579706903517e-06,1.434195342073724e-06,1.4922572450212829e-06,1.5674983182571495e-06,1.662910794667883e-06,1.7821757097255624e-06,1.929374253368956e-06,2.1083190526670163e-06,2.3213879491839304e-06,2.567842039127043e-06,2.841807455677366e-06,3.130383658855883e-06,3.412636317375008e-06,3.660396598025585e-06,3.841636259586158e-06,3.926575743758051e-06,3.8956283100241066e-06,3.747069685608794e-06,3.501495175738678e-06,3.20031448537959e-06,2.8971105086839988e-06,2.643406323186936e-06,2.4732483603692754e-06,2.3925743526480284e-06,2.3784019412262007e-06,2.38931357233888e-06,2.383818674075324e-06,2.3392360361654745e-06,2.383818674075324e-06,2.38931357233888e-06,2.3784019412262007e-06,2.3925743526480284e-06,2.4732483603692754e-06,2.643406323186936e-06,2.8971105086839988e-06,3.20031448537959e-06,3.501495175738678e-06,3.747069685608794e-06,3.8956283100241066e-06,3.926575743758051e-06,3.841636259586158e-06,3.660396598025585e-06,3.412636317375008e-06,3.130383658855883e-06,2.841807455677366e-06,2.567842039127043e-06,2.3213879491839304e-06,2.1083190526670163e-06,1.929374253368956e-06,1.7821757097255624e-06,1.662910794667883e-06,1.5674983182571495e-06,1.4922572450212829e-06,1.434195342073724e-06,1.3910579706903517e-06,1.3612562989903607e-06,1.343757656896345e-06,1.3379862473712009e-06
2026-07-30 10:16:41.628096,[68.05101673],6.687485052991607e-09,6.721078520438558e-09,6.822564197529589e-09,6.994061932736863e-09,7.239113684106166e-09,7.562678442444458e-09,7.971079764459597e-09,8.471842665485891e-09,9.073319622559492e-09,9.78396840703701e-09,1.0611126048184097e-08,1.1559152480106268e-08,1.2626927762753309e-08,1.3804900529948143e-08,1.507218946634741e-08,1.6394560609480057e-08,1.772429820911463e-08,1.9002872597918225e-08,2.0166741635065283e-08,2.115561525689468e-08,2.1921331101783103e-08,2.243464658144724e-08,2.2687336968648437e-08,2.268833828599484e-08,2.2455046196137447e-08,2.2003349923101053e-08,2.1341231219102337e-08,2.0469770160883688e-08,1.9392162071105562e-08,1.812715407040162e-08,1.6720276223219293e-08,1.812715407040162e-08,1.9392162071105562e-08,2.0469770160883688e-08,2.1341231219102337e-08,2.2003349923101053e-08,2.2455046196137447e-08,2.268833828599484e-08,2.2687336968648437e-08,2.243464658144724e-08,2.1921331101783103e-08,2.115561525689468e-08,2.0166741635065283e-08,1.9002872597918225e-08,1.772429820911463e-08,1.6394560609480057e-08,1.507218946634741e-08,1.3804900529948143e-08,1.2626927762753309e-08,1.1559152480106268e-08,1.0611126048184097e-08,9.78396840703701e-09,9.073319622559492e-09,8.471842665485891e-09,7.971079764459597e-09,7.562678442444458e-09,7.239113684106166e-09,6.994061932736863e-09,6.822564197529589e-09,6.721078520438558e-09,6.687485052991607e-09
2026-07-30 10:16:42.582600,[94.49374912],1.370893596040185e-06,1.3769998525921908e-06,1.3955055957548848e-06,1.4269916929259616e-06,1.472490524198408e-06,1.5335721519080588e-06,1.6124360659932004e-06,1.711961819814617e-06,1.8356390906190091e-06,1.9872633237190565e-06,2.1702642012476464e-06,2.3865577269424266e-06,2.6349100825728407e-06,2.908993508716625e-06,3.1955882496995658e-06,3.4736683942723294e-06,3.7152638695389615e-06,3.888837206401004e-06,3.965313400000168e-06,3.925872704764788e-06,3.769435187461509e-06,3.516963546664807e-06,3.2099003757845958e-06,2.9016002343101467e-06,2.643276869896522e-06,2.468790890657022e-06,2.3841383639913374e-06,2.3665994224098e-06,2.375028042522189e-06,2.367963848674468e-06,2.322360164530102e-06,2.367963848674468e-06,2.375028042522189e-06,2.3665994224098e-06,2.3841383639913374e-06,2.468790890657022e-06,2.643276869896522e-06,2.9016002343101467e-06,3.2099003757845958e-06,3.516963546664807e-06,3.769435187461509e-06,3.925872704764788e-06,3.965313400000168e-06,3.888837206401004e-06,3.7152638695389615e-06,3.4736683942723294e-06,3.1955882496995658e-06,2.908993508716625e-06,2.6349100825728407e-06,2.3865577269424266e-06,2.1702642012476464e-06,1.9872633237190565e-06,1.8356390906190091e-06,1.711961819814617e-06,1.6124360659932004e-06,1.5335721519080588e-06,1.472490524198408e-06,1.4269916929259616e-06,1.3955055957548848e-06,1.3769998525921908e-06,1.370893596040185e-06
2026-07-30 10:16:42.608754,[94.49374912],1.370893596040185e-06,1.3769998525921908e-06,1.3955055957548848e-06,1.4269916929259616e-06,1.472490524198408e-06,1.5335721519080588e-06,1.6124360659932004e-06,1.711961819814617e-06,1.8356390906190091e-06,1.9872633237190565e-06,2.1702642012476464e-06,2.3865577269424266e-06,2.6349100825728407e-06,2.908993508716625e-06,3.1955882496995658e-06,3.4736683942723294e-06,3.7152638695389615e-06,3.888837206401004e-06,3.965313400000168e-06,3.925872704764788e-06,3.769435187461509e-06,3.516963546664807e-06,3.2099003757845958e-06,2.9016002343101467e-06,2.643276869896522e-06,2.468790890657022e-06,2.3841383639913374e-06,2.3665994224098e-06,2.375028042522189e-06,2.367963848674468e-06,2.322360164530102e-06,2.367963848674468e-06,2.375028042522189e-06,2.3665994224098e-06,2.3841383639913374e-06,2.468790890657022e-06,2.643276869896522e-06,2.9016002343101467e-06,3.2099003757845958e-06,3.516963546664807e-06,3.769435187461509e-06,3.925872704764788e-06,3.965313400000168e-06,3.888837206401004e-06,3.7152638695389615e-06,3.4736683942723294e-06,3.1955882496995658e-06,2.908993508716625e-06,2.6349100825728407e-06,2.3865577269424266e-06,2.1702642012476464e-06,1.9872633237190565e-06,1.8356390906190091e-06,1.711961819814617e-06,1.6124360659932004e-06,1.5335721519080588e-06,1.472490524198408e-06,1.4269916929259616e-06,1.3955055957548848e-06,1.3769998525921908e-06,1.370893596040185e-06
2026-07-30 10:16:42.634652,[67.61841556],6.463124748851803e-09,6.495854185583683e-09,6.5946827173257755e-09,6.761529506926224e-09,6.999586771132015e-09,7.313303143636007e-09,7.708338347443095e-09,8.191449262114233e-09,8.770233506111106e-09,9.452614378737397e-09,1.0245913381620456e-08,1.1155348805067092e-08,1.2181856938327126e-08,1.3319292360902002e-08,1.4551339511464862e-08,1.5848821356739497e-08,1.7168408465403447e-08,1.84538280251428e-08,1.9640348200601097e-08,2.066246796211742e-08,2.1463504423186783e-08,2.2004564291304865e-08,2.2269848747227963e-08,2.2265937713727483e-08,2.2014740428530676e-08,2.1542565347107e-08,2.0869991648506892e-08,2.0007558247588327e-08,1.8960074681867233e-08,1.7738260097663752e-08,1.6372317474366073e-08,1.7738260097663752e-08,1.8960074681867233e-08,2.0007558247588327e-08,2.0869991648506892e-08,2.1542565347107e-08,2.2014740428530676e-08,2.2265937713727483e-08,2.2269848747227963e-08,2.2004564291304865e-08,2.1463504423186783e-08,2.066246796211742e-08,1.9640348200601097e-08,1.84538280251428e-08,1.7168408465403447e-08,1.5848821356739497e-08,1.4551339511464862e-08,1.3319292360902002e-08,1.2181856938327126e-08,1.1155348805067092e-08,1.0245913381620456e-08,9.452614378737397e-09,8.770233506111106e-09,8.191449262114233e-09,7.708338347443095e-09,7.313303143636007e-09,6.999586771132015e-09,6.761529506926224e-09,6.5946827173257755e-09,6.495854185583683e-09,6.463124748851803e-09
2026-07-30 10:16:43.585167,[90.37262193],9.177706709864916e-07,9.226663219558012e-07,9.373720559494296e-07,9.6193091267329e-07,9.96370067562821e-07,1.0406335187285634e-06,1.0944878572627883e-06,1.1574033801435144e-06,1.228416623703837e-06,1.3059863691275734e-06,1.3878632275451174e-06,1.4710022559283856e-06,1.551556782002613e-06,1.6249964129248344e-06,1.6863883982469094e-06,1.7308638683365798e-06,1.7542550144873814e-06,1.753836303898732e-06,1.7290402627399096e-06,1.681963963563503e-06,1.61746223057351e-06,1.5426649888736983e-06,1.465874564500325e-06,1.3949827920596428e-06,1.3357504962952335e-06,1.290436512099331e-06,1.2572687455337765e-06,1.2310694082526343e-06,1.2050042670151268e-06,1.17302538501426e-06,1.1322722937370226e-06,1.17302538501426e-06,1.2050042670151268e-06,1.2310694082526343e-06,1.2572687455337765e-06,1.290436512099331e-06,1.3357504962952335e-06,1.3949827920596428e-06,1.465874564500325e-06,1.5426649888736983e-06,1.61746223057351e-06,1.681963963563503e-06,1.7290402627399096e-06,1.753836303898732e-06,1.7542550144873814e-06,1.7308638683365798e-06,1.6863883982469094e-06,1.6249964129248344e-06,1.551556782002613e-06,1.4710022559283856e-06,1.3878632275451174e-06,1.3059863691275734e-06,1.228416623703837e-06,1.1574033801435144e-06,1.0944878572627883e-06,1.0406335187285634e-06,9.96370067562821e-07,9.6193091267329e-07,9.373720559494296e-07,9.226663219558012e-07,9.177706709864916e-07
2026-07-30 10:16:43.610663,[90.37262193],9.177706709864916e-07,9.226663219558012e-07,9.373720559494296e-07,9.6193091267329e-07,9.96370067562821e-07,1.0406335187285634e-06,1.0944878572627883e-06,1.1574033801435144e-06,1.228416623703837e-06,1.3059863691275734e-06,1.3878632275451174e-06,1.4710022559283856e-06,1.551556782002613e-06,1.6249964129248344e-06,1.6863883982469094e-06,1.7308638683365798e-06,1.7542550144873814e-06,1.753836303898732e-06,1.7290402627399096e-06,1.681963963563503e-06,1.61746223057351e-06,1.5426649888736983e-06,1.465874564500325e-06,1.3949827920596428e-06,1.3357504962952335e-06,1.290436512099331e-06,1.2572687455337765e-06,1.2310694082526343e-06,1.2050042670151268e-06,1.17302538501426e-06,1.1322722937370226e-06,1.17302538501426e-06,1.2050042670151268e-06,1.2310694082526343e-06,1.2572687455337765e-06,1.290436512099331e-06,1.3357504962952335e-06,1.3949827920596428e-06,1.465874564500325e-06,1.5426649888736983e-06,1.61746223057351e-06,1.681963963563503e-06,1.7290402627399096e-06,1.753836303898732e-06,1.7542550144873814e-06,1.7308638683365798e-06,1.6863883982469094e-06,1.6249964129248344e-06,1.551556782002613e-06,1.4710022559283856e-06,1.3878632275451174e-06,1.3059863691275734e-06,1.228416623703837e-06,1.1574033801435144e-06,1.0944878572627883e-06,1.0406335187285634e-06,9.96370067562821e-07,9.6193091267329e-07,9.373720559494296e-07,9.226663219558012e-07,9.177706709864916e-07
2026-07-30 10:16:43.634752,[90.01250672],2.516635670386131e-07,2.511430571835602e-07,2.495843015861413e-07,2.470269073059208e-07,2.43642356894916e-07,2.398938704981272e-07,2.3675469654673405e-07,2.3595968292322405e-07,2.402334455581062e-07,2.533979277068897e-07,2.8022489027090137e-07,3.2588736231470453e-07,3.949081735133851e-07,4.896300552585819e-07,6.084447353202386e-07,7.442770662970433e-07,8.840248272062058e-07,1.009660953310696e-06,1.1013790555729798e-06,1.1424740280122312e-06,1.1247569673404154e-06,1.0525771631182311e-06,9.434323628401e-07,8.24018118618336e-07,7.223074637214836e-07,6.582294718547489e-07,6.367318048825983e-07,6.465981812336775e-07,6.661813486024716e-07,6.740356360451558e-07,6.598386367534534e-07,6.740356360451558e-07,6.661813486024716e-07,6.465981812336775e-07,6.367318048825983e-07,6.582294718547489e-07,7.223074637214836e-07,8.24018118618336e-07,9.434323628401e-07,1.0525771631182311e-06,1.1247569673404154e-06,1.1424740280122312e-06,1.1013790555729798e-06,1.009660953310696e-06,8.840248272062058e-07,7.442770662970433e-07,6.084447353202386e-07,4.896300552585819e-07,3.949081735133851e-07,3.2588736231470453e-07,2.8022489027090137e-07,2.533979277068897e-07,2.402334455581062e-07,2.3595968292322405e-07,2.3675469654673405e-07,2.398938704981272e-07,2.43642356894916e-07,2.470269073059208e-07,2.495843015861413e-07,2.511430571835602e-07,2.516635670386131e-07
2026-07-30 10:16:44.631973,[94.46944385],1.4257279565890866e-06,1.4324270733170128e-06,1.4527167579220392e-06,1.4871890150981686e-06,1.536878295487733e-06,1.6033231976882013e-06,1.6886255124094585e-06,1.7954636486014087e-06,1.9269882629670977e-06,2.086497689700948e-06,2.2767750462391355e-06,2.498992239274939e-06,2.7511770566357992e-06,3.026417185146583e-06,3.3112273781717844e-06,3.5847672513979046e-06,3.819738790561316e-06,3.985648902838181e-06,4.054563165796395e-06,4.008516340191656e-06,3.8466358828590524e-06,3.589269887244218e-06,3.276567038477278e-06,2.960384656911716e-06,2.690897142768449e-06,2.501947603963935e-06,2.400702894958945e-06,2.366414560469614e-06,2.359874289414622e-06,2.340611526001378e-06,2.28509837718022e-06,2.340611526001378e-06,2.359874289414622e-06,2.366414560469614e-06,2.400702894958945e-06,2.501947603963935e-06,2.690897142768449e-06,2.960384656911716e-06,3.276567038477278e-06,3.589269887244218e-06,3.8466358828590524e-06,4.008516340191656e-06,4.054563165796395e-06,3.985648902838181e-06,3.819738790561316e-06,3.5847672513979046e-06,3.3112273781717844e-06,3.026417185146583e-06,2.7511770566357992e-06,2.498992239274939e-06,2.2767750462391355e-06,2.086497689700948e-06,1.9269882629670977e-06,1.7954636486014087e-06,1.6886255124094585e-06,1.6033231976882013e-06,1.536878295487733e-06,1.4871890150981686e-06,1.4527167579220392e-06,1.4324270733170128e-06,1.4257279565890866e-06
2026-07-30 10:16:45.614670,[94.44500418],1.455628972809753e-06,1.462648544421376e-06,1.4839010801889788e-06,1.5199803081652883e-06,1.571914424117408e-06,1.6412142344928629e-06,1.7299140173523736e-06,1.840564098287932e-06,1.9761068356475198e-06,2.139539772764726e-06,2.3332558746804766e-06,2.557974314305604e-06,2.811263235893791e-06,3.085826282979243e-06,3.3679658020638134e-06,3.636884438944304e-06,3.865620303677585e-06,4.024270188043496e-06,4.08561543171617e-06,4.032338661107903e-06,3.863948570984113e-06,3.6007882535947213e-06,3.282646959004288e-06,2.9608690993268917e-06,2.685268140570874e-06,2.48975125470072e-06,2.382061582685126e-06,2.3423528182982043e-06,2.3322282063134927e-06,2.3114711357992677e-06,2.255974898639832e-06,2.3114711357992677e-06,2.3322282063134927e-06,2.3423528182982043e-06,2.382061582685126e-06,2.48975125470072e-06,2.685268140570874e-06,2.9608690993268917e-06,3.282646959004288e-06,3.6007882535947213e-06,3.863948570984113e-06,4.032338661107903e-06,4.08561543171617e-06,4.024270188043496e-06,3.865620303677585e-06,3.636884438944304e-06,3.3679658020638134e-06,3.085826282979243e-06,2.811263235893791e-06,2.557974314305604e-06,2.3332558746804766e-06,2.139539772764726e-06,1.9761068356475198e-06,1.840564098287932e-06,1.7299140173523736e-06,1.6412142344928629e-06,1.571914424117408e-06,1.5199803081652883e-06,1.4839010801889788e-06,1.462648544421376e-06,1.455628972809753e-06
2026-07-30 10:16:45.639335,[94.44500418],1.455628972809753e-06,1.462648544421376e-06,1.4839010801889788e-06,1.5199803081652883e-06,1.571914424117408e-06,1.6412142344928629e-06,1.7299140173523736e-06,1.840564098287932e-06,1.9761068356475198e-06,2.139539772764726e-06,2.3332558746804766e-06,2.557974314305604e-06,2.811263235893791e-06,3.085826282979243e-06,3.3679658020638134e-06,3.636884438944304e-06,3.865620303677585e-06,4.024270188043496e-06,4.08561543171617e-06,4.032338661107903e-06,3.863948570984113e-06,3.6007882535947213e-06,3.282646959004288e-06,2.9608690993268917e-06,2.685268140570874e-06,2.48975125470072e-06,2.382061582685126e-06,2.3423528182982043e-06,2.3322282063134927e-06,2.3114711357992677e-06,2.255974898639832e-06,2.3114711357992677e-06,2.3322282063134927e-06,2.3423528182982043e-06,2.382061582685126e-06,2.48975125470072e-06,2.685268140570874e-06,2.9608690993268917e-06,3.282646959004288e-06,3.6007882535947213e-06,3.863948570984113e-06,4.032338661107903e-06,4.08561543171617e-06,4.024270188043496e-06,3.865620303677585e-06,3.636884438944304e-06,3.3679658020638134e-06,3.085826282979243e-06,2.811263235893791e-06,2.557974314305604e-06,2.3332558746804766e-06,2.139539772764726e-06,1.9761068356475198e-06,1.840564098287932e-06,1.7299140173523736e-06,1.6412142344928629e-06,1.571914424117408e-06,1.5199803081652883e-06,1.4839010801889788e-06,1.462648544421376e-06,1.455628972809753e-06
2026-07-30 10:16:45.663148,[65.79024827],2.476125957721378e-09,2.488090698183497e-09,2.524447832460919e-09,2.586604967025057e-09,2.676965062630338e-09,2.798988795593071e-09,2.957228157556158e-09,3.1572623155810112e-09,3.405432417628673e-09,3.708241335036003e-09,4.071276345852968e-09,4.497555796592285e-09,4.985325896927786e-09,5.525559311830269e-09,6.0997148541208535e-09,6.678628127054347e-09,7.2235678480464015e-09,7.690322747370286e-09,8.036529563520271e-09,8.23132130232855e-09,8.26503636719002e-09,8.155724601285305e-09,7.949170380754957e-09,7.710572247543006e-09,7.508751624490381e-09,7.396944438911438e-09,7.396460691003699e-09,7.489463964236172e-09,7.62435993735286e-09,7.732635330870854e-09,7.751398551722966e-09,7.732635330870854e-09,7.62435993735286e-09,7.489463964236172e-09,7.396460691003699e-09,7.396944438911438e-09,7.508751624490381e-09,7.710572247543006e-09,7.949170380754957e-09,8.155724601285305e-09,8.26503636719002e-09,8.23132130232855e-09,8.036529563520271e-09,7.690322747370286e-09,7.2235678480464015e-09,6.678628127054347e-09,6.0997148541208535e-09,5.525559311830269e-09,4.985325896927786e-09,4.497555796592285e-09,4.071276345852968e-09,3.708241335036003e-09,3.405432417628673e-09,3.1572623155810112e-09,2.957228157556158e-09,2.798988795593071e-09,2.676965062630338e-09,2.586604967025057e-09,2.524447832460919e-09,2.488090698183497e-09,2.476125957721378e-09
2026-07-30 10:16:45.691080,[65.79024827],2.476125957721378e-09,2.488090698183497e-09,2.524447832460919e-09,2.586604967025057e-09,2.676965062630338e-09,2.798988795593071e-09,2.957228157556158e-09,3.1572623155810112e-09,3.405432417628673e-09,3.708241335036003e-09,4.071276345852968e-09,4.497555796592285e-09,4.985325896927786e-09,5.525559311830269e-09,6.0997148541208535e-09,6.678628127054347e-09,7.2235678480464015e-09,7.690322747370286e-09,8.036529563520271e-09,8.23132130232855e-09,8.26503636719002e-09,8.155724601285305e-09,7.949170380754957e-09,7.710572247543006e-09,7.508751624490381e-09,7.396944438911438e-09,7.396460691003699e-09,7.489463964236172e-09,7.62435993735286e-09,7.732635330870854e-09,7.751398551722966e-09,7.732635330870854e-09,7.62435993735286e-09,7.489463964236172e-09,7.396460691003699e-09,7.396944438911438e-09,7.508751624490381e-09,7.710572247543006e-09,7.949170380754957e-09,8.155724601285305e-09,8.26503636719002e-09,8.23132130232855e-09,8.036529563520271e-09,7.690322747370286e-09,7.2235678480464015e-09,6.678628127054347e-09,6.0997148541208535e-09,5.525559311830269e-09,4.985325896927786e-09,4.497555796592285e-09,4.071276345852968e-09,3.708241335036003e-09,3.405432417628673e-09,3.1572623155810112e-09,2.957228157556158e-09,2.798988795593071e-09,2.676965062630338e-09,2.586604967025057e-09,2.524447832460919e-09,2.488090698183497e-09,2.476125957721378e-09
2026-07-30 10:16:46.627820,[94.42335129],1.4901639457578731e-06,1.497518275991208e-06,1.5197767569483485e-06,1.5575351881138214e-06,1.6118153431724329e-06,1.6840981648466296e-06,1.7763440079230695e-06,1.8909605379779729e-06,2.030653690961684e-06,2.1980719472951755e-06,2.3951431158160468e-06,2.6220278441334063e-06,2.8757004069375577e-06,3.1483312250626704e-06,3.425874779494724e-06,3.687499784048428e-06,3.90661765050516e-06,4.054119350089618e-06,4.103902465790742e-06,4.039875398270064e-06,3.862599926484675e-06,3.5930336175713216e-06,3.270993446024171e-06,2.947307160426128e-06,2.6709608090196164e-06,2.4750605334159454e-06,2.366867235920773e-06,2.3264783313819144e-06,2.3157332238594314e-06,2.294641105935456e-06,2.239011622087919e-06,2.294641105935456e-06,2.3157332238594314e-06,2.3264783313819144e-06,2.366867235920773e-06,2.4750605334159454e-06,2.6709608090196164e-06,2.947307160426128e-06,3.270993446024171e-06,3.5930336175713216e-06,3.862599926484675e-06,4.039875398270064e-06,4.103902465790742e-06,4.054119350089618e-06,3.90661765050516e-06,3.687499784048428e-06,3.425874779494724e-06,3.1483312250626704e-06,2.8757004069375577e-06,2.6220278441334063e-06,2.3951431158160468e-06,2.1980719472951755e-06,2.030653690961684e-06,1.8909605379779729e-06,1.7763440079230695e-06,1.6840981648466296e-06,1.6118153431724329e-06,1.5575351881138214e-06,1.5197767569483485e-06,1.497518275991208e-06,1.4901639457578731e-06
2026-07-30 10:16:46.652973,[67.16335504],3.58983452359416e-09,3.607627837695253e-09,3.661820692938954e-09,3.75491204249205e-09,3.8912603576993394e-09,4.077343804162768e-09,4.322046758834647e-09,4.6368579409273406e-09,5.035791465538293e-09,5.534762532854469e-09,6.150096938272395e-09,6.895880969428406e-09,7.780029141279911e-09,8.799309886422498e-09,9.934113937387945e-09,1.1144361916669964e-08,1.2368384668339634e-08,1.352654387449474e-08,1.4530506590511028e-08,1.5297403594951582e-08,1.5765971481770646e-08,1.5910036410855283e-08,1.574437536425865e-08,1.5319797651268812e-08,1.4708038787951232e-08,1.3981417042163414e-08,1.3195077215950352e-08,1.23792035760977e-08,1.1544426241607993e-08,1.0697390902030084e-08,9.85818023449321e-09,1.0697390902030084e-08,1.1544426241607993e-08,1.23792035760977e-08,1.3195077215950352e-08,1.3981417042163414e-08,1.4708038787951232e-08,1.5319797651268812e-08,1.574437536425865e-08,1.5910036410855283e-08,1.5765971481770646e-08,1.5297403594951582e-08,1.4530506590511028e-08,1.352654387449474e-08,1.2368384668339634e-08,1.1144361916669964e-08,9.934113937387945e-09,8.799309886422498e-09,7.780029141279911e-09,6.895880969428406e-09,6.150096938272395e-09,5.534762532854469e-09,5.035791465538293e-09,4.6368579409273406e-09,4.322046758834647e-09,4.077343804162768e-09,3.8912603576993394e-09,3.75491204249205e-09,3.661820692938954e-09,3.607627837695253e-09,3.58983452359416e-09
2026-07-30 10:16:46.677124,[67.16335504],3.58983452359416e-09,3.607627837695253e-09,3.661820692938954e-09,3.75491204249205e-09,3.8912603576993394e-09,4.077343804162768e-09,4.322046758834647e-09,4.6368579409273406e-09,5.035791465538293e-09,5.534762532854469e-09,6.150096938272395e-09,6.895880969428406e-09,7.780029141279911e-09,8.799309886422498e-09,9.934113937387945e-09,1.1144361916669964e-08,1.2368384668339634e-08,1.352654387449474e-08,1.4530506590511028e-08,1.5297403594951582e-08,1.5765971481770646e-08,1.5910036410855283e-08,1.574437536425865e-08,1.5319797651268812e-08,1.4708038787951232e-08,1.3981417042163414e-08,1.3195077215950352e-08,1.23792035760977e-08,1.1544426241607993e-08,1.0697390902030084e-08,9.85818023449321e-09,1.0697390902030084e-08,1.1544426241607993e-08,1.23792035760977e-08,1.3195077215950352e-08,1.3981417042163414e-08,1.4708038787951232e-08,1.5319797651268812e-08,1.574437536425865e-08,1.5910036410855283e-08,1.5765971481770646e-08,1.5297403594951582e-08,1.4530506590511028e-08,1.352654387449474e-08,1.2368384668339634e-08,1.1144361916669964e-08,9.934113937387945e-09,8.799309886422498e-09,7.780029141279911e-09,6.895880969428406e-09,6.150096938272395e-09,5.534762532854469e-09,5.035791465538293e-09,4.6368579409273406e-09,4.322046758834647e-09,4.077343804162768e-09,3.8912603576993394e-09,3.75491204249205e-09,3.661820692938954e-09,3.607627837695253e-09,3.58983452359416e-09
2026-07-30 10:16:47.623034,[94.39739436],1.520219731429189e-06,1.5278808304453495e-06,1.5510623873633251e-06,1.5903659020207578e-06,1.6468138472070862e-06,1.7218694348334671e-06,1.8174381259345665e-06,1.9358127273254227e-06,2.0795005575402e-06,2.250848508261552e-06,2.451373329183312e-06,2.6807309696416614e-06,2.935343964694802e-06,3.206864356661068e-06,3.480868644191792e-06,3.736400933122317e-06,3.947087185002121e-06,4.084392920776831e-06,4.123078404971768e-06,4.048037631625776e-06,3.860720156525183e-06,3.5826696200533173e-06,3.2538829181160265e-06,2.9250104162560856e-06,2.6446945654133757e-06,2.4457787757087782e-06,2.335514333181525e-06,2.2942293376828576e-06,2.2840154460593702e-06,2.2648300871973124e-06,2.21187850842596e-06,2.2648300871973124e-06,2.2840154460593702e-06,2.2942293376828576e-06,2.335514333181525e-06,2.4457787757087782e-06,2.6446945654133757e-06,2.9250104162560856e-06,3.2538829181160265e-06,3.5826696200533173e-06,3.860720156525183e-06,4.048037631625776e-06,4.123078404971768e-06,4.084392920776831e-06,3.947087185002121e-06,3.736400933122317e-06,3.480868644191792e-06,3.206864356661068e-06,2.935343964694802e-06,2.6807309696416614e-06,2.451373329183312e-06,2.250848508261552e-06,2.0795005575402e-06,1.9358127273254227e-06,1.8174381259345665e-06,1.7218694348334671e-06,1.6468138472070862e-06,1.5903659020207578e-06,1.5510623873633251e-06,1.5278808304453495e-06,1.520219731429189e-06
2026-07-30 10:16:47.650696,[94.39739436],1.520219731429189e-06,1.5278808304453495e-06,1.5510623873633251e-06,1.5903659020207578e-06,1.6468138472070862e-06,1.7218694348334671e-06,1.8174381259345665e-06,1.9358127273254227e-06,2.0795005575402e-06,2.250848508261552e-06,2.451373329183312e-06,2.6807309696416614e-06,2.935343964694802e-06,3.206864356661068e-06,3.480868644191792e-06,3.736400933122317e-06,3.947087185002121e-06,4.084392920776831e-06,4.123078404971768e-06,4.048037631625776e-06,3.860720156525183e-06,3.5826696200533173e-06,3.2538829181160265e-06,2.9250104162560856e-06,2.6446945654133757e-06,2.4457787757087782e-06,2.335514333181525e-06,2.2942293376828576e-06,2.2840154460593702e-06,2.2648300871973124e-06,2.21187850842596e-06,2.2648300871973124e-06,2.2840154460593702e-06,2.2942293376828576e-06,2.335514333181525e-06,2.4457787757087782e-06,2.6446945654133757e-06,2.9250104162560856e-06,3.2538829181160265e-06,3.5826696200533173e-06,3.860720156525183e-06,4.048037631625776e-06,4.123078404971768e-06,4.084392920776831e-06,3.947087185002121e-06,3.736400933122317e-06,3.480868644191792e-06,3.206864356661068e-06,2.935343964694802e-06,2.6807309696416614e-06,2.451373329183312e-06,2.250848508261552e-06,2.0795005575402e-06,1.9358127273254227e-06,1.8174381259345665e-06,1.7218694348334671e-06,1.6468138472070862e-06,1.5903659020207578e-06,1.5510623873633251e-06,1.5278808304453495e-06,1.520219731429189e-06
2026-07-30 10:16:47.675340,[66.77726028],4.867373268342595e-09,4.895658139782763e-09,4.9814038729562255e-09,5.127283243945888e-09,5.337742339983781e-09,5.618962738184438e-09,5.978752092698516e-09,6.426293363104406e-09,6.971649418010914e-09,7.624887838046124e-09,8.394676609924496e-09,9.286230681280671e-09,1.0298592697625318e-08,1.1421431854871771e-08,1.2631837475944426e-08,1.3891911486792967e-08,1.5148204760907418e-08,1.6334027721272994e-08,1.7375241768687716e-08,1.8199264811681466e-08,1.874587054053499e-08,1.8977329717625832e-08,1.888505841405552e-08,1.8490604047027557e-08,1.7840504170193226e-08,1.6996722928172692e-08,1.6026025652225767e-08,1.4991872702683755e-08,1.3950907621768794e-08,1.2953530330006684e-08,1.2045746105261634e-08,1.2953530330006684e-08,1.3950907621768794e-08,1.4991872702683755e-08,1.6026025652225767e-08,1.6996722928172692e-08,1.7840504170193226e-08,1.8490604047027557e-08,1.888505841405552e-08,1.8977329717625832e-08,1.874587054053499e-08,1.8199264811681466e-08,1.7375241768687716e-08,1.6334027721272994e-08,1.5148204760907418e-08,1.3891911486792967e-08,1.2631837475944426e-08,1.1421431854871771e-08,1.0298592697625318e-08,9.286230681280671e-09,8.394676609924496e-09,7.624887838046124e-09,6.971649418010914e-09,6.426293363104406e-09,5.978752092698516e-09,5.618962738184438e-09,5.337742339983781e-09,5.127283243945888e-09,4.9814038729562255e-09,4.895658139782763e-09,4.867373268342595e-09
2026-07-30 10:16:48.613627,[94.38613725],1.5535815798945382e-06,1.5615551045930065e-06,1.585675719360174e-06,1.6265475325850076e-06,1.6851881462026024e-06,1.7630343822421249e-06,1.861924273014275e-06,1.9840185501075822e-06,2.131603504571369e-06,2.3066971250500346e-06,2.5103746595114925e-06,2.741757783000528e-06,2.9966952917586243e-06,3.2663156840822656e-06,3.5358396383104563e-06,3.7842451230818742e-06,3.985470895423391e-06,4.11168869123409e-06,4.1386674957125625e-06,4.052416258497676e-06,3.855347748029137e-06,3.569580522607744e-06,3.2351786653015746e-06,2.9024139980675e-06,2.6193393995869213e-06,2.418309628340295e-06,2.306427120796979e-06,2.2642431657884145e-06,2.2542316775411558e-06,2.236528440435753e-06,2.185996557040826e-06,2.236528440435753e-06,2.2542316775411558e-06,2.2642431657884145e-06,2.306427120796979e-06,2.418309628340295e-06,2.6193393995869213e-06,2.9024139980675e-06,3.2351786653015746e-06,3.569580522607744e-06,3.855347748029137e-06,4.052416258497676e-06,4.1386674957125625e-06,4.11168869123409e-06,3.985470895423391e-06,3.7842451230818742e-06,3.5358396383104563e-06,3.2663156840822656e-06,2.9966952917586243e-06,2.741757783000528e-06,2.5103746595114925e-06,2.3066971250500346e-06,2.131603504571369e-06,1.9840185501075822e-06,1.861924273014275e-06,1.7630343822421249e-06,1.6851881462026024e-06,1.6265475325850076e-06,1.585675719360174e-06,1.5615551045930065e-06,1.5535815798945382e-06
2026-07-30 10:16:48.638920,[94.38613725],1.5535815798945382e-06,1.5615551045930065e-06,1.585675719360174e-06,1.6265475325850076e-06,1.6851881462026024e-06,1.7630343822421249e-06,1.861924273014275e-06,1.9840185501075822e-06,2.131603504571369e-06,2.3066971250500346e-06,2.5103746595114925e-06,2.741757783000528e-06,2.9966952917586243e-06,3.2663156840822656e-06,3.5358396383104563e-06,3.7842451230818742e-06,3.985470895423391e-06,4.11168869123409e-06,4.1386674957125625e-06,4.052416258497676e-06,3.855347748029137e-06,3.569580522607744e-06,3.2351786653015746e-06,2.9024139980675e-06,2.6193393995869213e-06,2.418309628340295e-06,2.306427120796979e-06,2.2642431657884145e-06,2.2542316775411558e-06,2.236528440435753e-06,2.185996557040826e-06,2.236528440435753e-06,2.2542316775411558e-06,2.2642431657884145e-06,2.306427120796979e-06,2.418309628340295e-06,2.6193393995869213e-06,2.9024139980675e-06,3.2351786653015746e-06,3.569580522607744e-06,3.855347748029137e-06,4.052416258497676e-06,4.1386674957125625e-06,4.11168869123409e-06,3.985470895423391e-06,3.7842451230818742e-06,3.5358396383104563e-06,3.2663156840822656e-06,2.9966952917586243e-06,2.741757783000528e-06,2.5103746595114925e-06,2.3066971250500346e-06,2.131603504571369e-06,1.9840185501075822e-06,1.861924273014275e-06,1.7630343822421249e-06,1.6851881462026024e-06,1.6265475325850076e-06,1.585675719360174e-06,1.5615551045930065e-06,1.5535815798945382e-06
2026-07-30 10:16:48.663208,[66.77392832],4.701987573698106e-09,4.730372792113538e-09,4.816471214899029e-09,4.963108394655644e-09,5.174977263527827e-09,5.458586842526147e-09,5.822130845273456e-09,6.275204313491099e-09,6.8282636291215425e-09,7.491694682211625e-09,8.274341572414665e-09,9.181379262623802e-09,1.0211518528433354e-08,1.1353733801929375e-08,1.2583999857146383e-08,1.3862855950094626e-08,1.5134865064045107e-08,1.6331030912936993e-08,1.7374816429465615e-08,1.8191524336133357e-08,1.8719612018508047e-08,1.8921419251736583e-08,1.8790327510340285e-08,1.8351977309733516e-08,1.765887709950052e-08,1.678000325999166e-08,1.5788830492020652e-08,1.47536687943656e-08,1.3732831625419304e-08,1.2774578158152994e-08,1.1919289656714104e-08,1.2774578158152994e-08,1.3732831625419304e-08,1.47536687943656e-08,1.5788830492020652e-08,1.678000325999166e-08,1.765887709950052e-08,1.8351977309733516e-08,1.8790327510340285e-08,1.8921419251736583e-08,1.8719612018508047e-08,1.8191524336133357e-08,1.7374816429465615e-08,1.6331030912936993e-08,1.5134865064045107e-08,1.3862855950094626e-08,1.2583999857146383e-08,1.1353733801929375e-08,1.0211518528433354e-08,9.181379262623802e-09,8.274341572414665e-09,7.491694682211625e-09,6.8282636291215425e-09,6.275204313491099e-09,5.822130845273456e-09,5.458586842526147e-09,5.174977263527827e-09,4.963108394655644e-09,4.816471214899029e-09,4.730372792113538e-09,4.701987573698106e-09
2026-07-30 10:16:48.688831,[66.77392832],4.701987573698106e-09,4.730372792113538e-09,4.816471214899029e-09,4.963108394655644e-09,5.174977263527827e-09,5.458586842526147e-09,5.822130845273456e-09,6.275204313491099e-09,6.8282636291215425e-09,7.491694682211625e-09,8.274341572414665e-09,9.181379262623802e-09,1.0211518528433354e-08,1.1353733801929375e-08,1.2583999857146383e-08,1.3862855950094626e-08,1.5134865064045107e-08,1.6331030912936993e-08,1.7374816429465615e-08,1.8191524336133357e-08,1.8719612018508047e-08,1.8921419251736583e-08,1.8790327510340285e-08,1.8351977309733516e-08,1.765887709950052e-08,1.678000325999166e-08,1.5788830492020652e-08,1.47536687943656e-08,1.3732831625419304e-08,1.2774578158152994e-08,1.1919289656714104e-08,1.2774578158152994e-08,1.3732831625419304e-08,1.47536687943656e-08,1.5788830492020652e-08,1.678000325999166e-08,1.765887709950052e-08,1.8351977309733516e-08,1.8790327510340285e-08,1.8921419251736583e-08,1.8719612018508047e-08,1.8191524336133357e-08,1.7374816429465615e-08,1.6331030912936993e-08,1.5134865064045107e-08,1.3862855950094626e-08,1.2583999857146383e-08,1.1353733801929375e-08,1.0211518528433354e-08,9.181379262623802e-09,8.274341572414665e-09,7.491694682211625e-09,6.8282636291215425e-09,6.275204313491099e-09,5.822130845273456e-09,5.458586842526147e-09,5.174977263527827e-09,4.963108394655644e-09,4.816471214899029e-09,4.730372792113538e-09,4.701987573698106e-09
2026-07-30 10:16:49.614597,[94.38076587],1.5963817113375614e-06,1.6047414984638643e-06,1.6300249110993416e-06,1.6728450543912674e-06,1.734224203546455e-06,1.81558349803625e-06,1.918701985707784e-06,2.0456091370537785e-06,2.1983557053902456e-06,2.378590965996e-06,2.586872206758724e-06,2.82166323839428e-06,3.078062630145106e-06,3.346450156997319e-06,3.61143656876658e-06,3.8516897409852005e-06,4.041284812034679e-06,4.153057953107507e-06,4.1639392732264285e-06,4.061427906169754e-06,3.849473186682831e-06,3.5514509100226266e-06,3.208140132784825e-06,2.8698847063994726e-06,2.584272495258982e-06,2.3829256411137534e-06,2.2722568399112597e-06,2.232373587626327e-06,2.225550624430734e-06,2.2117772923518303e-06,2.165567695168293e-06,2.2117772923518303e-06,2.225550624430734e-06,2.232373587626327e-06,2.2722568399112597e-06,2.3829256411137534e-06,2.584272495258982e-06,2.8698847063994726e-06,3.208140132784825e-06,3.5514509100226266e-06,3.849473186682831e-06,4.061427906169754e-06,4.1639392732264285e-06,4.153057953107507e-06,4.041284812034679e-06,3.8516897409852005e-06,3.61143656876658e-06,3.346450156997319e-06,3.078062630145106e-06,2.82166323839428e-06,2.586872206758724e-06,2.378590965996e-06,2.1983557053902456e-06,2.0456091370537785e-06,1.918701985707784e-06,1.81558349803625e-06,1.734224203546455e-06,1.6728450543912674e-06,1.6300249110993416e-06,1.6047414984638643e-06,1.5963817113375614e-06
2026-07-30 10:16:49.638695,[94.38076587],1.5963817113375614e-06,1.6047414984638643e-06,1.6300249110993416e-06,1.6728450543912674e-06,1.734224203546455e-06,1.81558349803625e-06,1.918701985707784e-06,2.0456091370537785e-06,2.1983557053902456e-06,2.378590965996e-06,2.586872206758724e-06,2.82166323839428e-06,3.078062630145106e-06,3.346450156997319e-06,3.61143656876658e-06,3.8516897409852005e-06,4.041284812034679e-06,4.153057953107507e-06,4.1639392732264285e-06,4.061427906169754e-06,3.849473186682831e-06,3.5514509100226266e-06,3.208140132784825e-06,2.8698847063994726e-06,2.584272495258982e-06,2.3829256411137534e-06,2.2722568399112597e-06,2.232373587626327e-06,2.225550624430734e-06,2.2117772923518303e-06,2.165567695168293e-06,2.2117772923518303e-06,2.225550624430734e-06,2.232373587626327e-06,2.2722568399112597e-06,2.3829256411137534e-06,2.584272495258982e-06,2.8698847063994726e-06,3.208140132784825e-06,3.5514509100226266e-06,3.849473186682831e-06,4.061427906169754e-06,4.1639392732264285e-06,4.153057953107507e-06,4.041284812034679e-06,3.8516897409852005e-06,3.61143656876658e-06,3.346450156997319e-06,3.078062630145106e-06,2.82166323839428e-06,2.586872206758724e-06,2.378590965996e-06,2.1983557053902456e-06,2.0456091370537785e-06,1.918701985707784e-06,1.81558349803625e-06,1.734224203546455e-06,1.6728450543912674e-06,1.6300249110993416e-06,1.6047414984638643e-06,1.5963817113375614e-06
2026-07-30 10:16:49.662999,[66.70748241],4.5525675961032495e-09,4.580614651312097e-09,4.665816374168239e-09,4.811354318609209e-09,5.022521052288755e-09,5.306669933701562e-09,5.673069581951109e-09,6.132578615036361e-09,6.697025022117459e-09,7.378150043760179e-09,8.185974878516116e-09,9.126493527553148e-09,1.0198712726711492e-08,1.1391266968787694e-08,1.2679122095020222e-08,1.4021186441803518e-08,1.5359859484248e-08,1.6623511561056582e-08,1.7732469545676108e-08,1.8608251580257807e-08,1.918470503516815e-08,1.9418717147705522e-08,1.9297757867213362e-08,1.884204491887129e-08,1.810060385703876e-08,1.7142456487726503e-08,1.6045771029027326e-08,1.4888234153535651e-08,1.3740854478212396e-08,1.2665359578352344e-08,1.1713402087558976e-08,1.2665359578352344e-08,1.3740854478212396e-08,1.4888234153535651e-08,1.6045771029027326e-08,1.7142456487726503e-08,1.810060385703876e-08,1.884204491887129e-08,1.9297757867213362e-08,1.9418717147705522e-08,1.918470503516815e-08,1.8608251580257807e-08,1.7732469545676108e-08,1.6623511561056582e-08,1.5359859484248e-08,1.4021186441803518e-08,1.2679122095020222e-08,1.1391266968787694e-08,1.0198712726711492e-08,9.126493527553148e-09,8.185974878516116e-09,7.378150043760179e-09,6.697025022117459e-09,6.132578615036361e-09,5.673069581951109e-09,5.306669933701562e-09,5.022521052288755e-09,4.811354318609209e-09,4.665816374168239e-09,4.580614651312097e-09,4.5525675961032495e-09
2026-07-30 10:16:49.688561,[66.70748241],4.5525675961032495e-09,4.580614651312097e-09,4.665816374168239e-09,4.811354318609209e-09,5.022521052288755e-09,5.306669933701562e-09,5.673069581951109e-09,6.132578615036361e-09,6.697025022117459e-09,7.378150043760179e-09,8.185974878516116e-09,9.126493527553148e-09,1.0198712726711492e-08,1.1391266968787694e-08,1.2679122095020222e-08,1.4021186441803518e-08,1.5359859484248e-08,1.6623511561056582e-08,1.7732469545676108e-08,1.8608251580257807e-08,1.918470503516815e-08,1.9418717147705522e-08,1.9297757867213362e-08,1.884204491887129e-08,1.810060385703876e-08,1.7142456487726503e-08,1.6045771029027326e-08,1.4888234153535651e-08,1.3740854478212396e-08,1.2665359578352344e-08,1.1713402087558976e-08,1.2665359578352344e-08,1.3740854478212396e-08,1.4888234153535651e-08,1.6045771029027326e-08,1.7142456487726503e-08,1.810060385703876e-08,1.884204491887129e-08,1.9297757867213362e-08,1.9418717147705522e-08,1.918470503516815e-08,1.8608251580257807e-08,1.7732469545676108e-08,1.6623511561056582e-08,1.5359859484248e-08,1.4021186441803518e-08,1.2679122095020222e-08,1.1391266968787694e-08,1.0198712726711492e-08,9.126493527553148e-09,8.185974878516116e-09,7.378150043760179e-09,6.697025022117459e-09,6.132578615036361e-09,5.673069581951109e-09,5.306669933701562e-09,5.022521052288755e-09,4.811354318609209e-09,4.665816374168239e-09,4.580614651312097e-09,4.5525675961032495e-09
2026-07-30 10:16:50.674109,[66.52798503],4.405920269299608e-09,4.4321962814593935e-09,4.511994082661941e-09,4.6482229445881704e-09,4.845722674246887e-09,5.111217554606935e-09,5.453182042027382e-09,5.8815396112688194e-09,6.407087021233415e-09,7.040513843199221e-09,7.790887034491116e-09,8.663515292264444e-09,9.657222472255164e-09,1.076125831945406e-08,1.1952345150024126e-08,1.3192641453463428e-08,1.4429584296133904e-08,1.5598504368700125e-08,1.6628465856036105e-08,1.7450952310734123e-08,1.800997126982764e-08,1.8271256295031043e-08,1.8227971903956414e-08,1.79010144805998e-08,1.7333614963393232e-08,1.6581953412519912e-08,1.5705003841524482e-08,1.475701400972728e-08,1.3784625929384794e-08,1.2828232872397596e-08,1.1924965901890311e-08,1.2828232872397596e-08,1.3784625929384794e-08,1.475701400972728e-08,1.5705003841524482e-08,1.6581953412519912e-08,1.7333614963393232e-08,1.79010144805998e-08,1.8227971903956414e-08,1.8271256295031043e-08,1.800997126982764e-08,1.7450952310734123e-08,1.6628465856036105e-08,1.5598504368700125e-08,1.4429584296133904e-08,1.3192641453463428e-08,1.1952345150024126e-08,1.076125831945406e-08,9.657222472255164e-09,8.663515292264444e-09,7.790887034491116e-09,7.040513843199221e-09,6.407087021233415e-09,5.8815396112688194e-09,5.453182042027382e-09,5.111217554606935e-09,4.845722674246887e-09,4.6482229445881704e-09,4.511994082661941e-09,4.4321962814593935e-09,4.405920269299608e-09
2026-07-30 10:16:51.614441,[92.72030428],1.326520211518868e-06,1.334622967880273e-06,1.359042614277359e-06,1.4000889783643552e-06,1.4581954072008595e-06,1.5337877533101288e-06,1.627090275650292e-06,1.737863341648109e-06,1.8650749165726707e-06,2.006521859480876e-06,2.1584389761321315e-06,2.3151626633419803e-06,2.468947486909489e-06,2.6100591380629447e-06,2.7272719347882986e-06,2.808866498710231e-06,2.8441390957630404e-06,2.8252953788919903e-06,2.7494263564341245e-06,2.620099725435992e-06,2.44801583489531e-06,2.2502497971399995e-06,2.0478752437603493e-06,1.8622181283297504e-06,1.7105071028780165e-06,1.6020813201356746e-06,1.5363858691355154e-06,1.5036108660890053e-06,1.4880604208302706e-06,1.4734081374921316e-06,1.4482590005600604e-06,1.4734081374921316e-06,1.4880604208302706e-06,1.5036108660890053e-06,1.5363858691355154e-06,1.6020813201356746e-06,1.7105071028780165e-06,1.8622181283297504e-06,2.0478752437603493e-06,2.2502497971399995e-06,2.44801583489531e-06,2.620099725435992e-06,2.7494263564341245e-06,2.8252953788919903e-06,2.8441390957630404e-06,2.808866498710231e-06,2.7272719347882986e-06,2.6100591380629447e-06,2.468947486909489e-06,2.3151626633419803e-06,2.1584389761321315e-06,2.006521859480876e-06,1.8650749165726707e-06,1.737863341648109e-06,1.627090275650292e-06,1.5337877533101288e-06,1.4581954072008595e-06,1.4000889783643552e-06,1.359042614277359e-06,1.334622967880273e-06,1.326520211518868e-06
2026-07-30 10:16:51.638087,[92.72030428],1.326520211518868e-06,1.334622967880273e-06,1.359042614277359e-06,1.4000889783643552e-06,1.4581954072008595e-06,1.5337877533101288e-06,1.627090275650292e-06,1.737863341648109e-06,1.8650749165726707e-06,2.006521859480876e-06,2.1584389761321315e-06,2.3151626633419803e-06,2.468947486909489e-06,2.6100591380629447e-06,2.7272719347882986e-06,2.808866498710231e-06,2.8441390957630404e-06,2.8252953788919903e-06,2.7494263564341245e-06,2.620099725435992e-06,2.44801583489531e-06,2.2502497971399995e-06,2.0478752437603493e-06,1.8622181283297504e-06,1.7105071028780165e-06,1.6020813201356746e-06,1.5363858691355154e-06,1.5036108660890053e-06,1.4880604208302706e-06,1.4734081374921316e-06,1.4482590005600604e-06,1.4734081374921316e-06,1.4880604208302706e-06,1.5036108660890053e-06,1.5363858691355154e-06,1.6020813201356746e-06,1.7105071028780165e-06,1.8622181283297504e-06,2.0478752437603493e-06,2.2502497971399995e-06,2.44801583489531e-06,2.620099725435992e-06,2.7494263564341245e-06,2.8252953788919903e-06,2.8441390957630404e-06,2.808866498710231e-06,2.7272719347882986e-06,2.6100591380629447e-06,2.468947486909489e-06,2.3151626633419803e-06,2.1584389761321315e-06,2.006521859480876e-06,1.8650749165726707e-06,1.737863341648109e-06,1.627090275650292e-06,1.5337877533101288e-06,1.4581954072008595e-06,1.4000889783643552e-06,1.359042614277359e-06,1.334622967880273e-06,1.326520211518868e-06
2026-07-30 10:16:51.663812,[86.92175781],2.045003293743454e-07,2.0510765813934755e-07,2.0695955444529434e-07,2.1015399639692046e-07,2.148815547040455e-07,2.2146473388027758e-07,2.304071304340357e-07,2.4244049186578824e-07,2.58547434083838e-07,2.799257884619249e-07,3.07852199821627e-07,3.4340579617374385e-07,3.870373194534587e-07,4.380222775717308e-07,4.939160392799448e-07,5.502146574717137e-07,6.004774129262529e-07,6.371328006876966e-07,6.530265646900063e-07,6.434810827984801e-07,6.082976565945482e-07,5.529001822677783e-07,4.878683544966234e-07,4.2654660322871714e-07,3.811719687614424e-07,3.5875802206273453e-07,3.5839364990859945e-07,3.7133213777697813e-07,3.84226964366305e-07,3.8449038941413405e-07,3.656614966429061e-07,3.8449038941413405e-07,3.84226964366305e-07,3.7133213777697813e-07,3.5839364990859945e-07,3.5875802206273453e-07,3.811719687614424e-07,4.2654660322871714e-07,4.878683544966234e-07,5.529001822677783e-07,6.082976565945482e-07,6.434810827984801e-07,6.530265646900063e-07,6.371328006876966e-07,6.004774129262529e-07,5.502146574717137e-07,4.939160392799448e-07,4.380222775717308e-07,3.870373194534587e-07,3.4340579617374385e-07,3.07852199821627e-07,2.799257884619249e-07,2.58547434083838e-07,2.4244049186578824e-07,2.304071304340357e-07,2.2146473388027758e-07,2.148815547040455e-07,2.1015399639692046e-07,2.0695955444529434e-07,2.0510765813934755e-07,2.045003293743454e-07
2026-07-30 10:16:51.689203,[86.92175781],2.045003293743454e-07,2.0510765813934755e-07,2.0695955444529434e-07,2.1015399639692046e-07,2.148815547040455e-07,2.2146473388027758e-07,2.304071304340357e-07,2.4244049186578824e-07,2.58547434083838e-07,2.799257884619249e-07,3.07852199821627e-07,3.4340579617374385e-07,3.870373194534587e-07,4.380222775717308e-07,4.939160392799448e-07,5.502146574717137e-07,6.004774129262529e-07,6.371328006876966e-07,6.530265646900063e-07,6.434810827984801e-07,6.082976565945482e-07,5.529001822677783e-07,4.878683544966234e-07,4.2654660322871714e-07,3.811719687614424e-07,3.5875802206273453e-07,3.5839364990859945e-07,3.7133213777697813e-07,3.84226964366305e-07,3.8449038941413405e-07,3.656614966429061e-07,3.8449038941413405e-07,3.84226964366305e-07,3.7133213777697813e-07,3.5839364990859945e-07,3.5875802206273453e-07,3.811719687614424e-07,4.2654660322871714e-07,4.878683544966234e-07,5.529001822677783e-07,6.082976565945482e-07,6.434810827984801e-07,6.530265646900063e-07,6.371328006876966e-07,6.004774129262529e-07,5.502146574717137e-07,4.939160392799448e-07,4.380222775717308e-07,3.870373194534587e-07,3.4340579617374385e-07,3.07852199821627e-07,2.799257884619249e-07,2.58547434083838e-07,2.4244049186578824e-07,2.304071304340357e-07,2.2146473388027758e-07,2.148815547040455e-07,2.1015399639692046e-07,2.0695955444529434e-07,2.0510765813934755e-07,2.045003293743454e-07
2026-07-30 10:16:52.656766,[94.30757225],1.7363421230092854e-06,1.7458900757028256e-06,1.7747400801536912e-06,1.8235020087986533e-06,1.8931607707462129e-06,1.9850176551078208e-06,2.1005826760021084e-06,2.2413869726805567e-06,2.40867148655828e-06,2.6028998781622384e-06,2.823050261210848e-06,3.0656763641373984e-06,3.3238088140105573e-06,3.5858968468977093e-06,3.835152571195501e-06,4.049800906788823e-06,4.204767743043703e-06,4.2751499393367065e-06,4.241333194300221e-06,4.09489661458624e-06,3.843672813693234e-06,3.513884243923135e-06,3.147551974847513e-06,2.7945898580304328e-06,2.500959467394153e-06,2.296278807985927e-06,2.185360644241388e-06,2.147481905670187e-06,2.144632188101086e-06,2.1364054637667253e-06,2.096153661874194e-06,2.1364054637667253e-06,2.144632188101086e-06,2.147481905670187e-06,2.185360644241388e-06,2.296278807985927e-06,2.500959467394153e-06,2.7945898580304328e-06,3.147551974847513e-06,3.513884243923135e-06,3.843672813693234e-06,4.09489661458624e-06,4.241333194300221e-06,4.2751499393367065e-06,4.204767743043703e-06,4.049800906788823e-06,3.835152571195501e-06,3.5858968468977093e-06,3.3238088140105573e-06,3.0656763641373984e-06,2.823050261210848e-06,2.6028998781622384e-06,2.40867148655828e-06,2.2413869726805567e-06,2.1005826760021084e-06,1.9850176551078208e-06,1.8931607707462129e-06,1.8235020087986533e-06,1.7747400801536912e-06,1.7458900757028256e-06,1.7363421230092854e-06
2026-07-30 10:16:52.681197,[94.30757225],1.7363421230092854e-06,1.7458900757028256e-06,1.7747400801536912e-06,1.8235020087986533e-06,1.8931607707462129e-06,1.9850176551078208e-06,2.1005826760021084e-06,2.2413869726805567e-06,2.40867148655828e-06,2.6028998781622384e-06,2.823050261210848e-06,3.0656763641373984e-06,3.3238088140105573e-06,3.5858968468977093e-06,3.835152571195501e-06,4.049800906788823e-06,4.204767743043703e-06,4.2751499393367065e-06,4.241333194300221e-06,4.09489661458624e-06,3.843672813693234e-06,3.513884243923135e-06,3.147551974847513e-06,2.7945898580304328e-06,2.500959467394153e-06,2.296278807985927e-06,2.185360644241388e-06,2.147481905670187e-06,2.144632188101086e-06,2.1364054637667253e-06,2.096153661874194e-06,2.1364054637667253e-06,2.144632188101086e-06,2.147481905670187e-06,2.185360644241388e-06,2.296278807985927e-06,2.500959467394153e-06,2.7945898580304328e-06,3.147551974847513e-06,3.513884243923135e-06,3.843672813693234e-06,4.09489661458624e-06,4.241333194300221e-06,4.2751499393367065e-06,4.204767743043703e-06,4.049800906788823e-06,3.835152571195501e-06,3.5858968468977093e-06,3.3238088140105573e-06,3.0656763641373984e-06,2.823050261210848e-06,2.6028998781622384e-06,2.40867148655828e-06,2.2413869726805567e-06,2.1005826760021084e-06,1.9850176551078208e-06,1.8931607707462129e-06,1.8235020087986533e-06,1.7747400801536912e-06,1.7458900757028256e-06,1.7363421230092854e-06
2026-07-30 10:16:53.655141,[94.27077096],1.7991006022242773e-06,1.8091361165693577e-06,1.8394503680779784e-06,1.890654390604108e-06,1.963723083637799e-06,2.0599181292418846e-06,2.1806541625952605e-06,2.327278355913639e-06,2.5007230767296785e-06,2.700986480884909e-06,2.9264065753325946e-06,3.1727337050202406e-06,3.432087130041461e-06,3.692006320654937e-06,3.934957547385147e-06,4.138778418276484e-06,4.278550363077993e-06,4.330183117459752e-06,4.275516503090489e-06,4.108041242005394e-06,3.837619690965636e-06,3.4922014055609706e-06,3.114853979292448e-06,2.7556554414504764e-06,2.4599082364570448e-06,2.256055347541911e-06,2.147655479370963e-06,2.113037380555513e-06,2.1137211096831926e-06,2.109213648263732e-06,2.072878174159613e-06,2.109213648263732e-06,2.1137211096831926e-06,2.113037380555513e-06,2.147655479370963e-06,2.256055347541911e-06,2.4599082364570448e-06,2.7556554414504764e-06,3.114853979292448e-06,3.4922014055609706e-06,3.837619690965636e-06,4.108041242005394e-06,4.275516503090489e-06,4.330183117459752e-06,4.278550363077993e-06,4.138778418276484e-06,3.934957547385147e-06,3.692006320654937e-06,3.432087130041461e-06,3.1727337050202406e-06,2.9264065753325946e-06,2.700986480884909e-06,2.5007230767296785e-06,2.327278355913639e-06,2.1806541625952605e-06,2.0599181292418846e-06,1.963723083637799e-06,1.890654390604108e-06,1.8394503680779784e-06,1.8091361165693577e-06,1.7991006022242773e-06
2026-07-30 10:16:53.680207,[94.27077096],1.7991006022242773e-06,1.8091361165693577e-06,1.8394503680779784e-06,1.890654390604108e-06,1.963723083637799e-06,2.0599181292418846e-06,2.1806541625952605e-06,2.327278355913639e-06,2.5007230767296785e-06,2.700986480884909e-06,2.9264065753325946e-06,3.1727337050202406e-06,3.432087130041461e-06,3.692006320654937e-06,3.934957547385147e-06,4.138778418276484e-06,4.278550363077993e-06,4.330183117459752e-06,4.275516503090489e-06,4.108041242005394e-06,3.837619690965636e-06,3.4922014055609706e-06,3.114853979292448e-06,2.7556554414504764e-06,2.4599082364570448e-06,2.256055347541911e-06,2.147655479370963e-06,2.113037380555513e-06,2.1137211096831926e-06,2.109213648263732e-06,2.072878174159613e-06,2.109213648263732e-06,2.1137211096831926e-06,2.113037380555513e-06,2.147655479370963e-06,2.256055347541911e-06,2.4599082364570448e-06,2.7556554414504764e-06,3.114853979292448e-06,3.4922014055609706e-06,3.837619690965636e-06,4.108041242005394e-06,4.275516503090489e-06,4.330183117459752e-06,4.278550363077993e-06,4.138778418276484e-06,3.934957547385147e-06,3.692006320654937e-06,3.432087130041461e-06,3.1727337050202406e-06,2.9264065753325946e-06,2.700986480884909e-06,2.5007230767296785e-06,2.327278355913639e-06,2.1806541625952605e-06,2.0599181292418846e-06,1.963723083637799e-06,1.890654390604108e-06,1.8394503680779784e-06,1.8091361165693577e-06,1.7991006022242773e-06
2026-07-30 10:16:53.703256,[65.54306237],2.258648991224178e-09,2.2703283707386044e-09,2.305632411650446e-09,2.3653388614330283e-09,2.4506775981169934e-09,2.5632318277132693e-09,2.704801686249644e-09,2.877232526780861e-09,3.082210014821504e-09,3.321022071720742e-09,3.5942837612685207e-09,3.90161812789532e-09,4.241290385104837e-09,4.6098145455589525e-09,5.001599087829282e-09,5.408769692875746e-09,5.821379151324387e-09,6.228236843108294e-09,6.618495629882875e-09,6.983872933892054e-09,7.320975507854436e-09,7.632778892412552e-09,7.928127232877012e-09,8.218431284693959e-09,8.511671176015054e-09,8.805164564370062e-09,9.07979551187536e-09,9.298791579545948e-09,9.41315691258631e-09,9.373574285323912e-09,9.145774801740696e-09,9.373574285323912e-09,9.41315691258631e-09,9.298791579545948e-09,9.07979551187536e-09,8.805164564370062e-09,8.511671176015054e-09,8.218431284693959e-09,7.928127232877012e-09,7.632778892412552e-09,7.320975507854436e-09,6.983872933892054e-09,6.618495629882875e-09,6.228236843108294e-09,5.821379151324387e-09,5.408769692875746e-09,5.001599087829282e-09,4.6098145455589525e-09,4.241290385104837e-09,3.90161812789532e-09,3.5942837612685207e-09,3.321022071720742e-09,3.082210014821504e-09,2.877232526780861e-09,2.704801686249644e-09,2.5632318277132693e-09,2.4506775981169934e-09,2.3653388614330283e-09,2.305632411650446e-09,2.2703283707386044e-09,2.258648991224178e-09
2026-07-30 10:16:53.727817,[65.54306237],2.258648991224178e-09,2.2703283707386044e-09,2.305632411650446e-09,2.3653388614330283e-09,2.4506775981169934e-09,2.5632318277132693e-09,2.704801686249644e-09,2.877232526780861e-09,3.082210014821504e-09,3.321022071720742e-09,3.5942837612685207e-09,3.90161812789532e-09,4.241290385104837e-09,4.6098145455589525e-09,5.001599087829282e-09,5.408769692875746e-09,5.821379151324387e-09,6.228236843108294e-09,6.618495629882875e-09,6.983872933892054e-09,7.320975507854436e-09,7.632778892412552e-09,7.928127232877012e-09,8.218431284693959e-09,8.511671176015054e-09,8.805164564370062e-09,9.07979551187536e-09,9.298791579545948e-09,9.41315691258631e-09,9.373574285323912e-09,9.145774801740696e-09,9.373574285323912e-09,9.41315691258631e-09,9.298791579545948e-09,9.07979551187536e-09,8.805164564370062e-09,8.511671176015054e-09,8.218431284693959e-09,7.928127232877012e-09,7.632778892412552e-09,7.320975507854436e-09,6.983872933892054e-09,6.618495629882875e-09,6.228236843108294e-09,5.821379151324387e-09,5.408769692875746e-09,5.001599087829282e-09,4.6098145455589525e-09,4.241290385104837e-09,3.90161812789532e-09,3.5942837612685207e-09,3.321022071720742e-09,3.082210014821504e-09,2.877232526780861e-09,2.704801686249644e-09,2.5632318277132693e-09,2.4506775981169934e-09,2.3653388614330283e-09,2.305632411650446e-09,2.2703283707386044e-09,2.258648991224178e-09
2026-07-30 10:16:54.659634,[94.22839797],1.8344045674785744e-06,1.844725019054305e-06,1.8758927053172183e-06,1.92851207825014e-06,2.003538930301769e-06,2.102191361589874e-06,2.225800220418241e-06,2.3755712240875764e-06,2.552222265678214e-06,2.755456705125769e-06,2.983245753763522e-06,3.230932434613563e-06,3.490247127080473e-06,3.748442279838724e-06,3.987892560642939e-06,4.186616359838887e-06,4.320173770381547e-06,4.3651933531550825e-06,4.304321005040387e-06,4.1317163433995855e-06,3.857542330047192e-06,3.509535191150181e-06,3.130059482878724e-06,2.7682256320714585e-06,2.4684739207077557e-06,2.258865190807892e-06,2.1432614635947886e-06,2.1008931697054325e-06,2.094404041520092e-06,2.084132785229461e-06,2.0435740097522286e-06,2.084132785229461e-06,2.094404041520092e-06,2.1008931697054325e-06,2.1432614635947886e-06,2.258865190807892e-06,2.4684739207077557e-06,2.7682256320714585e-06,3.130059482878724e-06,3.509535191150181e-06,3.857542330047192e-06,4.1317163433995855e-06,4.304321005040387e-06,4.3651933531550825e-06,4.320173770381547e-06,4.186616359838887e-06,3.987892560642939e-06,3.748442279838724e-06,3.490247127080473e-06,3.230932434613563e-06,2.983245753763522e-06,2.755456705125769e-06,2.552222265678214e-06,2.3755712240875764e-06,2.225800220418241e-06,2.102191361589874e-06,2.003538930301769e-06,1.92851207825014e-06,1.8758927053172183e-06,1.844725019054305e-06,1.8344045674785744e-06
2026-07-30 10:16:54.684525,[94.22839797],1.8344045674785744e-06,1.844725019054305e-06,1.8758927053172183e-06,1.92851207825014e-06,2.003538930301769e-06,2.102191361589874e-06,2.225800220418241e-06,2.3755712240875764e-06,2.552222265678214e-06,2.755456705125769e-06,2.983245753763522e-06,3.230932434613563e-06,3.490247127080473e-06,3.748442279838724e-06,3.987892560642939e-06,4.186616359838887e-06,4.320173770381547e-06,4.3651933531550825e-06,4.304321005040387e-06,4.1317163433995855e-06,3.857542330047192e-06,3.509535191150181e-06,3.130059482878724e-06,2.7682256320714585e-06,2.4684739207077557e-06,2.258865190807892e-06,2.1432614635947886e-06,2.1008931697054325e-06,2.094404041520092e-06,2.084132785229461e-06,2.0435740097522286e-06,2.084132785229461e-06,2.094404041520092e-06,2.1008931697054325e-06,2.1432614635947886e-06,2.258865190807892e-06,2.4684739207077557e-06,2.7682256320714585e-06,3.130059482878724e-06,3.509535191150181e-06,3.857542330047192e-06,4.1317163433995855e-06,4.304321005040387e-06,4.3651933531550825e-06,4.320173770381547e-06,4.186616359838887e-06,3.987892560642939e-06,3.748442279838724e-06,3.490247127080473e-06,3.230932434613563e-06,2.983245753763522e-06,2.755456705125769e-06,2.552222265678214e-06,2.3755712240875764e-06,2.225800220418241e-06,2.102191361589874e-06,2.003538930301769e-06,1.92851207825014e-06,1.8758927053172183e-06,1.844725019054305e-06,1.8344045674785744e-06
2026-07-30 10:16:54.708584,[67.28184593],3.3631282493470518e-09,3.385494257167168e-09,3.4533150445434806e-09,3.5687722299829147e-09,3.73554615830628e-09,3.958878886900812e-09,4.245644075316136e-09,4.604379153533188e-09,5.045187170229629e-09,5.579350987522039e-09,6.218436931503801e-09,6.9726334409748065e-09,7.848126110391996e-09,8.84351253123646e-09,9.945641094971314e-09,1.1125777858803464e-08,1.2337511206779896e-08,1.3518025284616564e-08,1.4593997426976217e-08,1.5492209448036725e-08,1.6153139091386742e-08,1.6543899865582032e-08,1.6665869149143993e-08,1.6553103665812557e-08,1.6260501039292954e-08,1.5844871288143565e-08,1.5345844644345987e-08,1.4774762382064672e-08,1.4117138141901376e-08,1.3348537626856122e-08,1.2457297954370718e-08,1.3348537626856122e-08,1.4117138141901376e-08,1.4774762382064672e-08,1.5345844644345987e-08,1.5844871288143565e-08,1.6260501039292954e-08,1.6553103665812557e-08,1.6665869149143993e-08,1.6543899865582032e-08,1.6153139091386742e-08,1.5492209448036725e-08,1.4593997426976217e-08,1.3518025284616564e-08,1.2337511206779896e-08,1.1125777858803464e-08,9.945641094971314e-09,8.84351253123646e-09,7.848126110391996e-09,6.9726334409748065e-09,6.218436931503801e-09,5.579350987522039e-09,5.045187170229629e-09,4.604379153533188e-09,4.245644075316136e-09,3.958878886900812e-09,3.73554615830628e-09,3.5687722299829147e-09,3.4533150445434806e-09,3.385494257167168e-09,3.3631282493470518e-09
2026-07-30 10:16:55.651819,[94.19286637],1.8872105425433744e-06,1.8979178775526443e-06,1.9302456695871973e-06,1.984793748606725e-06,2.0625001258668e-06,2.16453659205063e-06,2.292137691757443e-06,2.4463365987442232e-06,2.6275747565811992e-06,2.8351523097291743e-06,3.066501802659983e-06,3.31630923118799e-06,3.5755835984396877e-06,3.830888590853442e-06,4.064077700960433e-06,4.25296779977924e-06,4.373368481493078e-06,4.402671244964963e-06,4.324748217968763e-06,4.135267606562365e-06,3.845897031249591e-06,3.48555552023408e-06,3.0972231395901007e-06,2.7299805119701206e-06,2.427720802675888e-06,2.217726559063721e-06,2.1031693333483195e-06,2.06287950127413e-06,2.059380320530366e-06,2.052959252977048e-06,2.016846993867376e-06,2.052959252977048e-06,2.059380320530366e-06,2.06287950127413e-06,2.1031693333483195e-06,2.217726559063721e-06,2.427720802675888e-06,2.7299805119701206e-06,3.0972231395901007e-06,3.48555552023408e-06,3.845897031249591e-06,4.135267606562365e-06,4.324748217968763e-06,4.402671244964963e-06,4.373368481493078e-06,4.25296779977924e-06,4.064077700960433e-06,3.830888590853442e-06,3.5755835984396877e-06,3.31630923118799e-06,3.066501802659983e-06,2.8351523097291743e-06,2.6275747565811992e-06,2.4463365987442232e-06,2.292137691757443e-06,2.16453659205063e-06,2.0625001258668e-06,1.984793748606725e-06,1.9302456695871973e-06,1.8979178775526443e-06,1.8872105425433744e-06
2026-07-30 10:16:55.677411,[94.19286637],1.8872105425433744e-06,1.8979178775526443e-06,1.9302456695871973e-06,1.984793748606725e-06,2.0625001258668e-06,2.16453659205063e-06,2.292137691757443e-06,2.4463365987442232e-06,2.6275747565811992e-06,2.8351523097291743e-06,3.066501802659983e-06,3.31630923118799e-06,3.5755835984396877e-06,3.830888590853442e-06,4.064077700960433e-06,4.25296779977924e-06,4.373368481493078e-06,4.402671244964963e-06,4.324748217968763e-06,4.135267606562365e-06,3.845897031249591e-06,3.48555552023408e-06,3.0972231395901007e-06,2.7299805119701206e-06,2.427720802675888e-06,2.217726559063721e-06,2.1031693333483195e-06,2.06287950127413e-06,2.059380320530366e-06,2.052959252977048e-06,2.016846993867376e-06,2.052959252977048e-06,2.059380320530366e-06,2.06287950127413e-06,2.1031693333483195e-06,2.217726559063721e-06,2.427720802675888e-06,2.7299805119701206e-06,3.0972231395901007e-06,3.48555552023408e-06,3.845897031249591e-06,4.135267606562365e-06,4.324748217968763e-06,4.402671244964963e-06,4.373368481493078e-06,4.25296779977924e-06,4.064077700960433e-06,3.830888590853442e-06,3.5755835984396877e-06,3.31630923118799e-06,3.066501802659983e-06,2.8351523097291743e-06,2.6275747565811992e-06,2.4463365987442232e-06,2.292137691757443e-06,2.16453659205063e-06,2.0625001258668e-06,1.984793748606725e-06,1.9302456695871973e-06,1.8979178775526443e-06,1.8872105425433744e-06
2026-07-30 10:16:56.674683,[94.14492429],1.920681062949832e-06,1.931658552263273e-06,1.964795048645448e-06,2.0206824881145777e-06,2.1002370553214745e-06,2.204582130482701e-06,2.334860785708617e-06,2.49195370928244e-06,2.6760737205609404e-06,2.886210399732628e-06,3.119415420945003e-06,3.369960465287775e-06,3.628472861349794e-06,3.881258237814503e-06,4.110134847621459e-06,4.293184694908115e-06,4.406800877486952e-06,4.429201939157045e-06,4.345152448720785e-06,4.15102603112279e-06,3.858755498463831e-06,3.49693247235198e-06,3.1076563657888222e-06,2.738835840828726e-06,2.433320875604e-06,2.2179029131766795e-06,2.0960516690631307e-06,2.047602284000331e-06,2.0363892745810603e-06,2.023760533103043e-06,1.983298457035124e-06,2.023760533103043e-06,2.0363892745810603e-06,2.047602284000331e-06,2.0960516690631307e-06,2.2179029131766795e-06,2.433320875604e-06,2.738835840828726e-06,3.1076563657888222e-06,3.49693247235198e-06,3.858755498463831e-06,4.15102603112279e-06,4.345152448720785e-06,4.429201939157045e-06,4.406800877486952e-06,4.293184694908115e-06,4.110134847621459e-06,3.881258237814503e-06,3.628472861349794e-06,3.369960465287775e-06,3.119415420945003e-06,2.886210399732628e-06,2.6760737205609404e-06,2.49195370928244e-06,2.334860785708617e-06,2.204582130482701e-06,2.1002370553214745e-06,2.0206824881145777e-06,1.964795048645448e-06,1.931658552263273e-06,1.920681062949832e-06
2026-07-30 10:16:57.654237,[94.10979736],1.9575714473592203e-06,1.968831681318798e-06,2.0028145673056867e-06,2.060103901852541e-06,2.1415936612278635e-06,2.2483582915862657e-06,2.381448607762984e-06,2.5415913894601154e-06,2.7287679307271057e-06,2.941651335175894e-06,3.17690109395752e-06,3.428354690320944e-06,3.686225909826268e-06,3.9365160098087685e-06,4.160947643800898e-06,4.337799100169674e-06,4.443982262613249e-06,4.458502095418688e-06,4.367023720348615e-06,4.166706045918285e-06,3.869910847984003e-06,3.5051417946743936e-06,3.113898569259917e-06,2.743182636434181e-06,2.4349810691415314e-06,2.2156316158519e-06,2.088769887822341e-06,2.0349521135794225e-06,2.0189503458705663e-06,2.0027950090182893e-06,1.9601199020159103e-06,2.0027950090182893e-06,2.0189503458705663e-06,2.0349521135794225e-06,2.088769887822341e-06,2.2156316158519e-06,2.4349810691415314e-06,2.743182636434181e-06,3.113898569259917e-06,3.5051417946743936e-06,3.869910847984003e-06,4.166706045918285e-06,4.367023720348615e-06,4.458502095418688e-06,4.443982262613249e-06,4.337799100169674e-06,4.160947643800898e-06,3.9365160098087685e-06,3.686225909826268e-06,3.428354690320944e-06,3.17690109395752e-06,2.941651335175894e-06,2.7287679307271057e-06,2.5415913894601154e-06,2.381448607762984e-06,2.2483582915862657e-06,2.1415936612278635e-06,2.060103901852541e-06,2.0028145673056867e-06,1.968831681318798e-06,1.9575714473592203e-06
2026-07-30 10:16:57.678654,[94.10979736],1.9575714473592203e-06,1.968831681318798e-06,2.0028145673056867e-06,2.060103901852541e-06,2.1415936612278635e-06,2.2483582915862657e-06,2.381448607762984e-06,2.5415913894601154e-06,2.7287679307271057e-06,2.941651335175894e-06,3.17690109395752e-06,3.428354690320944e-06,3.686225909826268e-06,3.9365160098087685e-06,4.160947643800898e-06,4.337799100169674e-06,4.443982262613249e-06,4.458502095418688e-06,4.367023720348615e-06,4.166706045918285e-06,3.869910847984003e-06,3.5051417946743936e-06,3.113898569259917e-06,2.743182636434181e-06,2.4349810691415314e-06,2.2156316158519e-06,2.088769887822341e-06,2.0349521135794225e-06,2.0189503458705663e-06,2.0027950090182893e-06,1.9601199020159103e-06,2.0027950090182893e-06,2.0189503458705663e-06,2.0349521135794225e-06,2.088769887822341e-06,2.2156316158519e-06,2.4349810691415314e-06,2.743182636434181e-06,3.113898569259917e-06,3.5051417946743936e-06,3.869910847984003e-06,4.166706045918285e-06,4.367023720348615e-06,4.458502095418688e-06,4.443982262613249e-06,4.337799100169674e-06,4.160947643800898e-06,3.9365160098087685e-06,3.686225909826268e-06,3.428354690320944e-06,3.17690109395752e-06,2.941651335175894e-06,2.7287679307271057e-06,2.5415913894601154e-06,2.381448607762984e-06,2.2483582915862657e-06,2.1415936612278635e-06,2.060103901852541e-06,2.0028145673056867e-06,1.968831681318798e-06,1.9575714473592203e-06
2026-07-30 10:16:58.666743,[94.07017443],2.0052421908176467e-06,2.016847123901518e-06,2.0518606027750337e-06,2.110852952421635e-06,2.194685866468878e-06,2.304368213654041e-06,2.440832724678185e-06,2.604613896427384e-06,2.7954066777318783e-06,3.011492549628548e-06,3.2490405678760803e-06,3.501332746595901e-06,3.7580304290398936e-06,4.004687388156004e-06,4.222806862775774e-06,4.390792438587621e-06,4.486096173732286e-06,4.488659592713779e-06,4.385346503812335e-06,4.174533771126843e-06,3.869522165937784e-06,3.49921503718325e-06,3.104854274993959e-06,2.7326199640056238e-06,2.423412594549414e-06,2.202621002075656e-06,2.0734144760136507e-06,2.016497823628256e-06,1.9972589552696705e-06,1.9784490082293874e-06,1.934126702865673e-06,1.9784490082293874e-06,1.9972589552696705e-06,2.016497823628256e-06,2.0734144760136507e-06,2.202621002075656e-06,2.423412594549414e-06,2.7326199640056238e-06,3.104854274993959e-06,3.49921503718325e-06,3.869522165937784e-06,4.174533771126843e-06,4.385346503812335e-06,4.488659592713779e-06,4.486096173732286e-06,4.390792438587621e-06,4.222806862775774e-06,4.004687388156004e-06,3.7580304290398936e-06,3.501332746595901e-06,3.2490405678760803e-06,3.011492549628548e-06,2.7954066777318783e-06,2.604613896427384e-06,2.440832724678185e-06,2.304368213654041e-06,2.194685866468878e-06,2.110852952421635e-06,2.0518606027750337e-06,2.016847123901518e-06,2.0052421908176467e-06
2026-07-30 10:16:58.692508,[65.99642749],4.915631054449504e-09,4.938702467119533e-09,5.008386363154934e-09,5.126097772188336e-09,5.294211390910367e-09,5.5160700438930285e-09,5.79595612145605e-09,6.138968122899993e-09,6.550709570133012e-09,7.0366631125814805e-09,7.601107367413992e-09,8.245466995893868e-09,8.966100844632037e-09,9.751750120418133e-09,1.0581173615791576e-08,1.1421813370984865e-08,1.2230514857577822e-08,1.2957183132845284e-08,1.3551643165071311e-08,1.397289941205122e-08,1.4198725034815736e-08,1.4232579231340478e-08,1.4104864305235656e-08,1.3866872956426956e-08,1.3578257034312492e-08,1.3291598913307482e-08,1.3039387971635833e-08,1.2828302937703908e-08,1.2642982627912213e-08,1.2457461471488509e-08,1.2249036762187186e-08,1.2457461471488509e-08,1.2642982627912213e-08,1.2828302937703908e-08,1.3039387971635833e-08,1.3291598913307482e-08,1.3578257034312492e-08,1.3866872956426956e-08,1.4104864305235656e-08,1.4232579231340478e-08,1.4198725034815736e-08,1.397289941205122e-08,1.3551643165071311e-08,1.2957183132845284e-08,1.2230514857577822e-08,1.1421813370984865e-08,1.0581173615791576e-08,9.751750120418133e-09,8.966100844632037e-09,8.245466995893868e-09,7.601107367413992e-09,7.0366631125814805e-09,6.550709570133012e-09,6.138968122899993e-09,5.79595612145605e-09,5.5160700438930285e-09,5.294211390910367e-09,5.126097772188336e-09,5.008386363154934e-09,4.938702467119533e-09,4.915631054449504e-09
2026-07-30 10:16:58.719831,[65.99642749],4.915631054449504e-09,4.938702467119533e-09,5.008386363154934e-09,5.126097772188336e-09,5.294211390910367e-09,5.5160700438930285e-09,5.79595612145605e-09,6.138968122899993e-09,6.550709570133012e-09,7.0366631125814805e-09,7.601107367413992e-09,8.245466995893868e-09,8.966100844632037e-09,9.751750120418133e-09,1.0581173615791576e-08,1.1421813370984865e-08,1.2230514857577822e-08,1.2957183132845284e-08,1.3551643165071311e-08,1.397289941205122e-08,1.4198725034815736e-08,1.4232579231340478e-08,1.4104864305235656e-08,1.3866872956426956e-08,1.3578257034312492e-08,1.3291598913307482e-08,1.3039387971635833e-08,1.2828302937703908e-08,1.2642982627912213e-08,1.2457461471488509e-08,1.2249036762187186e-08,1.2457461471488509e-08,1.2642982627912213e-08,1.2828302937703908e-08,1.3039387971635833e-08,1.3291598913307482e-08,1.3578257034312492e-08,1.3866872956426956e-08,1.4104864305235656e-08,1.4232579231340478e-08,1.4198725034815736e-08,1.397289941205122e-08,1.3551643165071311e-08,1.2957183132845284e-08,1.2230514857577822e-08,1.1421813370984865e-08,1.0581173615791576e-08,9.751750120418133e-09,8.966100844632037e-09,8.245466995893868e-09,7.601107367413992e-09,7.0366631125814805e-09,6.550709570133012e-09,6.138968122899993e-09,5.79595612145605e-09,5.5160700438930285e-09,5.294211390910367e-09,5.126097772188336e-09,5.008386363154934e-09,4.938702467119533e-09,4.915631054449504e-09
2026-07-30 10:16:59.667167,[93.44334269],1.818172995791356e-06,1.8288956130103567e-06,1.8611983642805933e-06,1.9154555764986927e-06,1.99218714912919e-06,2.0918936615527157e-06,2.214810215489878e-06,2.360570166297958e-06,2.527777745572878e-06,2.713505540462709e-06,2.9127609088456603e-06,3.118004535628473e-06,3.3188499416195865e-06,3.502113594569858e-06,3.652402209939889e-06,3.753391763591328e-06,3.7898475848615176e-06,3.7502463598471946e-06,3.629608550894888e-06,3.431895626579781e-06,3.171173268939692e-06,2.8708069449927657e-06,2.560321180885312e-06,2.270201595385706e-06,2.025692531909707e-06,1.8412620487508609e-06,1.7175566726638566e-06,1.6421520735414578e-06,1.594276387388662e-06,1.55228984947597e-06,1.5015889915155228e-06,1.55228984947597e-06,1.594276387388662e-06,1.6421520735414578e-06,1.7175566726638566e-06,1.8412620487508609e-06,2.025692531909707e-06,2.270201595385706e-06,2.560321180885312e-06,2.8708069449927657e-06,3.171173268939692e-06,3.431895626579781e-06,3.629608550894888e-06,3.7502463598471946e-06,3.7898475848615176e-06,3.753391763591328e-06,3.652402209939889e-06,3.502113594569858e-06,3.3188499416195865e-06,3.118004535628473e-06,2.9127609088456603e-06,2.713505540462709e-06,2.527777745572878e-06,2.360570166297958e-06,2.214810215489878e-06,2.0918936615527157e-06,1.99218714912919e-06,1.9154555764986927e-06,1.8611983642805933e-06,1.8288956130103567e-06,1.818172995791356e-06
2026-07-30 10:16:59.692130,[84.08203588],1.354432332185988e-07,1.362231119275208e-07,1.385970939915467e-07,1.4266793309407334e-07,1.486053563839811e-07,1.566416134212994e-07,1.6706055127739305e-07,1.801748676794331e-07,1.962843710832827e-07,2.1560724214808866e-07,2.3817801565433825e-07,2.637123157219226e-07,2.9145104960140575e-07,3.2001591097415186e-07,3.473302661661063e-07,3.706763931599601e-07,3.869585416734398e-07,3.932074274734247e-07,3.872885343105426e-07,3.68673704347749e-07,3.390359952303562e-07,3.023840403386525e-07,2.645165066949809e-07,2.3177051346333525e-07,2.0932013528811242e-07,1.9954621494648985e-07,2.0110820458787268e-07,2.092003087071823e-07,2.1707268690459082e-07,2.183839141786289e-07,2.0955208564170773e-07,2.183839141786289e-07,2.1707268690459082e-07,2.092003087071823e-07,2.0110820458787268e-07,1.9954621494648985e-07,2.0932013528811242e-07,2.3177051346333525e-07,2.645165066949809e-07,3.023840403386525e-07,3.390359952303562e-07,3.68673704347749e-07,3.872885343105426e-07,3.932074274734247e-07,3.869585416734398e-07,3.706763931599601e-07,3.473302661661063e-07,3.2001591097415186e-07,2.9145104960140575e-07,2.637123157219226e-07,2.3817801565433825e-07,2.1560724214808866e-07,1.962843710832827e-07,1.801748676794331e-07,1.6706055127739305e-07,1.566416134212994e-07,1.486053563839811e-07,1.4266793309407334e-07,1.385970939915467e-07,1.362231119275208e-07,1.354432332185988e-07
2026-07-30 10:16:59.718114,[84.08203588],1.354432332185988e-07,1.362231119275208e-07,1.385970939915467e-07,1.4266793309407334e-07,1.486053563839811e-07,1.566416134212994e-07,1.6706055127739305e-07,1.801748676794331e-07,1.962843710832827e-07,2.1560724214808866e-07,2.3817801565433825e-07,2.637123157219226e-07,2.9145104960140575e-07,3.2001591097415186e-07,3.473302661661063e-07,3.706763931599601e-07,3.869585416734398e-07,3.932074274734247e-07,3.872885343105426e-07,3.68673704347749e-07,3.390359952303562e-07,3.023840403386525e-07,2.645165066949809e-07,2.3177051346333525e-07,2.0932013528811242e-07,1.9954621494648985e-07,2.0110820458787268e-07,2.092003087071823e-07,2.1707268690459082e-07,2.183839141786289e-07,2.0955208564170773e-07,2.183839141786289e-07,2.1707268690459082e-07,2.092003087071823e-07,2.0110820458787268e-07,1.9954621494648985e-07,2.0932013528811242e-07,2.3177051346333525e-07,2.645165066949809e-07,3.023840403386525e-07,3.390359952303562e-07,3.68673704347749e-07,3.872885343105426e-07,3.932074274734247e-07,3.869585416734398e-07,3.706763931599601e-07,3.473302661661063e-07,3.2001591097415186e-07,2.9145104960140575e-07,2.637123157219226e-07,2.3817801565433825e-07,2.1560724214808866e-07,1.962843710832827e-07,1.801748676794331e-07,1.6706055127739305e-07,1.566416134212994e-07,1.486053563839811e-07,1.4266793309407334e-07,1.385970939915467e-07,1.362231119275208e-07,1.354432332185988e-07
2026-07-30 10:17:00.710173,[93.95810142],2.0724480140094755e-06,2.084562889823412e-06,2.1211025646418086e-06,2.182621771558919e-06,2.269940721061675e-06,2.3839784786919755e-06,2.525500835560347e-06,2.694767604681674e-06,2.8910670531826465e-06,3.1121361296352547e-06,3.353488733580091e-06,3.6077149379947534e-06,3.863873569903543e-06,4.107173424047647e-06,4.319206377143138e-06,4.479023870638783e-06,4.565287846000511e-06,4.559530540768466e-06,4.450207210743564e-06,4.23677150392232e-06,3.93258654786566e-06,3.5653250863249025e-06,3.1738313328098416e-06,2.801313523556111e-06,2.486056114540223e-06,2.2521384604868256e-06,2.103303413317934e-06,2.0226196404593985e-06,1.9788385418046275e-06,1.937879654812912e-06,1.8756860968679587e-06,1.937879654812912e-06,1.9788385418046275e-06,2.0226196404593985e-06,2.103303413317934e-06,2.2521384604868256e-06,2.486056114540223e-06,2.801313523556111e-06,3.1738313328098416e-06,3.5653250863249025e-06,3.93258654786566e-06,4.23677150392232e-06,4.450207210743564e-06,4.559530540768466e-06,4.565287846000511e-06,4.479023870638783e-06,4.319206377143138e-06,4.107173424047647e-06,3.863873569903543e-06,3.6077149379947534e-06,3.353488733580091e-06,3.1121361296352547e-06,2.8910670531826465e-06,2.694767604681674e-06,2.525500835560347e-06,2.3839784786919755e-06,2.269940721061675e-06,2.182621771558919e-06,2.1211025646418086e-06,2.084562889823412e-06,2.0724480140094755e-06
2026-07-30 10:17:01.713755,[93.90707275],2.115008913047129e-06,2.127390742271249e-06,2.164728419201646e-06,2.227565802338657e-06,2.316697348201908e-06,2.4329903081548302e-06,2.5771179286607104e-06,2.7491905561234067e-06,2.948276041833148e-06,3.171813818039596e-06,3.414952244829088e-06,3.669879585492496e-06,3.925275580505007e-06,4.166076471571723e-06,4.373803333047399e-06,4.527719155385598e-06,4.6070106135305446e-06,4.593995070550006e-06,4.478020641946506e-06,4.259307278974322e-06,3.951602786565029e-06,3.582400516771882e-06,3.1897854502250426e-06,2.815826606985484e-06,2.497669477259559e-06,2.258688453776732e-06,2.102663880221385e-06,2.013474983360344e-06,1.961165555438445e-06,1.9129207764939027e-06,1.8454164892468296e-06,1.9129207764939027e-06,1.961165555438445e-06,2.013474983360344e-06,2.102663880221385e-06,2.258688453776732e-06,2.497669477259559e-06,2.815826606985484e-06,3.1897854502250426e-06,3.582400516771882e-06,3.951602786565029e-06,4.259307278974322e-06,4.478020641946506e-06,4.593995070550006e-06,4.6070106135305446e-06,4.527719155385598e-06,4.373803333047399e-06,4.166076471571723e-06,3.925275580505007e-06,3.669879585492496e-06,3.414952244829088e-06,3.171813818039596e-06,2.948276041833148e-06,2.7491905561234067e-06,2.5771179286607104e-06,2.4329903081548302e-06,2.316697348201908e-06,2.227565802338657e-06,2.164728419201646e-06,2.127390742271249e-06,2.115008913047129e-06
2026-07-30 10:17:01.740086,[67.53920781],2.006866250345496e-09,2.0179026667994036e-09,2.051307578672151e-09,2.1079526478898837e-09,2.189240246716158e-09,2.297030569729549e-09,2.4335457847127982e-09,2.6012581491033077e-09,2.802769495489666e-09,3.040685211636117e-09,3.3174737997109303e-09,3.635282494114987e-09,3.995654868700151e-09,4.3990806867636125e-09,4.844322079105713e-09,5.3275252357955725e-09,5.841251578421553e-09,6.373723237065155e-09,6.908706806748354e-09,7.426454788769573e-09,7.905893091344967e-09,8.327772574495154e-09,8.677923566882824e-09,8.94934197745047e-09,9.141918423317755e-09,9.259378791190916e-09,9.304284233049774e-09,9.273207090376914e-09,9.15473089115834e-09,8.932190332394843e-09,8.591131914551296e-09,8.932190332394843e-09,9.15473089115834e-09,9.273207090376914e-09,9.304284233049774e-09,9.259378791190916e-09,9.141918423317755e-09,8.94934197745047e-09,8.677923566882824e-09,8.327772574495154e-09,7.905893091344967e-09,7.426454788769573e-09,6.908706806748354e-09,6.373723237065155e-09,5.841251578421553e-09,5.3275252357955725e-09,4.844322079105713e-09,4.3990806867636125e-09,3.995654868700151e-09,3.635282494114987e-09,3.3174737997109303e-09,3.040685211636117e-09,2.802769495489666e-09,2.6012581491033077e-09,2.4335457847127982e-09,2.297030569729549e-09,2.189240246716158e-09,2.1079526478898837e-09,2.051307578672151e-09,2.0179026667994036e-09,2.006866250345496e-09
2026-07-30 10:17:01.765914,[67.53920781],2.006866250345496e-09,2.0179026667994036e-09,2.051307578672151e-09,2.1079526478898837e-09,2.189240246716158e-09,2.297030569729549e-09,2.4335457847127982e-09,2.6012581491033077e-09,2.802769495489666e-09,3.040685211636117e-09,3.3174737997109303e-09,3.635282494114987e-09,3.995654868700151e-09,4.3990806867636125e-09,4.844322079105713e-09,5.3275252357955725e-09,5.841251578421553e-09,6.373723237065155e-09,6.908706806748354e-09,7.426454788769573e-09,7.905893091344967e-09,8.327772574495154e-09,8.677923566882824e-09,8.94934197745047e-09,9.141918423317755e-09,9.259378791190916e-09,9.304284233049774e-09,9.273207090376914e-09,9.15473089115834e-09,8.932190332394843e-09,8.591131914551296e-09,8.932190332394843e-09,9.15473089115834e-09,9.273207090376914e-09,9.304284233049774e-09,9.259378791190916e-09,9.141918423317755e-09,8.94934197745047e-09,8.677923566882824e-09,8.327772574495154e-09,7.905893091344967e-09,7.426454788769573e-09,6.908706806748354e-09,6.373723237065155e-09,5.841251578421553e-09,5.3275252357955725e-09,4.844322079105713e-09,4.3990806867636125e-09,3.995654868700151e-09,3.635282494114987e-09,3.3174737997109303e-09,3.040685211636117e-09,2.802769495489666e-09,2.6012581491033077e-09,2.4335457847127982e-09,2.297030569729549e-09,2.189240246716158e-09,2.1079526478898837e-09,2.051307578672151e-09,2.0179026667994036e-09,2.006866250345496e-09
2026-07-30 10:17:02.712305,[93.854447],2.1534556359040365e-06,2.166052685256666e-06,2.204032424132414e-06,2.267925895322648e-06,2.358499514932888e-06,2.476567551898026e-06,2.622712732732961e-06,2.7969037403680217e-06,2.9980043908910227e-06,3.2231839906696724e-06,3.467264929440745e-06,3.722084186562387e-06,3.975999198102231e-06,4.213727948138612e-06,4.416760316014662e-06,4.564582394196707e-06,4.636878702103604e-06,4.616684317423175e-06,4.494143341496384e-06,4.270141752164152e-06,3.958745895926399e-06,3.587276848200984e-06,3.1931667331552185e-06,2.81754920571853e-06,2.4966944022865224e-06,2.2535256521273395e-06,2.092021774928556e-06,1.9968709984771467e-06,1.939215984834569e-06,1.8871475209365689e-06,1.8176233835856464e-06,1.8871475209365689e-06,1.939215984834569e-06,1.9968709984771467e-06,2.092021774928556e-06,2.2535256521273395e-06,2.4966944022865224e-06,2.81754920571853e-06,3.1931667331552185e-06,3.587276848200984e-06,3.958745895926399e-06,4.270141752164152e-06,4.494143341496384e-06,4.616684317423175e-06,4.636878702103604e-06,4.564582394196707e-06,4.416760316014662e-06,4.213727948138612e-06,3.975999198102231e-06,3.722084186562387e-06,3.467264929440745e-06,3.2231839906696724e-06,2.9980043908910227e-06,2.7969037403680217e-06,2.622712732732961e-06,2.476567551898026e-06,2.358499514932888e-06,2.267925895322648e-06,2.204032424132414e-06,2.166052685256666e-06,2.1534556359040365e-06
2026-07-30 10:17:02.736865,[67.8204721],1.91582326975473e-09,1.9258895807992422e-09,1.956447391999265e-09,2.008561737628912e-09,2.083967003376964e-09,2.184999269304597e-09,2.314489610496961e-09,2.475609419471871e-09,2.671660432798359e-09,2.905806403658194e-09,3.180750069440756e-09,3.498367461329792e-09,3.859320470171977e-09,4.262676574124163e-09,4.70557072214235e-09,5.182948054150391e-09,5.6874270317479475e-09,6.209319262746522e-09,6.736831387424788e-09,7.256450951153049e-09,7.753479659899926e-09,8.212630321699831e-09,8.618569438757595e-09,8.956299548969477e-09,9.211363655423233e-09,9.370015811471593e-09,9.419677923151555e-09,9.350080702135372e-09,9.155348439885074e-09,8.83688987496147e-09,8.406402161750985e-09,8.83688987496147e-09,9.155348439885074e-09,9.350080702135372e-09,9.419677923151555e-09,9.370015811471593e-09,9.211363655423233e-09,8.956299548969477e-09,8.618569438757595e-09,8.212630321699831e-09,7.753479659899926e-09,7.256450951153049e-09,6.736831387424788e-09,6.209319262746522e-09,5.6874270317479475e-09,5.182948054150391e-09,4.70557072214235e-09,4.262676574124163e-09,3.859320470171977e-09,3.498367461329792e-09,3.180750069440756e-09,2.905806403658194e-09,2.671660432798359e-09,2.475609419471871e-09,2.314489610496961e-09,2.184999269304597e-09,2.083967003376964e-09,2.008561737628912e-09,1.956447391999265e-09,1.9258895807992422e-09,1.91582326975473e-09
2026-07-30 10:17:02.762463,[67.8204721],1.91582326975473e-09,1.9258895807992422e-09,1.956447391999265e-09,2.008561737628912e-09,2.083967003376964e-09,2.184999269304597e-09,2.314489610496961e-09,2.475609419471871e-09,2.671660432798359e-09,2.905806403658194e-09,3.180750069440756e-09,3.498367461329792e-09,3.859320470171977e-09,4.262676574124163e-09,4.70557072214235e-09,5.182948054150391e-09,5.6874270317479475e-09,6.209319262746522e-09,6.736831387424788e-09,7.256450951153049e-09,7.753479659899926e-09,8.212630321699831e-09,8.618569438757595e-09,8.956299548969477e-09,9.211363655423233e-09,9.370015811471593e-09,9.419677923151555e-09,9.350080702135372e-09,9.155348439885074e-09,8.83688987496147e-09,8.406402161750985e-09,8.83688987496147e-09,9.155348439885074e-09,9.350080702135372e-09,9.419677923151555e-09,9.370015811471593e-09,9.211363655423233e-09,8.956299548969477e-09,8.618569438757595e-09,8.212630321699831e-09,7.753479659899926e-09,7.256450951153049e-09,6.736831387424788e-09,6.209319262746522e-09,5.6874270317479475e-09,5.182948054150391e-09,4.70557072214235e-09,4.262676574124163e-09,3.859320470171977e-09,3.498367461329792e-09,3.180750069440756e-09,2.905806403658194e-09,2.671660432798359e-09,2.475609419471871e-09,2.314489610496961e-09,2.184999269304597e-09,2.083967003376964e-09,2.008561737628912e-09,1.956447391999265e-09,1.9258895807992422e-09,1.91582326975473e-09
2026-07-30 10:17:03.705877,[93.80595724],2.200271567242475e-06,2.2131181998268444e-06,2.251842061824956e-06,2.3169581140236973e-06,2.4091986944369816e-06,2.52931543827908e-06,2.6777862223223454e-06,2.8544179224771063e-06,3.0578434006781304e-06,3.284927712620474e-06,3.5301265239007844e-06,3.784880292452136e-06,4.037178690068704e-06,4.271482481758041e-06,4.469226918099016e-06,4.610123628642706e-06,4.674392796976388e-06,4.645865801390693e-06,4.51559933975868e-06,4.2852857191370345e-06,3.969446788571814e-06,3.595328434034396e-06,3.199729705018552e-06,2.822766093378727e-06,2.4996477461522825e-06,2.25259601511352e-06,2.0855391297648823e-06,1.983811510669584e-06,1.91965128110177e-06,1.862242893954789e-06,1.7891769663371065e-06,1.862242893954789e-06,1.91965128110177e-06,1.983811510669584e-06,2.0855391297648823e-06,2.25259601511352e-06,2.4996477461522825e-06,2.822766093378727e-06,3.199729705018552e-06,3.595328434034396e-06,3.969446788571814e-06,4.2852857191370345e-06,4.51559933975868e-06,4.645865801390693e-06,4.674392796976388e-06,4.610123628642706e-06,4.469226918099016e-06,4.271482481758041e-06,4.037178690068704e-06,3.784880292452136e-06,3.5301265239007844e-06,3.284927712620474e-06,3.0578434006781304e-06,2.8544179224771063e-06,2.6777862223223454e-06,2.52931543827908e-06,2.4091986944369816e-06,2.3169581140236973e-06,2.251842061824956e-06,2.2131181998268444e-06,2.200271567242475e-06
2026-07-30 10:17:03.732558,[67.2926457],1.962983228296952e-09,1.972725353281693e-09,2.002299288579975e-09,2.0527466107819292e-09,2.125796425516446e-09,2.223843390493517e-09,2.349891720605261e-09,2.5074367315240516e-09,2.7002457895410683e-09,2.931995421875316e-09,3.2057282279852813e-09,3.5231216567655903e-09,3.883618815603801e-09,4.283559356941403e-09,4.7155496591109554e-09,5.168386585123075e-09,5.627838674137115e-09,6.078432563012999e-09,6.506066845538428e-09,6.90083628600009e-09,7.259055822251341e-09,7.583361204428973e-09,7.880144428487923e-09,8.1545040360839e-09,8.404115416796626e-09,8.614438368897117e-09,8.757871098550163e-09,8.798457644611062e-09,8.701717535692231e-09,8.446848737174217e-09,8.037032824873447e-09,8.446848737174217e-09,8.701717535692231e-09,8.798457644611062e-09,8.757871098550163e-09,8.614438368897117e-09,8.404115416796626e-09,8.1545040360839e-09,7.880144428487923e-09,7.583361204428973e-09,7.259055822251341e-09,6.90083628600009e-09,6.506066845538428e-09,6.078432563012999e-09,5.627838674137115e-09,5.168386585123075e-09,4.7155496591109554e-09,4.283559356941403e-09,3.883618815603801e-09,3.5231216567655903e-09,3.2057282279852813e-09,2.931995421875316e-09,2.7002457895410683e-09,2.5074367315240516e-09,2.349891720605261e-09,2.223843390493517e-09,2.125796425516446e-09,2.0527466107819292e-09,2.002299288579975e-09,1.972725353281693e-09,1.962983228296952e-09
2026-07-30 10:17:03.759182,[67.2926457],1.962983228296952e-09,1.972725353281693e-09,2.002299288579975e-09,2.0527466107819292e-09,2.125796425516446e-09,2.223843390493517e-09,2.349891720605261e-09,2.5074367315240516e-09,2.7002457895410683e-09,2.931995421875316e-09,3.2057282279852813e-09,3.5231216567655903e-09,3.883618815603801e-09,4.283559356941403e-09,4.7155496591109554e-09,5.168386585123075e-09,5.627838674137115e-09,6.078432563012999e-09,6.506066845538428e-09,6.90083628600009e-09,7.259055822251341e-09,7.583361204428973e-09,7.880144428487923e-09,8.1545040360839e-09,8.404115416796626e-09,8.614438368897117e-09,8.757871098550163e-09,8.798457644611062e-09,8.701717535692231e-09,8.446848737174217e-09,8.037032824873447e-09,8.446848737174217e-09,8.701717535692231e-09,8.798457644611062e-09,8.757871098550163e-09,8.614438368897117e-09,8.404115416796626e-09,8.1545040360839e-09,7.880144428487923e-09,7.583361204428973e-09,7.259055822251341e-09,6.90083628600009e-09,6.506066845538428e-09,6.078432563012999e-09,5.627838674137115e-09,5.168386585123075e-09,4.7155496591109554e-09,4.283559356941403e-09,3.883618815603801e-09,3.5231216567655903e-09,3.2057282279852813e-09,2.931995421875316e-09,2.7002457895410683e-09,2.5074367315240516e-09,2.349891720605261e-09,2.223843390493517e-09,2.125796425516446e-09,2.0527466107819292e-09,2.002299288579975e-09,1.972725353281693e-09,1.962983228296952e-09
2026-07-30 10:17:04.722865,[93.75798511],2.2322972352595364e-06,2.2452881506429e-06,2.2844408987634986e-06,2.35025699686961e-06,2.4434412564986906e-06,2.564696356840028e-06,2.714420497306509e-06,2.892300601045599e-06,3.096802420182472e-06,3.3245768459211653e-06,3.5698306598374725e-06,3.82375013632908e-06,4.074114051409933e-06,4.305279541616897e-06,4.498752490539368e-06,4.634537854114508e-06,4.693374537887192e-06,4.6597712295642006e-06,4.525476917940095e-06,4.292692537031814e-06,3.9760665139749424e-06,3.6024691948549985e-06,3.2078530116145065e-06,2.8312278913590752e-06,2.506790136053224e-06,2.2562114233713373e-06,2.083575182587152e-06,1.975062037683162e-06,1.90415417895912e-06,1.8412081129024863e-06,1.7644643747463823e-06,1.8412081129024863e-06,1.90415417895912e-06,1.975062037683162e-06,2.083575182587152e-06,2.2562114233713373e-06,2.506790136053224e-06,2.8312278913590752e-06,3.2078530116145065e-06,3.6024691948549985e-06,3.9760665139749424e-06,4.292692537031814e-06,4.525476917940095e-06,4.6597712295642006e-06,4.693374537887192e-06,4.634537854114508e-06,4.498752490539368e-06,4.305279541616897e-06,4.074114051409933e-06,3.82375013632908e-06,3.5698306598374725e-06,3.3245768459211653e-06,3.096802420182472e-06,2.892300601045599e-06,2.714420497306509e-06,2.564696356840028e-06,2.4434412564986906e-06,2.35025699686961e-06,2.2844408987634986e-06,2.2452881506429e-06,2.2322972352595364e-06
2026-07-30 10:17:04.747010,[65.49066475],5.52655951080579e-09,5.5574568340101725e-09,5.651114246440414e-09,5.810425331681647e-09,6.040193933906591e-09,6.347070497783638e-09,6.739386371802141e-09,7.2267984832979225e-09,7.819622372464187e-09,8.527703051446975e-09,9.358668307469613e-09,1.0315454802327616e-08,1.1393124957765334e-08,1.257522517462244e-08,1.3830266838013534e-08,1.5109279906182333e-08,1.6345664364258193e-08,1.745856162748347e-08,1.836050405110673e-08,1.896910055168881e-08,1.9221122517861607e-08,1.908597999426596e-08,1.8574828816539123e-08,1.7741985847853735e-08,1.667714438948806e-08,1.5489656319541543e-08,1.428887909932184e-08,1.3166070113711309e-08,1.2182746194154193e-08,1.1367917703899794e-08,1.0723229679550328e-08,1.1367917703899794e-08,1.2182746194154193e-08,1.3166070113711309e-08,1.428887909932184e-08,1.5489656319541543e-08,1.667714438948806e-08,1.7741985847853735e-08,1.8574828816539123e-08,1.908597999426596e-08,1.9221122517861607e-08,1.896910055168881e-08,1.836050405110673e-08,1.745856162748347e-08,1.6345664364258193e-08,1.5109279906182333e-08,1.3830266838013534e-08,1.257522517462244e-08,1.1393124957765334e-08,1.0315454802327616e-08,9.358668307469613e-09,8.527703051446975e-09,7.819622372464187e-09,7.2267984832979225e-09,6.739386371802141e-09,6.347070497783638e-09,6.040193933906591e-09,5.810425331681647e-09,5.651114246440414e-09,5.5574568340101725e-09,5.52655951080579e-09
2026-07-30 10:17:05.692074,[93.71466976],2.2806902989422604e-06,2.293907548542609e-06,2.333733688537345e-06,2.4006516473643404e-06,2.4953294563384826e-06,2.618406407195507e-06,2.770179787194164e-06,2.950186177606808e-06,3.156681379730551e-06,3.3860424034275907e-06,3.632145081787689e-06,3.885811266455883e-06,4.1344659826446704e-06,4.36218732758271e-06,4.550352781482182e-06,4.679060427991204e-06,4.729405439019209e-06,4.686502704855756e-06,4.542872915496883e-06,4.301502906864148e-06,3.977655648144462e-06,3.5984824195716848e-06,3.199809229822292e-06,2.8201716443810007e-06,2.493132956655517e-06,2.239830094997092e-06,2.0641304154787983e-06,1.952398779073074e-06,1.87859635706326e-06,1.8135987380369785e-06,1.7359177174003188e-06,1.8135987380369785e-06,1.87859635706326e-06,1.952398779073074e-06,2.0641304154787983e-06,2.239830094997092e-06,2.493132956655517e-06,2.8201716443810007e-06,3.199809229822292e-06,3.5984824195716848e-06,3.977655648144462e-06,4.301502906864148e-06,4.542872915496883e-06,4.686502704855756e-06,4.729405439019209e-06,4.679060427991204e-06,4.550352781482182e-06,4.36218732758271e-06,4.1344659826446704e-06,3.885811266455883e-06,3.632145081787689e-06,3.3860424034275907e-06,3.156681379730551e-06,2.950186177606808e-06,2.770179787194164e-06,2.618406407195507e-06,2.4953294563384826e-06,2.4006516473643404e-06,2.333733688537345e-06,2.293907548542609e-06,2.2806902989422604e-06
2026-07-30 10:17:05.717106,[93.71466976],2.2806902989422604e-06,2.293907548542609e-06,2.333733688537345e-06,2.4006516473643404e-06,2.4953294563384826e-06,2.618406407195507e-06,2.770179787194164e-06,2.950186177606808e-06,3.156681379730551e-06,3.3860424034275907e-06,3.632145081787689e-06,3.885811266455883e-06,4.1344659826446704e-06,4.36218732758271e-06,4.550352781482182e-06,4.679060427991204e-06,4.729405439019209e-06,4.686502704855756e-06,4.542872915496883e-06,4.301502906864148e-06,3.977655648144462e-06,3.5984824195716848e-06,3.199809229822292e-06,2.8201716443810007e-06,2.493132956655517e-06,2.239830094997092e-06,2.0641304154787983e-06,1.952398779073074e-06,1.87859635706326e-06,1.8135987380369785e-06,1.7359177174003188e-06,1.8135987380369785e-06,1.87859635706326e-06,1.952398779073074e-06,2.0641304154787983e-06,2.239830094997092e-06,2.493132956655517e-06,2.8201716443810007e-06,3.199809229822292e-06,3.5984824195716848e-06,3.977655648144462e-06,4.301502906864148e-06,4.542872915496883e-06,4.686502704855756e-06,4.729405439019209e-06,4.679060427991204e-06,4.550352781482182e-06,4.36218732758271e-06,4.1344659826446704e-06,3.885811266455883e-06,3.632145081787689e-06,3.3860424034275907e-06,3.156681379730551e-06,2.950186177606808e-06,2.770179787194164e-06,2.618406407195507e-06,2.4953294563384826e-06,2.4006516473643404e-06,2.333733688537345e-06,2.293907548542609e-06,2.2806902989422604e-06
2026-07-30 10:17:05.740336,[65.81618574],5.4484066423873526e-09,5.479303300189646e-09,5.572981269242466e-09,5.732407512341765e-09,5.962527364489779e-09,6.2702295117257935e-09,6.664218001830408e-09,7.154696540105138e-09,7.752727693343086e-09,8.469090330673639e-09,9.312443631707537e-09,1.0286648665069285e-08,1.1387239622339663e-08,1.2597308869788437e-08,1.3883470157322252e-08,1.5193021106423316e-08,1.645377742805933e-08,1.7578059716800602e-08,1.847174175401445e-08,1.904801510819129e-08,1.9243771910244928e-08,1.9034798240722465e-08,1.8445101721331517e-08,1.7546401160042047e-08,1.6446310284180996e-08,1.52674426473419e-08,1.4123153534026676e-08,1.3097274066518109e-08,1.2233945455618507e-08,1.1539795886983491e-08,1.0995855106831234e-08,1.1539795886983491e-08,1.2233945455618507e-08,1.3097274066518109e-08,1.4123153534026676e-08,1.52674426473419e-08,1.6446310284180996e-08,1.7546401160042047e-08,1.8445101721331517e-08,1.9034798240722465e-08,1.9243771910244928e-08,1.904801510819129e-08,1.847174175401445e-08,1.7578059716800602e-08,1.645377742805933e-08,1.5193021106423316e-08,1.3883470157322252e-08,1.2597308869788437e-08,1.1387239622339663e-08,1.0286648665069285e-08,9.312443631707537e-09,8.469090330673639e-09,7.752727693343086e-09,7.154696540105138e-09,6.664218001830408e-09,6.2702295117257935e-09,5.962527364489779e-09,5.732407512341765e-09,5.572981269242466e-09,5.479303300189646e-09,5.4484066423873526e-09
2026-07-30 10:17:05.765846,[65.81618574],5.4484066423873526e-09,5.479303300189646e-09,5.572981269242466e-09,5.732407512341765e-09,5.962527364489779e-09,6.2702295117257935e-09,6.664218001830408e-09,7.154696540105138e-09,7.752727693343086e-09,8.469090330673639e-09,9.312443631707537e-09,1.0286648665069285e-08,1.1387239622339663e-08,1.2597308869788437e-08,1.3883470157322252e-08,1.5193021106423316e-08,1.645377742805933e-08,1.7578059716800602e-08,1.847174175401445e-08,1.904801510819129e-08,1.9243771910244928e-08,1.9034798240722465e-08,1.8445101721331517e-08,1.7546401160042047e-08,1.6446310284180996e-08,1.52674426473419e-08,1.4123153534026676e-08,1.3097274066518109e-08,1.2233945455618507e-08,1.1539795886983491e-08,1.0995855106831234e-08,1.1539795886983491e-08,1.2233945455618507e-08,1.3097274066518109e-08,1.4123153534026676e-08,1.52674426473419e-08,1.6446310284180996e-08,1.7546401160042047e-08,1.8445101721331517e-08,1.9034798240722465e-08,1.9243771910244928e-08,1.904801510819129e-08,1.847174175401445e-08,1.7578059716800602e-08,1.645377742805933e-08,1.5193021106423316e-08,1.3883470157322252e-08,1.2597308869788437e-08,1.1387239622339663e-08,1.0286648665069285e-08,9.312443631707537e-09,8.469090330673639e-09,7.752727693343086e-09,7.154696540105138e-09,6.664218001830408e-09,6.2702295117257935e-09,5.962527364489779e-09,5.732407512341765e-09,5.572981269242466e-09,5.479303300189646e-09,5.4484066423873526e-09
2026-07-30 10:17:06.691844,[93.63564013],2.308903769761865e-06,2.322244043195513e-06,2.362437879541931e-06,2.429962867589773e-06,2.52547412540171e-06,2.649584639048012e-06,2.802544547767944e-06,2.983814684109976e-06,3.1915408473456863e-06,3.421955888242904e-06,3.668767669146569e-06,3.922631011747375e-06,4.170845640075073e-06,4.397459105921041e-06,4.583966525622164e-06,4.710765142912084e-06,4.759418420020975e-06,4.715598511310873e-06,4.572319078705006e-06,4.33279336764245e-06,4.01205139302803e-06,3.636451037484699e-06,3.2405324010292644e-06,2.861322135655265e-06,2.531077328347151e-06,2.27028508327646e-06,2.08312663056547e-06,1.9572566829722376e-06,1.868573145025065e-06,1.7899611482116808e-06,1.70140943916268e-06,1.7899611482116808e-06,1.868573145025065e-06,1.9572566829722376e-06,2.08312663056547e-06,2.27028508327646e-06,2.531077328347151e-06,2.861322135655265e-06,3.2405324010292644e-06,3.636451037484699e-06,4.01205139302803e-06,4.33279336764245e-06,4.572319078705006e-06,4.715598511310873e-06,4.759418420020975e-06,4.710765142912084e-06,4.583966525622164e-06,4.397459105921041e-06,4.170845640075073e-06,3.922631011747375e-06,3.668767669146569e-06,3.421955888242904e-06,3.1915408473456863e-06,2.983814684109976e-06,2.802544547767944e-06,2.649584639048012e-06,2.52547412540171e-06,2.429962867589773e-06,2.362437879541931e-06,2.322244043195513e-06,2.308903769761865e-06
2026-07-30 10:17:06.717392,[93.63564013],2.308903769761865e-06,2.322244043195513e-06,2.362437879541931e-06,2.429962867589773e-06,2.52547412540171e-06,2.649584639048012e-06,2.802544547767944e-06,2.983814684109976e-06,3.1915408473456863e-06,3.421955888242904e-06,3.668767669146569e-06,3.922631011747375e-06,4.170845640075073e-06,4.397459105921041e-06,4.583966525622164e-06,4.710765142912084e-06,4.759418420020975e-06,4.715598511310873e-06,4.572319078705006e-06,4.33279336764245e-06,4.01205139302803e-06,3.636451037484699e-06,3.2405324010292644e-06,2.861322135655265e-06,2.531077328347151e-06,2.27028508327646e-06,2.08312663056547e-06,1.9572566829722376e-06,1.868573145025065e-06,1.7899611482116808e-06,1.70140943916268e-06,1.7899611482116808e-06,1.868573145025065e-06,1.9572566829722376e-06,2.08312663056547e-06,2.27028508327646e-06,2.531077328347151e-06,2.861322135655265e-06,3.2405324010292644e-06,3.636451037484699e-06,4.01205139302803e-06,4.33279336764245e-06,4.572319078705006e-06,4.715598511310873e-06,4.759418420020975e-06,4.710765142912084e-06,4.583966525622164e-06,4.397459105921041e-06,4.170845640075073e-06,3.922631011747375e-06,3.668767669146569e-06,3.421955888242904e-06,3.1915408473456863e-06,2.983814684109976e-06,2.802544547767944e-06,2.649584639048012e-06,2.52547412540171e-06,2.429962867589773e-06,2.362437879541931e-06,2.322244043195513e-06,2.308903769761865e-06
2026-07-30 10:17:06.742645,[66.06233418],5.550663444940518e-09,5.5817776073059845e-09,5.676159208156364e-09,5.836931636511731e-09,6.069309099818336e-09,6.3805663974799026e-09,6.7799023171468375e-09,7.2780863309910406e-09,7.886732729807302e-09,8.617008352976734e-09,9.477574132000154e-09,1.0471623493286884e-08,1.1593054124155498e-08,1.2822122339454712e-08,1.4121366818951832e-08,1.5433059716120858e-08,1.667976247398177e-08,1.7769476074401857e-08,1.8606146000664347e-08,1.9104843916206668e-08,1.9209053278584528e-08,1.8905762124223183e-08,1.8233374097857665e-08,1.7278519297122205e-08,1.6160812249768444e-08,1.5008684492269017e-08,1.3933031679580112e-08,1.3006810324162233e-08,1.2256902988883385e-08,1.1670008372653674e-08,1.12089129107669e-08,1.1670008372653674e-08,1.2256902988883385e-08,1.3006810324162233e-08,1.3933031679580112e-08,1.5008684492269017e-08,1.6160812249768444e-08,1.7278519297122205e-08,1.8233374097857665e-08,1.8905762124223183e-08,1.9209053278584528e-08,1.9104843916206668e-08,1.8606146000664347e-08,1.7769476074401857e-08,1.667976247398177e-08,1.5433059716120858e-08,1.4121366818951832e-08,1.2822122339454712e-08,1.1593054124155498e-08,1.0471623493286884e-08,9.477574132000154e-09,8.617008352976734e-09,7.886732729807302e-09,7.2780863309910406e-09,6.7799023171468375e-09,6.3805663974799026e-09,6.069309099818336e-09,5.836931636511731e-09,5.676159208156364e-09,5.5817776073059845e-09,5.550663444940518e-09
2026-07-30 10:17:06.768393,[66.06233418],5.550663444940518e-09,5.5817776073059845e-09,5.676159208156364e-09,5.836931636511731e-09,6.069309099818336e-09,6.3805663974799026e-09,6.7799023171468375e-09,7.2780863309910406e-09,7.886732729807302e-09,8.617008352976734e-09,9.477574132000154e-09,1.0471623493286884e-08,1.1593054124155498e-08,1.2822122339454712e-08,1.4121366818951832e-08,1.5433059716120858e-08,1.667976247398177e-08,1.7769476074401857e-08,1.8606146000664347e-08,1.9104843916206668e-08,1.9209053278584528e-08,1.8905762124223183e-08,1.8233374097857665e-08,1.7278519297122205e-08,1.6160812249768444e-08,1.5008684492269017e-08,1.3933031679580112e-08,1.3006810324162233e-08,1.2256902988883385e-08,1.1670008372653674e-08,1.12089129107669e-08,1.1670008372653674e-08,1.2256902988883385e-08,1.3006810324162233e-08,1.3933031679580112e-08,1.5008684492269017e-08,1.6160812249768444e-08,1.7278519297122205e-08,1.8233374097857665e-08,1.8905762124223183e-08,1.9209053278584528e-08,1.9104843916206668e-08,1.8606146000664347e-08,1.7769476074401857e-08,1.667976247398177e-08,1.5433059716120858e-08,1.4121366818951832e-08,1.2822122339454712e-08,1.1593054124155498e-08,1.0471623493286884e-08,9.477574132000154e-09,8.617008352976734e-09,7.886732729807302e-09,7.2780863309910406e-09,6.7799023171468375e-09,6.3805663974799026e-09,6.069309099818336e-09,5.836931636511731e-09,5.676159208156364e-09,5.5817776073059845e-09,5.550663444940518e-09
2026-07-30 10:17:07.701009,[93.01213462],2.224292833196791e-06,2.2369039743670083e-06,2.2748604239249483e-06,2.338494072783396e-06,2.4282320875389903e-06,2.544401581464946e-06,2.686946208394668e-06,2.855051416842783e-06,3.046684215946029e-06,3.258070412273133e-06,3.48315874312362e-06,3.7131568472473448e-06,3.93626492244144e-06,4.137770184331724e-06,4.300682818442427e-06,4.407069313263923e-06,4.4401470635900256e-06,4.387028596772814e-06,4.241753046144036e-06,4.007966444834014e-06,3.700409249185269e-06,3.3443691893153017e-06,2.972573662961636e-06,2.6196538673617323e-06,2.31518520488527e-06,2.0771032116543125e-06,1.907633833857505e-06,1.7934633210012065e-06,1.7106740525879604e-06,1.6333224136236674e-06,1.5430591599376626e-06,1.6333224136236674e-06,1.7106740525879604e-06,1.7934633210012065e-06,1.907633833857505e-06,2.0771032116543125e-06,2.31518520488527e-06,2.6196538673617323e-06,2.972573662961636e-06,3.3443691893153017e-06,3.700409249185269e-06,4.007966444834014e-06,4.241753046144036e-06,4.387028596772814e-06,4.4401470635900256e-06,4.407069313263923e-06,4.300682818442427e-06,4.137770184331724e-06,3.93626492244144e-06,3.7131568472473448e-06,3.48315874312362e-06,3.258070412273133e-06,3.046684215946029e-06,2.855051416842783e-06,2.686946208394668e-06,2.544401581464946e-06,2.4282320875389903e-06,2.338494072783396e-06,2.2748604239249483e-06,2.2369039743670083e-06,2.224292833196791e-06
2026-07-30 10:17:07.725290,[93.01213462],2.224292833196791e-06,2.2369039743670083e-06,2.2748604239249483e-06,2.338494072783396e-06,2.4282320875389903e-06,2.544401581464946e-06,2.686946208394668e-06,2.855051416842783e-06,3.046684215946029e-06,3.258070412273133e-06,3.48315874312362e-06,3.7131568472473448e-06,3.93626492244144e-06,4.137770184331724e-06,4.300682818442427e-06,4.407069313263923e-06,4.4401470635900256e-06,4.387028596772814e-06,4.241753046144036e-06,4.007966444834014e-06,3.700409249185269e-06,3.3443691893153017e-06,2.972573662961636e-06,2.6196538673617323e-06,2.31518520488527e-06,2.0771032116543125e-06,1.907633833857505e-06,1.7934633210012065e-06,1.7106740525879604e-06,1.6333224136236674e-06,1.5430591599376626e-06,1.6333224136236674e-06,1.7106740525879604e-06,1.7934633210012065e-06,1.907633833857505e-06,2.0771032116543125e-06,2.31518520488527e-06,2.6196538673617323e-06,2.972573662961636e-06,3.3443691893153017e-06,3.700409249185269e-06,4.007966444834014e-06,4.241753046144036e-06,4.387028596772814e-06,4.4401470635900256e-06,4.407069313263923e-06,4.300682818442427e-06,4.137770184331724e-06,3.93626492244144e-06,3.7131568472473448e-06,3.48315874312362e-06,3.258070412273133e-06,3.046684215946029e-06,2.855051416842783e-06,2.686946208394668e-06,2.544401581464946e-06,2.4282320875389903e-06,2.338494072783396e-06,2.2748604239249483e-06,2.2369039743670083e-06,2.224292833196791e-06
2026-07-30 10:17:07.750906,[83.60966739],1.3021270074970981e-07,1.304194685978842e-07,1.3105829235364256e-07,1.3218306224194908e-07,1.3387756260104616e-07,1.3624490860340618e-07,1.3939016160520693e-07,1.4339462200676253e-07,1.4828158250528837e-07,1.539759544725102e-07,1.602641445782369e-07,1.667652212053282e-07,1.7292823098799465e-07,1.7807106125763377e-07,1.8147071391841426e-07,1.8250145643447778e-07,1.80797078760931e-07,1.7639188577299304e-07,1.6978201978159898e-07,1.61855737312213e-07,1.5367550513992384e-07,1.4615207096622725e-07,1.3971177285104666e-07,1.340929884107358e-07,1.2838773497563096e-07,1.2136219760780522e-07,1.1197016333035199e-07,9.986922714635657e-08,8.571915658626607e-08,7.111413067484334e-08,5.8152853676298085e-08,7.111413067484334e-08,8.571915658626607e-08,9.986922714635657e-08,1.1197016333035199e-07,1.2136219760780522e-07,1.2838773497563096e-07,1.340929884107358e-07,1.3971177285104666e-07,1.4615207096622725e-07,1.5367550513992384e-07,1.61855737312213e-07,1.6978201978159898e-07,1.7639188577299304e-07,1.80797078760931e-07,1.8250145643447778e-07,1.8147071391841426e-07,1.7807106125763377e-07,1.7292823098799465e-07,1.667652212053282e-07,1.602641445782369e-07,1.539759544725102e-07,1.4828158250528837e-07,1.4339462200676253e-07,1.3939016160520693e-07,1.3624490860340618e-07,1.3387756260104616e-07,1.3218306224194908e-07,1.3105829235364256e-07,1.304194685978842e-07,1.3021270074970981e-07
2026-07-30 10:17:08.743067,[93.50916049],2.370485188061551e-06,2.384006554372952e-06,2.4247376403556658e-06,2.493136083531674e-06,2.5898175731302384e-06,2.715327178294678e-06,2.869806958647345e-06,3.052557048644583e-06,3.2615002419734843e-06,3.492582695439295e-06,3.73917599600247e-06,3.991585969850569e-06,4.236814499092588e-06,4.458750169227684e-06,4.638964506983392e-06,4.758242762716426e-06,4.798864394956515e-06,4.747463619169345e-06,4.5980634908543e-06,4.35464060901852e-06,4.032428665739103e-06,3.6572124798560593e-06,3.262183795327738e-06,2.8825350580163023e-06,2.548743724169444e-06,2.2802018684645817e-06,2.081156429512638e-06,1.940583770536461e-06,1.8365785542374452e-06,1.7443493590831704e-06,1.64550936901306e-06,1.7443493590831704e-06,1.8365785542374452e-06,1.940583770536461e-06,2.081156429512638e-06,2.2802018684645817e-06,2.548743724169444e-06,2.8825350580163023e-06,3.262183795327738e-06,3.6572124798560593e-06,4.032428665739103e-06,4.35464060901852e-06,4.5980634908543e-06,4.747463619169345e-06,4.798864394956515e-06,4.758242762716426e-06,4.638964506983392e-06,4.458750169227684e-06,4.236814499092588e-06,3.991585969850569e-06,3.73917599600247e-06,3.492582695439295e-06,3.2615002419734843e-06,3.052557048644583e-06,2.869806958647345e-06,2.715327178294678e-06,2.5898175731302384e-06,2.493136083531674e-06,2.4247376403556658e-06,2.384006554372952e-06,2.370485188061551e-06
2026-07-30 10:17:08.768614,[93.50916049],2.370485188061551e-06,2.384006554372952e-06,2.4247376403556658e-06,2.493136083531674e-06,2.5898175731302384e-06,2.715327178294678e-06,2.869806958647345e-06,3.052557048644583e-06,3.2615002419734843e-06,3.492582695439295e-06,3.73917599600247e-06,3.991585969850569e-06,4.236814499092588e-06,4.458750169227684e-06,4.638964506983392e-06,4.758242762716426e-06,4.798864394956515e-06,4.747463619169345e-06,4.5980634908543e-06,4.35464060901852e-06,4.032428665739103e-06,3.6572124798560593e-06,3.262183795327738e-06,2.8825350580163023e-06,2.548743724169444e-06,2.2802018684645817e-06,2.081156429512638e-06,1.940583770536461e-06,1.8365785542374452e-06,1.7443493590831704e-06,1.64550936901306e-06,1.7443493590831704e-06,1.8365785542374452e-06,1.940583770536461e-06,2.081156429512638e-06,2.2802018684645817e-06,2.548743724169444e-06,2.8825350580163023e-06,3.262183795327738e-06,3.6572124798560593e-06,4.032428665739103e-06,4.35464060901852e-06,4.5980634908543e-06,4.747463619169345e-06,4.798864394956515e-06,4.758242762716426e-06,4.638964506983392e-06,4.458750169227684e-06,4.236814499092588e-06,3.991585969850569e-06,3.73917599600247e-06,3.492582695439295e-06,3.2615002419734843e-06,3.052557048644583e-06,2.869806958647345e-06,2.715327178294678e-06,2.5898175731302384e-06,2.493136083531674e-06,2.4247376403556658e-06,2.384006554372952e-06,2.370485188061551e-06
2026-07-30 10:17:09.748546,[93.45183065],2.4124987166811705e-06,2.4261415539324645e-06,2.467231651122721e-06,2.536209429110699e-06,2.6336585519816248e-06,2.7600724620308272e-06,2.915515880320487e-06,3.099179491623914e-06,3.308839674142111e-06,3.5402586909310134e-06,3.786594200710294e-06,4.037927207553863e-06,4.281057168325216e-06,4.4997391663037455e-06,4.67553338996988e-06,4.7893824331470495e-06,4.823912329614282e-06,4.766267460586046e-06,4.611060207600252e-06,4.36279764357417e-06,4.037023531466486e-06,3.659480170535216e-06,3.262922269125414e-06,2.88180209506848e-06,2.545776364182999e-06,2.273628597787007e-06,2.069464798827893e-06,1.922692675401983e-06,1.8122989085877304e-06,1.7145399677551975e-06,1.6118485548359598e-06,1.7145399677551975e-06,1.8122989085877304e-06,1.922692675401983e-06,2.069464798827893e-06,2.273628597787007e-06,2.545776364182999e-06,2.88180209506848e-06,3.262922269125414e-06,3.659480170535216e-06,4.037023531466486e-06,4.36279764357417e-06,4.611060207600252e-06,4.766267460586046e-06,4.823912329614282e-06,4.7893824331470495e-06,4.67553338996988e-06,4.4997391663037455e-06,4.281057168325216e-06,4.037927207553863e-06,3.786594200710294e-06,3.5402586909310134e-06,3.308839674142111e-06,3.099179491623914e-06,2.915515880320487e-06,2.7600724620308272e-06,2.6336585519816248e-06,2.536209429110699e-06,2.467231651122721e-06,2.4261415539324645e-06,2.4124987166811705e-06
2026-07-30 10:17:09.772123,[66.44094067],1.9776318118994932e-09,1.984798153433313e-09,2.006418205079363e-09,2.0428579774501647e-09,2.094737015945708e-09,2.1629407324449678e-09,2.248629858866957e-09,2.353230998457057e-09,2.478378886947669e-09,2.6257677410934227e-09,2.7968652572731355e-09,2.992462816431613e-09,3.2120947869547522e-09,3.453465487230496e-09,3.712158114129894e-09,3.982012328229512e-09,4.256554383755546e-09,4.531641381779213e-09,4.808982609891543e-09,5.099496690169307e-09,5.424807962943477e-09,5.814988391254825e-09,6.301317272775885e-09,6.904497862802125e-09,7.621064215865681e-09,8.412710433130753e-09,9.20381054285606e-09,9.890657938390884e-09,1.0362091620923216e-08,1.0526525775638102e-08,1.0337025013096329e-08,1.0526525775638102e-08,1.0362091620923216e-08,9.890657938390884e-09,9.20381054285606e-09,8.412710433130753e-09,7.621064215865681e-09,6.904497862802125e-09,6.301317272775885e-09,5.814988391254825e-09,5.424807962943477e-09,5.099496690169307e-09,4.808982609891543e-09,4.531641381779213e-09,4.256554383755546e-09,3.982012328229512e-09,3.712158114129894e-09,3.453465487230496e-09,3.2120947869547522e-09,2.992462816431613e-09,2.7968652572731355e-09,2.6257677410934227e-09,2.478378886947669e-09,2.353230998457057e-09,2.248629858866957e-09,2.1629407324449678e-09,2.094737015945708e-09,2.0428579774501647e-09,2.006418205079363e-09,1.984798153433313e-09,1.9776318118994932e-09
2026-07-30 10:17:09.797039,[66.44094067],1.9776318118994932e-09,1.984798153433313e-09,2.006418205079363e-09,2.0428579774501647e-09,2.094737015945708e-09,2.1629407324449678e-09,2.248629858866957e-09,2.353230998457057e-09,2.478378886947669e-09,2.6257677410934227e-09,2.7968652572731355e-09,2.992462816431613e-09,3.2120947869547522e-09,3.453465487230496e-09,3.712158114129894e-09,3.982012328229512e-09,4.256554383755546e-09,4.531641381779213e-09,4.808982609891543e-09,5.099496690169307e-09,5.424807962943477e-09,5.814988391254825e-09,6.301317272775885e-09,6.904497862802125e-09,7.621064215865681e-09,8.412710433130753e-09,9.20381054285606e-09,9.890657938390884e-09,1.0362091620923216e-08,1.0526525775638102e-08,1.0337025013096329e-08,1.0526525775638102e-08,1.0362091620923216e-08,9.890657938390884e-09,9.20381054285606e-09,8.412710433130753e-09,7.621064215865681e-09,6.904497862802125e-09,6.301317272775885e-09,5.814988391254825e-09,5.424807962943477e-09,5.099496690169307e-09,4.808982609891543e-09,4.531641381779213e-09,4.256554383755546e-09,3.982012328229512e-09,3.712158114129894e-09,3.453465487230496e-09,3.2120947869547522e-09,2.992462816431613e-09,2.7968652572731355e-09,2.6257677410934227e-09,2.478378886947669e-09,2.353230998457057e-09,2.248629858866957e-09,2.1629407324449678e-09,2.094737015945708e-09,2.0428579774501647e-09,2.006418205079363e-09,1.984798153433313e-09,1.9776318118994932e-09
2026-07-30 10:17:10.752340,[93.38274541],2.438427138798127e-06,2.452095843743621e-06,2.4932609545342694e-06,2.562354756485393e-06,2.6599461261325238e-06,2.786505239778312e-06,2.942062664954644e-06,3.125761464371971e-06,3.335315037210861e-06,3.566407568034406e-06,3.8121079425201834e-06,4.0624084090876245e-06,4.30403813279302e-06,4.520725860029439e-06,4.694077576052567e-06,4.805175707329106e-06,4.836883001703008e-06,4.776648167809488e-06,4.619387196456463e-06,4.36980936131624e-06,4.043451519055835e-06,3.665766985008412e-06,3.2689466738726777e-06,2.886719759298259e-06,2.548073013612556e-06,2.271422280869576e-06,2.0609979231787803e-06,1.9068598572110091e-06,1.7890110467037016e-06,1.684762237292426e-06,1.577267977696097e-06,1.684762237292426e-06,1.7890110467037016e-06,1.9068598572110091e-06,2.0609979231787803e-06,2.271422280869576e-06,2.548073013612556e-06,2.886719759298259e-06,3.2689466738726777e-06,3.665766985008412e-06,4.043451519055835e-06,4.36980936131624e-06,4.619387196456463e-06,4.776648167809488e-06,4.836883001703008e-06,4.805175707329106e-06,4.694077576052567e-06,4.520725860029439e-06,4.30403813279302e-06,4.0624084090876245e-06,3.8121079425201834e-06,3.566407568034406e-06,3.335315037210861e-06,3.125761464371971e-06,2.942062664954644e-06,2.786505239778312e-06,2.6599461261325238e-06,2.562354756485393e-06,2.4932609545342694e-06,2.452095843743621e-06,2.438427138798127e-06
2026-07-30 10:17:10.777239,[67.61924569],3.042076127805694e-09,3.054252623306639e-09,3.091163755665132e-09,3.154010239753957e-09,3.2449783813338882e-09,3.367510099678758e-09,3.526648621035087e-09,3.729389540732846e-09,3.984899783399944e-09,4.304383038756945e-09,4.700295236666921e-09,5.184595640784247e-09,5.7658240412692405e-09,6.445084597325885e-09,7.211509370671438e-09,8.038388611320771e-09,8.881673197676069e-09,9.68264237967283e-09,1.037584773143144e-08,1.0901854524976896e-08,1.1222094035161929e-08,1.1331126624681392e-08,1.1260939518158081e-08,1.1073516788060922e-08,1.0841903451190168e-08,1.0625112418684141e-08,1.0446176868530309e-08,1.0283041873124274e-08,1.0077763795979208e-08,9.761906751192905e-09,9.288444467957102e-09,9.761906751192905e-09,1.0077763795979208e-08,1.0283041873124274e-08,1.0446176868530309e-08,1.0625112418684141e-08,1.0841903451190168e-08,1.1073516788060922e-08,1.1260939518158081e-08,1.1331126624681392e-08,1.1222094035161929e-08,1.0901854524976896e-08,1.037584773143144e-08,9.68264237967283e-09,8.881673197676069e-09,8.038388611320771e-09,7.211509370671438e-09,6.445084597325885e-09,5.7658240412692405e-09,5.184595640784247e-09,4.700295236666921e-09,4.304383038756945e-09,3.984899783399944e-09,3.729389540732846e-09,3.526648621035087e-09,3.367510099678758e-09,3.2449783813338882e-09,3.154010239753957e-09,3.091163755665132e-09,3.054252623306639e-09,3.042076127805694e-09
2026-07-30 10:17:10.801250,[67.61924569],3.042076127805694e-09,3.054252623306639e-09,3.091163755665132e-09,3.154010239753957e-09,3.2449783813338882e-09,3.367510099678758e-09,3.526648621035087e-09,3.729389540732846e-09,3.984899783399944e-09,4.304383038756945e-09,4.700295236666921e-09,5.184595640784247e-09,5.7658240412692405e-09,6.445084597325885e-09,7.211509370671438e-09,8.038388611320771e-09,8.881673197676069e-09,9.68264237967283e-09,1.037584773143144e-08,1.0901854524976896e-08,1.1222094035161929e-08,1.1331126624681392e-08,1.1260939518158081e-08,1.1073516788060922e-08,1.0841903451190168e-08,1.0625112418684141e-08,1.0446176868530309e-08,1.0283041873124274e-08,1.0077763795979208e-08,9.761906751192905e-09,9.288444467957102e-09,9.761906751192905e-09,1.0077763795979208e-08,1.0283041873124274e-08,1.0446176868530309e-08,1.0625112418684141e-08,1.0841903451190168e-08,1.1073516788060922e-08,1.1260939518158081e-08,1.1331126624681392e-08,1.1222094035161929e-08,1.0901854524976896e-08,1.037584773143144e-08,9.68264237967283e-09,8.881673197676069e-09,8.038388611320771e-09,7.211509370671438e-09,6.445084597325885e-09,5.7658240412692405e-09,5.184595640784247e-09,4.700295236666921e-09,4.304383038756945e-09,3.984899783399944e-09,3.729389540732846e-09,3.526648621035087e-09,3.367510099678758e-09,3.2449783813338882e-09,3.154010239753957e-09,3.091163755665132e-09,3.054252623306639e-09,3.042076127805694e-09
2026-07-30 10:17:11.749958,[93.32318364],2.4752797581210197e-06,2.4889998891310844e-06,2.530314639270173e-06,2.599641922371691e-06,2.697525166539657e-06,2.8243958771265503e-06,2.980230015724846e-06,3.1640973291718662e-06,3.373617272389747e-06,3.604359836136049e-06,3.849264069023942e-06,4.098187680673229e-06,4.3377394369247485e-06,4.551568435037776e-06,4.721272953325273e-06,4.828028184534254e-06,4.8549049445047936e-06,4.789664012002259e-06,4.627591095789719e-06,4.373742348516173e-06,4.043879963529231e-06,3.663475219331591e-06,3.264495095219155e-06,2.8802498620244367e-06,2.5392444592671087e-06,2.259532875211053e-06,2.045270073595695e-06,1.8868009022127903e-06,1.7647056862549689e-06,1.65696365255399e-06,1.54722670011584e-06,1.65696365255399e-06,1.7647056862549689e-06,1.8868009022127903e-06,2.045270073595695e-06,2.259532875211053e-06,2.5392444592671087e-06,2.8802498620244367e-06,3.264495095219155e-06,3.663475219331591e-06,4.043879963529231e-06,4.373742348516173e-06,4.627591095789719e-06,4.789664012002259e-06,4.8549049445047936e-06,4.828028184534254e-06,4.721272953325273e-06,4.551568435037776e-06,4.3377394369247485e-06,4.098187680673229e-06,3.849264069023942e-06,3.604359836136049e-06,3.373617272389747e-06,3.1640973291718662e-06,2.980230015724846e-06,2.8243958771265503e-06,2.697525166539657e-06,2.599641922371691e-06,2.530314639270173e-06,2.4889998891310844e-06,2.4752797581210197e-06
2026-07-30 10:17:11.774392,[66.07429285],4.800883604226484e-09,4.819512737101351e-09,4.87588888905657e-09,4.971517124889044e-09,5.109031220883861e-09,5.292364030640957e-09,5.526938187183073e-09,5.819801954921298e-09,6.179581003068256e-09,6.616053930020214e-09,7.139108661630306e-09,7.756836139670664e-09,8.4726177972107e-09,9.281312231711382e-09,1.0165058878793644e-08,1.1089733435211042e-08,1.2003547394574824e-08,1.2839421021618208e-08,1.3522292722494582e-08,1.3981303589850013e-08,1.4164964926359482e-08,1.4055538401024462e-08,1.3677809680701472e-08,1.3098066122677936e-08,1.2411714507348973e-08,1.1721974789854971e-08,1.1115912234365804e-08,1.0645837971832281e-08,1.0322580367153774e-08,1.0122572804054188e-08,1.0005018457095709e-08,1.0122572804054188e-08,1.0322580367153774e-08,1.0645837971832281e-08,1.1115912234365804e-08,1.1721974789854971e-08,1.2411714507348973e-08,1.3098066122677936e-08,1.3677809680701472e-08,1.4055538401024462e-08,1.4164964926359482e-08,1.3981303589850013e-08,1.3522292722494582e-08,1.2839421021618208e-08,1.2003547394574824e-08,1.1089733435211042e-08,1.0165058878793644e-08,9.281312231711382e-09,8.4726177972107e-09,7.756836139670664e-09,7.139108661630306e-09,6.616053930020214e-09,6.179581003068256e-09,5.819801954921298e-09,5.526938187183073e-09,5.292364030640957e-09,5.109031220883861e-09,4.971517124889044e-09,4.87588888905657e-09,4.819512737101351e-09,4.800883604226484e-09
2026-07-30 10:17:11.800805,[66.07429285],4.800883604226484e-09,4.819512737101351e-09,4.87588888905657e-09,4.971517124889044e-09,5.109031220883861e-09,5.292364030640957e-09,5.526938187183073e-09,5.819801954921298e-09,6.179581003068256e-09,6.616053930020214e-09,7.139108661630306e-09,7.756836139670664e-09,8.4726177972107e-09,9.281312231711382e-09,1.0165058878793644e-08,1.1089733435211042e-08,1.2003547394574824e-08,1.2839421021618208e-08,1.3522292722494582e-08,1.3981303589850013e-08,1.4164964926359482e-08,1.4055538401024462e-08,1.3677809680701472e-08,1.3098066122677936e-08,1.2411714507348973e-08,1.1721974789854971e-08,1.1115912234365804e-08,1.0645837971832281e-08,1.0322580367153774e-08,1.0122572804054188e-08,1.0005018457095709e-08,1.0122572804054188e-08,1.0322580367153774e-08,1.0645837971832281e-08,1.1115912234365804e-08,1.1721974789854971e-08,1.2411714507348973e-08,1.3098066122677936e-08,1.3677809680701472e-08,1.4055538401024462e-08,1.4164964926359482e-08,1.3981303589850013e-08,1.3522292722494582e-08,1.2839421021618208e-08,1.2003547394574824e-08,1.1089733435211042e-08,1.0165058878793644e-08,9.281312231711382e-09,8.4726177972107e-09,7.756836139670664e-09,7.139108661630306e-09,6.616053930020214e-09,6.179581003068256e-09,5.819801954921298e-09,5.526938187183073e-09,5.292364030640957e-09,5.109031220883861e-09,4.971517124889044e-09,4.87588888905657e-09,4.819512737101351e-09,4.800883604226484e-09
2026-07-30 10:17:12.744425,[93.24643704],2.496816507390906e-06,2.5105099259292983e-06,2.551745294776779e-06,2.6209429487335827e-06,2.7186507884460832e-06,2.8453072660161576e-06,3.000897947877757e-06,3.184504537616606e-06,3.3937599292572395e-06,3.624247892868097e-06,3.868920976748299e-06,4.117651265675612e-06,4.357067010587737e-06,4.570849697831449e-06,4.740652671122628e-06,4.847735862432767e-06,4.875280712182727e-06,4.811160639534377e-06,4.650726039858567e-06,4.398977286257754e-06,4.071423680602093e-06,3.693039042762437e-06,3.2950695207534976e-06,2.9099989285150744e-06,2.565609975107771e-06,2.279590961742397e-06,2.056294215775593e-06,1.8868889964483625e-06,1.7532684648656208e-06,1.634887161897944e-06,1.5166213276842226e-06,1.634887161897944e-06,1.7532684648656208e-06,1.8868889964483625e-06,2.056294215775593e-06,2.279590961742397e-06,2.565609975107771e-06,2.9099989285150744e-06,3.2950695207534976e-06,3.693039042762437e-06,4.071423680602093e-06,4.398977286257754e-06,4.650726039858567e-06,4.811160639534377e-06,4.875280712182727e-06,4.847735862432767e-06,4.740652671122628e-06,4.570849697831449e-06,4.357067010587737e-06,4.117651265675612e-06,3.868920976748299e-06,3.624247892868097e-06,3.3937599292572395e-06,3.184504537616606e-06,3.000897947877757e-06,2.8453072660161576e-06,2.7186507884460832e-06,2.6209429487335827e-06,2.551745294776779e-06,2.5105099259292983e-06,2.496816507390906e-06
2026-07-30 10:17:12.769911,[93.24643704],2.496816507390906e-06,2.5105099259292983e-06,2.551745294776779e-06,2.6209429487335827e-06,2.7186507884460832e-06,2.8453072660161576e-06,3.000897947877757e-06,3.184504537616606e-06,3.3937599292572395e-06,3.624247892868097e-06,3.868920976748299e-06,4.117651265675612e-06,4.357067010587737e-06,4.570849697831449e-06,4.740652671122628e-06,4.847735862432767e-06,4.875280712182727e-06,4.811160639534377e-06,4.650726039858567e-06,4.398977286257754e-06,4.071423680602093e-06,3.693039042762437e-06,3.2950695207534976e-06,2.9099989285150744e-06,2.565609975107771e-06,2.279590961742397e-06,2.056294215775593e-06,1.8868889964483625e-06,1.7532684648656208e-06,1.634887161897944e-06,1.5166213276842226e-06,1.634887161897944e-06,1.7532684648656208e-06,1.8868889964483625e-06,2.056294215775593e-06,2.279590961742397e-06,2.565609975107771e-06,2.9099989285150744e-06,3.2950695207534976e-06,3.693039042762437e-06,4.071423680602093e-06,4.398977286257754e-06,4.650726039858567e-06,4.811160639534377e-06,4.875280712182727e-06,4.847735862432767e-06,4.740652671122628e-06,4.570849697831449e-06,4.357067010587737e-06,4.117651265675612e-06,3.868920976748299e-06,3.624247892868097e-06,3.3937599292572395e-06,3.184504537616606e-06,3.000897947877757e-06,2.8453072660161576e-06,2.7186507884460832e-06,2.6209429487335827e-06,2.551745294776779e-06,2.5105099259292983e-06,2.496816507390906e-06
2026-07-30 10:17:12.795066,[66.73261506],4.3590012491093506e-09,4.373565075889821e-09,4.417689080290464e-09,4.492718100975086e-09,4.601046977839303e-09,4.746332865978879e-09,4.933744795103281e-09,5.170176944858815e-09,5.4643010754355195e-09,5.826275480597682e-09,6.2668829381149365e-09,6.7958730216502806e-09,7.419379401810761e-09,8.136509772837488e-09,8.93557142511097e-09,9.79083938978672e-09,1.0661147284818494e-08,1.1491658717455157e-08,1.2219732170400912e-08,1.2784725803082667e-08,1.3140071959544598e-08,1.3264489770482377e-08,1.3168527059001786e-08,1.2893368497018351e-08,1.2501148808136349e-08,1.2059211382135652e-08,1.1623507114047326e-08,1.1227167932092163e-08,1.0878450153864932e-08,1.056827133820212e-08,1.0283249870631052e-08,1.056827133820212e-08,1.0878450153864932e-08,1.1227167932092163e-08,1.1623507114047326e-08,1.2059211382135652e-08,1.2501148808136349e-08,1.2893368497018351e-08,1.3168527059001786e-08,1.3264489770482377e-08,1.3140071959544598e-08,1.2784725803082667e-08,1.2219732170400912e-08,1.1491658717455157e-08,1.0661147284818494e-08,9.79083938978672e-09,8.93557142511097e-09,8.136509772837488e-09,7.419379401810761e-09,6.7958730216502806e-09,6.2668829381149365e-09,5.826275480597682e-09,5.4643010754355195e-09,5.170176944858815e-09,4.933744795103281e-09,4.746332865978879e-09,4.601046977839303e-09,4.492718100975086e-09,4.417689080290464e-09,4.373565075889821e-09,4.3590012491093506e-09
2026-07-30 10:17:13.755152,[93.16325937],2.534118563483255e-06,2.5477950002966056e-06,2.588973782375957e-06,2.658058284509416e-06,2.755568023900087e-06,2.881901481042069e-06,3.0369924857851323e-06,3.219859194859923e-06,3.428059566227068e-06,3.6570925783256593e-06,3.8998198301558656e-06,4.146023582429084e-06,4.3822557308241255e-06,4.592153087136189e-06,4.7573790954771214e-06,4.859282528344333e-06,4.881229549042407e-06,4.811373995409442e-06,4.645414726311542e-06,4.388709123499344e-06,4.057047955296769e-06,3.675524321814705e-06,3.2752857272509778e-06,2.8885079218148027e-06,2.5425449251476006e-06,2.2546884584237757e-06,2.029091243172e-06,1.8570251993301504e-06,1.720774063147716e-06,1.6003223186401594e-06,1.4809809699041433e-06,1.6003223186401594e-06,1.720774063147716e-06,1.8570251993301504e-06,2.029091243172e-06,2.2546884584237757e-06,2.5425449251476006e-06,2.8885079218148027e-06,3.2752857272509778e-06,3.675524321814705e-06,4.057047955296769e-06,4.388709123499344e-06,4.645414726311542e-06,4.811373995409442e-06,4.881229549042407e-06,4.859282528344333e-06,4.7573790954771214e-06,4.592153087136189e-06,4.3822557308241255e-06,4.146023582429084e-06,3.8998198301558656e-06,3.6570925783256593e-06,3.428059566227068e-06,3.219859194859923e-06,3.0369924857851323e-06,2.881901481042069e-06,2.755568023900087e-06,2.658058284509416e-06,2.588973782375957e-06,2.5477950002966056e-06,2.534118563483255e-06
2026-07-30 10:17:13.783136,[67.21735012],4.161179806658572e-09,4.17503444884261e-09,4.217119650426722e-09,4.289041458449341e-09,4.393609922706839e-09,4.5350102360126154e-09,4.7189753914309725e-09,4.952874766094611e-09,5.2455907295813184e-09,5.607016797410422e-09,6.046997127752058e-09,6.5735686295098715e-09,7.190495595475885e-09,7.894319838431738e-09,8.671465719729674e-09,9.496257800619843e-09,1.0330883438209922e-08,1.1128186992835826e-08,1.1837588918598046e-08,1.2413411755669772e-08,1.2823736446161011e-08,1.3057100242802492e-08,1.312442738387932e-08,1.3054854138759012e-08,1.2886332807107064e-08,1.2654225658372324e-08,1.2382357779136951e-08,1.2080293266920366e-08,1.1747930189797802e-08,1.1384981918267136e-08,1.1000302881222813e-08,1.1384981918267136e-08,1.1747930189797802e-08,1.2080293266920366e-08,1.2382357779136951e-08,1.2654225658372324e-08,1.2886332807107064e-08,1.3054854138759012e-08,1.312442738387932e-08,1.3057100242802492e-08,1.2823736446161011e-08,1.2413411755669772e-08,1.1837588918598046e-08,1.1128186992835826e-08,1.0330883438209922e-08,9.496257800619843e-09,8.671465719729674e-09,7.894319838431738e-09,7.190495595475885e-09,6.5735686295098715e-09,6.046997127752058e-09,5.607016797410422e-09,5.2455907295813184e-09,4.952874766094611e-09,4.7189753914309725e-09,4.5350102360126154e-09,4.393609922706839e-09,4.289041458449341e-09,4.217119650426722e-09,4.17503444884261e-09,4.161179806658572e-09
2026-07-30 10:17:13.808272,[67.21735012],4.161179806658572e-09,4.17503444884261e-09,4.217119650426722e-09,4.289041458449341e-09,4.393609922706839e-09,4.5350102360126154e-09,4.7189753914309725e-09,4.952874766094611e-09,5.2455907295813184e-09,5.607016797410422e-09,6.046997127752058e-09,6.5735686295098715e-09,7.190495595475885e-09,7.894319838431738e-09,8.671465719729674e-09,9.496257800619843e-09,1.0330883438209922e-08,1.1128186992835826e-08,1.1837588918598046e-08,1.2413411755669772e-08,1.2823736446161011e-08,1.3057100242802492e-08,1.312442738387932e-08,1.3054854138759012e-08,1.2886332807107064e-08,1.2654225658372324e-08,1.2382357779136951e-08,1.2080293266920366e-08,1.1747930189797802e-08,1.1384981918267136e-08,1.1000302881222813e-08,1.1384981918267136e-08,1.1747930189797802e-08,1.2080293266920366e-08,1.2382357779136951e-08,1.2654225658372324e-08,1.2886332807107064e-08,1.3054854138759012e-08,1.312442738387932e-08,1.3057100242802492e-08,1.2823736446161011e-08,1.2413411755669772e-08,1.1837588918598046e-08,1.1128186992835826e-08,1.0330883438209922e-08,9.496257800619843e-09,8.671465719729674e-09,7.894319838431738e-09,7.190495595475885e-09,6.5735686295098715e-09,6.046997127752058e-09,5.607016797410422e-09,5.2455907295813184e-09,4.952874766094611e-09,4.7189753914309725e-09,4.5350102360126154e-09,4.393609922706839e-09,4.289041458449341e-09,4.217119650426722e-09,4.17503444884261e-09,4.161179806658572e-09
2026-07-30 10:17:14.740738,[93.08676157],2.567159665730366e-06,2.5807883276476647e-06,2.621818110542225e-06,2.6906355748962187e-06,2.7877329149736925e-06,2.913471838750377e-06,3.06774143939691e-06,3.249509076107074e-06,3.4562781843181607e-06,3.6834923748195866e-06,3.923960772567636e-06,4.1674212580477175e-06,4.400396943064234e-06,4.606522009725558e-06,4.76749700859558e-06,4.8647623692168825e-06,4.881842107077559e-06,4.80711557469385e-06,4.636558151562138e-06,4.375814725065882e-06,4.040913431560771e-06,3.657065805429753e-06,3.2553663664672377e-06,2.867757688180037e-06,2.5212333219041744e-06,2.232706888156602e-06,2.006068032696869e-06,1.8325419400999811e-06,1.6945997009503329e-06,1.572559439691787e-06,1.4520453228158527e-06,1.572559439691787e-06,1.6945997009503329e-06,1.8325419400999811e-06,2.006068032696869e-06,2.232706888156602e-06,2.5212333219041744e-06,2.867757688180037e-06,3.2553663664672377e-06,3.657065805429753e-06,4.040913431560771e-06,4.375814725065882e-06,4.636558151562138e-06,4.80711557469385e-06,4.881842107077559e-06,4.8647623692168825e-06,4.76749700859558e-06,4.606522009725558e-06,4.400396943064234e-06,4.1674212580477175e-06,3.923960772567636e-06,3.6834923748195866e-06,3.4562781843181607e-06,3.249509076107074e-06,3.06774143939691e-06,2.913471838750377e-06,2.7877329149736925e-06,2.6906355748962187e-06,2.621818110542225e-06,2.5807883276476647e-06,2.567159665730366e-06
2026-07-30 10:17:14.765522,[93.08676157],2.567159665730366e-06,2.5807883276476647e-06,2.621818110542225e-06,2.6906355748962187e-06,2.7877329149736925e-06,2.913471838750377e-06,3.06774143939691e-06,3.249509076107074e-06,3.4562781843181607e-06,3.6834923748195866e-06,3.923960772567636e-06,4.1674212580477175e-06,4.400396943064234e-06,4.606522009725558e-06,4.76749700859558e-06,4.8647623692168825e-06,4.881842107077559e-06,4.80711557469385e-06,4.636558151562138e-06,4.375814725065882e-06,4.040913431560771e-06,3.657065805429753e-06,3.2553663664672377e-06,2.867757688180037e-06,2.5212333219041744e-06,2.232706888156602e-06,2.006068032696869e-06,1.8325419400999811e-06,1.6945997009503329e-06,1.572559439691787e-06,1.4520453228158527e-06,1.572559439691787e-06,1.6945997009503329e-06,1.8325419400999811e-06,2.006068032696869e-06,2.232706888156602e-06,2.5212333219041744e-06,2.867757688180037e-06,3.2553663664672377e-06,3.657065805429753e-06,4.040913431560771e-06,4.375814725065882e-06,4.636558151562138e-06,4.80711557469385e-06,4.881842107077559e-06,4.8647623692168825e-06,4.76749700859558e-06,4.606522009725558e-06,4.400396943064234e-06,4.1674212580477175e-06,3.923960772567636e-06,3.6834923748195866e-06,3.4562781843181607e-06,3.249509076107074e-06,3.06774143939691e-06,2.913471838750377e-06,2.7877329149736925e-06,2.6906355748962187e-06,2.621818110542225e-06,2.5807883276476647e-06,2.567159665730366e-06
2026-07-30 10:17:14.792979,[67.32966261],4.034896770899447e-09,4.04861559018373e-09,4.0904423387274086e-09,4.162431140255307e-09,4.268139280657644e-09,4.4127888554945514e-09,4.603407165342613e-09,4.848845116146429e-09,5.159533148175958e-09,5.546804949307424e-09,6.021622733017118e-09,6.5926029457062956e-09,7.263393618216743e-09,8.029699636213087e-09,8.876553651322662e-09,9.776694503784747e-09,1.0690997321803131e-08,1.1571648380027831e-08,1.2368097488291354e-08,1.3034845837762354e-08,1.3539153345284033e-08,1.3866252595444388e-08,1.4020073278755786e-08,1.4018927128040421e-08,1.3887661219417289e-08,1.3649547793742388e-08,1.3321620237024351e-08,1.2915746041758617e-08,1.2444857002111965e-08,1.1930779713953824e-08,1.1408685383290548e-08,1.1930779713953824e-08,1.2444857002111965e-08,1.2915746041758617e-08,1.3321620237024351e-08,1.3649547793742388e-08,1.3887661219417289e-08,1.4018927128040421e-08,1.4020073278755786e-08,1.3866252595444388e-08,1.3539153345284033e-08,1.3034845837762354e-08,1.2368097488291354e-08,1.1571648380027831e-08,1.0690997321803131e-08,9.776694503784747e-09,8.876553651322662e-09,8.029699636213087e-09,7.263393618216743e-09,6.5926029457062956e-09,6.021622733017118e-09,5.546804949307424e-09,5.159533148175958e-09,4.848845116146429e-09,4.603407165342613e-09,4.4127888554945514e-09,4.268139280657644e-09,4.162431140255307e-09,4.0904423387274086e-09,4.04861559018373e-09,4.034896770899447e-09
2026-07-30 10:17:15.737421,[93.06791749],2.527470449218793e-06,2.540078205192273e-06,2.578038620856604e-06,2.641721933375682e-06,2.731605251171193e-06,2.8480545985871363e-06,2.9910076868113245e-06,3.1595547980526418e-06,3.351428270460934e-06,3.562434234525954e-06,3.7858937163508255e-06,4.012201026855974e-06,4.228647655461689e-06,4.41968589452459e-06,4.567799108312083e-06,4.655084432049779e-06,4.6655244368279245e-06,4.587729678406086e-06,4.41770480867683e-06,4.160990926422325e-06,3.833455165035293e-06,3.460123680715365e-06,3.071832840273e-06,2.70006673056588e-06,2.371010256538843e-06,2.100342887923674e-06,1.890384469949813e-06,1.7307368089616769e-06,1.6025958431623372e-06,1.4857174816739185e-06,1.3660321808923994e-06,1.4857174816739185e-06,1.6025958431623372e-06,1.7307368089616769e-06,1.890384469949813e-06,2.100342887923674e-06,2.371010256538843e-06,2.70006673056588e-06,3.071832840273e-06,3.460123680715365e-06,3.833455165035293e-06,4.160990926422325e-06,4.41770480867683e-06,4.587729678406086e-06,4.6655244368279245e-06,4.655084432049779e-06,4.567799108312083e-06,4.41968589452459e-06,4.228647655461689e-06,4.012201026855974e-06,3.7858937163508255e-06,3.562434234525954e-06,3.351428270460934e-06,3.1595547980526418e-06,2.9910076868113245e-06,2.8480545985871363e-06,2.731605251171193e-06,2.641721933375682e-06,2.578038620856604e-06,2.540078205192273e-06,2.527470449218793e-06
2026-07-30 10:17:15.762372,[93.06791749],2.527470449218793e-06,2.540078205192273e-06,2.578038620856604e-06,2.641721933375682e-06,2.731605251171193e-06,2.8480545985871363e-06,2.9910076868113245e-06,3.1595547980526418e-06,3.351428270460934e-06,3.562434234525954e-06,3.7858937163508255e-06,4.012201026855974e-06,4.228647655461689e-06,4.41968589452459e-06,4.567799108312083e-06,4.655084432049779e-06,4.6655244368279245e-06,4.587729678406086e-06,4.41770480867683e-06,4.160990926422325e-06,3.833455165035293e-06,3.460123680715365e-06,3.071832840273e-06,2.70006673056588e-06,2.371010256538843e-06,2.100342887923674e-06,1.890384469949813e-06,1.7307368089616769e-06,1.6025958431623372e-06,1.4857174816739185e-06,1.3660321808923994e-06,1.4857174816739185e-06,1.6025958431623372e-06,1.7307368089616769e-06,1.890384469949813e-06,2.100342887923674e-06,2.371010256538843e-06,2.70006673056588e-06,3.071832840273e-06,3.460123680715365e-06,3.833455165035293e-06,4.160990926422325e-06,4.41770480867683e-06,4.587729678406086e-06,4.6655244368279245e-06,4.655084432049779e-06,4.567799108312083e-06,4.41968589452459e-06,4.228647655461689e-06,4.012201026855974e-06,3.7858937163508255e-06,3.562434234525954e-06,3.351428270460934e-06,3.1595547980526418e-06,2.9910076868113245e-06,2.8480545985871363e-06,2.731605251171193e-06,2.641721933375682e-06,2.578038620856604e-06,2.540078205192273e-06,2.527470449218793e-06
2026-07-30 10:17:15.787571,[83.37879043],1.2160447781318685e-07,1.2186258462527756e-07,1.2267721164724914e-07,1.2416627157527974e-07,1.265154650783032e-07,1.2995942164916234e-07,1.3475066836005912e-07,1.411134192348751e-07,1.4918093613900644e-07,1.589191852305907e-07,1.7004592089955885e-07,1.8196252518099077e-07,1.937238650043348e-07,2.040754057282705e-07,2.1158201834247957e-07,2.1485511377022277e-07,2.1285318609816013e-07,2.0519144022686325e-07,1.923629371940092e-07,1.75766193008548e-07,1.5746962787254578e-07,1.3972491736734065e-07,1.2434873123062666e-07,1.1218164639790196e-07,1.0285213389515777e-07,9.49899525545138e-08,8.686082011134798e-08,7.719999544884436e-08,6.590231960365494e-08,5.4255411566353784e-08,4.45869036924315e-08,5.4255411566353784e-08,6.590231960365494e-08,7.719999544884436e-08,8.686082011134798e-08,9.49899525545138e-08,1.0285213389515777e-07,1.1218164639790196e-07,1.2434873123062666e-07,1.3972491736734065e-07,1.5746962787254578e-07,1.75766193008548e-07,1.923629371940092e-07,2.0519144022686325e-07,2.1285318609816013e-07,2.1485511377022277e-07,2.1158201834247957e-07,2.040754057282705e-07,1.937238650043348e-07,1.8196252518099077e-07,1.7004592089955885e-07,1.589191852305907e-07,1.4918093613900644e-07,1.411134192348751e-07,1.3475066836005912e-07,1.2995942164916234e-07,1.265154650783032e-07,1.2416627157527974e-07,1.2267721164724914e-07,1.2186258462527756e-07,1.2160447781318685e-07
2026-07-30 10:17:16.790400,[92.92236692],2.6234690693658813e-06,2.6369029285011603e-06,2.677337227048148e-06,2.7451264163078663e-06,2.84071291478045e-06,2.964396590114096e-06,3.1160003183796736e-06,3.2944302061755178e-06,3.4971435752380994e-06,3.719562884223714e-06,3.954509217628568e-06,4.191770985247925e-06,4.417962957662318e-06,4.616852654998576e-06,4.770315821661886e-06,4.8600108859174684e-06,4.869723126217263e-06,4.78813109511761e-06,4.611527132591732e-06,4.345846630023752e-06,4.007311214623244e-06,3.621144341238196e-06,3.218202556123997e-06,2.829929892277921e-06,2.48264207042472e-06,2.192571972448376e-06,1.9631524863876797e-06,1.7855662752021333e-06,1.6427128867400177e-06,1.5156763617368025e-06,1.390885401142477e-06,1.5156763617368025e-06,1.6427128867400177e-06,1.7855662752021333e-06,1.9631524863876797e-06,2.192571972448376e-06,2.48264207042472e-06,2.829929892277921e-06,3.218202556123997e-06,3.621144341238196e-06,4.007311214623244e-06,4.345846630023752e-06,4.611527132591732e-06,4.78813109511761e-06,4.869723126217263e-06,4.8600108859174684e-06,4.770315821661886e-06,4.616852654998576e-06,4.417962957662318e-06,4.191770985247925e-06,3.954509217628568e-06,3.719562884223714e-06,3.4971435752380994e-06,3.2944302061755178e-06,3.1160003183796736e-06,2.964396590114096e-06,2.84071291478045e-06,2.7451264163078663e-06,2.677337227048148e-06,2.6369029285011603e-06,2.6234690693658813e-06
2026-07-30 10:17:17.777672,[92.8282022],2.646364506903022e-06,2.6596558737514275e-06,2.6996572713214154e-06,2.766707621955927e-06,2.8612259512850728e-06,2.9834846121417166e-06,3.133280003271051e-06,3.3094990881266974e-06,3.5095942364699297e-06,3.7290036552829095e-06,3.9605898910949495e-06,4.194210911479556e-06,4.416578146394307e-06,4.61157852102042e-06,4.761223114718322e-06,4.847313791717415e-06,4.853779648392986e-06,4.769435543452862e-06,4.590692276499301e-06,4.32356963643916e-06,3.9843154758037e-06,3.5980923399043963e-06,3.195585499580558e-06,2.8079565198914124e-06,2.461164838354005e-06,2.1710929606542382e-06,1.940934749587622e-06,1.7618386732278262e-06,1.6169103881984544e-06,1.487626073137129e-06,1.360852859886582e-06,1.487626073137129e-06,1.6169103881984544e-06,1.7618386732278262e-06,1.940934749587622e-06,2.1710929606542382e-06,2.461164838354005e-06,2.8079565198914124e-06,3.195585499580558e-06,3.5980923399043963e-06,3.9843154758037e-06,4.32356963643916e-06,4.590692276499301e-06,4.769435543452862e-06,4.853779648392986e-06,4.847313791717415e-06,4.761223114718322e-06,4.61157852102042e-06,4.416578146394307e-06,4.194210911479556e-06,3.9605898910949495e-06,3.7290036552829095e-06,3.5095942364699297e-06,3.3094990881266974e-06,3.133280003271051e-06,2.9834846121417166e-06,2.8612259512850728e-06,2.766707621955927e-06,2.6996572713214154e-06,2.6596558737514275e-06,2.646364506903022e-06
2026-07-30 10:17:17.806892,[92.8282022],2.646364506903022e-06,2.6596558737514275e-06,2.6996572713214154e-06,2.766707621955927e-06,2.8612259512850728e-06,2.9834846121417166e-06,3.133280003271051e-06,3.3094990881266974e-06,3.5095942364699297e-06,3.7290036552829095e-06,3.9605898910949495e-06,4.194210911479556e-06,4.416578146394307e-06,4.61157852102042e-06,4.761223114718322e-06,4.847313791717415e-06,4.853779648392986e-06,4.769435543452862e-06,4.590692276499301e-06,4.32356963643916e-06,3.9843154758037e-06,3.5980923399043963e-06,3.195585499580558e-06,2.8079565198914124e-06,2.461164838354005e-06,2.1710929606542382e-06,1.940934749587622e-06,1.7618386732278262e-06,1.6169103881984544e-06,1.487626073137129e-06,1.360852859886582e-06,1.487626073137129e-06,1.6169103881984544e-06,1.7618386732278262e-06,1.940934749587622e-06,2.1710929606542382e-06,2.461164838354005e-06,2.8079565198914124e-06,3.195585499580558e-06,3.5980923399043963e-06,3.9843154758037e-06,4.32356963643916e-06,4.590692276499301e-06,4.769435543452862e-06,4.853779648392986e-06,4.847313791717415e-06,4.761223114718322e-06,4.61157852102042e-06,4.416578146394307e-06,4.194210911479556e-06,3.9605898910949495e-06,3.7290036552829095e-06,3.5095942364699297e-06,3.3094990881266974e-06,3.133280003271051e-06,2.9834846121417166e-06,2.8612259512850728e-06,2.766707621955927e-06,2.6996572713214154e-06,2.6596558737514275e-06,2.646364506903022e-06
2026-07-30 10:17:17.832496,[65.15336612],1.97295626649306e-09,1.981013770246777e-09,2.00532744455215e-09,2.0463155361732143e-09,2.104656914198842e-09,2.181260931433508e-09,2.2772187364180795e-09,2.3937279289943703e-09,2.5319789896453757e-09,2.692990141741777e-09,2.8773809963251663e-09,3.0850899384917084e-09,3.315071134011643e-09,3.5650554770425636e-09,3.831516596464973e-09,4.1100228056732305e-09,4.3961367438137055e-09,4.686899873185514e-09,4.98268524030108e-09,5.288855398166021e-09,5.616347278699136e-09,5.980222291541315e-09,6.395570280412836e-09,6.871016573276432e-09,7.4012770266680715e-09,7.96127800858544e-09,8.504701585975146e-09,8.968975390179501e-09,9.286720582008174e-09,9.401140175726768e-09,9.280848684467836e-09,9.401140175726768e-09,9.286720582008174e-09,8.968975390179501e-09,8.504701585975146e-09,7.96127800858544e-09,7.4012770266680715e-09,6.871016573276432e-09,6.395570280412836e-09,5.980222291541315e-09,5.616347278699136e-09,5.288855398166021e-09,4.98268524030108e-09,4.686899873185514e-09,4.3961367438137055e-09,4.1100228056732305e-09,3.831516596464973e-09,3.5650554770425636e-09,3.315071134011643e-09,3.0850899384917084e-09,2.8773809963251663e-09,2.692990141741777e-09,2.5319789896453757e-09,2.3937279289943703e-09,2.2772187364180795e-09,2.181260931433508e-09,2.104656914198842e-09,2.0463155361732143e-09,2.00532744455215e-09,1.981013770246777e-09,1.97295626649306e-09
2026-07-30 10:17:18.789860,[92.72056531],2.649042329561622e-06,2.662140757876516e-06,2.7015657564468653e-06,2.767664673358359e-06,2.860874370321766e-06,2.9814996582908952e-06,3.129390246747789e-06,3.3035132489989644e-06,3.501432010972038e-06,3.71872643331845e-06,3.948425238613209e-06,4.18056340822481e-06,4.402019464606223e-06,4.596812181217926e-06,4.747024237076481e-06,4.8344504350875975e-06,4.842927949337624e-06,4.761103230717807e-06,4.585162319536998e-06,4.3208680732799945e-06,3.984198224851187e-06,3.600040666354189e-06,3.198803765135025e-06,2.8113792609063422e-06,2.463496315936189e-06,2.170908829550427e-06,1.936861229460334e-06,1.7527883001113631e-06,1.6023089180693155e-06,1.467537689143462e-06,1.3359241656675135e-06,1.467537689143462e-06,1.6023089180693155e-06,1.7527883001113631e-06,1.936861229460334e-06,2.170908829550427e-06,2.463496315936189e-06,2.8113792609063422e-06,3.198803765135025e-06,3.600040666354189e-06,3.984198224851187e-06,4.3208680732799945e-06,4.585162319536998e-06,4.761103230717807e-06,4.842927949337624e-06,4.8344504350875975e-06,4.747024237076481e-06,4.596812181217926e-06,4.402019464606223e-06,4.18056340822481e-06,3.948425238613209e-06,3.71872643331845e-06,3.501432010972038e-06,3.3035132489989644e-06,3.129390246747789e-06,2.9814996582908952e-06,2.860874370321766e-06,2.767664673358359e-06,2.7015657564468653e-06,2.662140757876516e-06,2.649042329561622e-06
2026-07-30 10:17:18.816139,[66.51539786],2.745293769104597e-09,2.754670165868797e-09,2.782990526617993e-09,2.830841215964313e-09,2.8992422726892733e-09,2.9897098162590397e-09,3.104334745273543e-09,3.245857442031395e-09,3.417697907619204e-09,3.623875225407271e-09,3.8687274771580085e-09,4.156338237164605e-09,4.489609067294079e-09,4.869008104249534e-09,5.2911771227458756e-09,5.74776592977351e-09,6.2250129325473885e-09,6.704597870766332e-09,7.166053465522931e-09,7.590504285881394e-09,7.964812673423738e-09,8.284629404652567e-09,8.554742231984123e-09,8.785774307655354e-09,8.987682706112056e-09,9.162179021348429e-09,9.29733179632178e-09,9.36743116590322e-09,9.339425767198097e-09,9.184430290694128e-09,8.890201157584011e-09,9.184430290694128e-09,9.339425767198097e-09,9.36743116590322e-09,9.29733179632178e-09,9.162179021348429e-09,8.987682706112056e-09,8.785774307655354e-09,8.554742231984123e-09,8.284629404652567e-09,7.964812673423738e-09,7.590504285881394e-09,7.166053465522931e-09,6.704597870766332e-09,6.2250129325473885e-09,5.74776592977351e-09,5.2911771227458756e-09,4.869008104249534e-09,4.489609067294079e-09,4.156338237164605e-09,3.8687274771580085e-09,3.623875225407271e-09,3.417697907619204e-09,3.245857442031395e-09,3.104334745273543e-09,2.9897098162590397e-09,2.8992422726892733e-09,2.830841215964313e-09,2.782990526617993e-09,2.754670165868797e-09,2.745293769104597e-09
2026-07-30 10:17:18.841615,[66.51539786],2.745293769104597e-09,2.754670165868797e-09,2.782990526617993e-09,2.830841215964313e-09,2.8992422726892733e-09,2.9897098162590397e-09,3.104334745273543e-09,3.245857442031395e-09,3.417697907619204e-09,3.623875225407271e-09,3.8687274771580085e-09,4.156338237164605e-09,4.489609067294079e-09,4.869008104249534e-09,5.2911771227458756e-09,5.74776592977351e-09,6.2250129325473885e-09,6.704597870766332e-09,7.166053465522931e-09,7.590504285881394e-09,7.964812673423738e-09,8.284629404652567e-09,8.554742231984123e-09,8.785774307655354e-09,8.987682706112056e-09,9.162179021348429e-09,9.29733179632178e-09,9.36743116590322e-09,9.339425767198097e-09,9.184430290694128e-09,8.890201157584011e-09,9.184430290694128e-09,9.339425767198097e-09,9.36743116590322e-09,9.29733179632178e-09,9.162179021348429e-09,8.987682706112056e-09,8.785774307655354e-09,8.554742231984123e-09,8.284629404652567e-09,7.964812673423738e-09,7.590504285881394e-09,7.166053465522931e-09,6.704597870766332e-09,6.2250129325473885e-09,5.74776592977351e-09,5.2911771227458756e-09,4.869008104249534e-09,4.489609067294079e-09,4.156338237164605e-09,3.8687274771580085e-09,3.623875225407271e-09,3.417697907619204e-09,3.245857442031395e-09,3.104334745273543e-09,2.9897098162590397e-09,2.8992422726892733e-09,2.830841215964313e-09,2.782990526617993e-09,2.754670165868797e-09,2.745293769104597e-09
2026-07-30 10:17:19.784143,[92.64675795],2.6983820632136388e-06,2.7113493856154275e-06,2.750364906791926e-06,2.8157279528643643e-06,2.9077970446716203e-06,3.026771443337491e-06,3.172373449686882e-06,3.3434291718737717e-06,3.537358933615852e-06,3.749612338489584e-06,3.973117499885206e-06,4.1978558948954345e-06,4.410715206894936e-06,4.5957975139677765e-06,4.735349035308665e-06,4.81140933115648e-06,4.808139246565473e-06,4.714584478057715e-06,4.527402080689736e-06,4.252890133415545e-06,3.907606659919135e-06,3.5170242091687984e-06,3.1120713749462382e-06,2.724002698528744e-06,2.378654157915548e-06,2.091557262653768e-06,1.865389524032537e-06,1.6907357346166057e-06,1.5502127699120989e-06,1.4249473559424447e-06,1.3015671576930791e-06,1.4249473559424447e-06,1.5502127699120989e-06,1.6907357346166057e-06,1.865389524032537e-06,2.091557262653768e-06,2.378654157915548e-06,2.724002698528744e-06,3.1120713749462382e-06,3.5170242091687984e-06,3.907606659919135e-06,4.252890133415545e-06,4.527402080689736e-06,4.714584478057715e-06,4.808139246565473e-06,4.81140933115648e-06,4.735349035308665e-06,4.5957975139677765e-06,4.410715206894936e-06,4.1978558948954345e-06,3.973117499885206e-06,3.749612338489584e-06,3.537358933615852e-06,3.3434291718737717e-06,3.172373449686882e-06,3.026771443337491e-06,2.9077970446716203e-06,2.8157279528643643e-06,2.750364906791926e-06,2.7113493856154275e-06,2.6983820632136388e-06
2026-07-30 10:17:19.809967,[92.64675795],2.6983820632136388e-06,2.7113493856154275e-06,2.750364906791926e-06,2.8157279528643643e-06,2.9077970446716203e-06,3.026771443337491e-06,3.172373449686882e-06,3.3434291718737717e-06,3.537358933615852e-06,3.749612338489584e-06,3.973117499885206e-06,4.1978558948954345e-06,4.410715206894936e-06,4.5957975139677765e-06,4.735349035308665e-06,4.81140933115648e-06,4.808139246565473e-06,4.714584478057715e-06,4.527402080689736e-06,4.252890133415545e-06,3.907606659919135e-06,3.5170242091687984e-06,3.1120713749462382e-06,2.724002698528744e-06,2.378654157915548e-06,2.091557262653768e-06,1.865389524032537e-06,1.6907357346166057e-06,1.5502127699120989e-06,1.4249473559424447e-06,1.3015671576930791e-06,1.4249473559424447e-06,1.5502127699120989e-06,1.6907357346166057e-06,1.865389524032537e-06,2.091557262653768e-06,2.378654157915548e-06,2.724002698528744e-06,3.1120713749462382e-06,3.5170242091687984e-06,3.907606659919135e-06,4.252890133415545e-06,4.527402080689736e-06,4.714584478057715e-06,4.808139246565473e-06,4.81140933115648e-06,4.735349035308665e-06,4.5957975139677765e-06,4.410715206894936e-06,4.1978558948954345e-06,3.973117499885206e-06,3.749612338489584e-06,3.537358933615852e-06,3.3434291718737717e-06,3.172373449686882e-06,3.026771443337491e-06,2.9077970446716203e-06,2.8157279528643643e-06,2.750364906791926e-06,2.7113493856154275e-06,2.6983820632136388e-06
2026-07-30 10:17:19.837379,[67.74575697],3.591165379658694e-09,3.609240689327078e-09,3.6641784632502654e-09,3.758133600684872e-09,3.8947554570389895e-09,4.079248580527763e-09,4.3183966812975325e-09,4.6204700645149695e-09,4.994894272813105e-09,5.451515693758132e-09,5.999279177831281e-09,6.644166524833488e-09,7.3863730002608974e-09,8.216951985385032e-09,9.114527768520091e-09,1.0043085803295149e-08,1.0952133489718513e-08,1.178045344077393e-08,1.2464036514165678e-08,1.2947534261231914e-08,1.3196958902825992e-08,1.3209973072837252e-08,1.3019731831083066e-08,1.2689479092179448e-08,1.2297966146200029e-08,1.1919387732797488e-08,1.1604360496109468e-08,1.1368915716161626e-08,1.1195843722959231e-08,1.1047812616679833e-08,1.0886633000372884e-08,1.1047812616679833e-08,1.1195843722959231e-08,1.1368915716161626e-08,1.1604360496109468e-08,1.1919387732797488e-08,1.2297966146200029e-08,1.2689479092179448e-08,1.3019731831083066e-08,1.3209973072837252e-08,1.3196958902825992e-08,1.2947534261231914e-08,1.2464036514165678e-08,1.178045344077393e-08,1.0952133489718513e-08,1.0043085803295149e-08,9.114527768520091e-09,8.216951985385032e-09,7.3863730002608974e-09,6.644166524833488e-09,5.999279177831281e-09,5.451515693758132e-09,4.994894272813105e-09,4.6204700645149695e-09,4.3183966812975325e-09,4.079248580527763e-09,3.8947554570389895e-09,3.758133600684872e-09,3.6641784632502654e-09,3.609240689327078e-09,3.591165379658694e-09
2026-07-30 10:17:20.784189,[92.55028528],2.724575658991672e-06,2.737361113038844e-06,2.7758241351453896e-06,2.840244338642427e-06,2.93095063570956e-06,3.0481076664846152e-06,3.1914048327719704e-06,3.3596452716351794e-06,3.5502451467317505e-06,3.758676998436522e-06,3.977925014365218e-06,4.198062000158611e-06,4.4060992721004775e-06,4.586286855172249e-06,4.721031789852573e-06,4.792535376907636e-06,4.785111849057376e-06,4.687947060521969e-06,4.497823092238629e-06,4.2211441246018005e-06,3.874543417651838e-06,3.483514499155806e-06,3.078922254800218e-06,2.691849373663712e-06,2.347854919734552e-06,2.0621329987432093e-06,1.83704748939211e-06,1.6629921621310002e-06,1.5225862293503845e-06,1.3971533183634654e-06,1.2736278720267566e-06,1.3971533183634654e-06,1.5225862293503845e-06,1.6629921621310002e-06,1.83704748939211e-06,2.0621329987432093e-06,2.347854919734552e-06,2.691849373663712e-06,3.078922254800218e-06,3.483514499155806e-06,3.874543417651838e-06,4.2211441246018005e-06,4.497823092238629e-06,4.687947060521969e-06,4.785111849057376e-06,4.792535376907636e-06,4.721031789852573e-06,4.586286855172249e-06,4.4060992721004775e-06,4.198062000158611e-06,3.977925014365218e-06,3.758676998436522e-06,3.5502451467317505e-06,3.3596452716351794e-06,3.1914048327719704e-06,3.0481076664846152e-06,2.93095063570956e-06,2.840244338642427e-06,2.7758241351453896e-06,2.737361113038844e-06,2.724575658991672e-06
2026-07-30 10:17:20.812313,[92.55028528],2.724575658991672e-06,2.737361113038844e-06,2.7758241351453896e-06,2.840244338642427e-06,2.93095063570956e-06,3.0481076664846152e-06,3.1914048327719704e-06,3.3596452716351794e-06,3.5502451467317505e-06,3.758676998436522e-06,3.977925014365218e-06,4.198062000158611e-06,4.4060992721004775e-06,4.586286855172249e-06,4.721031789852573e-06,4.792535376907636e-06,4.785111849057376e-06,4.687947060521969e-06,4.497823092238629e-06,4.2211441246018005e-06,3.874543417651838e-06,3.483514499155806e-06,3.078922254800218e-06,2.691849373663712e-06,2.347854919734552e-06,2.0621329987432093e-06,1.83704748939211e-06,1.6629921621310002e-06,1.5225862293503845e-06,1.3971533183634654e-06,1.2736278720267566e-06,1.3971533183634654e-06,1.5225862293503845e-06,1.6629921621310002e-06,1.83704748939211e-06,2.0621329987432093e-06,2.347854919734552e-06,2.691849373663712e-06,3.078922254800218e-06,3.483514499155806e-06,3.874543417651838e-06,4.2211441246018005e-06,4.497823092238629e-06,4.687947060521969e-06,4.785111849057376e-06,4.792535376907636e-06,4.721031789852573e-06,4.586286855172249e-06,4.4060992721004775e-06,4.198062000158611e-06,3.977925014365218e-06,3.758676998436522e-06,3.5502451467317505e-06,3.3596452716351794e-06,3.1914048327719704e-06,3.0481076664846152e-06,2.93095063570956e-06,2.840244338642427e-06,2.7758241351453896e-06,2.737361113038844e-06,2.724575658991672e-06
2026-07-30 10:17:20.837446,[65.67849642],2.2882335203363763e-09,2.295826129488344e-09,2.3186878230236762e-09,2.3570669280585113e-09,2.41136586685939e-09,2.4821219037997314e-09,2.569975721807674e-09,2.6756231529929587e-09,2.7997451989358872e-09,2.942914458003194e-09,3.105484700771256e-09,3.287486378934078e-09,3.488573212159959e-09,3.7080869406680205e-09,3.945314692812882e-09,4.199986203375396e-09,4.472978072299548e-09,4.767056821990932e-09,5.087330975618658e-09,5.440964109861134e-09,5.835722797595043e-09,6.2771793379509834e-09,6.764869083471629e-09,7.288300806131703e-09,7.824195307560248e-09,8.336395754060761e-09,8.779365457162696e-09,9.105120044993243e-09,9.272176270303113e-09,9.254163634306865e-09,9.045599244230433e-09,9.254163634306865e-09,9.272176270303113e-09,9.105120044993243e-09,8.779365457162696e-09,8.336395754060761e-09,7.824195307560248e-09,7.288300806131703e-09,6.764869083471629e-09,6.2771793379509834e-09,5.835722797595043e-09,5.440964109861134e-09,5.087330975618658e-09,4.767056821990932e-09,4.472978072299548e-09,4.199986203375396e-09,3.945314692812882e-09,3.7080869406680205e-09,3.488573212159959e-09,3.287486378934078e-09,3.105484700771256e-09,2.942914458003194e-09,2.7997451989358872e-09,2.6756231529929587e-09,2.569975721807674e-09,2.4821219037997314e-09,2.41136586685939e-09,2.3570669280585113e-09,2.3186878230236762e-09,2.295826129488344e-09,2.2882335203363763e-09
2026-07-30 10:17:21.779805,[92.45500301],2.752606025984284e-06,2.7651796180180107e-06,2.802996735946984e-06,2.866306997103012e-06,2.9553926084388837e-06,3.070360011042389e-06,3.210836626360229e-06,3.3755700978835623e-06,3.561940020181898e-06,3.7654148298478273e-06,3.979019856013605e-06,4.192923776204172e-06,4.394291964851358e-06,4.567581989680893e-06,4.6954484893066005e-06,4.76035995733453e-06,4.746893857955621e-06,4.64447374719994e-06,4.450078511665213e-06,4.170260293124808e-06,3.821748208840063e-06,3.4300756212631617e-06,3.026082286869518e-06,2.6407476427819806e-06,2.2994398759373947e-06,2.0170808897812098e-06,1.7957122099094143e-06,1.6254089124530731e-06,1.488534650712152e-06,1.3662596330699208e-06,1.2454637503843588e-06,1.3662596330699208e-06,1.488534650712152e-06,1.6254089124530731e-06,1.7957122099094143e-06,2.0170808897812098e-06,2.2994398759373947e-06,2.6407476427819806e-06,3.026082286869518e-06,3.4300756212631617e-06,3.821748208840063e-06,4.170260293124808e-06,4.450078511665213e-06,4.64447374719994e-06,4.746893857955621e-06,4.76035995733453e-06,4.6954484893066005e-06,4.567581989680893e-06,4.394291964851358e-06,4.192923776204172e-06,3.979019856013605e-06,3.7654148298478273e-06,3.561940020181898e-06,3.3755700978835623e-06,3.210836626360229e-06,3.070360011042389e-06,2.9553926084388837e-06,2.866306997103012e-06,2.802996735946984e-06,2.7651796180180107e-06,2.752606025984284e-06
2026-07-30 10:17:21.804078,[92.45500301],2.752606025984284e-06,2.7651796180180107e-06,2.802996735946984e-06,2.866306997103012e-06,2.9553926084388837e-06,3.070360011042389e-06,3.210836626360229e-06,3.3755700978835623e-06,3.561940020181898e-06,3.7654148298478273e-06,3.979019856013605e-06,4.192923776204172e-06,4.394291964851358e-06,4.567581989680893e-06,4.6954484893066005e-06,4.76035995733453e-06,4.746893857955621e-06,4.64447374719994e-06,4.450078511665213e-06,4.170260293124808e-06,3.821748208840063e-06,3.4300756212631617e-06,3.026082286869518e-06,2.6407476427819806e-06,2.2994398759373947e-06,2.0170808897812098e-06,1.7957122099094143e-06,1.6254089124530731e-06,1.488534650712152e-06,1.3662596330699208e-06,1.2454637503843588e-06,1.3662596330699208e-06,1.488534650712152e-06,1.6254089124530731e-06,1.7957122099094143e-06,2.0170808897812098e-06,2.2994398759373947e-06,2.6407476427819806e-06,3.026082286869518e-06,3.4300756212631617e-06,3.821748208840063e-06,4.170260293124808e-06,4.450078511665213e-06,4.64447374719994e-06,4.746893857955621e-06,4.76035995733453e-06,4.6954484893066005e-06,4.567581989680893e-06,4.394291964851358e-06,4.192923776204172e-06,3.979019856013605e-06,3.7654148298478273e-06,3.561940020181898e-06,3.3755700978835623e-06,3.210836626360229e-06,3.070360011042389e-06,2.9553926084388837e-06,2.866306997103012e-06,2.802996735946984e-06,2.7651796180180107e-06,2.752606025984284e-06
2026-07-30 10:17:21.830200,[65.75262099],2.2454121712282304e-09,2.25281157207004e-09,2.275099543753264e-09,2.312534536662469e-09,2.3655109558216884e-09,2.4345043888954783e-09,2.519995511462092e-09,2.622375959785857e-09,2.741844544497677e-09,2.878310496400253e-09,3.031332024764464e-09,3.200131725054329e-09,3.383740832198868e-09,3.5813237342700487e-09,3.792711006362937e-09,4.019111978678333e-09,4.263882051006376e-09,4.533097984920178e-09,4.835583841395989e-09,5.181993572066131e-09,5.5826643159054705e-09,6.0442515295913724e-09,6.5656179483925834e-09,7.133949938086625e-09,7.722410531955808e-09,8.290590078162976e-09,8.788464521087416e-09,9.16359807697024e-09,9.37023030224706e-09,9.378089070972288e-09,9.178630740062038e-09,9.378089070972288e-09,9.37023030224706e-09,9.16359807697024e-09,8.788464521087416e-09,8.290590078162976e-09,7.722410531955808e-09,7.133949938086625e-09,6.5656179483925834e-09,6.0442515295913724e-09,5.5826643159054705e-09,5.181993572066131e-09,4.835583841395989e-09,4.533097984920178e-09,4.263882051006376e-09,4.019111978678333e-09,3.792711006362937e-09,3.5813237342700487e-09,3.383740832198868e-09,3.200131725054329e-09,3.031332024764464e-09,2.878310496400253e-09,2.741844544497677e-09,2.622375959785857e-09,2.519995511462092e-09,2.4345043888954783e-09,2.3655109558216884e-09,2.312534536662469e-09,2.275099543753264e-09,2.25281157207004e-09,2.2454121712282304e-09
2026-07-30 10:17:22.792986,[92.36304131],2.778867095232788e-06,2.7912320034141426e-06,2.828413940979819e-06,2.8906360452076337e-06,2.9781394834946898e-06,3.090979954508958e-06,3.228731529336722e-06,3.390095217061781e-06,3.5724218435420973e-06,3.771180933050093e-06,3.979439946890232e-06,4.1874589575749205e-06,4.382546971508416e-06,4.549353445301227e-06,4.670761830375063e-06,4.729489074630244e-06,4.710360569000045e-06,4.603027958086345e-06,4.404662768193036e-06,4.121962918502719e-06,3.7717471215456463e-06,3.379571847367073e-06,2.9762212524067782e-06,2.592530420230821e-06,2.2536357991928307e-06,1.974163181565002e-06,1.755842076119072e-06,1.5884843637419778e-06,1.4542975773435703e-06,1.3344267482640656e-06,1.2158286677052297e-06,1.3344267482640656e-06,1.4542975773435703e-06,1.5884843637419778e-06,1.755842076119072e-06,1.974163181565002e-06,2.2536357991928307e-06,2.592530420230821e-06,2.9762212524067782e-06,3.379571847367073e-06,3.7717471215456463e-06,4.121962918502719e-06,4.404662768193036e-06,4.603027958086345e-06,4.710360569000045e-06,4.729489074630244e-06,4.670761830375063e-06,4.549353445301227e-06,4.382546971508416e-06,4.1874589575749205e-06,3.979439946890232e-06,3.771180933050093e-06,3.5724218435420973e-06,3.390095217061781e-06,3.228731529336722e-06,3.090979954508958e-06,2.9781394834946898e-06,2.8906360452076337e-06,2.828413940979819e-06,2.7912320034141426e-06,2.778867095232788e-06
2026-07-30 10:17:22.816806,[65.38419352],2.2896485203586046e-09,2.2972750282793234e-09,2.3202823610409823e-09,2.359047730798245e-09,2.414178000027025e-09,2.4864729307202307e-09,2.576865397247885e-09,2.686330195705101e-09,2.815752476262685e-09,2.965750717252281e-09,3.136461409265239e-09,3.3273168179921323e-09,3.5368836931539354e-09,3.762872278402235e-09,4.00245235016919e-09,4.252995131092986e-09,4.513261945087247e-09,4.784863651600743e-09,5.07354430070343e-09,5.389589301020561e-09,5.746575232587973e-09,6.157928251060914e-09,6.631418955215829e-09,7.162684440363441e-09,7.729794943282933e-09,8.291290014232494e-09,8.789587525512203e-09,9.160147895713571e-09,9.344683735774622e-09,9.304875675951811e-09,9.032369288859093e-09,9.304875675951811e-09,9.344683735774622e-09,9.160147895713571e-09,8.789587525512203e-09,8.291290014232494e-09,7.729794943282933e-09,7.162684440363441e-09,6.631418955215829e-09,6.157928251060914e-09,5.746575232587973e-09,5.389589301020561e-09,5.07354430070343e-09,4.784863651600743e-09,4.513261945087247e-09,4.252995131092986e-09,4.00245235016919e-09,3.762872278402235e-09,3.5368836931539354e-09,3.3273168179921323e-09,3.136461409265239e-09,2.965750717252281e-09,2.815752476262685e-09,2.686330195705101e-09,2.576865397247885e-09,2.4864729307202307e-09,2.414178000027025e-09,2.359047730798245e-09,2.3202823610409823e-09,2.2972750282793234e-09,2.2896485203586046e-09
2026-07-30 10:17:22.841525,[65.38419352],2.2896485203586046e-09,2.2972750282793234e-09,2.3202823610409823e-09,2.359047730798245e-09,2.414178000027025e-09,2.4864729307202307e-09,2.576865397247885e-09,2.686330195705101e-09,2.815752476262685e-09,2.965750717252281e-09,3.136461409265239e-09,3.3273168179921323e-09,3.5368836931539354e-09,3.762872278402235e-09,4.00245235016919e-09,4.252995131092986e-09,4.513261945087247e-09,4.784863651600743e-09,5.07354430070343e-09,5.389589301020561e-09,5.746575232587973e-09,6.157928251060914e-09,6.631418955215829e-09,7.162684440363441e-09,7.729794943282933e-09,8.291290014232494e-09,8.789587525512203e-09,9.160147895713571e-09,9.344683735774622e-09,9.304875675951811e-09,9.032369288859093e-09,9.304875675951811e-09,9.344683735774622e-09,9.160147895713571e-09,8.789587525512203e-09,8.291290014232494e-09,7.729794943282933e-09,7.162684440363441e-09,6.631418955215829e-09,6.157928251060914e-09,5.746575232587973e-09,5.389589301020561e-09,5.07354430070343e-09,4.784863651600743e-09,4.513261945087247e-09,4.252995131092986e-09,4.00245235016919e-09,3.762872278402235e-09,3.5368836931539354e-09,3.3273168179921323e-09,3.136461409265239e-09,2.965750717252281e-09,2.815752476262685e-09,2.686330195705101e-09,2.576865397247885e-09,2.4864729307202307e-09,2.414178000027025e-09,2.359047730798245e-09,2.3202823610409823e-09,2.2972750282793234e-09,2.2896485203586046e-09
2026-07-30 10:17:23.782348,[92.48099904],2.766216969058002e-06,2.777423015129797e-06,2.811157282737795e-06,2.867728735632612e-06,2.9475179423156475e-06,3.0507663790956294e-06,3.177267634753823e-06,3.325957414335817e-06,3.4944140165878514e-06,3.6783069276693697e-06,3.870868019990992e-06,4.062503080096656e-06,4.240700571478394e-06,4.390412783014759e-06,4.495060772992542e-06,4.538229815684963e-06,4.505969532695964e-06,4.3894090782419405e-06,4.187189736745613e-06,3.907079033387926e-06,3.566143451699539e-06,3.189076868190484e-06,2.8047025378501507e-06,2.4411982171180508e-06,2.1210750438469102e-06,1.8571867462359863e-06,1.6509231515851225e-06,1.4932344471019456e-06,1.368365759698283e-06,1.2593885796281314e-06,1.1540547989140337e-06,1.2593885796281314e-06,1.368365759698283e-06,1.4932344471019456e-06,1.6509231515851225e-06,1.8571867462359863e-06,2.1210750438469102e-06,2.4411982171180508e-06,2.8047025378501507e-06,3.189076868190484e-06,3.566143451699539e-06,3.907079033387926e-06,4.187189736745613e-06,4.3894090782419405e-06,4.505969532695964e-06,4.538229815684963e-06,4.495060772992542e-06,4.390412783014759e-06,4.240700571478394e-06,4.062503080096656e-06,3.870868019990992e-06,3.6783069276693697e-06,3.4944140165878514e-06,3.325957414335817e-06,3.177267634753823e-06,3.0507663790956294e-06,2.9475179423156475e-06,2.867728735632612e-06,2.811157282737795e-06,2.777423015129797e-06,2.766216969058002e-06
2026-07-30 10:17:23.809881,[92.48099904],2.766216969058002e-06,2.777423015129797e-06,2.811157282737795e-06,2.867728735632612e-06,2.9475179423156475e-06,3.0507663790956294e-06,3.177267634753823e-06,3.325957414335817e-06,3.4944140165878514e-06,3.6783069276693697e-06,3.870868019990992e-06,4.062503080096656e-06,4.240700571478394e-06,4.390412783014759e-06,4.495060772992542e-06,4.538229815684963e-06,4.505969532695964e-06,4.3894090782419405e-06,4.187189736745613e-06,3.907079033387926e-06,3.566143451699539e-06,3.189076868190484e-06,2.8047025378501507e-06,2.4411982171180508e-06,2.1210750438469102e-06,1.8571867462359863e-06,1.6509231515851225e-06,1.4932344471019456e-06,1.368365759698283e-06,1.2593885796281314e-06,1.1540547989140337e-06,1.2593885796281314e-06,1.368365759698283e-06,1.4932344471019456e-06,1.6509231515851225e-06,1.8571867462359863e-06,2.1210750438469102e-06,2.4411982171180508e-06,2.8047025378501507e-06,3.189076868190484e-06,3.566143451699539e-06,3.907079033387926e-06,4.187189736745613e-06,4.3894090782419405e-06,4.505969532695964e-06,4.538229815684963e-06,4.495060772992542e-06,4.390412783014759e-06,4.240700571478394e-06,4.062503080096656e-06,3.870868019990992e-06,3.6783069276693697e-06,3.4944140165878514e-06,3.325957414335817e-06,3.177267634753823e-06,3.0507663790956294e-06,2.9475179423156475e-06,2.867728735632612e-06,2.811157282737795e-06,2.777423015129797e-06,2.766216969058002e-06
2026-07-30 10:17:23.835053,[83.96080739],1.1611150050970557e-07,1.1622520607101941e-07,1.1661102541181917e-07,1.1739748671272473e-07,1.1877954742703623e-07,1.2098775941910057e-07,1.2424245421279248e-07,1.2869319009962153e-07,1.3434764023168476e-07,1.4100012205831422e-07,1.481770517764785e-07,1.5512242052439086e-07,1.608473259226673e-07,1.6425960233641039e-07,1.64370038120694e-07,1.6054193981817326e-07,1.5271860916832616e-07,1.4154277340239685e-07,1.282898110681855e-07,1.14583642509663e-07,1.019455006696056e-07,9.13147976068216e-08,8.273439675020653e-08,7.536790505755294e-08,6.790044594817214e-08,5.920112418403205e-08,4.8973653004349757e-08,3.8080040242054515e-08,2.8337776523710747e-08,2.1829653374755748e-08,2.001572679490646e-08,2.1829653374755748e-08,2.8337776523710747e-08,3.8080040242054515e-08,4.8973653004349757e-08,5.920112418403205e-08,6.790044594817214e-08,7.536790505755294e-08,8.273439675020653e-08,9.13147976068216e-08,1.019455006696056e-07,1.14583642509663e-07,1.282898110681855e-07,1.4154277340239685e-07,1.5271860916832616e-07,1.6054193981817326e-07,1.64370038120694e-07,1.6425960233641039e-07,1.608473259226673e-07,1.5512242052439086e-07,1.481770517764785e-07,1.4100012205831422e-07,1.3434764023168476e-07,1.2869319009962153e-07,1.2424245421279248e-07,1.2098775941910057e-07,1.1877954742703623e-07,1.1739748671272473e-07,1.1661102541181917e-07,1.1622520607101941e-07,1.1611150050970557e-07
2026-07-30 10:17:24.824546,[92.12846022],2.807702251643258e-06,2.8195328999787253e-06,2.8551018103324515e-06,2.91460381396974e-06,2.998241014378091e-06,3.106031338375324e-06,3.2375287285775405e-06,3.3914512517774915e-06,3.565224617423695e-06,3.754469554148623e-06,3.9524931985077056e-06,4.149885118410473e-06,4.334360709745526e-06,4.491024551175504e-06,4.603223368759368e-06,4.654099345837028e-06,4.628822573023703e-06,4.517278669405364e-06,4.316748612499818e-06,4.0339149952649366e-06,3.685461130669039e-06,3.296688864329948e-06,2.8980041768134773e-06,2.519742183880231e-06,2.1864464583151866e-06,1.9121314238354477e-06,1.6980153304945432e-06,1.5336295325114944e-06,1.4012171859008138e-06,1.2822583532876668e-06,1.1642032569331884e-06,1.2822583532876668e-06,1.4012171859008138e-06,1.5336295325114944e-06,1.6980153304945432e-06,1.9121314238354477e-06,2.1864464583151866e-06,2.519742183880231e-06,2.8980041768134773e-06,3.296688864329948e-06,3.685461130669039e-06,4.0339149952649366e-06,4.316748612499818e-06,4.517278669405364e-06,4.628822573023703e-06,4.654099345837028e-06,4.603223368759368e-06,4.491024551175504e-06,4.334360709745526e-06,4.149885118410473e-06,3.9524931985077056e-06,3.754469554148623e-06,3.565224617423695e-06,3.3914512517774915e-06,3.2375287285775405e-06,3.106031338375324e-06,2.998241014378091e-06,2.91460381396974e-06,2.8551018103324515e-06,2.8195328999787253e-06,2.807702251643258e-06
2026-07-30 10:17:25.832726,[92.00422651],2.81237515340134e-06,2.823940975331243e-06,2.858714381934925e-06,2.916888409645243e-06,2.9986663574427124e-06,3.1040763163401224e-06,3.232699006092809e-06,3.383304229349864e-06,3.553401974454649e-06,3.7387346911410137e-06,3.932768757879135e-06,4.126283922631628e-06,4.307202621023457e-06,4.460832645635435e-06,4.570695809846192e-06,4.620058097903071e-06,4.594145355895295e-06,4.482824364458381e-06,4.283286837100132e-06,4.002067170265921e-06,3.6556546480469513e-06,3.2691215017497797e-06,2.872616579850828e-06,2.4962034086471217e-06,2.1641678049128144e-06,1.890329179687396e-06,1.6758351382959303e-06,1.5103211379811065e-06,1.3763158947570153e-06,1.2557055461638156e-06,1.136340958642987e-06,1.2557055461638156e-06,1.3763158947570153e-06,1.5103211379811065e-06,1.6758351382959303e-06,1.890329179687396e-06,2.1641678049128144e-06,2.4962034086471217e-06,2.872616579850828e-06,3.2691215017497797e-06,3.6556546480469513e-06,4.002067170265921e-06,4.283286837100132e-06,4.482824364458381e-06,4.594145355895295e-06,4.620058097903071e-06,4.570695809846192e-06,4.460832645635435e-06,4.307202621023457e-06,4.126283922631628e-06,3.932768757879135e-06,3.7387346911410137e-06,3.553401974454649e-06,3.383304229349864e-06,3.232699006092809e-06,3.1040763163401224e-06,2.9986663574427124e-06,2.916888409645243e-06,2.858714381934925e-06,2.823940975331243e-06,2.81237515340134e-06
2026-07-30 10:17:25.857171,[65.46275994],2.2939627286295732e-09,2.3006867608436153e-09,2.320963883480091e-09,2.3551200914131572e-09,2.4037347364538423e-09,2.467692064048232e-09,2.5482440519106883e-09,2.6470659035494307e-09,2.766269375705114e-09,2.9083206583395526e-09,3.0757967286649605e-09,3.270920351268288e-09,3.494855583428433e-09,3.746834881309375e-09,4.023321238457721e-09,4.317549611117815e-09,4.619870346944504e-09,4.9192398616159315e-09,5.205895592530322e-09,5.474720709542448e-09,5.728195538424724e-09,5.9774354350099895e-09,6.239967195188037e-09,6.533802392232171e-09,6.868896485088463e-09,7.238689258959553e-09,7.615289742911489e-09,7.95130138883324e-09,8.189158974865908e-09,8.275858097711251e-09,8.178405144877212e-09,8.275858097711251e-09,8.189158974865908e-09,7.95130138883324e-09,7.615289742911489e-09,7.238689258959553e-09,6.868896485088463e-09,6.533802392232171e-09,6.239967195188037e-09,5.9774354350099895e-09,5.728195538424724e-09,5.474720709542448e-09,5.205895592530322e-09,4.9192398616159315e-09,4.619870346944504e-09,4.317549611117815e-09,4.023321238457721e-09,3.746834881309375e-09,3.494855583428433e-09,3.270920351268288e-09,3.0757967286649605e-09,2.9083206583395526e-09,2.766269375705114e-09,2.6470659035494307e-09,2.5482440519106883e-09,2.467692064048232e-09,2.4037347364538423e-09,2.3551200914131572e-09,2.320963883480091e-09,2.3006867608436153e-09,2.2939627286295732e-09
2026-07-30 10:17:25.882036,[65.46275994],2.2939627286295732e-09,2.3006867608436153e-09,2.320963883480091e-09,2.3551200914131572e-09,2.4037347364538423e-09,2.467692064048232e-09,2.5482440519106883e-09,2.6470659035494307e-09,2.766269375705114e-09,2.9083206583395526e-09,3.0757967286649605e-09,3.270920351268288e-09,3.494855583428433e-09,3.746834881309375e-09,4.023321238457721e-09,4.317549611117815e-09,4.619870346944504e-09,4.9192398616159315e-09,5.205895592530322e-09,5.474720709542448e-09,5.728195538424724e-09,5.9774354350099895e-09,6.239967195188037e-09,6.533802392232171e-09,6.868896485088463e-09,7.238689258959553e-09,7.615289742911489e-09,7.95130138883324e-09,8.189158974865908e-09,8.275858097711251e-09,8.178405144877212e-09,8.275858097711251e-09,8.189158974865908e-09,7.95130138883324e-09,7.615289742911489e-09,7.238689258959553e-09,6.868896485088463e-09,6.533802392232171e-09,6.239967195188037e-09,5.9774354350099895e-09,5.728195538424724e-09,5.474720709542448e-09,5.205895592530322e-09,4.9192398616159315e-09,4.619870346944504e-09,4.317549611117815e-09,4.023321238457721e-09,3.746834881309375e-09,3.494855583428433e-09,3.270920351268288e-09,3.0757967286649605e-09,2.9083206583395526e-09,2.766269375705114e-09,2.6470659035494307e-09,2.5482440519106883e-09,2.467692064048232e-09,2.4037347364538423e-09,2.3551200914131572e-09,2.320963883480091e-09,2.3006867608436153e-09,2.2939627286295732e-09
2026-07-30 10:17:26.832073,[91.86603468],2.8164092481924128e-06,2.827642068354217e-06,2.8614118878105515e-06,2.917899381837465e-06,2.9972918506180337e-06,3.099604572892894e-06,3.2244178969765148e-06,3.3705247856623626e-06,3.535493743880581e-06,3.7151719421561015e-06,3.903184288671368e-06,4.090524697464694e-06,4.265379197914128e-06,4.4133530982495154e-06,4.518275277014287e-06,4.563697578952653e-06,4.535077665727608e-06,4.422430349966544e-06,4.222989722012742e-06,3.943216130392655e-06,3.599410148661135e-06,3.2163552919797367e-06,2.8238396588386397e-06,2.4515359825430837e-06,2.123364483782852e-06,1.8528669402505577e-06,1.6410579311775464e-06,1.477614342656472e-06,1.345263080679126e-06,1.2261707713282473e-06,1.1084326575306372e-06,1.2261707713282473e-06,1.345263080679126e-06,1.477614342656472e-06,1.6410579311775464e-06,1.8528669402505577e-06,2.123364483782852e-06,2.4515359825430837e-06,2.8238396588386397e-06,3.2163552919797367e-06,3.599410148661135e-06,3.943216130392655e-06,4.222989722012742e-06,4.422430349966544e-06,4.535077665727608e-06,4.563697578952653e-06,4.518275277014287e-06,4.4133530982495154e-06,4.265379197914128e-06,4.090524697464694e-06,3.903184288671368e-06,3.7151719421561015e-06,3.535493743880581e-06,3.3705247856623626e-06,3.2244178969765148e-06,3.099604572892894e-06,2.9972918506180337e-06,2.917899381837465e-06,2.8614118878105515e-06,2.827642068354217e-06,2.8164092481924128e-06
2026-07-30 10:17:26.856932,[66.1741462],3.3861259766913512e-09,3.399787041523754e-09,3.44098544053452e-09,3.510381404359055e-09,3.6091245696650046e-09,3.738927559895986e-09,3.902160696624513e-09,4.101942009268345e-09,4.342166684599478e-09,4.6273803033921985e-09,4.96236120003082e-09,5.3512604293732014e-09,5.796184287547218e-09,6.295226420017626e-09,6.840179315404333e-09,7.414450893585615e-09,7.991989802804941e-09,8.53813054407372e-09,9.013037817594856e-09,9.377763944584892e-09,9.601921120579188e-09,9.670941166970957e-09,9.59036015190183e-09,9.385001269320397e-09,9.09247696167656e-09,8.752666120106693e-09,8.396797564994303e-09,8.040411342170271e-09,7.683174043907319e-09,7.315639273309212e-09,6.929849457073509e-09,7.315639273309212e-09,7.683174043907319e-09,8.040411342170271e-09,8.396797564994303e-09,8.752666120106693e-09,9.09247696167656e-09,9.385001269320397e-09,9.59036015190183e-09,9.670941166970957e-09,9.601921120579188e-09,9.377763944584892e-09,9.013037817594856e-09,8.53813054407372e-09,7.991989802804941e-09,7.414450893585615e-09,6.840179315404333e-09,6.295226420017626e-09,5.796184287547218e-09,5.3512604293732014e-09,4.96236120003082e-09,4.6273803033921985e-09,4.342166684599478e-09,4.101942009268345e-09,3.902160696624513e-09,3.738927559895986e-09,3.6091245696650046e-09,3.510381404359055e-09,3.44098544053452e-09,3.399787041523754e-09,3.3861259766913512e-09
2026-07-30 10:17:26.880830,[66.1741462],3.3861259766913512e-09,3.399787041523754e-09,3.44098544053452e-09,3.510381404359055e-09,3.6091245696650046e-09,3.738927559895986e-09,3.902160696624513e-09,4.101942009268345e-09,4.342166684599478e-09,4.6273803033921985e-09,4.96236120003082e-09,5.3512604293732014e-09,5.796184287547218e-09,6.295226420017626e-09,6.840179315404333e-09,7.414450893585615e-09,7.991989802804941e-09,8.53813054407372e-09,9.013037817594856e-09,9.377763944584892e-09,9.601921120579188e-09,9.670941166970957e-09,9.59036015190183e-09,9.385001269320397e-09,9.09247696167656e-09,8.752666120106693e-09,8.396797564994303e-09,8.040411342170271e-09,7.683174043907319e-09,7.315639273309212e-09,6.929849457073509e-09,7.315639273309212e-09,7.683174043907319e-09,8.040411342170271e-09,8.396797564994303e-09,8.752666120106693e-09,9.09247696167656e-09,9.385001269320397e-09,9.59036015190183e-09,9.670941166970957e-09,9.601921120579188e-09,9.377763944584892e-09,9.013037817594856e-09,8.53813054407372e-09,7.991989802804941e-09,7.414450893585615e-09,6.840179315404333e-09,6.295226420017626e-09,5.796184287547218e-09,5.3512604293732014e-09,4.96236120003082e-09,4.6273803033921985e-09,4.342166684599478e-09,4.101942009268345e-09,3.902160696624513e-09,3.738927559895986e-09,3.6091245696650046e-09,3.510381404359055e-09,3.44098544053452e-09,3.399787041523754e-09,3.3861259766913512e-09
2026-07-30 10:17:27.818038,[91.74471299],2.8248090450703754e-06,2.83575166791235e-06,2.8686439590477856e-06,2.9236468558673097e-06,3.000918381344622e-06,3.100440562990906e-06,3.221764468324779e-06,3.363667955490735e-06,3.523730560800357e-06,3.69784925065923e-06,3.879749013874561e-06,4.060582128609119e-06,4.2287530073050745e-06,4.370138358109011e-06,4.468874346149256e-06,4.508829254243031e-06,4.475752952514727e-06,4.359893479084975e-06,4.158629681322568e-06,3.878460341190772e-06,3.535616151694372e-06,3.1547170488641414e-06,2.765322007594436e-06,2.3968447521605697e-06,2.072952329074559e-06,1.806967673486874e-06,1.5997361281937053e-06,1.4408131101664635e-06,1.3128321329424212e-06,1.197860861130069e-06,1.083852114783953e-06,1.197860861130069e-06,1.3128321329424212e-06,1.4408131101664635e-06,1.5997361281937053e-06,1.806967673486874e-06,2.072952329074559e-06,2.3968447521605697e-06,2.765322007594436e-06,3.1547170488641414e-06,3.535616151694372e-06,3.878460341190772e-06,4.158629681322568e-06,4.359893479084975e-06,4.475752952514727e-06,4.508829254243031e-06,4.468874346149256e-06,4.370138358109011e-06,4.2287530073050745e-06,4.060582128609119e-06,3.879749013874561e-06,3.69784925065923e-06,3.523730560800357e-06,3.363667955490735e-06,3.221764468324779e-06,3.100440562990906e-06,3.000918381344622e-06,2.9236468558673097e-06,2.8686439590477856e-06,2.83575166791235e-06,2.8248090450703754e-06
2026-07-30 10:17:27.844139,[91.74471299],2.8248090450703754e-06,2.83575166791235e-06,2.8686439590477856e-06,2.9236468558673097e-06,3.000918381344622e-06,3.100440562990906e-06,3.221764468324779e-06,3.363667955490735e-06,3.523730560800357e-06,3.69784925065923e-06,3.879749013874561e-06,4.060582128609119e-06,4.2287530073050745e-06,4.370138358109011e-06,4.468874346149256e-06,4.508829254243031e-06,4.475752952514727e-06,4.359893479084975e-06,4.158629681322568e-06,3.878460341190772e-06,3.535616151694372e-06,3.1547170488641414e-06,2.765322007594436e-06,2.3968447521605697e-06,2.072952329074559e-06,1.806967673486874e-06,1.5997361281937053e-06,1.4408131101664635e-06,1.3128321329424212e-06,1.197860861130069e-06,1.083852114783953e-06,1.197860861130069e-06,1.3128321329424212e-06,1.4408131101664635e-06,1.5997361281937053e-06,1.806967673486874e-06,2.072952329074559e-06,2.3968447521605697e-06,2.765322007594436e-06,3.1547170488641414e-06,3.535616151694372e-06,3.878460341190772e-06,4.158629681322568e-06,4.359893479084975e-06,4.475752952514727e-06,4.508829254243031e-06,4.468874346149256e-06,4.370138358109011e-06,4.2287530073050745e-06,4.060582128609119e-06,3.879749013874561e-06,3.69784925065923e-06,3.523730560800357e-06,3.363667955490735e-06,3.221764468324779e-06,3.100440562990906e-06,3.000918381344622e-06,2.9236468558673097e-06,2.8686439590477856e-06,2.83575166791235e-06,2.8248090450703754e-06
2026-07-30 10:17:27.869470,[65.9407089],4.144072720130989e-09,4.1702272591939354e-09,4.2495636755063085e-09,4.384699393498285e-09,4.579985272075349e-09,4.8414575269463e-09,5.1767025721826e-09,5.5945542607850985e-09,6.104507783526398e-09,6.715702715812596e-09,7.4353171242357685e-09,8.266253399719401e-09,9.204118842956966e-09,1.023373727452282e-08,1.1325769227612011e-08,1.2434406451161438e-08,1.3497403107586068e-08,1.4439707900742348e-08,1.5181463978071387e-08,1.565005666304704e-08,1.5794366617266346e-08,1.5597892032996126e-08,1.5086628731302622e-08,1.4328188732932709e-08,1.3420817883000697e-08,1.2474241184665864e-08,1.1587418236748585e-08,1.0829874882453577e-08,1.0232316690156984e-08,9.788866564560972e-09,9.468865640862671e-09,9.788866564560972e-09,1.0232316690156984e-08,1.0829874882453577e-08,1.1587418236748585e-08,1.2474241184665864e-08,1.3420817883000697e-08,1.4328188732932709e-08,1.5086628731302622e-08,1.5597892032996126e-08,1.5794366617266346e-08,1.565005666304704e-08,1.5181463978071387e-08,1.4439707900742348e-08,1.3497403107586068e-08,1.2434406451161438e-08,1.1325769227612011e-08,1.023373727452282e-08,9.204118842956966e-09,8.266253399719401e-09,7.4353171242357685e-09,6.715702715812596e-09,6.104507783526398e-09,5.5945542607850985e-09,5.1767025721826e-09,4.8414575269463e-09,4.579985272075349e-09,4.384699393498285e-09,4.2495636755063085e-09,4.1702272591939354e-09,4.144072720130989e-09
2026-07-30 10:17:28.824608,[91.60379116],2.8240085701238662e-06,2.8346323945511223e-06,2.866567749635856e-06,2.9199752578839605e-06,2.99501668541603e-06,3.0916879178786824e-06,3.209571695455952e-06,3.347503756570903e-06,3.5031554554263664e-06,3.672554884362899e-06,3.8495986708620026e-06,4.025646768469361e-06,4.189336418116074e-06,4.326785499611918e-06,4.422358754552883e-06,4.460118106737197e-06,4.425951184921296e-06,4.31017024129795e-06,4.110130960013018e-06,3.832211473477945e-06,3.4924190673805457e-06,3.1150514810792803e-06,2.729267996934026e-06,2.364052469558661e-06,2.042687904675969e-06,1.7782528469045188e-06,1.5715719395770891e-06,1.4124395220534946e-06,1.2839423377420835e-06,1.1686811421366185e-06,1.0550287715327544e-06,1.1686811421366185e-06,1.2839423377420835e-06,1.4124395220534946e-06,1.5715719395770891e-06,1.7782528469045188e-06,2.042687904675969e-06,2.364052469558661e-06,2.729267996934026e-06,3.1150514810792803e-06,3.4924190673805457e-06,3.832211473477945e-06,4.110130960013018e-06,4.31017024129795e-06,4.425951184921296e-06,4.460118106737197e-06,4.422358754552883e-06,4.326785499611918e-06,4.189336418116074e-06,4.025646768469361e-06,3.8495986708620026e-06,3.672554884362899e-06,3.5031554554263664e-06,3.347503756570903e-06,3.209571695455952e-06,3.0916879178786824e-06,2.99501668541603e-06,2.9199752578839605e-06,2.866567749635856e-06,2.8346323945511223e-06,2.8240085701238662e-06
2026-07-30 10:17:28.849639,[91.60379116],2.8240085701238662e-06,2.8346323945511223e-06,2.866567749635856e-06,2.9199752578839605e-06,2.99501668541603e-06,3.0916879178786824e-06,3.209571695455952e-06,3.347503756570903e-06,3.5031554554263664e-06,3.672554884362899e-06,3.8495986708620026e-06,4.025646768469361e-06,4.189336418116074e-06,4.326785499611918e-06,4.422358754552883e-06,4.460118106737197e-06,4.425951184921296e-06,4.31017024129795e-06,4.110130960013018e-06,3.832211473477945e-06,3.4924190673805457e-06,3.1150514810792803e-06,2.729267996934026e-06,2.364052469558661e-06,2.042687904675969e-06,1.7782528469045188e-06,1.5715719395770891e-06,1.4124395220534946e-06,1.2839423377420835e-06,1.1686811421366185e-06,1.0550287715327544e-06,1.1686811421366185e-06,1.2839423377420835e-06,1.4124395220534946e-06,1.5715719395770891e-06,1.7782528469045188e-06,2.042687904675969e-06,2.364052469558661e-06,2.729267996934026e-06,3.1150514810792803e-06,3.4924190673805457e-06,3.832211473477945e-06,4.110130960013018e-06,4.31017024129795e-06,4.425951184921296e-06,4.460118106737197e-06,4.422358754552883e-06,4.326785499611918e-06,4.189336418116074e-06,4.025646768469361e-06,3.8495986708620026e-06,3.672554884362899e-06,3.5031554554263664e-06,3.347503756570903e-06,3.209571695455952e-06,3.0916879178786824e-06,2.99501668541603e-06,2.9199752578839605e-06,2.866567749635856e-06,2.8346323945511223e-06,2.8240085701238662e-06
2026-07-30 10:17:28.874823,[67.15531115],4.3821346967095995e-09,4.4060196961622455e-09,4.47821948830931e-09,4.600373086546853e-09,4.775226492983202e-09,5.006647109644715e-09,5.299618513792895e-09,5.660164264374225e-09,6.0951010676276375e-09,6.611459855035874e-09,7.215357878559596e-09,7.910096546871786e-09,8.693358954369497e-09,9.553651379867051e-09,1.04666021515665e-08,1.1392334674527158e-08,1.2275661616187106e-08,1.3050952871868402e-08,1.3652814165886921e-08,1.4031949854551481e-08,1.4172993032381572e-08,1.410851683505315e-08,1.3922255187860502e-08,1.3736104427900822e-08,1.3680244869259741e-08,1.3852637052258978e-08,1.4280508008773393e-08,1.4898877434423549e-08,1.5557381870472335e-08,1.6057045439228667e-08,1.6206768565800297e-08,1.6057045439228667e-08,1.5557381870472335e-08,1.4898877434423549e-08,1.4280508008773393e-08,1.3852637052258978e-08,1.3680244869259741e-08,1.3736104427900822e-08,1.3922255187860502e-08,1.410851683505315e-08,1.4172993032381572e-08,1.4031949854551481e-08,1.3652814165886921e-08,1.3050952871868402e-08,1.2275661616187106e-08,1.1392334674527158e-08,1.04666021515665e-08,9.553651379867051e-09,8.693358954369497e-09,7.910096546871786e-09,7.215357878559596e-09,6.611459855035874e-09,6.0951010676276375e-09,5.660164264374225e-09,5.299618513792895e-09,5.006647109644715e-09,4.775226492983202e-09,4.600373086546853e-09,4.47821948830931e-09,4.4060196961622455e-09,4.3821346967095995e-09
2026-07-30 10:17:29.818935,[91.47350923],2.8208837241641e-06,2.831182199950032e-06,2.862138678858751e-06,2.913906531823269e-06,2.986639544267914e-06,3.080330933548953e-06,3.1945742154129515e-06,3.328239043912665e-06,3.479064186586431e-06,3.643188311766216e-06,3.8146689687306576e-06,3.985080001499174e-06,4.143321496798689e-06,4.275810826207136e-06,4.3672274876722136e-06,4.4019335097354334e-06,4.366065685530177e-06,4.2500957720326375e-06,4.051413856565548e-06,3.776282438673325e-06,3.440436788860272e-06,3.067765972387757e-06,2.686934101866082e-06,2.3264218594913503e-06,2.0090962120138848e-06,1.7477965422532478e-06,1.5433408871338675e-06,1.3857447735617355e-06,1.2584666936628722e-06,1.1444923544622714e-06,1.0324338533223322e-06,1.1444923544622714e-06,1.2584666936628722e-06,1.3857447735617355e-06,1.5433408871338675e-06,1.7477965422532478e-06,2.0090962120138848e-06,2.3264218594913503e-06,2.686934101866082e-06,3.067765972387757e-06,3.440436788860272e-06,3.776282438673325e-06,4.051413856565548e-06,4.2500957720326375e-06,4.366065685530177e-06,4.4019335097354334e-06,4.3672274876722136e-06,4.275810826207136e-06,4.143321496798689e-06,3.985080001499174e-06,3.8146689687306576e-06,3.643188311766216e-06,3.479064186586431e-06,3.328239043912665e-06,3.1945742154129515e-06,3.080330933548953e-06,2.986639544267914e-06,2.913906531823269e-06,2.862138678858751e-06,2.831182199950032e-06,2.8208837241641e-06
2026-07-30 10:17:29.843081,[91.47350923],2.8208837241641e-06,2.831182199950032e-06,2.862138678858751e-06,2.913906531823269e-06,2.986639544267914e-06,3.080330933548953e-06,3.1945742154129515e-06,3.328239043912665e-06,3.479064186586431e-06,3.643188311766216e-06,3.8146689687306576e-06,3.985080001499174e-06,4.143321496798689e-06,4.275810826207136e-06,4.3672274876722136e-06,4.4019335097354334e-06,4.366065685530177e-06,4.2500957720326375e-06,4.051413856565548e-06,3.776282438673325e-06,3.440436788860272e-06,3.067765972387757e-06,2.686934101866082e-06,2.3264218594913503e-06,2.0090962120138848e-06,1.7477965422532478e-06,1.5433408871338675e-06,1.3857447735617355e-06,1.2584666936628722e-06,1.1444923544622714e-06,1.0324338533223322e-06,1.1444923544622714e-06,1.2584666936628722e-06,1.3857447735617355e-06,1.5433408871338675e-06,1.7477965422532478e-06,2.0090962120138848e-06,2.3264218594913503e-06,2.686934101866082e-06,3.067765972387757e-06,3.440436788860272e-06,3.776282438673325e-06,4.051413856565548e-06,4.2500957720326375e-06,4.366065685530177e-06,4.4019335097354334e-06,4.3672274876722136e-06,4.275810826207136e-06,4.143321496798689e-06,3.985080001499174e-06,3.8146689687306576e-06,3.643188311766216e-06,3.479064186586431e-06,3.328239043912665e-06,3.1945742154129515e-06,3.080330933548953e-06,2.986639544267914e-06,2.913906531823269e-06,2.862138678858751e-06,2.831182199950032e-06,2.8208837241641e-06
2026-07-30 10:17:29.868175,[65.98768171],3.356677493656977e-09,3.371115347834923e-09,3.4148113397482123e-09,3.488954552427488e-09,3.595666389021629e-09,3.7382067054259175e-09,3.921240756666205e-09,4.1511114962381325e-09,4.436003804501422e-09,4.7858144976074084e-09,5.2114787460899444e-09,5.723495303748821e-09,6.329501532053881e-09,7.031030911973217e-09,7.820049293013137e-09,8.676419581117133e-09,9.567859371607088e-09,1.0453892520598568e-08,1.129442887846574e-08,1.2061848228475569e-08,1.2753197628008432e-08,1.3397272436115344e-08,1.4051191770521989e-08,1.4783561083655192e-08,1.5646350160935088e-08,1.6643602559694926e-08,1.7709228250284402e-08,1.8705633737250838e-08,1.944872534457772e-08,1.9754631423059597e-08,1.949361000895962e-08,1.9754631423059597e-08,1.944872534457772e-08,1.8705633737250838e-08,1.7709228250284402e-08,1.6643602559694926e-08,1.5646350160935088e-08,1.4783561083655192e-08,1.4051191770521989e-08,1.3397272436115344e-08,1.2753197628008432e-08,1.2061848228475569e-08,1.129442887846574e-08,1.0453892520598568e-08,9.567859371607088e-09,8.676419581117133e-09,7.820049293013137e-09,7.031030911973217e-09,6.329501532053881e-09,5.723495303748821e-09,5.2114787460899444e-09,4.7858144976074084e-09,4.436003804501422e-09,4.1511114962381325e-09,3.921240756666205e-09,3.7382067054259175e-09,3.595666389021629e-09,3.488954552427488e-09,3.4148113397482123e-09,3.371115347834923e-09,3.356677493656977e-09
2026-07-30 10:17:30.814726,[91.33294501],2.812784513321632e-06,2.822741609076016e-06,2.852671048087908e-06,2.90271861315588e-06,2.9730291190771397e-06,3.0635908302827622e-06,3.174003605450146e-06,3.3031635031415047e-06,3.448865393699174e-06,3.6073433836624006e-06,3.7727983139382095e-06,3.93700123245399e-06,4.0891054051537386e-06,4.215833686657372e-06,4.30221200031255e-06,4.332968609717601e-06,4.294593663111447e-06,4.177854660868288e-06,3.980325521654543e-06,3.7082841369472583e-06,3.377267287040913e-06,3.010735365190957e-06,2.636724505890213e-06,2.282976059656768e-06,1.9716442377607272e-06,1.7150410834732436e-06,1.513775197844501e-06,1.358025640069302e-06,1.2317314964506244e-06,1.11851242659756e-06,1.0075425940839704e-06,1.11851242659756e-06,1.2317314964506244e-06,1.358025640069302e-06,1.513775197844501e-06,1.7150410834732436e-06,1.9716442377607272e-06,2.282976059656768e-06,2.636724505890213e-06,3.010735365190957e-06,3.377267287040913e-06,3.7082841369472583e-06,3.980325521654543e-06,4.177854660868288e-06,4.294593663111447e-06,4.332968609717601e-06,4.30221200031255e-06,4.215833686657372e-06,4.0891054051537386e-06,3.93700123245399e-06,3.7727983139382095e-06,3.6073433836624006e-06,3.448865393699174e-06,3.3031635031415047e-06,3.174003605450146e-06,3.0635908302827622e-06,2.9730291190771397e-06,2.90271861315588e-06,2.852671048087908e-06,2.822741609076016e-06,2.812784513321632e-06
2026-07-30 10:17:30.840270,[91.33294501],2.812784513321632e-06,2.822741609076016e-06,2.852671048087908e-06,2.90271861315588e-06,2.9730291190771397e-06,3.0635908302827622e-06,3.174003605450146e-06,3.3031635031415047e-06,3.448865393699174e-06,3.6073433836624006e-06,3.7727983139382095e-06,3.93700123245399e-06,4.0891054051537386e-06,4.215833686657372e-06,4.30221200031255e-06,4.332968609717601e-06,4.294593663111447e-06,4.177854660868288e-06,3.980325521654543e-06,3.7082841369472583e-06,3.377267287040913e-06,3.010735365190957e-06,2.636724505890213e-06,2.282976059656768e-06,1.9716442377607272e-06,1.7150410834732436e-06,1.513775197844501e-06,1.358025640069302e-06,1.2317314964506244e-06,1.11851242659756e-06,1.0075425940839704e-06,1.11851242659756e-06,1.2317314964506244e-06,1.358025640069302e-06,1.513775197844501e-06,1.7150410834732436e-06,1.9716442377607272e-06,2.282976059656768e-06,2.636724505890213e-06,3.010735365190957e-06,3.377267287040913e-06,3.7082841369472583e-06,3.980325521654543e-06,4.177854660868288e-06,4.294593663111447e-06,4.332968609717601e-06,4.30221200031255e-06,4.215833686657372e-06,4.0891054051537386e-06,3.93700123245399e-06,3.7727983139382095e-06,3.6073433836624006e-06,3.448865393699174e-06,3.3031635031415047e-06,3.174003605450146e-06,3.0635908302827622e-06,2.9730291190771397e-06,2.90271861315588e-06,2.852671048087908e-06,2.822741609076016e-06,2.812784513321632e-06
2026-07-30 10:17:30.866548,[65.96899138],3.1160404781296677e-09,3.1298649350516222e-09,3.1718123664948363e-09,3.243347798792579e-09,3.347051862082808e-09,3.486811634063666e-09,3.6680393402214652e-09,3.8978420862338804e-09,4.185012832188577e-09,4.539657293856583e-09,4.9722406749034945e-09,5.491875317386099e-09,6.1038253064056025e-09,6.8065087945773595e-09,7.588708875485112e-09,8.428138270956971e-09,9.2927112899844e-09,1.0145568413022978e-08,1.095386080544888e-08,1.169959375461186e-08,1.2388946425111305e-08,1.3055350197069702e-08,1.3752250708596205e-08,1.4534461833176436e-08,1.5431835035317743e-08,1.6423828923868907e-08,1.7425938052199722e-08,1.829678194649416e-08,1.8867788295981733e-08,1.898816683926357e-08,1.8570380425400727e-08,1.898816683926357e-08,1.8867788295981733e-08,1.829678194649416e-08,1.7425938052199722e-08,1.6423828923868907e-08,1.5431835035317743e-08,1.4534461833176436e-08,1.3752250708596205e-08,1.3055350197069702e-08,1.2388946425111305e-08,1.169959375461186e-08,1.095386080544888e-08,1.0145568413022978e-08,9.2927112899844e-09,8.428138270956971e-09,7.588708875485112e-09,6.8065087945773595e-09,6.1038253064056025e-09,5.491875317386099e-09,4.9722406749034945e-09,4.539657293856583e-09,4.185012832188577e-09,3.8978420862338804e-09,3.6680393402214652e-09,3.486811634063666e-09,3.347051862082808e-09,3.243347798792579e-09,3.1718123664948363e-09,3.1298649350516222e-09,3.1160404781296677e-09
2026-07-30 10:17:31.818450,[91.21404925],2.713644305080358e-06,2.723151662943891e-06,2.751689454697716e-06,2.7992778406963887e-06,2.8658591851609367e-06,2.951157337810004e-06,3.0544748866524685e-06,3.174427506279937e-06,3.3086217001405443e-06,3.4532954322506133e-06,3.6029613737440655e-06,3.7501192856801614e-06,3.885134066196975e-06,3.996401403271351e-06,4.0709306249249705e-06,4.0954467664013685e-06,4.0580339530476725e-06,3.950202136613951e-06,3.769072530962173e-06,3.5191885985869147e-06,3.213345212646217e-06,2.871877687641552e-06,2.520128303161301e-06,2.18430090035e-06,1.8865076288724253e-06,1.64029330369127e-06,1.4480529083097684e-06,1.3013834430120797e-06,1.1845698216195783e-06,1.080354629911196e-06,9.76282817311641e-07,1.080354629911196e-06,1.1845698216195783e-06,1.3013834430120797e-06,1.4480529083097684e-06,1.64029330369127e-06,1.8865076288724253e-06,2.18430090035e-06,2.520128303161301e-06,2.871877687641552e-06,3.213345212646217e-06,3.5191885985869147e-06,3.769072530962173e-06,3.950202136613951e-06,4.0580339530476725e-06,4.0954467664013685e-06,4.0709306249249705e-06,3.996401403271351e-06,3.885134066196975e-06,3.7501192856801614e-06,3.6029613737440655e-06,3.4532954322506133e-06,3.3086217001405443e-06,3.174427506279937e-06,3.0544748866524685e-06,2.951157337810004e-06,2.8658591851609367e-06,2.7992778406963887e-06,2.751689454697716e-06,2.723151662943891e-06,2.713644305080358e-06
2026-07-30 10:17:31.843448,[91.21404925],2.713644305080358e-06,2.723151662943891e-06,2.751689454697716e-06,2.7992778406963887e-06,2.8658591851609367e-06,2.951157337810004e-06,3.0544748866524685e-06,3.174427506279937e-06,3.3086217001405443e-06,3.4532954322506133e-06,3.6029613737440655e-06,3.7501192856801614e-06,3.885134066196975e-06,3.996401403271351e-06,4.0709306249249705e-06,4.0954467664013685e-06,4.0580339530476725e-06,3.950202136613951e-06,3.769072530962173e-06,3.5191885985869147e-06,3.213345212646217e-06,2.871877687641552e-06,2.520128303161301e-06,2.18430090035e-06,1.8865076288724253e-06,1.64029330369127e-06,1.4480529083097684e-06,1.3013834430120797e-06,1.1845698216195783e-06,1.080354629911196e-06,9.76282817311641e-07,1.080354629911196e-06,1.1845698216195783e-06,1.3013834430120797e-06,1.4480529083097684e-06,1.64029330369127e-06,1.8865076288724253e-06,2.18430090035e-06,2.520128303161301e-06,2.871877687641552e-06,3.213345212646217e-06,3.5191885985869147e-06,3.769072530962173e-06,3.950202136613951e-06,4.0580339530476725e-06,4.0954467664013685e-06,4.0709306249249705e-06,3.996401403271351e-06,3.885134066196975e-06,3.7501192856801614e-06,3.6029613737440655e-06,3.4532954322506133e-06,3.3086217001405443e-06,3.174427506279937e-06,3.0544748866524685e-06,2.951157337810004e-06,2.8658591851609367e-06,2.7992778406963887e-06,2.751689454697716e-06,2.723151662943891e-06,2.713644305080358e-06
2026-07-30 10:17:31.869604,[78.20173424],5.5384331808125976e-08,5.5568421561597545e-08,5.6135212374623086e-08,5.7124999155380075e-08,5.8593898084397075e-08,6.05969631235771e-08,6.316454075963435e-08,6.627326148162338e-08,6.981522962094714e-08,7.357187072523535e-08,7.720181711409342e-08,8.025383110394965e-08,8.221428147147434e-08,8.259239051478025e-08,8.103476381598969e-08,7.74453811712227e-08,7.20732397749905e-08,6.552482798910669e-08,5.8670194855137594e-08,5.24426284683723e-08,4.75767080142445e-08,4.437082934486365e-08,4.257516813476657e-08,4.1476413226197915e-08,4.01768427137803e-08,3.797342723028888e-08,3.4677552196335445e-08,3.0719884679807444e-08,2.6970548259426166e-08,2.434001357123829e-08,2.334414345458661e-08,2.434001357123829e-08,2.6970548259426166e-08,3.0719884679807444e-08,3.4677552196335445e-08,3.797342723028888e-08,4.01768427137803e-08,4.1476413226197915e-08,4.257516813476657e-08,4.437082934486365e-08,4.75767080142445e-08,5.24426284683723e-08,5.8670194855137594e-08,6.552482798910669e-08,7.20732397749905e-08,7.74453811712227e-08,8.103476381598969e-08,8.259239051478025e-08,8.221428147147434e-08,8.025383110394965e-08,7.720181711409342e-08,7.357187072523535e-08,6.981522962094714e-08,6.627326148162338e-08,6.316454075963435e-08,6.05969631235771e-08,5.8593898084397075e-08,5.7124999155380075e-08,5.6135212374623086e-08,5.5568421561597545e-08,5.5384331808125976e-08
2026-07-30 10:17:32.900946,[91.00044907],2.774241130892845e-06,2.7835936788744925e-06,2.8117193124178323e-06,2.858795644810661e-06,2.925027918969584e-06,3.010503257963213e-06,3.1149700565005745e-06,3.237532703171308e-06,3.37626009975337e-06,3.527724635001109e-06,3.686518407776333e-06,3.844834724260669e-06,3.992248887635405e-06,4.1158689980327576e-06,4.201032932634061e-06,4.232676167913418e-06,4.1973671364019324e-06,4.085803922456356e-06,3.8953254232518045e-06,3.631789277574574e-06,3.3101112857484223e-06,2.9529372646096437e-06,2.587352827485028e-06,2.240144705121558e-06,1.93271310070116e-06,1.6770505444327904e-06,1.4740578480199404e-06,1.3148374889443049e-06,1.1846771060478928e-06,1.0685526372821918e-06,9.564894400086286e-07,1.0685526372821918e-06,1.1846771060478928e-06,1.3148374889443049e-06,1.4740578480199404e-06,1.6770505444327904e-06,1.93271310070116e-06,2.240144705121558e-06,2.587352827485028e-06,2.9529372646096437e-06,3.3101112857484223e-06,3.631789277574574e-06,3.8953254232518045e-06,4.085803922456356e-06,4.1973671364019324e-06,4.232676167913418e-06,4.201032932634061e-06,4.1158689980327576e-06,3.992248887635405e-06,3.844834724260669e-06,3.686518407776333e-06,3.527724635001109e-06,3.37626009975337e-06,3.237532703171308e-06,3.1149700565005745e-06,3.010503257963213e-06,2.925027918969584e-06,2.858795644810661e-06,2.8117193124178323e-06,2.7835936788744925e-06,2.774241130892845e-06
2026-07-30 10:17:33.857285,[90.86875141],2.764195817784192e-06,2.7731798133328525e-06,2.8001934814560877e-06,2.845396530456667e-06,2.908967811243972e-06,2.990964910043221e-06,3.091111304259484e-06,3.208501430297164e-06,3.3412221301217037e-06,3.485906785441079e-06,3.637267977854802e-06,3.787694829200045e-06,3.927045979585348e-06,4.042804581259355e-06,4.120766200615263e-06,4.146379109830417e-06,4.106730448596542e-06,3.992973325964239e-06,3.802756137685843e-06,3.5420224490291787e-06,3.2254982640523127e-06,2.875360195065677e-06,2.518004443908748e-06,2.1794276072466976e-06,1.8802943900219568e-06,1.632064866733324e-06,1.4354034189346644e-06,1.2814742300700196e-06,1.1558304392837137e-06,1.0437571134049366e-06,9.354641648178882e-07,1.0437571134049366e-06,1.1558304392837137e-06,1.2814742300700196e-06,1.4354034189346644e-06,1.632064866733324e-06,1.8802943900219568e-06,2.1794276072466976e-06,2.518004443908748e-06,2.875360195065677e-06,3.2254982640523127e-06,3.5420224490291787e-06,3.802756137685843e-06,3.992973325964239e-06,4.106730448596542e-06,4.146379109830417e-06,4.120766200615263e-06,4.042804581259355e-06,3.927045979585348e-06,3.787694829200045e-06,3.637267977854802e-06,3.485906785441079e-06,3.3412221301217037e-06,3.208501430297164e-06,3.091111304259484e-06,2.990964910043221e-06,2.908967811243972e-06,2.845396530456667e-06,2.8001934814560877e-06,2.7731798133328525e-06,2.764195817784192e-06
2026-07-30 10:17:33.882944,[90.86875141],2.764195817784192e-06,2.7731798133328525e-06,2.8001934814560877e-06,2.845396530456667e-06,2.908967811243972e-06,2.990964910043221e-06,3.091111304259484e-06,3.208501430297164e-06,3.3412221301217037e-06,3.485906785441079e-06,3.637267977854802e-06,3.787694829200045e-06,3.927045979585348e-06,4.042804581259355e-06,4.120766200615263e-06,4.146379109830417e-06,4.106730448596542e-06,3.992973325964239e-06,3.802756137685843e-06,3.5420224490291787e-06,3.2254982640523127e-06,2.875360195065677e-06,2.518004443908748e-06,2.1794276072466976e-06,1.8802943900219568e-06,1.632064866733324e-06,1.4354034189346644e-06,1.2814742300700196e-06,1.1558304392837137e-06,1.0437571134049366e-06,9.354641648178882e-07,1.0437571134049366e-06,1.1558304392837137e-06,1.2814742300700196e-06,1.4354034189346644e-06,1.632064866733324e-06,1.8802943900219568e-06,2.1794276072466976e-06,2.518004443908748e-06,2.875360195065677e-06,3.2254982640523127e-06,3.5420224490291787e-06,3.802756137685843e-06,3.992973325964239e-06,4.106730448596542e-06,4.146379109830417e-06,4.120766200615263e-06,4.042804581259355e-06,3.927045979585348e-06,3.787694829200045e-06,3.637267977854802e-06,3.485906785441079e-06,3.3412221301217037e-06,3.208501430297164e-06,3.091111304259484e-06,2.990964910043221e-06,2.908967811243972e-06,2.845396530456667e-06,2.8001934814560877e-06,2.7731798133328525e-06,2.764195817784192e-06
2026-07-30 10:17:33.908458,[66.4397308],2.3623915395054324e-09,2.372912921539656e-09,2.404523898027859e-09,2.4573370503913483e-09,2.531448381373736e-09,2.6268056374862452e-09,2.7430384885210132e-09,2.879271403398613e-09,3.033953152473969e-09,3.204751583878269e-09,3.3885743655383886e-09,3.58177871155647e-09,3.780616688831058e-09,3.9819189543329105e-09,4.1839450591886865e-09,4.387229924975439e-09,4.595156876805118e-09,4.813927663812746e-09,5.051628452604457e-09,5.3162482905999725e-09,5.612798963175316e-09,5.940060583034193e-09,6.287819904698787e-09,6.635623823241749e-09,6.953903757972985e-09,7.207795330123573e-09,7.363185698549973e-09,7.3937138886495704e-09,7.286937336945608e-09,7.047905532180251e-09,6.69900646621188e-09,7.047905532180251e-09,7.286937336945608e-09,7.3937138886495704e-09,7.363185698549973e-09,7.207795330123573e-09,6.953903757972985e-09,6.635623823241749e-09,6.287819904698787e-09,5.940060583034193e-09,5.612798963175316e-09,5.3162482905999725e-09,5.051628452604457e-09,4.813927663812746e-09,4.595156876805118e-09,4.387229924975439e-09,4.1839450591886865e-09,3.9819189543329105e-09,3.780616688831058e-09,3.58177871155647e-09,3.3885743655383886e-09,3.204751583878269e-09,3.033953152473969e-09,2.879271403398613e-09,2.7430384885210132e-09,2.6268056374862452e-09,2.531448381373736e-09,2.4573370503913483e-09,2.404523898027859e-09,2.372912921539656e-09,2.3623915395054324e-09
2026-07-30 10:17:34.862254,[90.70759952],2.7477619466034856e-06,2.756413360908887e-06,2.7824272340966707e-06,2.825958003729817e-06,2.887178652166612e-06,2.9661445755224765e-06,3.06258651992254e-06,3.1756227079080697e-06,3.3033883109347607e-06,3.442598161992337e-06,3.5880879739267344e-06,3.7324193636180178e-06,3.865678291552581e-06,3.975631191952097e-06,4.048406670358257e-06,4.069818550911341e-06,4.02732032403103e-06,3.912384772034408e-06,3.7228734084797337e-06,3.464774284954284e-06,3.1526422879031094e-06,2.808256527661682e-06,2.457432208831134e-06,2.125502096377578e-06,1.8325254785367785e-06,1.5895580936216215e-06,1.3971540540599258e-06,1.2466611451221257e-06,1.1240023110965651e-06,1.0148312654676296e-06,9.095234446035534e-07,1.0148312654676296e-06,1.1240023110965651e-06,1.2466611451221257e-06,1.3971540540599258e-06,1.5895580936216215e-06,1.8325254785367785e-06,2.125502096377578e-06,2.457432208831134e-06,2.808256527661682e-06,3.1526422879031094e-06,3.464774284954284e-06,3.7228734084797337e-06,3.912384772034408e-06,4.02732032403103e-06,4.069818550911341e-06,4.048406670358257e-06,3.975631191952097e-06,3.865678291552581e-06,3.7324193636180178e-06,3.5880879739267344e-06,3.442598161992337e-06,3.3033883109347607e-06,3.1756227079080697e-06,3.06258651992254e-06,2.9661445755224765e-06,2.887178652166612e-06,2.825958003729817e-06,2.7824272340966707e-06,2.756413360908887e-06,2.7477619466034856e-06
2026-07-30 10:17:34.888436,[90.70759952],2.7477619466034856e-06,2.756413360908887e-06,2.7824272340966707e-06,2.825958003729817e-06,2.887178652166612e-06,2.9661445755224765e-06,3.06258651992254e-06,3.1756227079080697e-06,3.3033883109347607e-06,3.442598161992337e-06,3.5880879739267344e-06,3.7324193636180178e-06,3.865678291552581e-06,3.975631191952097e-06,4.048406670358257e-06,4.069818550911341e-06,4.02732032403103e-06,3.912384772034408e-06,3.7228734084797337e-06,3.464774284954284e-06,3.1526422879031094e-06,2.808256527661682e-06,2.457432208831134e-06,2.125502096377578e-06,1.8325254785367785e-06,1.5895580936216215e-06,1.3971540540599258e-06,1.2466611451221257e-06,1.1240023110965651e-06,1.0148312654676296e-06,9.095234446035534e-07,1.0148312654676296e-06,1.1240023110965651e-06,1.2466611451221257e-06,1.3971540540599258e-06,1.5895580936216215e-06,1.8325254785367785e-06,2.125502096377578e-06,2.457432208831134e-06,2.808256527661682e-06,3.1526422879031094e-06,3.464774284954284e-06,3.7228734084797337e-06,3.912384772034408e-06,4.02732032403103e-06,4.069818550911341e-06,4.048406670358257e-06,3.975631191952097e-06,3.865678291552581e-06,3.7324193636180178e-06,3.5880879739267344e-06,3.442598161992337e-06,3.3033883109347607e-06,3.1756227079080697e-06,3.06258651992254e-06,2.9661445755224765e-06,2.887178652166612e-06,2.825958003729817e-06,2.7824272340966707e-06,2.756413360908887e-06,2.7477619466034856e-06
2026-07-30 10:17:34.913493,[66.12723484],2.654787917614772e-09,2.6666904089700542e-09,2.7025001728146436e-09,2.762492761980902e-09,2.8470230274767964e-09,2.9563695798971227e-09,3.090523169866673e-09,3.248934211508824e-09,3.4302509486975877e-09,3.6321020318256406e-09,3.8510017058235126e-09,4.0824737736174725e-09,4.321487966779855e-09,4.563261822456643e-09,4.804387689541831e-09,5.044096383898857e-09,5.285290963870035e-09,5.534836296202672e-09,5.8025635931324155e-09,6.098638385973175e-09,6.429392486602153e-09,6.792376565990003e-09,7.172052576115685e-09,7.537909202976456e-09,7.846548810726106e-09,8.048332306541633e-09,8.097661945653303e-09,7.964440271539292e-09,7.64333373204724e-09,7.1577123630084355e-09,6.55660780397778e-09,7.1577123630084355e-09,7.64333373204724e-09,7.964440271539292e-09,8.097661945653303e-09,8.048332306541633e-09,7.846548810726106e-09,7.537909202976456e-09,7.172052576115685e-09,6.792376565990003e-09,6.429392486602153e-09,6.098638385973175e-09,5.8025635931324155e-09,5.534836296202672e-09,5.285290963870035e-09,5.044096383898857e-09,4.804387689541831e-09,4.563261822456643e-09,4.321487966779855e-09,4.0824737736174725e-09,3.8510017058235126e-09,3.6321020318256406e-09,3.4302509486975877e-09,3.248934211508824e-09,3.090523169866673e-09,2.9563695798971227e-09,2.8470230274767964e-09,2.762492761980902e-09,2.7025001728146436e-09,2.6666904089700542e-09,2.654787917614772e-09
2026-07-30 10:17:35.863467,[90.5373115],2.7196075351705942e-06,2.727931982133345e-06,2.752967570447784e-06,2.794877439091365e-06,2.8538517851771407e-06,2.929975387745981e-06,3.023024873614109e-06,3.13218518021643e-06,3.2556827289022667e-06,3.390350778880552e-06,3.5311722034521854e-06,3.670885408261366e-06,3.799783608695868e-06,3.90587187132271e-06,3.9755484526748204e-06,3.994922489495815e-06,3.95175191902023e-06,3.83778846230181e-06,3.6510904175223664e-06,3.3976862138702077e-06,3.091939798106988e-06,2.7551617531655987e-06,2.412437551877188e-06,2.088211813248432e-06,1.8016825730239605e-06,1.563296877168304e-06,1.3734437615864637e-06,1.223823124032175e-06,1.1011296758013104e-06,9.9194800540087e-07,8.873987000634069e-07,9.9194800540087e-07,1.1011296758013104e-06,1.223823124032175e-06,1.3734437615864637e-06,1.563296877168304e-06,1.8016825730239605e-06,2.088211813248432e-06,2.412437551877188e-06,2.7551617531655987e-06,3.091939798106988e-06,3.3976862138702077e-06,3.6510904175223664e-06,3.83778846230181e-06,3.95175191902023e-06,3.994922489495815e-06,3.9755484526748204e-06,3.90587187132271e-06,3.799783608695868e-06,3.670885408261366e-06,3.5311722034521854e-06,3.390350778880552e-06,3.2556827289022667e-06,3.13218518021643e-06,3.023024873614109e-06,2.929975387745981e-06,2.8538517851771407e-06,2.794877439091365e-06,2.752967570447784e-06,2.727931982133345e-06,2.7196075351705942e-06
2026-07-30 10:17:35.889204,[90.5373115],2.7196075351705942e-06,2.727931982133345e-06,2.752967570447784e-06,2.794877439091365e-06,2.8538517851771407e-06,2.929975387745981e-06,3.023024873614109e-06,3.13218518021643e-06,3.2556827289022667e-06,3.390350778880552e-06,3.5311722034521854e-06,3.670885408261366e-06,3.799783608695868e-06,3.90587187132271e-06,3.9755484526748204e-06,3.994922489495815e-06,3.95175191902023e-06,3.83778846230181e-06,3.6510904175223664e-06,3.3976862138702077e-06,3.091939798106988e-06,2.7551617531655987e-06,2.412437551877188e-06,2.088211813248432e-06,1.8016825730239605e-06,1.563296877168304e-06,1.3734437615864637e-06,1.223823124032175e-06,1.1011296758013104e-06,9.9194800540087e-07,8.873987000634069e-07,9.9194800540087e-07,1.1011296758013104e-06,1.223823124032175e-06,1.3734437615864637e-06,1.563296877168304e-06,1.8016825730239605e-06,2.088211813248432e-06,2.412437551877188e-06,2.7551617531655987e-06,3.091939798106988e-06,3.3976862138702077e-06,3.6510904175223664e-06,3.83778846230181e-06,3.95175191902023e-06,3.994922489495815e-06,3.9755484526748204e-06,3.90587187132271e-06,3.799783608695868e-06,3.670885408261366e-06,3.5311722034521854e-06,3.390350778880552e-06,3.2556827289022667e-06,3.13218518021643e-06,3.023024873614109e-06,2.929975387745981e-06,2.8538517851771407e-06,2.794877439091365e-06,2.752967570447784e-06,2.727931982133345e-06,2.7196075351705942e-06
2026-07-30 10:17:35.915068,[66.18476342],2.541471966293934e-09,2.55267952026545e-09,2.586469847218747e-09,2.643323026910959e-09,2.723960644352423e-09,2.8292210797603663e-09,2.959873789824582e-09,3.1163682493025882e-09,3.298522877424017e-09,3.505178067737434e-09,3.733866132101911e-09,3.9805863389346625e-09,4.239805311218012e-09,4.5048135118838406e-09,4.768532664398051e-09,5.024763966244784e-09,5.269687560259588e-09,5.5032010956386366e-09,5.729499201471973e-09,5.956265648283855e-09,6.192092385898087e-09,6.442296453758086e-09,6.704071684625158e-09,6.962610566983433e-09,7.190085296786299e-09,7.348878227269984e-09,7.399168621575484e-09,7.30928056401035e-09,7.065765174960453e-09,6.679751674935564e-09,6.187028989888118e-09,6.679751674935564e-09,7.065765174960453e-09,7.30928056401035e-09,7.399168621575484e-09,7.348878227269984e-09,7.190085296786299e-09,6.962610566983433e-09,6.704071684625158e-09,6.442296453758086e-09,6.192092385898087e-09,5.956265648283855e-09,5.729499201471973e-09,5.5032010956386366e-09,5.269687560259588e-09,5.024763966244784e-09,4.768532664398051e-09,4.5048135118838406e-09,4.239805311218012e-09,3.9805863389346625e-09,3.733866132101911e-09,3.505178067737434e-09,3.298522877424017e-09,3.1163682493025882e-09,2.959873789824582e-09,2.8292210797603663e-09,2.723960644352423e-09,2.643323026910959e-09,2.586469847218747e-09,2.55267952026545e-09,2.541471966293934e-09
2026-07-30 10:17:36.857442,[90.37983456],2.6955829273654097e-06,2.7035907174029907e-06,2.727674341399836e-06,2.7679914950069725e-06,2.8247250698865737e-06,2.897953261063312e-06,2.987450382535163e-06,3.0924079287105905e-06,3.21107368858491e-06,3.340324941197098e-06,3.475221708940946e-06,3.608626345125993e-06,3.731019338953309e-06,3.830673499105652e-06,3.894347890033023e-06,3.908605162089104e-06,3.8617256860349545e-06,3.74599621729304e-06,3.559931563731723e-06,3.3098226916317548e-06,3.009988830981537e-06,2.681316898333305e-06,2.348100503428453e-06,2.033741654369725e-06,1.7563589729229062e-06,1.5255414093816055e-06,1.3412597266001423e-06,1.1953284474455942e-06,1.0750076656701465e-06,9.676556427774503e-07,8.650541329488737e-07,9.676556427774503e-07,1.0750076656701465e-06,1.1953284474455942e-06,1.3412597266001423e-06,1.5255414093816055e-06,1.7563589729229062e-06,2.033741654369725e-06,2.348100503428453e-06,2.681316898333305e-06,3.009988830981537e-06,3.3098226916317548e-06,3.559931563731723e-06,3.74599621729304e-06,3.8617256860349545e-06,3.908605162089104e-06,3.894347890033023e-06,3.830673499105652e-06,3.731019338953309e-06,3.608626345125993e-06,3.475221708940946e-06,3.340324941197098e-06,3.21107368858491e-06,3.0924079287105905e-06,2.987450382535163e-06,2.897953261063312e-06,2.8247250698865737e-06,2.7679914950069725e-06,2.727674341399836e-06,2.7035907174029907e-06,2.6955829273654097e-06
2026-07-30 10:17:36.883222,[90.37983456],2.6955829273654097e-06,2.7035907174029907e-06,2.727674341399836e-06,2.7679914950069725e-06,2.8247250698865737e-06,2.897953261063312e-06,2.987450382535163e-06,3.0924079287105905e-06,3.21107368858491e-06,3.340324941197098e-06,3.475221708940946e-06,3.608626345125993e-06,3.731019338953309e-06,3.830673499105652e-06,3.894347890033023e-06,3.908605162089104e-06,3.8617256860349545e-06,3.74599621729304e-06,3.559931563731723e-06,3.3098226916317548e-06,3.009988830981537e-06,2.681316898333305e-06,2.348100503428453e-06,2.033741654369725e-06,1.7563589729229062e-06,1.5255414093816055e-06,1.3412597266001423e-06,1.1953284474455942e-06,1.0750076656701465e-06,9.676556427774503e-07,8.650541329488737e-07,9.676556427774503e-07,1.0750076656701465e-06,1.1953284474455942e-06,1.3412597266001423e-06,1.5255414093816055e-06,1.7563589729229062e-06,2.033741654369725e-06,2.348100503428453e-06,2.681316898333305e-06,3.009988830981537e-06,3.3098226916317548e-06,3.559931563731723e-06,3.74599621729304e-06,3.8617256860349545e-06,3.908605162089104e-06,3.894347890033023e-06,3.830673499105652e-06,3.731019338953309e-06,3.608626345125993e-06,3.475221708940946e-06,3.340324941197098e-06,3.21107368858491e-06,3.0924079287105905e-06,2.987450382535163e-06,2.897953261063312e-06,2.8247250698865737e-06,2.7679914950069725e-06,2.727674341399836e-06,2.7035907174029907e-06,2.6955829273654097e-06
2026-07-30 10:17:36.909191,[65.21902713],2.5298840205537487e-09,2.5408168280150627e-09,2.573786483673844e-09,2.6292915524252516e-09,2.7081106148718313e-09,2.811217025937963e-09,2.939646343372042e-09,3.094304365015747e-09,3.2757039960882966e-09,3.483625723457891e-09,3.716713732425134e-09,3.97205164794499e-09,4.244808754454446e-09,4.528101000269765e-09,4.81324964430859e-09,5.090609056728323e-09,5.351034251655849e-09,5.587845043298687e-09,5.7988407093190855e-09,5.987621518420944e-09,6.163343935712046e-09,6.33825211660534e-09,6.522980585181565e-09,6.72060636344237e-09,6.9213943510881275e-09,7.1006216385841485e-09,7.221352803834001e-09,7.242496494428339e-09,7.130360549613293e-09,6.8701246494680795e-09,6.473091558845309e-09,6.8701246494680795e-09,7.130360549613293e-09,7.242496494428339e-09,7.221352803834001e-09,7.1006216385841485e-09,6.9213943510881275e-09,6.72060636344237e-09,6.522980585181565e-09,6.33825211660534e-09,6.163343935712046e-09,5.987621518420944e-09,5.7988407093190855e-09,5.587845043298687e-09,5.351034251655849e-09,5.090609056728323e-09,4.81324964430859e-09,4.528101000269765e-09,4.244808754454446e-09,3.97205164794499e-09,3.716713732425134e-09,3.483625723457891e-09,3.2757039960882966e-09,3.094304365015747e-09,2.939646343372042e-09,2.811217025937963e-09,2.7081106148718313e-09,2.6292915524252516e-09,2.573786483673844e-09,2.5408168280150627e-09,2.5298840205537487e-09
2026-07-30 10:17:37.857331,[90.22793368],2.6669842461312785e-06,2.674678443431842e-06,2.697819295388892e-06,2.73655904948002e-06,2.7910732959051683e-06,2.8614337630400422e-06,2.947412990768321e-06,3.048210627175625e-06,3.162099536539146e-06,3.286008274459085e-06,3.4150863907326967e-06,3.542338835522966e-06,3.658458146422204e-06,3.752013302512758e-06,3.8101506473735294e-06,3.819902095760114e-06,3.770064965211547e-06,3.653425168612064e-06,3.46888439284796e-06,3.2228995110505985e-06,2.929640294702455e-06,2.6094856429308227e-06,2.2859034801015355e-06,1.9812898438255248e-06,1.7127894472952436e-06,1.4892793666643434e-06,1.3104500325076328e-06,1.1683068804027088e-06,1.0506539011659229e-06,9.45502171849839e-07,8.45111288288655e-07,9.45502171849839e-07,1.0506539011659229e-06,1.1683068804027088e-06,1.3104500325076328e-06,1.4892793666643434e-06,1.7127894472952436e-06,1.9812898438255248e-06,2.2859034801015355e-06,2.6094856429308227e-06,2.929640294702455e-06,3.2228995110505985e-06,3.46888439284796e-06,3.653425168612064e-06,3.770064965211547e-06,3.819902095760114e-06,3.8101506473735294e-06,3.752013302512758e-06,3.658458146422204e-06,3.542338835522966e-06,3.4150863907326967e-06,3.286008274459085e-06,3.162099536539146e-06,3.048210627175625e-06,2.947412990768321e-06,2.8614337630400422e-06,2.7910732959051683e-06,2.73655904948002e-06,2.697819295388892e-06,2.674678443431842e-06,2.6669842461312785e-06
2026-07-30 10:17:37.882585,[90.22793368],2.6669842461312785e-06,2.674678443431842e-06,2.697819295388892e-06,2.73655904948002e-06,2.7910732959051683e-06,2.8614337630400422e-06,2.947412990768321e-06,3.048210627175625e-06,3.162099536539146e-06,3.286008274459085e-06,3.4150863907326967e-06,3.542338835522966e-06,3.658458146422204e-06,3.752013302512758e-06,3.8101506473735294e-06,3.819902095760114e-06,3.770064965211547e-06,3.653425168612064e-06,3.46888439284796e-06,3.2228995110505985e-06,2.929640294702455e-06,2.6094856429308227e-06,2.2859034801015355e-06,1.9812898438255248e-06,1.7127894472952436e-06,1.4892793666643434e-06,1.3104500325076328e-06,1.1683068804027088e-06,1.0506539011659229e-06,9.45502171849839e-07,8.45111288288655e-07,9.45502171849839e-07,1.0506539011659229e-06,1.1683068804027088e-06,1.3104500325076328e-06,1.4892793666643434e-06,1.7127894472952436e-06,1.9812898438255248e-06,2.2859034801015355e-06,2.6094856429308227e-06,2.929640294702455e-06,3.2228995110505985e-06,3.46888439284796e-06,3.653425168612064e-06,3.770064965211547e-06,3.819902095760114e-06,3.8101506473735294e-06,3.752013302512758e-06,3.658458146422204e-06,3.542338835522966e-06,3.4150863907326967e-06,3.286008274459085e-06,3.162099536539146e-06,3.048210627175625e-06,2.947412990768321e-06,2.8614337630400422e-06,2.7910732959051683e-06,2.73655904948002e-06,2.697819295388892e-06,2.674678443431842e-06,2.6669842461312785e-06
2026-07-30 10:17:38.858386,[90.05787045],2.6364051806710665e-06,2.643835182792672e-06,2.6661837492074784e-06,2.7036044085816988e-06,2.7562761118333564e-06,2.824277729065721e-06,2.90739491098618e-06,3.0048490485519365e-06,3.1149467400954277e-06,3.234666870926681e-06,3.359232605987799e-06,3.4817554053985216e-06,3.593079912726261e-06,3.6819871277173353e-06,3.7359071199722792e-06,3.7422292287359184e-06,3.690164642192643e-06,3.5729244777317643e-06,3.389771181784565e-06,3.1473599852574524e-06,2.859799397343586e-06,2.547085706245682e-06,2.231992951913996e-06,1.9360154674918437e-06,1.6753759822802836e-06,1.4582338959518625e-06,1.2839528857911612e-06,1.1446750228038904e-06,1.02871973932766e-06,9.247667610434444e-07,8.256074656177141e-07,9.247667610434444e-07,1.02871973932766e-06,1.1446750228038904e-06,1.2839528857911612e-06,1.4582338959518625e-06,1.6753759822802836e-06,1.9360154674918437e-06,2.231992951913996e-06,2.547085706245682e-06,2.859799397343586e-06,3.1473599852574524e-06,3.389771181784565e-06,3.5729244777317643e-06,3.690164642192643e-06,3.7422292287359184e-06,3.7359071199722792e-06,3.6819871277173353e-06,3.593079912726261e-06,3.4817554053985216e-06,3.359232605987799e-06,3.234666870926681e-06,3.1149467400954277e-06,3.0048490485519365e-06,2.90739491098618e-06,2.824277729065721e-06,2.7562761118333564e-06,2.7036044085816988e-06,2.6661837492074784e-06,2.643835182792672e-06,2.6364051806710665e-06
2026-07-30 10:17:38.883231,[90.05787045],2.6364051806710665e-06,2.643835182792672e-06,2.6661837492074784e-06,2.7036044085816988e-06,2.7562761118333564e-06,2.824277729065721e-06,2.90739491098618e-06,3.0048490485519365e-06,3.1149467400954277e-06,3.234666870926681e-06,3.359232605987799e-06,3.4817554053985216e-06,3.593079912726261e-06,3.6819871277173353e-06,3.7359071199722792e-06,3.7422292287359184e-06,3.690164642192643e-06,3.5729244777317643e-06,3.389771181784565e-06,3.1473599852574524e-06,2.859799397343586e-06,2.547085706245682e-06,2.231992951913996e-06,1.9360154674918437e-06,1.6753759822802836e-06,1.4582338959518625e-06,1.2839528857911612e-06,1.1446750228038904e-06,1.02871973932766e-06,9.247667610434444e-07,8.256074656177141e-07,9.247667610434444e-07,1.02871973932766e-06,1.1446750228038904e-06,1.2839528857911612e-06,1.4582338959518625e-06,1.6753759822802836e-06,1.9360154674918437e-06,2.231992951913996e-06,2.547085706245682e-06,2.859799397343586e-06,3.1473599852574524e-06,3.389771181784565e-06,3.5729244777317643e-06,3.690164642192643e-06,3.7422292287359184e-06,3.7359071199722792e-06,3.6819871277173353e-06,3.593079912726261e-06,3.4817554053985216e-06,3.359232605987799e-06,3.234666870926681e-06,3.1149467400954277e-06,3.0048490485519365e-06,2.90739491098618e-06,2.824277729065721e-06,2.7562761118333564e-06,2.7036044085816988e-06,2.6661837492074784e-06,2.643835182792672e-06,2.6364051806710665e-06
2026-07-30 10:17:39.869642,[89.92874265],2.5430826911315182e-06,2.5501719760029787e-06,2.571461785095386e-06,2.6069995304228176e-06,2.656800359901467e-06,2.7207435291202587e-06,2.798413547484963e-06,2.888877311036124e-06,2.9903944257890025e-06,3.100071945286037e-06,3.21349874826202e-06,3.32442839775155e-06,3.424617572707033e-06,3.503958399775971e-06,3.551048638885796e-06,3.554301626583897e-06,3.503591274393161e-06,3.392257552698233e-06,3.2190969825622538e-06,2.989798011567093e-06,2.7172417375421435e-06,2.4202504314531264e-06,2.1207461482704864e-06,1.8397992562878576e-06,1.593526610099854e-06,1.390027109183147e-06,1.2283640072745252e-06,1.10001893433421e-06,9.924402791706942e-07,8.935998400157267e-07,7.961495124968512e-07,8.935998400157267e-07,9.924402791706942e-07,1.10001893433421e-06,1.2283640072745252e-06,1.390027109183147e-06,1.593526610099854e-06,1.8397992562878576e-06,2.1207461482704864e-06,2.4202504314531264e-06,2.7172417375421435e-06,2.989798011567093e-06,3.2190969825622538e-06,3.392257552698233e-06,3.503591274393161e-06,3.554301626583897e-06,3.551048638885796e-06,3.503958399775971e-06,3.424617572707033e-06,3.32442839775155e-06,3.21349874826202e-06,3.100071945286037e-06,2.9903944257890025e-06,2.888877311036124e-06,2.798413547484963e-06,2.7207435291202587e-06,2.656800359901467e-06,2.6069995304228176e-06,2.571461785095386e-06,2.5501719760029787e-06,2.5430826911315182e-06
2026-07-30 10:17:39.895173,[73.64706314],1.3663520113910364e-08,1.3691033029557204e-08,1.3779541475006074e-08,1.3946458914945356e-08,1.4219051140171444e-08,1.4631467697274576e-08,1.5220038713396843e-08,1.6016578855132192e-08,1.7039785625156286e-08,1.8285448154952768e-08,1.9717049448418944e-08,2.1259265015592974e-08,2.279747784973441e-08,2.418625354452788e-08,2.526827814133152e-08,2.5902376389950096e-08,2.5995337745112904e-08,2.5528631848379966e-08,2.4569585677492782e-08,2.3259053213423305e-08,2.1774683585417974e-08,2.0278995961046064e-08,1.8870571802700864e-08,1.7559602386370875e-08,1.628213418002458e-08,1.495138269287632e-08,1.3525708893163666e-08,1.2060977801932209e-08,1.0718161064187171e-08,9.716306058828909e-09,9.248258592124646e-09,9.716306058828909e-09,1.0718161064187171e-08,1.2060977801932209e-08,1.3525708893163666e-08,1.495138269287632e-08,1.628213418002458e-08,1.7559602386370875e-08,1.8870571802700864e-08,2.0278995961046064e-08,2.1774683585417974e-08,2.3259053213423305e-08,2.4569585677492782e-08,2.5528631848379966e-08,2.5995337745112904e-08,2.5902376389950096e-08,2.526827814133152e-08,2.418625354452788e-08,2.279747784973441e-08,2.1259265015592974e-08,1.9717049448418944e-08,1.8285448154952768e-08,1.7039785625156286e-08,1.6016578855132192e-08,1.5220038713396843e-08,1.4631467697274576e-08,1.4219051140171444e-08,1.3946458914945356e-08,1.3779541475006074e-08,1.3691033029557204e-08,1.3663520113910364e-08
2026-07-30 10:17:39.920675,[73.64706314],1.3663520113910364e-08,1.3691033029557204e-08,1.3779541475006074e-08,1.3946458914945356e-08,1.4219051140171444e-08,1.4631467697274576e-08,1.5220038713396843e-08,1.6016578855132192e-08,1.7039785625156286e-08,1.8285448154952768e-08,1.9717049448418944e-08,2.1259265015592974e-08,2.279747784973441e-08,2.418625354452788e-08,2.526827814133152e-08,2.5902376389950096e-08,2.5995337745112904e-08,2.5528631848379966e-08,2.4569585677492782e-08,2.3259053213423305e-08,2.1774683585417974e-08,2.0278995961046064e-08,1.8870571802700864e-08,1.7559602386370875e-08,1.628213418002458e-08,1.495138269287632e-08,1.3525708893163666e-08,1.2060977801932209e-08,1.0718161064187171e-08,9.716306058828909e-09,9.248258592124646e-09,9.716306058828909e-09,1.0718161064187171e-08,1.2060977801932209e-08,1.3525708893163666e-08,1.495138269287632e-08,1.628213418002458e-08,1.7559602386370875e-08,1.8870571802700864e-08,2.0278995961046064e-08,2.1774683585417974e-08,2.3259053213423305e-08,2.4569585677492782e-08,2.5528631848379966e-08,2.5995337745112904e-08,2.5902376389950096e-08,2.526827814133152e-08,2.418625354452788e-08,2.279747784973441e-08,2.1259265015592974e-08,1.9717049448418944e-08,1.8285448154952768e-08,1.7039785625156286e-08,1.6016578855132192e-08,1.5220038713396843e-08,1.4631467697274576e-08,1.4219051140171444e-08,1.3946458914945356e-08,1.3779541475006074e-08,1.3691033029557204e-08,1.3663520113910364e-08
2026-07-30 10:17:40.893278,[89.73778148],2.5666021702426243e-06,2.5734814053454546e-06,2.5941738003911542e-06,2.6288219657355254e-06,2.6775889963429093e-06,2.7405366305360668e-06,2.817437660610384e-06,2.907513001558517e-06,3.009092932810728e-06,3.119221088189311e-06,3.233249918998544e-06,3.3445151962665125e-06,3.4442164168515326e-06,3.521654347223467e-06,3.5649653042764577e-06,3.5624233661047664e-06,3.5042469268039253e-06,3.384659505915044e-06,3.2037642712661143e-06,2.968674255069584e-06,2.693378650347372e-06,2.397068873648673e-06,2.1010700338948265e-06,1.8250048145453344e-06,1.5831730727946932e-06,1.382186656003817e-06,1.2205816557844398e-06,1.0905261611538708e-06,9.810774457847714e-07,8.819847078020761e-07,7.869549966905244e-07,8.819847078020761e-07,9.810774457847714e-07,1.0905261611538708e-06,1.2205816557844398e-06,1.382186656003817e-06,1.5831730727946932e-06,1.8250048145453344e-06,2.1010700338948265e-06,2.397068873648673e-06,2.693378650347372e-06,2.968674255069584e-06,3.2037642712661143e-06,3.384659505915044e-06,3.5042469268039253e-06,3.5624233661047664e-06,3.5649653042764577e-06,3.521654347223467e-06,3.4442164168515326e-06,3.3445151962665125e-06,3.233249918998544e-06,3.119221088189311e-06,3.009092932810728e-06,2.907513001558517e-06,2.817437660610384e-06,2.7405366305360668e-06,2.6775889963429093e-06,2.6288219657355254e-06,2.5941738003911542e-06,2.5734814053454546e-06,2.5666021702426243e-06
2026-07-30 10:17:40.917581,[89.73778148],2.5666021702426243e-06,2.5734814053454546e-06,2.5941738003911542e-06,2.6288219657355254e-06,2.6775889963429093e-06,2.7405366305360668e-06,2.817437660610384e-06,2.907513001558517e-06,3.009092932810728e-06,3.119221088189311e-06,3.233249918998544e-06,3.3445151962665125e-06,3.4442164168515326e-06,3.521654347223467e-06,3.5649653042764577e-06,3.5624233661047664e-06,3.5042469268039253e-06,3.384659505915044e-06,3.2037642712661143e-06,2.968674255069584e-06,2.693378650347372e-06,2.397068873648673e-06,2.1010700338948265e-06,1.8250048145453344e-06,1.5831730727946932e-06,1.382186656003817e-06,1.2205816557844398e-06,1.0905261611538708e-06,9.810774457847714e-07,8.819847078020761e-07,7.869549966905244e-07,8.819847078020761e-07,9.810774457847714e-07,1.0905261611538708e-06,1.2205816557844398e-06,1.382186656003817e-06,1.5831730727946932e-06,1.8250048145453344e-06,2.1010700338948265e-06,2.397068873648673e-06,2.693378650347372e-06,2.968674255069584e-06,3.2037642712661143e-06,3.384659505915044e-06,3.5042469268039253e-06,3.5624233661047664e-06,3.5649653042764577e-06,3.521654347223467e-06,3.4442164168515326e-06,3.3445151962665125e-06,3.233249918998544e-06,3.119221088189311e-06,3.009092932810728e-06,2.907513001558517e-06,2.817437660610384e-06,2.7405366305360668e-06,2.6775889963429093e-06,2.6288219657355254e-06,2.5941738003911542e-06,2.5734814053454546e-06,2.5666021702426243e-06
2026-07-30 10:17:41.904808,[89.6036723],2.541002867690168e-06,2.5476147609587068e-06,2.567498031649631e-06,2.60077453308812e-06,2.6475746883717623e-06,2.7079189659986582e-06,2.781535771703179e-06,2.867606901994841e-06,2.9644407960010017e-06,3.069092558882236e-06,3.176979088228004e-06,3.281575100233576e-06,3.374313236409596e-06,3.4448336938743847e-06,3.481715636674725e-06,3.4737543398405347e-06,3.411716122641115e-06,3.2903228562301435e-06,3.1100362332698646e-06,2.8781035021220158e-06,2.60836997136487e-06,2.3196042736063887e-06,2.032492014716121e-06,1.765915037869927e-06,1.5334694225271474e-06,1.3412196521555626e-06,1.187372883956082e-06,1.0639731841991684e-06,9.600803542807872e-07,8.654650541877918e-07,7.73782753990434e-07,8.654650541877918e-07,9.600803542807872e-07,1.0639731841991684e-06,1.187372883956082e-06,1.3412196521555626e-06,1.5334694225271474e-06,1.765915037869927e-06,2.032492014716121e-06,2.3196042736063887e-06,2.60836997136487e-06,2.8781035021220158e-06,3.1100362332698646e-06,3.2903228562301435e-06,3.411716122641115e-06,3.4737543398405347e-06,3.481715636674725e-06,3.4448336938743847e-06,3.374313236409596e-06,3.281575100233576e-06,3.176979088228004e-06,3.069092558882236e-06,2.9644407960010017e-06,2.867606901994841e-06,2.781535771703179e-06,2.7079189659986582e-06,2.6475746883717623e-06,2.60077453308812e-06,2.567498031649631e-06,2.5476147609587068e-06,2.541002867690168e-06
2026-07-30 10:17:41.931053,[89.6036723],2.541002867690168e-06,2.5476147609587068e-06,2.567498031649631e-06,2.60077453308812e-06,2.6475746883717623e-06,2.7079189659986582e-06,2.781535771703179e-06,2.867606901994841e-06,2.9644407960010017e-06,3.069092558882236e-06,3.176979088228004e-06,3.281575100233576e-06,3.374313236409596e-06,3.4448336938743847e-06,3.481715636674725e-06,3.4737543398405347e-06,3.411716122641115e-06,3.2903228562301435e-06,3.1100362332698646e-06,2.8781035021220158e-06,2.60836997136487e-06,2.3196042736063887e-06,2.032492014716121e-06,1.765915037869927e-06,1.5334694225271474e-06,1.3412196521555626e-06,1.187372883956082e-06,1.0639731841991684e-06,9.600803542807872e-07,8.654650541877918e-07,7.73782753990434e-07,8.654650541877918e-07,9.600803542807872e-07,1.0639731841991684e-06,1.187372883956082e-06,1.3412196521555626e-06,1.5334694225271474e-06,1.765915037869927e-06,2.032492014716121e-06,2.3196042736063887e-06,2.60836997136487e-06,2.8781035021220158e-06,3.1100362332698646e-06,3.2903228562301435e-06,3.411716122641115e-06,3.4737543398405347e-06,3.481715636674725e-06,3.4448336938743847e-06,3.374313236409596e-06,3.281575100233576e-06,3.176979088228004e-06,3.069092558882236e-06,2.9644407960010017e-06,2.867606901994841e-06,2.781535771703179e-06,2.7079189659986582e-06,2.6475746883717623e-06,2.60077453308812e-06,2.567498031649631e-06,2.5476147609587068e-06,2.541002867690168e-06
2026-07-30 10:17:41.957135,[66.9064479],1.736016229007099e-09,1.742731587584673e-09,1.7629757592513674e-09,1.7970390364352071e-09,1.8453930685570155e-09,1.9086764114427246e-09,1.987681052070451e-09,2.083344326613372e-09,2.1967479838978e-09,2.3291202510491103e-09,2.481827953786337e-09,2.6563363744175412e-09,2.8541095106153193e-09,3.0764294293180434e-09,3.324136038744465e-09,3.5973271856628333e-09,3.895101485111792e-09,4.215447910780149e-09,4.555356591312545e-09,4.9111263288549514e-09,5.2786930732693875e-09,5.653666186735332e-09,6.030738665064422e-09,6.402324403349364e-09,6.756678067610693e-09,7.0762431839169004e-09,7.3373020936383054e-09,7.511901475827264e-09,7.572378652618502e-09,7.497769287822571e-09,7.280355854723827e-09,7.497769287822571e-09,7.572378652618502e-09,7.511901475827264e-09,7.3373020936383054e-09,7.0762431839169004e-09,6.756678067610693e-09,6.402324403349364e-09,6.030738665064422e-09,5.653666186735332e-09,5.2786930732693875e-09,4.9111263288549514e-09,4.555356591312545e-09,4.215447910780149e-09,3.895101485111792e-09,3.5973271856628333e-09,3.324136038744465e-09,3.0764294293180434e-09,2.8541095106153193e-09,2.6563363744175412e-09,2.481827953786337e-09,2.3291202510491103e-09,2.1967479838978e-09,2.083344326613372e-09,1.987681052070451e-09,1.9086764114427246e-09,1.8453930685570155e-09,1.7970390364352071e-09,1.7629757592513674e-09,1.742731587584673e-09,1.736016229007099e-09
2026-07-30 10:17:42.893825,[89.43965469],2.503310856514001e-06,2.509661334512656e-06,2.5287567393128966e-06,2.560708253681516e-06,2.605629196607833e-06,2.6635177099186256e-06,2.7340768043091348e-06,2.816463523007109e-06,2.9089683874875405e-06,3.008645282880743e-06,3.1109412796643e-06,3.2094127420348867e-06,3.295649918362426e-06,3.359551836769574e-06,3.390076686403618e-06,3.376521263651829e-06,3.310249791614516e-06,3.186614849407768e-06,3.0066399199581846e-06,2.777938293845349e-06,2.5144023388445387e-06,2.234449016664811e-06,1.958016336819788e-06,1.702949303206468e-06,1.4817169609655403e-06,1.2994088610235554e-06,1.153619650532779e-06,1.0362468813295897e-06,9.36624144132082e-07,8.450330550723313e-07,7.556226571605237e-07,8.450330550723313e-07,9.36624144132082e-07,1.0362468813295897e-06,1.153619650532779e-06,1.2994088610235554e-06,1.4817169609655403e-06,1.702949303206468e-06,1.958016336819788e-06,2.234449016664811e-06,2.5144023388445387e-06,2.777938293845349e-06,3.0066399199581846e-06,3.186614849407768e-06,3.310249791614516e-06,3.376521263651829e-06,3.390076686403618e-06,3.359551836769574e-06,3.295649918362426e-06,3.2094127420348867e-06,3.1109412796643e-06,3.008645282880743e-06,2.9089683874875405e-06,2.816463523007109e-06,2.7340768043091348e-06,2.6635177099186256e-06,2.605629196607833e-06,2.560708253681516e-06,2.5287567393128966e-06,2.509661334512656e-06,2.503310856514001e-06
2026-07-30 10:17:42.918791,[89.43965469],2.503310856514001e-06,2.509661334512656e-06,2.5287567393128966e-06,2.560708253681516e-06,2.605629196607833e-06,2.6635177099186256e-06,2.7340768043091348e-06,2.816463523007109e-06,2.9089683874875405e-06,3.008645282880743e-06,3.1109412796643e-06,3.2094127420348867e-06,3.295649918362426e-06,3.359551836769574e-06,3.390076686403618e-06,3.376521263651829e-06,3.310249791614516e-06,3.186614849407768e-06,3.0066399199581846e-06,2.777938293845349e-06,2.5144023388445387e-06,2.234449016664811e-06,1.958016336819788e-06,1.702949303206468e-06,1.4817169609655403e-06,1.2994088610235554e-06,1.153619650532779e-06,1.0362468813295897e-06,9.36624144132082e-07,8.450330550723313e-07,7.556226571605237e-07,8.450330550723313e-07,9.36624144132082e-07,1.0362468813295897e-06,1.153619650532779e-06,1.2994088610235554e-06,1.4817169609655403e-06,1.702949303206468e-06,1.958016336819788e-06,2.234449016664811e-06,2.5144023388445387e-06,2.777938293845349e-06,3.0066399199581846e-06,3.186614849407768e-06,3.310249791614516e-06,3.376521263651829e-06,3.390076686403618e-06,3.359551836769574e-06,3.295649918362426e-06,3.2094127420348867e-06,3.1109412796643e-06,3.008645282880743e-06,2.9089683874875405e-06,2.816463523007109e-06,2.7340768043091348e-06,2.6635177099186256e-06,2.605629196607833e-06,2.560708253681516e-06,2.5287567393128966e-06,2.509661334512656e-06,2.503310856514001e-06
2026-07-30 10:17:42.943680,[66.99519146],2.202747398153548e-09,2.2107182213997086e-09,2.2346991973371864e-09,2.274897274615386e-09,2.331663903851886e-09,2.4055102994824773e-09,2.4971369455893077e-09,2.60747868581308e-09,2.7377571297339627e-09,2.889515956518659e-09,3.0645941109497013e-09,3.2649735307007973e-09,3.4924339125464556e-09,3.7479724316179005e-09,4.031013510927098e-09,4.338541235520028e-09,4.664408425478017e-09,4.999156344672117e-09,5.330645738300045e-09,5.645599186321203e-09,5.931797445042933e-09,6.1802699822283585e-09,6.386573825335504e-09,6.550377715502473e-09,6.6731531727250705e-09,6.754677040447688e-09,6.7898806452949685e-09,6.767850169250841e-09,6.67417435804629e-09,6.4964506508913405e-09,6.231166356015812e-09,6.4964506508913405e-09,6.67417435804629e-09,6.767850169250841e-09,6.7898806452949685e-09,6.754677040447688e-09,6.6731531727250705e-09,6.550377715502473e-09,6.386573825335504e-09,6.1802699822283585e-09,5.931797445042933e-09,5.645599186321203e-09,5.330645738300045e-09,4.999156344672117e-09,4.664408425478017e-09,4.338541235520028e-09,4.031013510927098e-09,3.7479724316179005e-09,3.4924339125464556e-09,3.2649735307007973e-09,3.0645941109497013e-09,2.889515956518659e-09,2.7377571297339627e-09,2.60747868581308e-09,2.4971369455893077e-09,2.4055102994824773e-09,2.331663903851886e-09,2.274897274615386e-09,2.2346991973371864e-09,2.2107182213997086e-09,2.202747398153548e-09
2026-07-30 10:17:42.973773,[66.99519146],2.202747398153548e-09,2.2107182213997086e-09,2.2346991973371864e-09,2.274897274615386e-09,2.331663903851886e-09,2.4055102994824773e-09,2.4971369455893077e-09,2.60747868581308e-09,2.7377571297339627e-09,2.889515956518659e-09,3.0645941109497013e-09,3.2649735307007973e-09,3.4924339125464556e-09,3.7479724316179005e-09,4.031013510927098e-09,4.338541235520028e-09,4.664408425478017e-09,4.999156344672117e-09,5.330645738300045e-09,5.645599186321203e-09,5.931797445042933e-09,6.1802699822283585e-09,6.386573825335504e-09,6.550377715502473e-09,6.6731531727250705e-09,6.754677040447688e-09,6.7898806452949685e-09,6.767850169250841e-09,6.67417435804629e-09,6.4964506508913405e-09,6.231166356015812e-09,6.4964506508913405e-09,6.67417435804629e-09,6.767850169250841e-09,6.7898806452949685e-09,6.754677040447688e-09,6.6731531727250705e-09,6.550377715502473e-09,6.386573825335504e-09,6.1802699822283585e-09,5.931797445042933e-09,5.645599186321203e-09,5.330645738300045e-09,4.999156344672117e-09,4.664408425478017e-09,4.338541235520028e-09,4.031013510927098e-09,3.7479724316179005e-09,3.4924339125464556e-09,3.2649735307007973e-09,3.0645941109497013e-09,2.889515956518659e-09,2.7377571297339627e-09,2.60747868581308e-09,2.4971369455893077e-09,2.4055102994824773e-09,2.331663903851886e-09,2.274897274615386e-09,2.2346991973371864e-09,2.2107182213997086e-09,2.202747398153548e-09
2026-07-30 10:17:43.896842,[89.2877745],2.467329941275237e-06,2.473439277811856e-06,2.491806958861275e-06,2.522531443675762e-06,2.5657054939329587e-06,2.621300086454473e-06,2.6889867474686463e-06,2.7678907601603668e-06,2.8562773890887243e-06,2.95119244130054e-06,3.04810768469984e-06,3.140657741329681e-06,3.2205892579768988e-06,3.278060132193746e-06,3.3024066492572484e-06,3.2834219131396782e-06,3.2130549333485656e-06,3.0872654856866207e-06,2.9076052991208493e-06,2.682014654888019e-06,2.424397139942208e-06,2.1527964438240088e-06,1.8864052840560672e-06,1.6420620739710816e-06,1.4311625604344331e-06,1.257886101006032e-06,1.1192745372039023e-06,1.0071210289365496e-06,9.110547589778872e-07,8.218787957114472e-07,7.342514006643035e-07,8.218787957114472e-07,9.110547589778872e-07,1.0071210289365496e-06,1.1192745372039023e-06,1.257886101006032e-06,1.4311625604344331e-06,1.6420620739710816e-06,1.8864052840560672e-06,2.1527964438240088e-06,2.424397139942208e-06,2.682014654888019e-06,2.9076052991208493e-06,3.0872654856866207e-06,3.2130549333485656e-06,3.2834219131396782e-06,3.3024066492572484e-06,3.278060132193746e-06,3.2205892579768988e-06,3.140657741329681e-06,3.04810768469984e-06,2.95119244130054e-06,2.8562773890887243e-06,2.7678907601603668e-06,2.6889867474686463e-06,2.621300086454473e-06,2.5657054939329587e-06,2.522531443675762e-06,2.491806958861275e-06,2.473439277811856e-06,2.467329941275237e-06
2026-07-30 10:17:43.923570,[89.2877745],2.467329941275237e-06,2.473439277811856e-06,2.491806958861275e-06,2.522531443675762e-06,2.5657054939329587e-06,2.621300086454473e-06,2.6889867474686463e-06,2.7678907601603668e-06,2.8562773890887243e-06,2.95119244130054e-06,3.04810768469984e-06,3.140657741329681e-06,3.2205892579768988e-06,3.278060132193746e-06,3.3024066492572484e-06,3.2834219131396782e-06,3.2130549333485656e-06,3.0872654856866207e-06,2.9076052991208493e-06,2.682014654888019e-06,2.424397139942208e-06,2.1527964438240088e-06,1.8864052840560672e-06,1.6420620739710816e-06,1.4311625604344331e-06,1.257886101006032e-06,1.1192745372039023e-06,1.0071210289365496e-06,9.110547589778872e-07,8.218787957114472e-07,7.342514006643035e-07,8.218787957114472e-07,9.110547589778872e-07,1.0071210289365496e-06,1.1192745372039023e-06,1.257886101006032e-06,1.4311625604344331e-06,1.6420620739710816e-06,1.8864052840560672e-06,2.1527964438240088e-06,2.424397139942208e-06,2.682014654888019e-06,2.9076052991208493e-06,3.0872654856866207e-06,3.2130549333485656e-06,3.2834219131396782e-06,3.3024066492572484e-06,3.278060132193746e-06,3.2205892579768988e-06,3.140657741329681e-06,3.04810768469984e-06,2.95119244130054e-06,2.8562773890887243e-06,2.7678907601603668e-06,2.6889867474686463e-06,2.621300086454473e-06,2.5657054939329587e-06,2.522531443675762e-06,2.491806958861275e-06,2.473439277811856e-06,2.467329941275237e-06
2026-07-30 10:17:43.949979,[65.37164959],4.191226233243996e-09,4.2096357990665365e-09,4.265560830437592e-09,4.361120002516463e-09,4.499932703143234e-09,4.6872117210970055e-09,4.929805773257106e-09,5.236090038335834e-09,5.6155629520329636e-09,6.077977962595631e-09,6.631842213147106e-09,7.282179894561896e-09,8.027614466428433e-09,8.857081157783232e-09,9.746809313097917e-09,1.0658525375359025e-08,1.1539976366348228e-08,1.2328693430936316e-08,1.2959291445408904e-08,1.3373569519496916e-08,1.3531492973572076e-08,1.3420252928564805e-08,1.30585158816552e-08,1.2493988750436993e-08,1.1794385628961718e-08,1.1034128869319148e-08,1.0280690694522465e-08,9.584583696595428e-09,8.975471372750554e-09,8.464343304346618e-09,8.049379113286517e-09,8.464343304346618e-09,8.975471372750554e-09,9.584583696595428e-09,1.0280690694522465e-08,1.1034128869319148e-08,1.1794385628961718e-08,1.2493988750436993e-08,1.30585158816552e-08,1.3420252928564805e-08,1.3531492973572076e-08,1.3373569519496916e-08,1.2959291445408904e-08,1.2328693430936316e-08,1.1539976366348228e-08,1.0658525375359025e-08,9.746809313097917e-09,8.857081157783232e-09,8.027614466428433e-09,7.282179894561896e-09,6.631842213147106e-09,6.077977962595631e-09,5.6155629520329636e-09,5.236090038335834e-09,4.929805773257106e-09,4.6872117210970055e-09,4.499932703143234e-09,4.361120002516463e-09,4.265560830437592e-09,4.2096357990665365e-09,4.191226233243996e-09
2026-07-30 10:17:44.897521,[89.17693326],2.4431557006215646e-06,2.4489889239512946e-06,2.4665163542875624e-06,2.4958010747329022e-06,2.5368782929836067e-06,2.589642116634992e-06,2.653673376826823e-06,2.7280023176287223e-06,2.810809742679453e-06,2.89908902305755e-06,2.988319511504497e-06,3.0722360653205e-06,3.142810793344453e-06,3.1905769942679222e-06,3.205402895526477e-06,3.1777480947143485e-06,3.1003050827363548e-06,2.9697619442876794e-06,2.7882691606130545e-06,2.564123488064895e-06,2.3112621053875327e-06,2.047418089324453e-06,1.7911794926784783e-06,1.5585966699076177e-06,1.360231677384982e-06,1.1995052037377975e-06,1.0728426600018445e-06,9.7156524080533e-07,8.84930552228454e-07,8.034187561949297e-07,7.213918121559205e-07,8.034187561949297e-07,8.84930552228454e-07,9.7156524080533e-07,1.0728426600018445e-06,1.1995052037377975e-06,1.360231677384982e-06,1.5585966699076177e-06,1.7911794926784783e-06,2.047418089324453e-06,2.3112621053875327e-06,2.564123488064895e-06,2.7882691606130545e-06,2.9697619442876794e-06,3.1003050827363548e-06,3.1777480947143485e-06,3.205402895526477e-06,3.1905769942679222e-06,3.142810793344453e-06,3.0722360653205e-06,2.988319511504497e-06,2.89908902305755e-06,2.810809742679453e-06,2.7280023176287223e-06,2.653673376826823e-06,2.589642116634992e-06,2.5368782929836067e-06,2.4958010747329022e-06,2.4665163542875624e-06,2.4489889239512946e-06,2.4431557006215646e-06
2026-07-30 10:17:44.923300,[89.17693326],2.4431557006215646e-06,2.4489889239512946e-06,2.4665163542875624e-06,2.4958010747329022e-06,2.5368782929836067e-06,2.589642116634992e-06,2.653673376826823e-06,2.7280023176287223e-06,2.810809742679453e-06,2.89908902305755e-06,2.988319511504497e-06,3.0722360653205e-06,3.142810793344453e-06,3.1905769942679222e-06,3.205402895526477e-06,3.1777480947143485e-06,3.1003050827363548e-06,2.9697619442876794e-06,2.7882691606130545e-06,2.564123488064895e-06,2.3112621053875327e-06,2.047418089324453e-06,1.7911794926784783e-06,1.5585966699076177e-06,1.360231677384982e-06,1.1995052037377975e-06,1.0728426600018445e-06,9.7156524080533e-07,8.84930552228454e-07,8.034187561949297e-07,7.213918121559205e-07,8.034187561949297e-07,8.84930552228454e-07,9.7156524080533e-07,1.0728426600018445e-06,1.1995052037377975e-06,1.360231677384982e-06,1.5585966699076177e-06,1.7911794926784783e-06,2.047418089324453e-06,2.3112621053875327e-06,2.564123488064895e-06,2.7882691606130545e-06,2.9697619442876794e-06,3.1003050827363548e-06,3.1777480947143485e-06,3.205402895526477e-06,3.1905769942679222e-06,3.142810793344453e-06,3.0722360653205e-06,2.988319511504497e-06,2.89908902305755e-06,2.810809742679453e-06,2.7280023176287223e-06,2.653673376826823e-06,2.589642116634992e-06,2.5368782929836067e-06,2.4958010747329022e-06,2.4665163542875624e-06,2.4489889239512946e-06,2.4431557006215646e-06
2026-07-30 10:17:44.951710,[65.92000534],2.578519557088646e-09,2.5882343488130314e-09,2.617470031674836e-09,2.6665025726602326e-09,2.7357971917873132e-09,2.826009713732621e-09,2.9379714350379926e-09,3.072632774866939e-09,3.230926997178311e-09,3.4135042043378716e-09,3.620287738202087e-09,3.849833920071744e-09,4.098544500200125e-09,4.359891580616805e-09,4.6239465111207395e-09,4.877604319601562e-09,5.105881866512178e-09,5.294457762953099e-09,5.433182696483993e-09,5.51969980951825e-09,5.5617998968569895e-09,5.577019738056974e-09,5.588557076326903e-09,5.617862117347842e-09,5.675913476718575e-09,5.7564668371914775e-09,5.8346641280256206e-09,5.872874282281308e-09,5.8328351504759006e-09,5.690207238937088e-09,5.4459954892763005e-09,5.690207238937088e-09,5.8328351504759006e-09,5.872874282281308e-09,5.8346641280256206e-09,5.7564668371914775e-09,5.675913476718575e-09,5.617862117347842e-09,5.588557076326903e-09,5.577019738056974e-09,5.5617998968569895e-09,5.51969980951825e-09,5.433182696483993e-09,5.294457762953099e-09,5.105881866512178e-09,4.877604319601562e-09,4.6239465111207395e-09,4.359891580616805e-09,4.098544500200125e-09,3.849833920071744e-09,3.620287738202087e-09,3.4135042043378716e-09,3.230926997178311e-09,3.072632774866939e-09,2.9379714350379926e-09,2.826009713732621e-09,2.7357971917873132e-09,2.6665025726602326e-09,2.617470031674836e-09,2.5882343488130314e-09,2.578519557088646e-09
2026-07-30 10:17:45.910454,[89.03101014],2.408038518045873e-06,2.413658497785198e-06,2.430538914553173e-06,2.458721051946261e-06,2.4982040887203978e-06,2.5488328366600984e-06,2.6101279680639667e-06,2.681053657829687e-06,2.759727608430695e-06,2.843097265942484e-06,2.9266337124396173e-06,3.004127646015096e-06,3.0677010979879487e-06,3.108159389793916e-06,3.115782277399286e-06,3.081576367029712e-06,2.998880924096972e-06,2.865057733367412e-06,2.6828520443393416e-06,2.4609543895787105e-06,2.213385164301859e-06,1.95758721272168e-06,1.7114970539616493e-06,1.490249254583834e-06,1.30339081223209e-06,1.153418529474847e-06,1.0360856646106523e-06,9.423755648734429e-07,8.61525070094432e-07,7.842070348769217e-07,7.050422341921792e-07,7.842070348769217e-07,8.61525070094432e-07,9.423755648734429e-07,1.0360856646106523e-06,1.153418529474847e-06,1.30339081223209e-06,1.490249254583834e-06,1.7114970539616493e-06,1.95758721272168e-06,2.213385164301859e-06,2.4609543895787105e-06,2.6828520443393416e-06,2.865057733367412e-06,2.998880924096972e-06,3.081576367029712e-06,3.115782277399286e-06,3.108159389793916e-06,3.0677010979879487e-06,3.004127646015096e-06,2.9266337124396173e-06,2.843097265942484e-06,2.759727608430695e-06,2.681053657829687e-06,2.6101279680639667e-06,2.5488328366600984e-06,2.4982040887203978e-06,2.458721051946261e-06,2.430538914553173e-06,2.413658497785198e-06,2.408038518045873e-06
2026-07-30 10:17:45.935345,[65.26385375],2.7574214939656693e-09,2.767473423392326e-09,2.797698017157811e-09,2.848296159429849e-09,2.919581622627962e-09,3.0119396748507627e-09,3.1257471662496267e-09,3.2612286012479714e-09,3.4182152001795316e-09,3.5957747953524102e-09,3.791699734270363e-09,4.001888785680442e-09,4.2197429294630715e-09,4.435804120900295e-09,4.63796541344508e-09,4.812606209255657e-09,4.946878673055278e-09,5.032033236603649e-09,5.067143068732143e-09,5.062017253174722e-09,5.037757701152752e-09,5.023638474687938e-09,5.049964153436325e-09,5.138168777256203e-09,5.291102479906468e-09,5.487382464603389e-09,5.683107475328851e-09,5.821963068229593e-09,5.851452200728571e-09,5.7400618210617425e-09,5.489106380341857e-09,5.7400618210617425e-09,5.851452200728571e-09,5.821963068229593e-09,5.683107475328851e-09,5.487382464603389e-09,5.291102479906468e-09,5.138168777256203e-09,5.049964153436325e-09,5.023638474687938e-09,5.037757701152752e-09,5.062017253174722e-09,5.067143068732143e-09,5.032033236603649e-09,4.946878673055278e-09,4.812606209255657e-09,4.63796541344508e-09,4.435804120900295e-09,4.2197429294630715e-09,4.001888785680442e-09,3.791699734270363e-09,3.5957747953524102e-09,3.4182152001795316e-09,3.2612286012479714e-09,3.1257471662496267e-09,3.0119396748507627e-09,2.919581622627962e-09,2.848296159429849e-09,2.797698017157811e-09,2.767473423392326e-09,2.7574214939656693e-09
2026-07-30 10:17:45.961937,[65.26385375],2.7574214939656693e-09,2.767473423392326e-09,2.797698017157811e-09,2.848296159429849e-09,2.919581622627962e-09,3.0119396748507627e-09,3.1257471662496267e-09,3.2612286012479714e-09,3.4182152001795316e-09,3.5957747953524102e-09,3.791699734270363e-09,4.001888785680442e-09,4.2197429294630715e-09,4.435804120900295e-09,4.63796541344508e-09,4.812606209255657e-09,4.946878673055278e-09,5.032033236603649e-09,5.067143068732143e-09,5.062017253174722e-09,5.037757701152752e-09,5.023638474687938e-09,5.049964153436325e-09,5.138168777256203e-09,5.291102479906468e-09,5.487382464603389e-09,5.683107475328851e-09,5.821963068229593e-09,5.851452200728571e-09,5.7400618210617425e-09,5.489106380341857e-09,5.7400618210617425e-09,5.851452200728571e-09,5.821963068229593e-09,5.683107475328851e-09,5.487382464603389e-09,5.291102479906468e-09,5.138168777256203e-09,5.049964153436325e-09,5.023638474687938e-09,5.037757701152752e-09,5.062017253174722e-09,5.067143068732143e-09,5.032033236603649e-09,4.946878673055278e-09,4.812606209255657e-09,4.63796541344508e-09,4.435804120900295e-09,4.2197429294630715e-09,4.001888785680442e-09,3.791699734270363e-09,3.5957747953524102e-09,3.4182152001795316e-09,3.2612286012479714e-09,3.1257471662496267e-09,3.0119396748507627e-09,2.919581622627962e-09,2.848296159429849e-09,2.797698017157811e-09,2.767473423392326e-09,2.7574214939656693e-09
2026-07-30 10:17:46.909912,[88.89599553],2.371970497998364e-06,2.377333173757181e-06,2.3934309980644565e-06,2.4202735279959686e-06,2.4578083228788385e-06,2.5058112925655043e-06,2.5637219936127963e-06,2.630420082418409e-06,2.7039492289274942e-06,2.781213257842505e-06,2.85769593890949e-06,2.9272869607000105e-06,2.9823233361191764e-06,3.0139635735345097e-06,3.0129843323112517e-06,2.9710123833580583e-06,2.8820779951005824e-06,2.74422146706663e-06,2.560750761347935e-06,2.340700679414762e-06,2.0981415578079637e-06,1.850246064599819e-06,1.6143959150853731e-06,1.4049757243259547e-06,1.230705838380991e-06,1.0932932692028549e-06,9.878180629466904e-07,9.047405497447536e-07,8.329200199306945e-07,7.627746775312122e-07,6.88772856083052e-07,7.627746775312122e-07,8.329200199306945e-07,9.047405497447536e-07,9.878180629466904e-07,1.0932932692028549e-06,1.230705838380991e-06,1.4049757243259547e-06,1.6143959150853731e-06,1.850246064599819e-06,2.0981415578079637e-06,2.340700679414762e-06,2.560750761347935e-06,2.74422146706663e-06,2.8820779951005824e-06,2.9710123833580583e-06,3.0129843323112517e-06,3.0139635735345097e-06,2.9823233361191764e-06,2.9272869607000105e-06,2.85769593890949e-06,2.781213257842505e-06,2.7039492289274942e-06,2.630420082418409e-06,2.5637219936127963e-06,2.5058112925655043e-06,2.4578083228788385e-06,2.4202735279959686e-06,2.3934309980644565e-06,2.377333173757181e-06,2.371970497998364e-06
2026-07-30 10:17:47.897889,[88.7490697],2.300730280804089e-06,2.3058047221065563e-06,2.321030024727142e-06,2.3463937674716606e-06,2.381811838242585e-06,2.427026290581458e-06,2.481451089438651e-06,2.543961466285873e-06,2.612632072123359e-06,2.684446827322585e-06,2.7550293866299502e-06,2.8184740841349093e-06,2.867384584350704e-06,2.8932371461507875e-06,2.8871600167062195e-06,2.841145536077973e-06,2.749585239223966e-06,2.610861622823774e-06,2.42859170846638e-06,2.2120647385968382e-06,1.9755118506797964e-06,1.7361114047294015e-06,1.5110205788719011e-06,1.314107284502738e-06,1.1532737025122846e-06,1.0291857655015978e-06,9.358339605637896e-07,8.627750327713836e-07,7.983678319925484e-07,7.330414438809831e-07,6.61722355370304e-07,7.330414438809831e-07,7.983678319925484e-07,8.627750327713836e-07,9.358339605637896e-07,1.0291857655015978e-06,1.1532737025122846e-06,1.314107284502738e-06,1.5110205788719011e-06,1.7361114047294015e-06,1.9755118506797964e-06,2.2120647385968382e-06,2.42859170846638e-06,2.610861622823774e-06,2.749585239223966e-06,2.841145536077973e-06,2.8871600167062195e-06,2.8932371461507875e-06,2.867384584350704e-06,2.8184740841349093e-06,2.7550293866299502e-06,2.684446827322585e-06,2.612632072123359e-06,2.543961466285873e-06,2.481451089438651e-06,2.427026290581458e-06,2.381811838242585e-06,2.3463937674716606e-06,2.321030024727142e-06,2.3058047221065563e-06,2.300730280804089e-06
2026-07-30 10:17:47.922919,[88.7490697],2.300730280804089e-06,2.3058047221065563e-06,2.321030024727142e-06,2.3463937674716606e-06,2.381811838242585e-06,2.427026290581458e-06,2.481451089438651e-06,2.543961466285873e-06,2.612632072123359e-06,2.684446827322585e-06,2.7550293866299502e-06,2.8184740841349093e-06,2.867384584350704e-06,2.8932371461507875e-06,2.8871600167062195e-06,2.841145536077973e-06,2.749585239223966e-06,2.610861622823774e-06,2.42859170846638e-06,2.2120647385968382e-06,1.9755118506797964e-06,1.7361114047294015e-06,1.5110205788719011e-06,1.314107284502738e-06,1.1532737025122846e-06,1.0291857655015978e-06,9.358339605637896e-07,8.627750327713836e-07,7.983678319925484e-07,7.330414438809831e-07,6.61722355370304e-07,7.330414438809831e-07,7.983678319925484e-07,8.627750327713836e-07,9.358339605637896e-07,1.0291857655015978e-06,1.1532737025122846e-06,1.314107284502738e-06,1.5110205788719011e-06,1.7361114047294015e-06,1.9755118506797964e-06,2.2120647385968382e-06,2.42859170846638e-06,2.610861622823774e-06,2.749585239223966e-06,2.841145536077973e-06,2.8871600167062195e-06,2.8932371461507875e-06,2.867384584350704e-06,2.8184740841349093e-06,2.7550293866299502e-06,2.684446827322585e-06,2.612632072123359e-06,2.543961466285873e-06,2.481451089438651e-06,2.427026290581458e-06,2.381811838242585e-06,2.3463937674716606e-06,2.321030024727142e-06,2.3058047221065563e-06,2.300730280804089e-06
2026-07-30 10:17:47.945951,[69.03338497],1.4512153413974036e-08,1.4534668681154798e-08,1.460096227727342e-08,1.470728405501447e-08,1.4847431454512146e-08,1.5012907266358262e-08,1.519329299565924e-08,1.53769400234071e-08,1.5552032181095187e-08,1.5707965522179172e-08,1.583682683892098e-08,1.593456235510187e-08,1.600127954665996e-08,1.604011859338432e-08,1.6054370983749347e-08,1.604306684531232e-08,1.5996035851610228e-08,1.5890235640627476e-08,1.5689550709509567e-08,1.5349878127502532e-08,1.4829908456089973e-08,1.4105779326420274e-08,1.3185451658677038e-08,1.2117325597768404e-08,1.0988273809019386e-08,9.909242593322554e-09,8.991095037780038e-09,8.317705423176819e-09,7.925431510512284e-09,7.79667974489133e-09,7.870534730858317e-09,7.79667974489133e-09,7.925431510512284e-09,8.317705423176819e-09,8.991095037780038e-09,9.909242593322554e-09,1.0988273809019386e-08,1.2117325597768404e-08,1.3185451658677038e-08,1.4105779326420274e-08,1.4829908456089973e-08,1.5349878127502532e-08,1.5689550709509567e-08,1.5890235640627476e-08,1.5996035851610228e-08,1.604306684531232e-08,1.6054370983749347e-08,1.604011859338432e-08,1.600127954665996e-08,1.593456235510187e-08,1.583682683892098e-08,1.5707965522179172e-08,1.5552032181095187e-08,1.53769400234071e-08,1.519329299565924e-08,1.5012907266358262e-08,1.4847431454512146e-08,1.470728405501447e-08,1.460096227727342e-08,1.4534668681154798e-08,1.4512153413974036e-08
2026-07-30 10:17:47.971437,[69.03338497],1.4512153413974036e-08,1.4534668681154798e-08,1.460096227727342e-08,1.470728405501447e-08,1.4847431454512146e-08,1.5012907266358262e-08,1.519329299565924e-08,1.53769400234071e-08,1.5552032181095187e-08,1.5707965522179172e-08,1.583682683892098e-08,1.593456235510187e-08,1.600127954665996e-08,1.604011859338432e-08,1.6054370983749347e-08,1.604306684531232e-08,1.5996035851610228e-08,1.5890235640627476e-08,1.5689550709509567e-08,1.5349878127502532e-08,1.4829908456089973e-08,1.4105779326420274e-08,1.3185451658677038e-08,1.2117325597768404e-08,1.0988273809019386e-08,9.909242593322554e-09,8.991095037780038e-09,8.317705423176819e-09,7.925431510512284e-09,7.79667974489133e-09,7.870534730858317e-09,7.79667974489133e-09,7.925431510512284e-09,8.317705423176819e-09,8.991095037780038e-09,9.909242593322554e-09,1.0988273809019386e-08,1.2117325597768404e-08,1.3185451658677038e-08,1.4105779326420274e-08,1.4829908456089973e-08,1.5349878127502532e-08,1.5689550709509567e-08,1.5890235640627476e-08,1.5996035851610228e-08,1.604306684531232e-08,1.6054370983749347e-08,1.604011859338432e-08,1.600127954665996e-08,1.593456235510187e-08,1.583682683892098e-08,1.5707965522179172e-08,1.5552032181095187e-08,1.53769400234071e-08,1.519329299565924e-08,1.5012907266358262e-08,1.4847431454512146e-08,1.470728405501447e-08,1.460096227727342e-08,1.4534668681154798e-08,1.4512153413974036e-08
2026-07-30 10:17:48.935435,[88.64842635],2.293202444474641e-06,2.298142570542167e-06,2.312958240361671e-06,2.3376161364331963e-06,2.371994787545316e-06,2.4157795561161195e-06,2.468306368327127e-06,2.528352128231378e-06,2.593879877715486e-06,2.6617646482226263e-06,2.727551123009704e-06,2.7853227602534354e-06,2.8277851658451294e-06,2.846670656771086e-06,2.833540349935177e-06,2.78098300362342e-06,2.684087547105969e-06,2.54192174660407e-06,2.3586299590863623e-06,2.1437303021647398e-06,1.911298757207319e-06,1.6779869430450412e-06,1.4601782803536706e-06,1.270926311167494e-06,1.1174947164542076e-06,1.0002259424051395e-06,9.131013752145492e-07,8.458409201937476e-07,7.869231340059291e-07,7.266734308203475e-07,6.596434247525487e-07,7.266734308203475e-07,7.869231340059291e-07,8.458409201937476e-07,9.131013752145492e-07,1.0002259424051395e-06,1.1174947164542076e-06,1.270926311167494e-06,1.4601782803536706e-06,1.6779869430450412e-06,1.911298757207319e-06,2.1437303021647398e-06,2.3586299590863623e-06,2.54192174660407e-06,2.684087547105969e-06,2.78098300362342e-06,2.833540349935177e-06,2.846670656771086e-06,2.8277851658451294e-06,2.7853227602534354e-06,2.727551123009704e-06,2.6617646482226263e-06,2.593879877715486e-06,2.528352128231378e-06,2.468306368327127e-06,2.4157795561161195e-06,2.371994787545316e-06,2.3376161364331963e-06,2.312958240361671e-06,2.298142570542167e-06,2.293202444474641e-06
2026-07-30 10:17:48.959477,[88.64842635],2.293202444474641e-06,2.298142570542167e-06,2.312958240361671e-06,2.3376161364331963e-06,2.371994787545316e-06,2.4157795561161195e-06,2.468306368327127e-06,2.528352128231378e-06,2.593879877715486e-06,2.6617646482226263e-06,2.727551123009704e-06,2.7853227602534354e-06,2.8277851658451294e-06,2.846670656771086e-06,2.833540349935177e-06,2.78098300362342e-06,2.684087547105969e-06,2.54192174660407e-06,2.3586299590863623e-06,2.1437303021647398e-06,1.911298757207319e-06,1.6779869430450412e-06,1.4601782803536706e-06,1.270926311167494e-06,1.1174947164542076e-06,1.0002259424051395e-06,9.131013752145492e-07,8.458409201937476e-07,7.869231340059291e-07,7.266734308203475e-07,6.596434247525487e-07,7.266734308203475e-07,7.869231340059291e-07,8.458409201937476e-07,9.131013752145492e-07,1.0002259424051395e-06,1.1174947164542076e-06,1.270926311167494e-06,1.4601782803536706e-06,1.6779869430450412e-06,1.911298757207319e-06,2.1437303021647398e-06,2.3586299590863623e-06,2.54192174660407e-06,2.684087547105969e-06,2.78098300362342e-06,2.833540349935177e-06,2.846670656771086e-06,2.8277851658451294e-06,2.7853227602534354e-06,2.727551123009704e-06,2.6617646482226263e-06,2.593879877715486e-06,2.528352128231378e-06,2.468306368327127e-06,2.4157795561161195e-06,2.371994787545316e-06,2.3376161364331963e-06,2.312958240361671e-06,2.298142570542167e-06,2.293202444474641e-06
2026-07-30 10:17:49.948975,[88.51902153],2.2382808752994837e-06,2.2429674054474013e-06,2.257017834168499e-06,2.2803858687688e-06,2.312929773536159e-06,2.354309672320532e-06,2.403835065338287e-06,2.460261020433343e-06,2.521541678614577e-06,2.584567501579214e-06,2.644937494052723e-06,2.696845401007636e-06,2.73318078176957e-06,2.745948372212817e-06,2.727076805875307e-06,2.6696094645130795e-06,2.5691481885695674e-06,2.4252787129292546e-06,2.2425926788038667e-06,2.030896282570873e-06,1.8043110927902549e-06,1.5792373500763016e-06,1.37150736748659e-06,1.1933864780689842e-06,1.051237630679804e-06,9.445524630552976e-07,8.666708810277405e-07,8.069906885466363e-07,7.540125097760806e-07,6.983562385138273e-07,6.34991823268938e-07,6.983562385138273e-07,7.540125097760806e-07,8.069906885466363e-07,8.666708810277405e-07,9.445524630552976e-07,1.051237630679804e-06,1.1933864780689842e-06,1.37150736748659e-06,1.5792373500763016e-06,1.8043110927902549e-06,2.030896282570873e-06,2.2425926788038667e-06,2.4252787129292546e-06,2.5691481885695674e-06,2.6696094645130795e-06,2.727076805875307e-06,2.745948372212817e-06,2.73318078176957e-06,2.696845401007636e-06,2.644937494052723e-06,2.584567501579214e-06,2.521541678614577e-06,2.460261020433343e-06,2.403835065338287e-06,2.354309672320532e-06,2.312929773536159e-06,2.2803858687688e-06,2.257017834168499e-06,2.2429674054474013e-06,2.2382808752994837e-06
2026-07-30 10:17:49.974815,[65.69994298],2.4114256024521555e-09,2.4218114552070283e-09,2.4530261477635437e-09,2.505223844207309e-09,2.57860463864798e-09,2.6733316579813384e-09,2.7894205350290713e-09,2.9266086711204734e-09,3.084216639998154e-09,3.261021167682474e-09,3.455168394288028e-09,3.6641664389247347e-09,3.885004199866835e-09,4.1144420294491335e-09,4.349499343372439e-09,4.5881136935216796e-09,4.8298606325131615e-09,5.076514732026793e-09,5.332134642080262e-09,5.60232878122207e-09,5.8924704364066525e-09,6.204920733669365e-09,6.5357517174916944e-09,6.871907174960942e-09,7.189985319605242e-09,7.457668760756351e-09,7.638181449544493e-09,7.697157072423054e-09,7.610313105448411e-09,7.369778468884103e-09,6.987128460767214e-09,7.369778468884103e-09,7.610313105448411e-09,7.697157072423054e-09,7.638181449544493e-09,7.457668760756351e-09,7.189985319605242e-09,6.871907174960942e-09,6.5357517174916944e-09,6.204920733669365e-09,5.8924704364066525e-09,5.60232878122207e-09,5.332134642080262e-09,5.076514732026793e-09,4.8298606325131615e-09,4.5881136935216796e-09,4.349499343372439e-09,4.1144420294491335e-09,3.885004199866835e-09,3.6641664389247347e-09,3.455168394288028e-09,3.261021167682474e-09,3.084216639998154e-09,2.9266086711204734e-09,2.7894205350290713e-09,2.6733316579813384e-09,2.57860463864798e-09,2.505223844207309e-09,2.4530261477635437e-09,2.4218114552070283e-09,2.4114256024521555e-09
2026-07-30 10:17:49.999585,[65.69994298],2.4114256024521555e-09,2.4218114552070283e-09,2.4530261477635437e-09,2.505223844207309e-09,2.57860463864798e-09,2.6733316579813384e-09,2.7894205350290713e-09,2.9266086711204734e-09,3.084216639998154e-09,3.261021167682474e-09,3.455168394288028e-09,3.6641664389247347e-09,3.885004199866835e-09,4.1144420294491335e-09,4.349499343372439e-09,4.5881136935216796e-09,4.8298606325131615e-09,5.076514732026793e-09,5.332134642080262e-09,5.60232878122207e-09,5.8924704364066525e-09,6.204920733669365e-09,6.5357517174916944e-09,6.871907174960942e-09,7.189985319605242e-09,7.457668760756351e-09,7.638181449544493e-09,7.697157072423054e-09,7.610313105448411e-09,7.369778468884103e-09,6.987128460767214e-09,7.369778468884103e-09,7.610313105448411e-09,7.697157072423054e-09,7.638181449544493e-09,7.457668760756351e-09,7.189985319605242e-09,6.871907174960942e-09,6.5357517174916944e-09,6.204920733669365e-09,5.8924704364066525e-09,5.60232878122207e-09,5.332134642080262e-09,5.076514732026793e-09,4.8298606325131615e-09,4.5881136935216796e-09,4.349499343372439e-09,4.1144420294491335e-09,3.885004199866835e-09,3.6641664389247347e-09,3.455168394288028e-09,3.261021167682474e-09,3.084216639998154e-09,2.9266086711204734e-09,2.7894205350290713e-09,2.6733316579813384e-09,2.57860463864798e-09,2.505223844207309e-09,2.4530261477635437e-09,2.4218114552070283e-09,2.4114256024521555e-09
2026-07-30 10:17:50.937813,[88.38116269],2.181734229413877e-06,2.186205374806787e-06,2.199606342681532e-06,2.22188114184764e-06,2.252872682721821e-06,2.292221557832015e-06,2.339216174405887e-06,2.3925932736095205e-06,2.4502981923799733e-06,2.5092320262150214e-06,2.5650374010064748e-06,2.6120016307566074e-06,2.6431766571687005e-06,2.6508158114179527e-06,2.627192939453052e-06,2.5657893683470337e-06,2.46271185608812e-06,2.3180651769878083e-06,2.136894811631689e-06,1.9292993602917072e-06,1.7094377625530556e-06,1.493428506768722e-06,1.2964955672617922e-06,1.1300357188216723e-06,9.994208254101454e-07,9.032110217602232e-07,8.340537171291779e-07,7.810163498186474e-07,7.326571159908547e-07,6.799584739475096e-07,6.183913588824835e-07,6.799584739475096e-07,7.326571159908547e-07,7.810163498186474e-07,8.340537171291779e-07,9.032110217602232e-07,9.994208254101454e-07,1.1300357188216723e-06,1.2964955672617922e-06,1.493428506768722e-06,1.7094377625530556e-06,1.9292993602917072e-06,2.136894811631689e-06,2.3180651769878083e-06,2.46271185608812e-06,2.5657893683470337e-06,2.627192939453052e-06,2.6508158114179527e-06,2.6431766571687005e-06,2.6120016307566074e-06,2.5650374010064748e-06,2.5092320262150214e-06,2.4502981923799733e-06,2.3925932736095205e-06,2.339216174405887e-06,2.292221557832015e-06,2.252872682721821e-06,2.22188114184764e-06,2.199606342681532e-06,2.186205374806787e-06,2.181734229413877e-06
2026-07-30 10:17:50.962211,[88.38116269],2.181734229413877e-06,2.186205374806787e-06,2.199606342681532e-06,2.22188114184764e-06,2.252872682721821e-06,2.292221557832015e-06,2.339216174405887e-06,2.3925932736095205e-06,2.4502981923799733e-06,2.5092320262150214e-06,2.5650374010064748e-06,2.6120016307566074e-06,2.6431766571687005e-06,2.6508158114179527e-06,2.627192939453052e-06,2.5657893683470337e-06,2.46271185608812e-06,2.3180651769878083e-06,2.136894811631689e-06,1.9292993602917072e-06,1.7094377625530556e-06,1.493428506768722e-06,1.2964955672617922e-06,1.1300357188216723e-06,9.994208254101454e-07,9.032110217602232e-07,8.340537171291779e-07,7.810163498186474e-07,7.326571159908547e-07,6.799584739475096e-07,6.183913588824835e-07,6.799584739475096e-07,7.326571159908547e-07,7.810163498186474e-07,8.340537171291779e-07,9.032110217602232e-07,9.994208254101454e-07,1.1300357188216723e-06,1.2964955672617922e-06,1.493428506768722e-06,1.7094377625530556e-06,1.9292993602917072e-06,2.136894811631689e-06,2.3180651769878083e-06,2.46271185608812e-06,2.5657893683470337e-06,2.627192939453052e-06,2.6508158114179527e-06,2.6431766571687005e-06,2.6120016307566074e-06,2.5650374010064748e-06,2.5092320262150214e-06,2.4502981923799733e-06,2.3925932736095205e-06,2.339216174405887e-06,2.292221557832015e-06,2.252872682721821e-06,2.22188114184764e-06,2.199606342681532e-06,2.186205374806787e-06,2.181734229413877e-06
2026-07-30 10:17:50.987261,[65.82851464],2.527293564806401e-09,2.536859113420589e-09,2.565706171225874e-09,2.614279235561038e-09,2.683294756677813e-09,2.77369744972533e-09,2.886583661956117e-09,3.023074443785717e-09,3.184116038051706e-09,3.370185521464043e-09,3.5808904809204313e-09,3.81448097778864e-09,4.067344041237379e-09,4.333621215569016e-09,4.605158494676282e-09,4.8720269291670005e-09,5.123790938308246e-09,5.351508990859141e-09,5.550130720307461e-09,5.7205858387173085e-09,5.870607947128799e-09,6.013404574483151e-09,6.163815045836203e-09,6.332545035425658e-09,6.520127956772848e-09,6.712938516759248e-09,6.883391579464415e-09,6.995229835404526e-09,7.012877638818146e-09,6.912010840580917e-09,6.687662468670702e-09,6.912010840580917e-09,7.012877638818146e-09,6.995229835404526e-09,6.883391579464415e-09,6.712938516759248e-09,6.520127956772848e-09,6.332545035425658e-09,6.163815045836203e-09,6.013404574483151e-09,5.870607947128799e-09,5.7205858387173085e-09,5.550130720307461e-09,5.351508990859141e-09,5.123790938308246e-09,4.8720269291670005e-09,4.605158494676282e-09,4.333621215569016e-09,4.067344041237379e-09,3.81448097778864e-09,3.5808904809204313e-09,3.370185521464043e-09,3.184116038051706e-09,3.023074443785717e-09,2.886583661956117e-09,2.77369744972533e-09,2.683294756677813e-09,2.614279235561038e-09,2.565706171225874e-09,2.536859113420589e-09,2.527293564806401e-09
2026-07-30 10:17:51.943880,[88.25798016],2.125625242249442e-06,2.1298809564512315e-06,2.1426322575946667e-06,2.1638134204539803e-06,2.193252482531712e-06,2.230572276119865e-06,2.275044146500876e-06,2.325393768465157e-06,2.379568790066131e-06,2.4344956939141303e-06,2.4858774659867456e-06,2.528110104087362e-06,2.5544156892251364e-06,2.5572892316007137e-06,2.529320853258663e-06,2.4643740900129447e-06,2.358979073498568e-06,2.2136618160049616e-06,2.033826572706711e-06,1.82979804342355e-06,1.6157617803883535e-06,1.407617788926067e-06,1.2201201930221517e-06,1.063989879556539e-06,9.438137061747414e-07,8.573900186326696e-07,7.967643468931331e-07,7.506648322768237e-07,7.076082972838353e-07,6.587865214658091e-07,6.00011645452173e-07,6.587865214658091e-07,7.076082972838353e-07,7.506648322768237e-07,7.967643468931331e-07,8.573900186326696e-07,9.438137061747414e-07,1.063989879556539e-06,1.2201201930221517e-06,1.407617788926067e-06,1.6157617803883535e-06,1.82979804342355e-06,2.033826572706711e-06,2.2136618160049616e-06,2.358979073498568e-06,2.4643740900129447e-06,2.529320853258663e-06,2.5572892316007137e-06,2.5544156892251364e-06,2.528110104087362e-06,2.4858774659867456e-06,2.4344956939141303e-06,2.379568790066131e-06,2.325393768465157e-06,2.275044146500876e-06,2.230572276119865e-06,2.193252482531712e-06,2.1638134204539803e-06,2.1426322575946667e-06,2.1298809564512315e-06,2.125625242249442e-06
2026-07-30 10:17:51.970048,[88.25798016],2.125625242249442e-06,2.1298809564512315e-06,2.1426322575946667e-06,2.1638134204539803e-06,2.193252482531712e-06,2.230572276119865e-06,2.275044146500876e-06,2.325393768465157e-06,2.379568790066131e-06,2.4344956939141303e-06,2.4858774659867456e-06,2.528110104087362e-06,2.5544156892251364e-06,2.5572892316007137e-06,2.529320853258663e-06,2.4643740900129447e-06,2.358979073498568e-06,2.2136618160049616e-06,2.033826572706711e-06,1.82979804342355e-06,1.6157617803883535e-06,1.407617788926067e-06,1.2201201930221517e-06,1.063989879556539e-06,9.438137061747414e-07,8.573900186326696e-07,7.967643468931331e-07,7.506648322768237e-07,7.076082972838353e-07,6.587865214658091e-07,6.00011645452173e-07,6.587865214658091e-07,7.076082972838353e-07,7.506648322768237e-07,7.967643468931331e-07,8.573900186326696e-07,9.438137061747414e-07,1.063989879556539e-06,1.2201201930221517e-06,1.407617788926067e-06,1.6157617803883535e-06,1.82979804342355e-06,2.033826572706711e-06,2.2136618160049616e-06,2.358979073498568e-06,2.4643740900129447e-06,2.529320853258663e-06,2.5572892316007137e-06,2.5544156892251364e-06,2.528110104087362e-06,2.4858774659867456e-06,2.4344956939141303e-06,2.379568790066131e-06,2.325393768465157e-06,2.275044146500876e-06,2.230572276119865e-06,2.193252482531712e-06,2.1638134204539803e-06,2.1426322575946667e-06,2.1298809564512315e-06,2.125625242249442e-06
2026-07-30 10:17:51.997039,[66.172521],2.6441087630328074e-09,2.657979876121589e-09,2.700355333456483e-09,2.7735425397355434e-09,2.881447675785276e-09,3.029630979474977e-09,3.2253078778904433e-09,3.477209999331833e-09,3.795189032933627e-09,4.189424243217952e-09,4.669098584342373e-09,5.240462233417141e-09,5.904329048830355e-09,6.6532607660746965e-09,7.468964239563082e-09,8.320689660649782e-09,9.165553291414053e-09,9.951573508004033e-09,1.0623697543971882e-08,1.1132223211045869e-08,1.1441989523312051e-08,1.1539912527148271e-08,1.1438333671981449e-08,1.1172526714795965e-08,1.0792483818518025e-08,1.0351194225071304e-08,9.893138453116436e-09,9.446834964943328e-09,9.023745411895872e-09,8.623231048867061e-09,8.240741323644461e-09,8.623231048867061e-09,9.023745411895872e-09,9.446834964943328e-09,9.893138453116436e-09,1.0351194225071304e-08,1.0792483818518025e-08,1.1172526714795965e-08,1.1438333671981449e-08,1.1539912527148271e-08,1.1441989523312051e-08,1.1132223211045869e-08,1.0623697543971882e-08,9.951573508004033e-09,9.165553291414053e-09,8.320689660649782e-09,7.468964239563082e-09,6.6532607660746965e-09,5.904329048830355e-09,5.240462233417141e-09,4.669098584342373e-09,4.189424243217952e-09,3.795189032933627e-09,3.477209999331833e-09,3.2253078778904433e-09,3.029630979474977e-09,2.881447675785276e-09,2.7735425397355434e-09,2.700355333456483e-09,2.657979876121589e-09,2.6441087630328074e-09
2026-07-30 10:17:52.942455,[88.11920978],2.0674148535278657e-06,2.0715056380652303e-06,2.0837615596635417e-06,2.104115355703806e-06,2.1323933033328857e-06,2.1682175325522624e-06,2.2108617079057992e-06,2.25905968697257e-06,2.3107771532329777e-06,2.3629739225381456e-06,2.4114087617567518e-06,2.4505647342132038e-06,2.4737921826202853e-06,2.473764939403698e-06,2.4433083329100345e-06,2.376575354249164e-06,2.270424502087529e-06,2.125715992196828e-06,1.9481419319193698e-06,1.7482018107049123e-06,1.5400741450143684e-06,1.3394190336200588e-06,1.1605071971886384e-06,1.01338000316954e-06,9.01857036392022e-07,8.230325560892483e-07,7.684654473168706e-07,7.267223271425884e-07,6.8650213061023e-07,6.394353960949575e-07,5.818580619810538e-07,6.394353960949575e-07,6.8650213061023e-07,7.267223271425884e-07,7.684654473168706e-07,8.230325560892483e-07,9.01857036392022e-07,1.01338000316954e-06,1.1605071971886384e-06,1.3394190336200588e-06,1.5400741450143684e-06,1.7482018107049123e-06,1.9481419319193698e-06,2.125715992196828e-06,2.270424502087529e-06,2.376575354249164e-06,2.4433083329100345e-06,2.473764939403698e-06,2.4737921826202853e-06,2.4505647342132038e-06,2.4114087617567518e-06,2.3629739225381456e-06,2.3107771532329777e-06,2.25905968697257e-06,2.2108617079057992e-06,2.1682175325522624e-06,2.1323933033328857e-06,2.104115355703806e-06,2.0837615596635417e-06,2.0715056380652303e-06,2.0674148535278657e-06
2026-07-30 10:17:52.968897,[88.11920978],2.0674148535278657e-06,2.0715056380652303e-06,2.0837615596635417e-06,2.104115355703806e-06,2.1323933033328857e-06,2.1682175325522624e-06,2.2108617079057992e-06,2.25905968697257e-06,2.3107771532329777e-06,2.3629739225381456e-06,2.4114087617567518e-06,2.4505647342132038e-06,2.4737921826202853e-06,2.473764939403698e-06,2.4433083329100345e-06,2.376575354249164e-06,2.270424502087529e-06,2.125715992196828e-06,1.9481419319193698e-06,1.7482018107049123e-06,1.5400741450143684e-06,1.3394190336200588e-06,1.1605071971886384e-06,1.01338000316954e-06,9.01857036392022e-07,8.230325560892483e-07,7.684654473168706e-07,7.267223271425884e-07,6.8650213061023e-07,6.394353960949575e-07,5.818580619810538e-07,6.394353960949575e-07,6.8650213061023e-07,7.267223271425884e-07,7.684654473168706e-07,8.230325560892483e-07,9.01857036392022e-07,1.01338000316954e-06,1.1605071971886384e-06,1.3394190336200588e-06,1.5400741450143684e-06,1.7482018107049123e-06,1.9481419319193698e-06,2.125715992196828e-06,2.270424502087529e-06,2.376575354249164e-06,2.4433083329100345e-06,2.473764939403698e-06,2.4737921826202853e-06,2.4505647342132038e-06,2.4114087617567518e-06,2.3629739225381456e-06,2.3107771532329777e-06,2.25905968697257e-06,2.2108617079057992e-06,2.1682175325522624e-06,2.1323933033328857e-06,2.104115355703806e-06,2.0837615596635417e-06,2.0715056380652303e-06,2.0674148535278657e-06
