timestamp,dB_SPL,-90.0,-87.0,-84.0,-81.0,-78.0,-75.0,-72.0,-69.0,-66.0,-63.0,-60.0,-57.0,-54.0,-51.0,-48.0,-45.0,-42.0,-39.0,-36.0,-33.0,-30.0,-27.0,-24.0,-21.0,-18.0,-15.0,-12.0,-9.0,-6.0,-3.0,0.0,3.0,6.0,9.0,12.0,15.0,18.0,21.0,24.0,27.0,30.0,33.0,36.0,39.0,42.0,45.0,48.0,51.0,54.0,57.0,60.0,63.0,66.0,69.0,72.0,75.0,78.0,81.0,84.0,87.0,90.0
2026-07-30 10:16:34.500891,[71.80274792],3.3804000238209463e-09,3.3859466932329637e-09,3.403093319597907e-09,3.4334306350975335e-09,3.47984227562942e-09,3.5468355912978982e-09,3.6409545924511602e-09,3.771195753495842e-09,3.9492980803124804e-09,4.189740228487167e-09,4.509290051411319e-09,4.926073183742164e-09,5.4584121038276755e-09,6.12414567911643e-09,6.941675208519354e-09,7.934338241416181e-09,9.1394668961691e-09,1.0622183001116746e-08,1.249138928951475e-08,1.4911905136053543e-08,1.8103516425786233e-08,2.231689360269117e-08,2.7779988770613976e-08,3.461757796495447e-08,4.275950522982915e-08,5.1865386369369924e-08,6.129871202855378e-08,7.017614839905349e-08,7.749748620015844e-08,8.233365397089387e-08,8.402524793146836e-08,8.233365397089387e-08,7.749748620015844e-08,7.017614839905349e-08,6.129871202855378e-08,5.1865386369369924e-08,4.275950522982915e-08,3.461757796495447e-08,2.7779988770613976e-08,2.231689360269117e-08,1.8103516425786233e-08,1.4911905136053543e-08,1.249138928951475e-08,1.0622183001116746e-08,9.1394668961691e-09,7.934338241416181e-09,6.941675208519354e-09,6.12414567911643e-09,5.4584121038276755e-09,4.926073183742164e-09,4.509290051411319e-09,4.189740228487167e-09,3.9492980803124804e-09,3.771195753495842e-09,3.6409545924511602e-09,3.5468355912978982e-09,3.47984227562942e-09,3.4334306350975335e-09,3.403093319597907e-09,3.3859466932329637e-09,3.3804000238209463e-09
2026-07-30 10:16:34.526512,[71.80274792],3.3804000238209463e-09,3.3859466932329637e-09,3.403093319597907e-09,3.4334306350975335e-09,3.47984227562942e-09,3.5468355912978982e-09,3.6409545924511602e-09,3.771195753495842e-09,3.9492980803124804e-09,4.189740228487167e-09,4.509290051411319e-09,4.926073183742164e-09,5.4584121038276755e-09,6.12414567911643e-09,6.941675208519354e-09,7.934338241416181e-09,9.1394668961691e-09,1.0622183001116746e-08,1.249138928951475e-08,1.4911905136053543e-08,1.8103516425786233e-08,2.231689360269117e-08,2.7779988770613976e-08,3.461757796495447e-08,4.275950522982915e-08,5.1865386369369924e-08,6.129871202855378e-08,7.017614839905349e-08,7.749748620015844e-08,8.233365397089387e-08,8.402524793146836e-08,8.233365397089387e-08,7.749748620015844e-08,7.017614839905349e-08,6.129871202855378e-08,5.1865386369369924e-08,4.275950522982915e-08,3.461757796495447e-08,2.7779988770613976e-08,2.231689360269117e-08,1.8103516425786233e-08,1.4911905136053543e-08,1.249138928951475e-08,1.0622183001116746e-08,9.1394668961691e-09,7.934338241416181e-09,6.941675208519354e-09,6.12414567911643e-09,5.4584121038276755e-09,4.926073183742164e-09,4.509290051411319e-09,4.189740228487167e-09,3.9492980803124804e-09,3.771195753495842e-09,3.6409545924511602e-09,3.5468355912978982e-09,3.47984227562942e-09,3.4334306350975335e-09,3.403093319597907e-09,3.3859466932329637e-09,3.3804000238209463e-09
2026-07-30 10:16:34.552582,[94.47686242],1.2407529616705515e-06,1.2443882016233576e-06,1.2553066646168485e-06,1.2735818547734758e-06,1.2994574551341755e-06,1.3335382307606318e-06,1.3770631323479925e-06,1.4322377661864847e-06,1.5025587627947991e-06,1.5929991718859648e-06,1.709856243044435e-06,1.8600220652573763e-06,2.0494708400539278e-06,2.280915229420564e-06,2.5508958693412596e-06,2.846997912620837e-06,3.146305221110641e-06,3.4163797409457028e-06,3.6197335036420547e-06,3.721793592759941e-06,3.7008708815075368e-06,3.5571294849379077e-06,3.3167997520636385e-06,3.0286236025122986e-06,2.7519852706600307e-06,2.539690718278102e-06,2.4214051534603156e-06,2.3946115895353794e-06,2.4276418574041753e-06,2.474424378674757e-06,2.4952129043113486e-06,2.474424378674757e-06,2.4276418574041753e-06,2.3946115895353794e-06,2.4214051534603156e-06,2.539690718278102e-06,2.7519852706600307e-06,3.0286236025122986e-06,3.3167997520636385e-06,3.5571294849379077e-06,3.7008708815075368e-06,3.721793592759941e-06,3.6197335036420547e-06,3.4163797409457028e-06,3.146305221110641e-06,2.846997912620837e-06,2.5508958693412596e-06,2.280915229420564e-06,2.0494708400539278e-06,1.8600220652573763e-06,1.709856243044435e-06,1.5929991718859648e-06,1.5025587627947991e-06,1.4322377661864847e-06,1.3770631323479925e-06,1.3335382307606318e-06,1.2994574551341755e-06,1.2735818547734758e-06,1.2553066646168485e-06,1.2443882016233576e-06,1.2407529616705515e-06
2026-07-30 10:16:34.578185,[69.2424279],4.741737122828265e-09,4.764377287996397e-09,4.832607117426752e-09,4.9473376296000805e-09,5.110032313075302e-09,5.322629740672446e-09,5.5874408742871475e-09,5.907016840658645e-09,6.283968479295379e-09,6.7206982390497765e-09,7.218984370992747e-09,7.779350414681641e-09,8.400179858073347e-09,9.076617123523191e-09,9.799439331089218e-09,1.0554265129502459e-08,1.1321618219784558e-08,1.2078373402674517e-08,1.2800866610458156e-08,1.3469398332534899e-08,1.40731007473794e-08,1.461345863380096e-08,1.5104584354948642e-08,1.5568999646066746e-08,1.6029211306003747e-08,1.6497335294855987e-08,1.69665485087531e-08,1.7408292952082013e-08,1.7777466394538567e-08,1.8024741092045397e-08,1.81119494244499e-08,1.8024741092045397e-08,1.7777466394538567e-08,1.7408292952082013e-08,1.69665485087531e-08,1.6497335294855987e-08,1.6029211306003747e-08,1.5568999646066746e-08,1.5104584354948642e-08,1.461345863380096e-08,1.40731007473794e-08,1.3469398332534899e-08,1.2800866610458156e-08,1.2078373402674517e-08,1.1321618219784558e-08,1.0554265129502459e-08,9.799439331089218e-09,9.076617123523191e-09,8.400179858073347e-09,7.779350414681641e-09,7.218984370992747e-09,6.7206982390497765e-09,6.283968479295379e-09,5.907016840658645e-09,5.5874408742871475e-09,5.322629740672446e-09,5.110032313075302e-09,4.9473376296000805e-09,4.832607117426752e-09,4.764377287996397e-09,4.741737122828265e-09
2026-07-30 10:16:34.603829,[69.2424279],4.741737122828265e-09,4.764377287996397e-09,4.832607117426752e-09,4.9473376296000805e-09,5.110032313075302e-09,5.322629740672446e-09,5.5874408742871475e-09,5.907016840658645e-09,6.283968479295379e-09,6.7206982390497765e-09,7.218984370992747e-09,7.779350414681641e-09,8.400179858073347e-09,9.076617123523191e-09,9.799439331089218e-09,1.0554265129502459e-08,1.1321618219784558e-08,1.2078373402674517e-08,1.2800866610458156e-08,1.3469398332534899e-08,1.40731007473794e-08,1.461345863380096e-08,1.5104584354948642e-08,1.5568999646066746e-08,1.6029211306003747e-08,1.6497335294855987e-08,1.69665485087531e-08,1.7408292952082013e-08,1.7777466394538567e-08,1.8024741092045397e-08,1.81119494244499e-08,1.8024741092045397e-08,1.7777466394538567e-08,1.7408292952082013e-08,1.69665485087531e-08,1.6497335294855987e-08,1.6029211306003747e-08,1.5568999646066746e-08,1.5104584354948642e-08,1.461345863380096e-08,1.40731007473794e-08,1.3469398332534899e-08,1.2800866610458156e-08,1.2078373402674517e-08,1.1321618219784558e-08,1.0554265129502459e-08,9.799439331089218e-09,9.076617123523191e-09,8.400179858073347e-09,7.779350414681641e-09,7.218984370992747e-09,6.7206982390497765e-09,6.283968479295379e-09,5.907016840658645e-09,5.5874408742871475e-09,5.322629740672446e-09,5.110032313075302e-09,4.9473376296000805e-09,4.832607117426752e-09,4.764377287996397e-09,4.741737122828265e-09
2026-07-30 10:16:35.019920,[69.1777348],6.322261538918462e-09,6.358613133690052e-09,6.4687199576848065e-09,6.655713152526056e-09,6.924721331875202e-09,7.282712866969711e-09,7.738232295779145e-09,8.300995898383381e-09,8.981315876528787e-09,9.789342250715892e-09,1.0734152246306103e-08,1.1822781175939381e-08,1.3059371178000724e-08,1.4444695277487729e-08,1.597635683809389e-08,1.7649915937942487e-08,1.946100084458218e-08,2.140809862945333e-08,2.349522417378984e-08,2.5733179332726903e-08,2.8137868569163946e-08,3.0724405981136703e-08,3.3496717175407975e-08,3.643395385741656e-08,3.947689854970779e-08,4.251892739239386e-08,4.540622019479673e-08,4.7950247966479534e-08,4.9952271001850343e-08,5.123557338920632e-08,5.1677910478882404e-08,5.123557338920632e-08,4.9952271001850343e-08,4.7950247966479534e-08,4.540622019479673e-08,4.251892739239386e-08,3.947689854970779e-08,3.643395385741656e-08,3.3496717175407975e-08,3.0724405981136703e-08,2.8137868569163946e-08,2.5733179332726903e-08,2.349522417378984e-08,2.140809862945333e-08,1.946100084458218e-08,1.7649915937942487e-08,1.597635683809389e-08,1.4444695277487729e-08,1.3059371178000724e-08,1.1822781175939381e-08,1.0734152246306103e-08,9.789342250715892e-09,8.981315876528787e-09,8.300995898383381e-09,7.738232295779145e-09,7.282712866969711e-09,6.924721331875202e-09,6.655713152526056e-09,6.4687199576848065e-09,6.358613133690052e-09,6.322261538918462e-09
2026-07-30 10:16:35.049032,[69.1777348],6.322261538918462e-09,6.358613133690052e-09,6.4687199576848065e-09,6.655713152526056e-09,6.924721331875202e-09,7.282712866969711e-09,7.738232295779145e-09,8.300995898383381e-09,8.981315876528787e-09,9.789342250715892e-09,1.0734152246306103e-08,1.1822781175939381e-08,1.3059371178000724e-08,1.4444695277487729e-08,1.597635683809389e-08,1.7649915937942487e-08,1.946100084458218e-08,2.140809862945333e-08,2.349522417378984e-08,2.5733179332726903e-08,2.8137868569163946e-08,3.0724405981136703e-08,3.3496717175407975e-08,3.643395385741656e-08,3.947689854970779e-08,4.251892739239386e-08,4.540622019479673e-08,4.7950247966479534e-08,4.9952271001850343e-08,5.123557338920632e-08,5.1677910478882404e-08,5.123557338920632e-08,4.9952271001850343e-08,4.7950247966479534e-08,4.540622019479673e-08,4.251892739239386e-08,3.947689854970779e-08,3.643395385741656e-08,3.3496717175407975e-08,3.0724405981136703e-08,2.8137868569163946e-08,2.5733179332726903e-08,2.349522417378984e-08,2.140809862945333e-08,1.946100084458218e-08,1.7649915937942487e-08,1.597635683809389e-08,1.4444695277487729e-08,1.3059371178000724e-08,1.1822781175939381e-08,1.0734152246306103e-08,9.789342250715892e-09,8.981315876528787e-09,8.300995898383381e-09,7.738232295779145e-09,7.282712866969711e-09,6.924721331875202e-09,6.655713152526056e-09,6.4687199576848065e-09,6.358613133690052e-09,6.322261538918462e-09
2026-07-30 10:16:35.542581,[88.4752212],4.2835032890480146e-07,4.3004231468597067e-07,4.351189452895292e-07,4.435790439888342e-07,4.5540998055203986e-07,4.7057166445651054e-07,4.889742955486748e-07,5.104504270115623e-07,5.347226263136486e-07,5.613691740207506e-07,5.897918580253694e-07,6.1919193301662e-07,6.485624510688097e-07,6.767068490126588e-07,7.022939418543e-07,7.239570392681467e-07,7.404384849986571e-07,7.507698597958509e-07,7.54463267106465e-07,7.516737925247391e-07,7.432831905535758e-07,7.308572595459109e-07,7.16449888927673e-07,7.022657160032752e-07,6.902425317061341e-07,6.816573575973342e-07,6.768761708879929e-07,6.753416604353417e-07,6.75826128864505e-07,6.768870256614115e-07,6.773843817502855e-07,6.768870256614115e-07,6.75826128864505e-07,6.753416604353417e-07,6.768761708879929e-07,6.816573575973342e-07,6.902425317061341e-07,7.022657160032752e-07,7.16449888927673e-07,7.308572595459109e-07,7.432831905535758e-07,7.516737925247391e-07,7.54463267106465e-07,7.507698597958509e-07,7.404384849986571e-07,7.239570392681467e-07,7.022939418543e-07,6.767068490126588e-07,6.485624510688097e-07,6.1919193301662e-07,5.897918580253694e-07,5.613691740207506e-07,5.347226263136486e-07,5.104504270115623e-07,4.889742955486748e-07,4.7057166445651054e-07,4.5540998055203986e-07,4.435790439888342e-07,4.351189452895292e-07,4.3004231468597067e-07,4.2835032890480146e-07
2026-07-30 10:16:35.571611,[88.4752212],4.2835032890480146e-07,4.3004231468597067e-07,4.351189452895292e-07,4.435790439888342e-07,4.5540998055203986e-07,4.7057166445651054e-07,4.889742955486748e-07,5.104504270115623e-07,5.347226263136486e-07,5.613691740207506e-07,5.897918580253694e-07,6.1919193301662e-07,6.485624510688097e-07,6.767068490126588e-07,7.022939418543e-07,7.239570392681467e-07,7.404384849986571e-07,7.507698597958509e-07,7.54463267106465e-07,7.516737925247391e-07,7.432831905535758e-07,7.308572595459109e-07,7.16449888927673e-07,7.022657160032752e-07,6.902425317061341e-07,6.816573575973342e-07,6.768761708879929e-07,6.753416604353417e-07,6.75826128864505e-07,6.768870256614115e-07,6.773843817502855e-07,6.768870256614115e-07,6.75826128864505e-07,6.753416604353417e-07,6.768761708879929e-07,6.816573575973342e-07,6.902425317061341e-07,7.022657160032752e-07,7.16449888927673e-07,7.308572595459109e-07,7.432831905535758e-07,7.516737925247391e-07,7.54463267106465e-07,7.507698597958509e-07,7.404384849986571e-07,7.239570392681467e-07,7.022939418543e-07,6.767068490126588e-07,6.485624510688097e-07,6.1919193301662e-07,5.897918580253694e-07,5.613691740207506e-07,5.347226263136486e-07,5.104504270115623e-07,4.889742955486748e-07,4.7057166445651054e-07,4.5540998055203986e-07,4.435790439888342e-07,4.351189452895292e-07,4.3004231468597067e-07,4.2835032890480146e-07
2026-07-30 10:16:35.600667,[92.83585185],5.474632810136561e-07,5.463380432544987e-07,5.428923737448383e-07,5.369630612908085e-07,5.284383754818019e-07,5.175115330245352e-07,5.050484064600876e-07,4.930516390127012e-07,4.851567370505988e-07,4.870270873117745e-07,5.064374743344293e-07,5.527801476203505e-07,6.357417830863312e-07,7.63038096646505e-07,9.373896160663594e-07,1.1533525619708472e-06,1.395063827942207e-06,1.6362010735237921e-06,1.843239941859478e-06,1.9822418936590552e-06,2.0280133177730106e-06,1.9729839096587472e-06,1.8322956149086268e-06,1.642099136612301e-06,1.4501873588649405e-06,1.3012920642191606e-06,1.222265812742143e-06,1.21335017995738e-06,1.2498370329807502e-06,1.2941097207431659e-06,1.3132016694063867e-06,1.2941097207431659e-06,1.2498370329807502e-06,1.21335017995738e-06,1.222265812742143e-06,1.3012920642191606e-06,1.4501873588649405e-06,1.642099136612301e-06,1.8322956149086268e-06,1.9729839096587472e-06,2.0280133177730106e-06,1.9822418936590552e-06,1.843239941859478e-06,1.6362010735237921e-06,1.395063827942207e-06,1.1533525619708472e-06,9.373896160663594e-07,7.63038096646505e-07,6.357417830863312e-07,5.527801476203505e-07,5.064374743344293e-07,4.870270873117745e-07,4.851567370505988e-07,4.930516390127012e-07,5.050484064600876e-07,5.175115330245352e-07,5.284383754818019e-07,5.369630612908085e-07,5.428923737448383e-07,5.463380432544987e-07,5.474632810136561e-07
2026-07-30 10:16:36.581185,[94.52379419],1.292461784462396e-06,1.2968100169859427e-06,1.3098819653795642e-06,1.3317881829179097e-06,1.3628119905528533e-06,1.4035657335431896e-06,1.455213793619126e-06,1.5197411404141968e-06,1.6002064130548712e-06,1.7008624138378177e-06,1.826967711129497e-06,1.9840791761736e-06,2.176649383949043e-06,2.4059005618604452e-06,2.667231771197616e-06,2.947804463339033e-06,3.2253220120846055e-06,3.469163703120147e-06,3.644720114192649e-06,3.7208731409917356e-06,3.6791922070498827e-06,3.5220426143836196e-06,3.2761448705595663e-06,2.9888597705784674e-06,2.7167896698853642e-06,2.509545101771438e-06,2.3943229848533336e-06,2.367682215541478e-06,2.398699031165783e-06,2.4430849655641247e-06,2.462836780236384e-06,2.4430849655641247e-06,2.398699031165783e-06,2.367682215541478e-06,2.3943229848533336e-06,2.509545101771438e-06,2.7167896698853642e-06,2.9888597705784674e-06,3.2761448705595663e-06,3.5220426143836196e-06,3.6791922070498827e-06,3.7208731409917356e-06,3.644720114192649e-06,3.469163703120147e-06,3.2253220120846055e-06,2.947804463339033e-06,2.667231771197616e-06,2.4059005618604452e-06,2.176649383949043e-06,1.9840791761736e-06,1.826967711129497e-06,1.7008624138378177e-06,1.6002064130548712e-06,1.5197411404141968e-06,1.455213793619126e-06,1.4035657335431896e-06,1.3628119905528533e-06,1.3317881829179097e-06,1.3098819653795642e-06,1.2968100169859427e-06,1.292461784462396e-06
2026-07-30 10:16:36.606128,[94.52379419],1.292461784462396e-06,1.2968100169859427e-06,1.3098819653795642e-06,1.3317881829179097e-06,1.3628119905528533e-06,1.4035657335431896e-06,1.455213793619126e-06,1.5197411404141968e-06,1.6002064130548712e-06,1.7008624138378177e-06,1.826967711129497e-06,1.9840791761736e-06,2.176649383949043e-06,2.4059005618604452e-06,2.667231771197616e-06,2.947804463339033e-06,3.2253220120846055e-06,3.469163703120147e-06,3.644720114192649e-06,3.7208731409917356e-06,3.6791922070498827e-06,3.5220426143836196e-06,3.2761448705595663e-06,2.9888597705784674e-06,2.7167896698853642e-06,2.509545101771438e-06,2.3943229848533336e-06,2.367682215541478e-06,2.398699031165783e-06,2.4430849655641247e-06,2.462836780236384e-06,2.4430849655641247e-06,2.398699031165783e-06,2.367682215541478e-06,2.3943229848533336e-06,2.509545101771438e-06,2.7167896698853642e-06,2.9888597705784674e-06,3.2761448705595663e-06,3.5220426143836196e-06,3.6791922070498827e-06,3.7208731409917356e-06,3.644720114192649e-06,3.469163703120147e-06,3.2253220120846055e-06,2.947804463339033e-06,2.667231771197616e-06,2.4059005618604452e-06,2.176649383949043e-06,1.9840791761736e-06,1.826967711129497e-06,1.7008624138378177e-06,1.6002064130548712e-06,1.5197411404141968e-06,1.455213793619126e-06,1.4035657335431896e-06,1.3628119905528533e-06,1.3317881829179097e-06,1.3098819653795642e-06,1.2968100169859427e-06,1.292461784462396e-06
2026-07-30 10:16:37.573648,[94.51864943],1.31997635671576e-06,1.3245750198951259e-06,1.338405158715471e-06,1.361596721838489e-06,1.3944608321941177e-06,1.4376386579421462e-06,1.4923131307588783e-06,1.5604619375639918e-06,1.6450911895484933e-06,1.7503344359040536e-06,1.8812443965855539e-06,2.0430729537814103e-06,2.2398704908553396e-06,2.4723832273138736e-06,2.7355093211889e-06,3.015956909874442e-06,3.2911092122141347e-06,3.5302381258578256e-06,3.6988893616505418e-06,3.7663612406912162e-06,3.7148397758580465e-06,3.5473964844668995e-06,3.2914179670745643e-06,2.994782863910036e-06,2.714411767525162e-06,2.500052214143556e-06,2.3789282596510256e-06,2.347601184347831e-06,2.375181764373013e-06,2.4174544453839164e-06,2.4364912327273847e-06,2.4174544453839164e-06,2.375181764373013e-06,2.347601184347831e-06,2.3789282596510256e-06,2.500052214143556e-06,2.714411767525162e-06,2.994782863910036e-06,3.2914179670745643e-06,3.5473964844668995e-06,3.7148397758580465e-06,3.7663612406912162e-06,3.6988893616505418e-06,3.5302381258578256e-06,3.2911092122141347e-06,3.015956909874442e-06,2.7355093211889e-06,2.4723832273138736e-06,2.2398704908553396e-06,2.0430729537814103e-06,1.8812443965855539e-06,1.7503344359040536e-06,1.6450911895484933e-06,1.5604619375639918e-06,1.4923131307588783e-06,1.4376386579421462e-06,1.3944608321941177e-06,1.361596721838489e-06,1.338405158715471e-06,1.3245750198951259e-06,1.31997635671576e-06
2026-07-30 10:16:37.599532,[94.51864943],1.31997635671576e-06,1.3245750198951259e-06,1.338405158715471e-06,1.361596721838489e-06,1.3944608321941177e-06,1.4376386579421462e-06,1.4923131307588783e-06,1.5604619375639918e-06,1.6450911895484933e-06,1.7503344359040536e-06,1.8812443965855539e-06,2.0430729537814103e-06,2.2398704908553396e-06,2.4723832273138736e-06,2.7355093211889e-06,3.015956909874442e-06,3.2911092122141347e-06,3.5302381258578256e-06,3.6988893616505418e-06,3.7663612406912162e-06,3.7148397758580465e-06,3.5473964844668995e-06,3.2914179670745643e-06,2.994782863910036e-06,2.714411767525162e-06,2.500052214143556e-06,2.3789282596510256e-06,2.347601184347831e-06,2.375181764373013e-06,2.4174544453839164e-06,2.4364912327273847e-06,2.4174544453839164e-06,2.375181764373013e-06,2.347601184347831e-06,2.3789282596510256e-06,2.500052214143556e-06,2.714411767525162e-06,2.994782863910036e-06,3.2914179670745643e-06,3.5473964844668995e-06,3.7148397758580465e-06,3.7663612406912162e-06,3.6988893616505418e-06,3.5302381258578256e-06,3.2911092122141347e-06,3.015956909874442e-06,2.7355093211889e-06,2.4723832273138736e-06,2.2398704908553396e-06,2.0430729537814103e-06,1.8812443965855539e-06,1.7503344359040536e-06,1.6450911895484933e-06,1.5604619375639918e-06,1.4923131307588783e-06,1.4376386579421462e-06,1.3944608321941177e-06,1.361596721838489e-06,1.338405158715471e-06,1.3245750198951259e-06,1.31997635671576e-06
2026-07-30 10:16:38.583278,[94.51433254],1.347262516021879e-06,1.3521376405178585e-06,1.3668047907598851e-06,1.3914150328587396e-06,1.4263085641689923e-06,1.4721536723447904e-06,1.5301434993477446e-06,1.6022288714228108e-06,1.6913276876639489e-06,1.8013987057859037e-06,1.9372129573194273e-06,2.103626781457699e-06,2.304197261628768e-06,2.5391266904087303e-06,2.8027987301296828e-06,3.0815406891613646e-06,3.3525951190555815e-06,3.5854093291646055e-06,3.7460309191461634e-06,3.8045088657634863e-06,3.7438677766973307e-06,3.5679022720792026e-06,3.3044294419306754e-06,3.0013878645789476e-06,2.7154512565086144e-06,2.4960031068093776e-06,2.3700243662244153e-06,2.33413105546626e-06,2.3578128127091834e-06,2.3974128961031765e-06,2.415494065243205e-06,2.3974128961031765e-06,2.3578128127091834e-06,2.33413105546626e-06,2.3700243662244153e-06,2.4960031068093776e-06,2.7154512565086144e-06,3.0013878645789476e-06,3.3044294419306754e-06,3.5679022720792026e-06,3.7438677766973307e-06,3.8045088657634863e-06,3.7460309191461634e-06,3.5854093291646055e-06,3.3525951190555815e-06,3.0815406891613646e-06,2.8027987301296828e-06,2.5391266904087303e-06,2.304197261628768e-06,2.103626781457699e-06,1.9372129573194273e-06,1.8013987057859037e-06,1.6913276876639489e-06,1.6022288714228108e-06,1.5301434993477446e-06,1.4721536723447904e-06,1.4263085641689923e-06,1.3914150328587396e-06,1.3668047907598851e-06,1.3521376405178585e-06,1.347262516021879e-06
2026-07-30 10:16:38.613553,[94.51433254],1.347262516021879e-06,1.3521376405178585e-06,1.3668047907598851e-06,1.3914150328587396e-06,1.4263085641689923e-06,1.4721536723447904e-06,1.5301434993477446e-06,1.6022288714228108e-06,1.6913276876639489e-06,1.8013987057859037e-06,1.9372129573194273e-06,2.103626781457699e-06,2.304197261628768e-06,2.5391266904087303e-06,2.8027987301296828e-06,3.0815406891613646e-06,3.3525951190555815e-06,3.5854093291646055e-06,3.7460309191461634e-06,3.8045088657634863e-06,3.7438677766973307e-06,3.5679022720792026e-06,3.3044294419306754e-06,3.0013878645789476e-06,2.7154512565086144e-06,2.4960031068093776e-06,2.3700243662244153e-06,2.33413105546626e-06,2.3578128127091834e-06,2.3974128961031765e-06,2.415494065243205e-06,2.3974128961031765e-06,2.3578128127091834e-06,2.33413105546626e-06,2.3700243662244153e-06,2.4960031068093776e-06,2.7154512565086144e-06,3.0013878645789476e-06,3.3044294419306754e-06,3.5679022720792026e-06,3.7438677766973307e-06,3.8045088657634863e-06,3.7460309191461634e-06,3.5854093291646055e-06,3.3525951190555815e-06,3.0815406891613646e-06,2.8027987301296828e-06,2.5391266904087303e-06,2.304197261628768e-06,2.103626781457699e-06,1.9372129573194273e-06,1.8013987057859037e-06,1.6913276876639489e-06,1.6022288714228108e-06,1.5301434993477446e-06,1.4721536723447904e-06,1.4263085641689923e-06,1.3914150328587396e-06,1.3668047907598851e-06,1.3521376405178585e-06,1.347262516021879e-06
2026-07-30 10:16:38.638201,[67.17244057],3.82411027212138e-09,3.8397474139576386e-09,3.886884424218175e-09,3.966210462495636e-09,4.078918661538615e-09,4.226781407228758e-09,4.4122630088585646e-09,4.638654512360605e-09,4.910180706679935e-09,5.2319792597647275e-09,5.6097978026318425e-09,6.049222082672666e-09,6.554276083077981e-09,7.125365975186034e-09,7.756797440253603e-09,8.434451758905968e-09,9.134550819322065e-09,9.824584762611486e-09,1.0467202220485722e-08,1.10270457385792e-08,1.147925934566666e-08,1.1817122347618474e-08,1.205563623063672e-08,1.222853564339869e-08,1.2378292244732611e-08,1.2541658520038513e-08,1.2735873812348573e-08,1.2951359010993311e-08,1.3154736784602048e-08,1.3301820668548644e-08,1.3355629686493103e-08,1.3301820668548644e-08,1.3154736784602048e-08,1.2951359010993311e-08,1.2735873812348573e-08,1.2541658520038513e-08,1.2378292244732611e-08,1.222853564339869e-08,1.205563623063672e-08,1.1817122347618474e-08,1.147925934566666e-08,1.10270457385792e-08,1.0467202220485722e-08,9.824584762611486e-09,9.134550819322065e-09,8.434451758905968e-09,7.756797440253603e-09,7.125365975186034e-09,6.554276083077981e-09,6.049222082672666e-09,5.6097978026318425e-09,5.2319792597647275e-09,4.910180706679935e-09,4.638654512360605e-09,4.4122630088585646e-09,4.226781407228758e-09,4.078918661538615e-09,3.966210462495636e-09,3.886884424218175e-09,3.8397474139576386e-09,3.82411027212138e-09
2026-07-30 10:16:39.596385,[94.51711353],1.3775067413268384e-06,1.3827147114313833e-06,1.3983884110854468e-06,1.4247004832457518e-06,1.46201860798506e-06,1.5110309211755258e-06,1.5729227004754468e-06,1.6495826962676338e-06,1.743781489352302e-06,1.859214439250986e-06,2.0002507278007043e-06,2.171204020813682e-06,2.3749783145189813e-06,2.611085435713181e-06,2.873297773538227e-06,3.147556549305358e-06,3.411086618108048e-06,3.633779724229538e-06,3.7825858653824844e-06,3.828782377189638e-06,3.7566979748058566e-06,3.5711984983609623e-06,3.3006718147024428e-06,2.993005164207299e-06,2.7042851169386577e-06,2.483046901719421e-06,2.355518755020051e-06,2.3179450465670687e-06,2.339911518741697e-06,2.3781790537517003e-06,2.39575392822061e-06,2.3781790537517003e-06,2.339911518741697e-06,2.3179450465670687e-06,2.355518755020051e-06,2.483046901719421e-06,2.7042851169386577e-06,2.993005164207299e-06,3.3006718147024428e-06,3.5711984983609623e-06,3.7566979748058566e-06,3.828782377189638e-06,3.7825858653824844e-06,3.633779724229538e-06,3.411086618108048e-06,3.147556549305358e-06,2.873297773538227e-06,2.611085435713181e-06,2.3749783145189813e-06,2.171204020813682e-06,2.0002507278007043e-06,1.859214439250986e-06,1.743781489352302e-06,1.6495826962676338e-06,1.5729227004754468e-06,1.5110309211755258e-06,1.46201860798506e-06,1.4247004832457518e-06,1.3983884110854468e-06,1.3827147114313833e-06,1.3775067413268384e-06
2026-07-30 10:16:39.620428,[69.1032909],5.167238289926334e-09,5.189366825343447e-09,5.256031728759695e-09,5.368080671375199e-09,5.526961949163205e-09,5.7347850375634295e-09,5.994409458647139e-09,6.30954193248273e-09,6.684784240798894e-09,7.125521675280263e-09,7.637487551275684e-09,8.22581086519105e-09,8.893393136608298e-09,9.638610445509606e-09,1.0452618956142729e-08,1.1316921599182912e-08,1.2202209651018756e-08,1.306962283445147e-08,1.3875250301890115e-08,1.4577798483076907e-08,1.5148004239709953e-08,1.557702787951157e-08,1.5880421766598496e-08,1.6094987134622707e-08,1.626807984806464e-08,1.6442085771028158e-08,1.6639500989643022e-08,1.685478441412569e-08,1.7057049920748697e-08,1.7203258694405384e-08,1.7256762758236055e-08,1.7203258694405384e-08,1.7057049920748697e-08,1.685478441412569e-08,1.6639500989643022e-08,1.6442085771028158e-08,1.626807984806464e-08,1.6094987134622707e-08,1.5880421766598496e-08,1.557702787951157e-08,1.5148004239709953e-08,1.4577798483076907e-08,1.3875250301890115e-08,1.306962283445147e-08,1.2202209651018756e-08,1.1316921599182912e-08,1.0452618956142729e-08,9.638610445509606e-09,8.893393136608298e-09,8.22581086519105e-09,7.637487551275684e-09,7.125521675280263e-09,6.684784240798894e-09,6.30954193248273e-09,5.994409458647139e-09,5.7347850375634295e-09,5.526961949163205e-09,5.368080671375199e-09,5.256031728759695e-09,5.189366825343447e-09,5.167238289926334e-09
2026-07-30 10:16:39.645013,[69.1032909],5.167238289926334e-09,5.189366825343447e-09,5.256031728759695e-09,5.368080671375199e-09,5.526961949163205e-09,5.7347850375634295e-09,5.994409458647139e-09,6.30954193248273e-09,6.684784240798894e-09,7.125521675280263e-09,7.637487551275684e-09,8.22581086519105e-09,8.893393136608298e-09,9.638610445509606e-09,1.0452618956142729e-08,1.1316921599182912e-08,1.2202209651018756e-08,1.306962283445147e-08,1.3875250301890115e-08,1.4577798483076907e-08,1.5148004239709953e-08,1.557702787951157e-08,1.5880421766598496e-08,1.6094987134622707e-08,1.626807984806464e-08,1.6442085771028158e-08,1.6639500989643022e-08,1.685478441412569e-08,1.7057049920748697e-08,1.7203258694405384e-08,1.7256762758236055e-08,1.7203258694405384e-08,1.7057049920748697e-08,1.685478441412569e-08,1.6639500989643022e-08,1.6442085771028158e-08,1.626807984806464e-08,1.6094987134622707e-08,1.5880421766598496e-08,1.557702787951157e-08,1.5148004239709953e-08,1.4577798483076907e-08,1.3875250301890115e-08,1.306962283445147e-08,1.2202209651018756e-08,1.1316921599182912e-08,1.0452618956142729e-08,9.638610445509606e-09,8.893393136608298e-09,8.22581086519105e-09,7.637487551275684e-09,7.125521675280263e-09,6.684784240798894e-09,6.30954193248273e-09,5.994409458647139e-09,5.7347850375634295e-09,5.526961949163205e-09,5.368080671375199e-09,5.256031728759695e-09,5.189366825343447e-09,5.167238289926334e-09
2026-07-30 10:16:40.580832,[94.50063036],1.4037175274574113e-06,1.4091941177326104e-06,1.4256829012925136e-06,1.4533825649202447e-06,1.4926984980261212e-06,1.5443587962812321e-06,1.609576385865525e-06,1.6902351333296464e-06,1.7890429330400106e-06,1.9095469345388988e-06,2.0558577208454444e-06,2.231906103700228e-06,2.440096071107393e-06,2.6793595709226736e-06,2.942881089910383e-06,3.2161072559718256e-06,3.4759747243934583e-06,3.692388694954581e-06,3.832657097201822e-06,3.868722916621357e-06,3.785766713496879e-06,3.5895123673471757e-06,3.3090285294328373e-06,2.9925847436620826e-06,2.6963401676381737e-06,2.468695555149852e-06,2.3357062822213954e-06,2.293559288480869e-06,2.3119627996393446e-06,2.347927299504841e-06,2.364701330556221e-06,2.347927299504841e-06,2.3119627996393446e-06,2.293559288480869e-06,2.3357062822213954e-06,2.468695555149852e-06,2.6963401676381737e-06,2.9925847436620826e-06,3.3090285294328373e-06,3.5895123673471757e-06,3.785766713496879e-06,3.868722916621357e-06,3.832657097201822e-06,3.692388694954581e-06,3.4759747243934583e-06,3.2161072559718256e-06,2.942881089910383e-06,2.6793595709226736e-06,2.440096071107393e-06,2.231906103700228e-06,2.0558577208454444e-06,1.9095469345388988e-06,1.7890429330400106e-06,1.6902351333296464e-06,1.609576385865525e-06,1.5443587962812321e-06,1.4926984980261212e-06,1.4533825649202447e-06,1.4256829012925136e-06,1.4091941177326104e-06,1.4037175274574113e-06
2026-07-30 10:16:40.605861,[94.50063036],1.4037175274574113e-06,1.4091941177326104e-06,1.4256829012925136e-06,1.4533825649202447e-06,1.4926984980261212e-06,1.5443587962812321e-06,1.609576385865525e-06,1.6902351333296464e-06,1.7890429330400106e-06,1.9095469345388988e-06,2.0558577208454444e-06,2.231906103700228e-06,2.440096071107393e-06,2.6793595709226736e-06,2.942881089910383e-06,3.2161072559718256e-06,3.4759747243934583e-06,3.692388694954581e-06,3.832657097201822e-06,3.868722916621357e-06,3.785766713496879e-06,3.5895123673471757e-06,3.3090285294328373e-06,2.9925847436620826e-06,2.6963401676381737e-06,2.468695555149852e-06,2.3357062822213954e-06,2.293559288480869e-06,2.3119627996393446e-06,2.347927299504841e-06,2.364701330556221e-06,2.347927299504841e-06,2.3119627996393446e-06,2.293559288480869e-06,2.3357062822213954e-06,2.468695555149852e-06,2.6963401676381737e-06,2.9925847436620826e-06,3.3090285294328373e-06,3.5895123673471757e-06,3.785766713496879e-06,3.868722916621357e-06,3.832657097201822e-06,3.692388694954581e-06,3.4759747243934583e-06,3.2161072559718256e-06,2.942881089910383e-06,2.6793595709226736e-06,2.440096071107393e-06,2.231906103700228e-06,2.0558577208454444e-06,1.9095469345388988e-06,1.7890429330400106e-06,1.6902351333296464e-06,1.609576385865525e-06,1.5443587962812321e-06,1.4926984980261212e-06,1.4533825649202447e-06,1.4256829012925136e-06,1.4091941177326104e-06,1.4037175274574113e-06
2026-07-30 10:16:40.631475,[68.674507],5.019463150205549e-09,5.0405646499309615e-09,5.104176598205826e-09,5.211235799413343e-09,5.36335435866293e-09,5.562901896043956e-09,5.813122174446432e-09,6.118261344469309e-09,6.483646526672781e-09,6.915599968928005e-09,7.421018628565705e-09,8.006419230646255e-09,8.676285473451969e-09,9.43070033289067e-09,1.0262524242080586e-08,1.1154756744151146e-08,1.2079080075683583e-08,1.2996732496580547e-08,1.3862577639455288e-08,1.4632397270295091e-08,1.5272145723639073e-08,1.5766587139439625e-08,1.6124053849120532e-08,1.6374641977393863e-08,1.656118992549338e-08,1.6725317766004552e-08,1.689339439878342e-08,1.706811106307359e-08,1.7229556259105357e-08,1.734575215728137e-08,1.7388244776145288e-08,1.734575215728137e-08,1.7229556259105357e-08,1.706811106307359e-08,1.689339439878342e-08,1.6725317766004552e-08,1.656118992549338e-08,1.6374641977393863e-08,1.6124053849120532e-08,1.5766587139439625e-08,1.5272145723639073e-08,1.4632397270295091e-08,1.3862577639455288e-08,1.2996732496580547e-08,1.2079080075683583e-08,1.1154756744151146e-08,1.0262524242080586e-08,9.43070033289067e-09,8.676285473451969e-09,8.006419230646255e-09,7.421018628565705e-09,6.915599968928005e-09,6.483646526672781e-09,6.118261344469309e-09,5.813122174446432e-09,5.562901896043956e-09,5.36335435866293e-09,5.211235799413343e-09,5.104176598205826e-09,5.0405646499309615e-09,5.019463150205549e-09
2026-07-30 10:16:41.577760,[94.49099986],1.4317935366473424e-06,1.4375726753867456e-06,1.4549775280824102e-06,1.4842300544421602e-06,1.5257675166917292e-06,1.5803473346827398e-06,1.6491924745458567e-06,1.7341551143859934e-06,1.8378428482675597e-06,1.963606146374553e-06,2.115240364990638e-06,2.296235254617345e-06,2.508446097662619e-06,2.7502008392188294e-06,3.0141132077128466e-06,3.2852075194380695e-06,3.540264605701539e-06,3.74938549903158e-06,3.880439756350997e-06,3.906215776435039e-06,3.812849473042954e-06,3.606906791378516e-06,3.3179859329308693e-06,2.9944769420946753e-06,2.6923042749697452e-06,2.4594698365761977e-06,2.321715793620649e-06,2.2751961995530533e-06,2.2899114907061466e-06,2.32336016806747e-06,2.3392360361654745e-06,2.32336016806747e-06,2.2899114907061466e-06,2.2751961995530533e-06,2.321715793620649e-06,2.4594698365761977e-06,2.6923042749697452e-06,2.9944769420946753e-06,3.3179859329308693e-06,3.606906791378516e-06,3.812849473042954e-06,3.906215776435039e-06,3.880439756350997e-06,3.74938549903158e-06,3.540264605701539e-06,3.2852075194380695e-06,3.0141132077128466e-06,2.7502008392188294e-06,2.508446097662619e-06,2.296235254617345e-06,2.115240364990638e-06,1.963606146374553e-06,1.8378428482675597e-06,1.7341551143859934e-06,1.6491924745458567e-06,1.5803473346827398e-06,1.5257675166917292e-06,1.4842300544421602e-06,1.4549775280824102e-06,1.4375726753867456e-06,1.4317935366473424e-06
2026-07-30 10:16:41.601351,[94.49099986],1.4317935366473424e-06,1.4375726753867456e-06,1.4549775280824102e-06,1.4842300544421602e-06,1.5257675166917292e-06,1.5803473346827398e-06,1.6491924745458567e-06,1.7341551143859934e-06,1.8378428482675597e-06,1.963606146374553e-06,2.115240364990638e-06,2.296235254617345e-06,2.508446097662619e-06,2.7502008392188294e-06,3.0141132077128466e-06,3.2852075194380695e-06,3.540264605701539e-06,3.74938549903158e-06,3.880439756350997e-06,3.906215776435039e-06,3.812849473042954e-06,3.606906791378516e-06,3.3179859329308693e-06,2.9944769420946753e-06,2.6923042749697452e-06,2.4594698365761977e-06,2.321715793620649e-06,2.2751961995530533e-06,2.2899114907061466e-06,2.32336016806747e-06,2.3392360361654745e-06,2.32336016806747e-06,2.2899114907061466e-06,2.2751961995530533e-06,2.321715793620649e-06,2.4594698365761977e-06,2.6923042749697452e-06,2.9944769420946753e-06,3.3179859329308693e-06,3.606906791378516e-06,3.812849473042954e-06,3.906215776435039e-06,3.880439756350997e-06,3.74938549903158e-06,3.540264605701539e-06,3.2852075194380695e-06,3.0141132077128466e-06,2.7502008392188294e-06,2.508446097662619e-06,2.296235254617345e-06,2.115240364990638e-06,1.963606146374553e-06,1.8378428482675597e-06,1.7341551143859934e-06,1.6491924745458567e-06,1.5803473346827398e-06,1.5257675166917292e-06,1.4842300544421602e-06,1.4549775280824102e-06,1.4375726753867456e-06,1.4317935366473424e-06
2026-07-30 10:16:41.628096,[68.05101673],4.83234008631558e-09,4.852258163356412e-09,4.912321454014649e-09,5.01347462426292e-09,5.157352802389563e-09,5.346378005551657e-09,5.583894210299694e-09,5.874316594908136e-09,6.223231317740374e-09,6.63732802251502e-09,7.123991218501468e-09,7.690346237823364e-09,8.341591342070518e-09,9.07859291533091e-09,9.894997717864914e-09,1.0774493413649924e-08,1.1689213172795427e-08,1.2600439262659674e-08,1.346249656325831e-08,1.4229911713876796e-08,1.4866646490016269e-08,1.535490329853618e-08,1.5700292758911205e-08,1.593066548837734e-08,1.608784275158453e-08,1.621431663487565e-08,1.63395319965959e-08,1.647121965987214e-08,1.6595616110414743e-08,1.6686684025628875e-08,1.6720276223219293e-08,1.6686684025628875e-08,1.6595616110414743e-08,1.647121965987214e-08,1.63395319965959e-08,1.621431663487565e-08,1.608784275158453e-08,1.593066548837734e-08,1.5700292758911205e-08,1.535490329853618e-08,1.4866646490016269e-08,1.4229911713876796e-08,1.346249656325831e-08,1.2600439262659674e-08,1.1689213172795427e-08,1.0774493413649924e-08,9.894997717864914e-09,9.07859291533091e-09,8.341591342070518e-09,7.690346237823364e-09,7.123991218501468e-09,6.63732802251502e-09,6.223231317740374e-09,5.874316594908136e-09,5.583894210299694e-09,5.346378005551657e-09,5.157352802389563e-09,5.01347462426292e-09,4.912321454014649e-09,4.852258163356412e-09,4.83234008631558e-09
2026-07-30 10:16:42.582600,[94.49374912],1.464602326169837e-06,1.4707148791730662e-06,1.4891275965948535e-06,1.520082951573715e-06,1.5640442943149041e-06,1.6217877744816917e-06,1.6945285338139386e-06,1.7840589426214146e-06,1.8928447646281697e-06,2.0239821777614628e-06,2.180876452430648e-06,2.3664859026983914e-06,2.582017416954427e-06,2.825098002217466e-06,3.087694963121571e-06,3.354379894994721e-06,3.6018188715563866e-06,3.800444006062172e-06,3.91892741243429e-06,3.931241804538632e-06,3.824882667361788e-06,3.607669367470879e-06,3.3100711839166557e-06,2.9807888826405937e-06,2.675484562993994e-06,2.441483821042405e-06,2.3037051307342927e-06,2.257594909785834e-06,2.2727176134939575e-06,2.3064093926374014e-06,2.322360164530102e-06,2.3064093926374014e-06,2.2727176134939575e-06,2.257594909785834e-06,2.3037051307342927e-06,2.441483821042405e-06,2.675484562993994e-06,2.9807888826405937e-06,3.3100711839166557e-06,3.607669367470879e-06,3.824882667361788e-06,3.931241804538632e-06,3.91892741243429e-06,3.800444006062172e-06,3.6018188715563866e-06,3.354379894994721e-06,3.087694963121571e-06,2.825098002217466e-06,2.582017416954427e-06,2.3664859026983914e-06,2.180876452430648e-06,2.0239821777614628e-06,1.8928447646281697e-06,1.7840589426214146e-06,1.6945285338139386e-06,1.6217877744816917e-06,1.5640442943149041e-06,1.520082951573715e-06,1.4891275965948535e-06,1.4707148791730662e-06,1.464602326169837e-06
2026-07-30 10:16:42.608754,[94.49374912],1.464602326169837e-06,1.4707148791730662e-06,1.4891275965948535e-06,1.520082951573715e-06,1.5640442943149041e-06,1.6217877744816917e-06,1.6945285338139386e-06,1.7840589426214146e-06,1.8928447646281697e-06,2.0239821777614628e-06,2.180876452430648e-06,2.3664859026983914e-06,2.582017416954427e-06,2.825098002217466e-06,3.087694963121571e-06,3.354379894994721e-06,3.6018188715563866e-06,3.800444006062172e-06,3.91892741243429e-06,3.931241804538632e-06,3.824882667361788e-06,3.607669367470879e-06,3.3100711839166557e-06,2.9807888826405937e-06,2.675484562993994e-06,2.441483821042405e-06,2.3037051307342927e-06,2.257594909785834e-06,2.2727176134939575e-06,2.3064093926374014e-06,2.322360164530102e-06,2.3064093926374014e-06,2.2727176134939575e-06,2.257594909785834e-06,2.3037051307342927e-06,2.441483821042405e-06,2.675484562993994e-06,2.9807888826405937e-06,3.3100711839166557e-06,3.607669367470879e-06,3.824882667361788e-06,3.931241804538632e-06,3.91892741243429e-06,3.800444006062172e-06,3.6018188715563866e-06,3.354379894994721e-06,3.087694963121571e-06,2.825098002217466e-06,2.582017416954427e-06,2.3664859026983914e-06,2.180876452430648e-06,2.0239821777614628e-06,1.8928447646281697e-06,1.7840589426214146e-06,1.6945285338139386e-06,1.6217877744816917e-06,1.5640442943149041e-06,1.520082951573715e-06,1.4891275965948535e-06,1.4707148791730662e-06,1.464602326169837e-06
2026-07-30 10:16:42.634652,[67.61841556],4.610813290507745e-09,4.629679818483213e-09,4.686620367829323e-09,4.782679331430858e-09,4.919670621722596e-09,5.100290064102879e-09,5.328266639274706e-09,5.608521157911628e-09,5.947259199911485e-09,6.35186892414085e-09,6.830438170586922e-09,7.390678682984291e-09,8.038091387645053e-09,8.773370251400177e-09,9.58934438152043e-09,1.0468161187962107e-08,1.1379792426438016e-08,1.228309007410812e-08,1.313029771487541e-08,1.387500539088093e-08,1.4482143799789648e-08,1.4937206721773003e-08,1.5251182015756888e-08,1.545832979494732e-08,1.5606166531733417e-08,1.5740191601764246e-08,1.5888675961116665e-08,1.6053674828919338e-08,1.6212453374650013e-08,1.632922014447852e-08,1.6372317474366073e-08,1.632922014447852e-08,1.6212453374650013e-08,1.6053674828919338e-08,1.5888675961116665e-08,1.5740191601764246e-08,1.5606166531733417e-08,1.545832979494732e-08,1.5251182015756888e-08,1.4937206721773003e-08,1.4482143799789648e-08,1.387500539088093e-08,1.313029771487541e-08,1.228309007410812e-08,1.1379792426438016e-08,1.0468161187962107e-08,9.58934438152043e-09,8.773370251400177e-09,8.038091387645053e-09,7.390678682984291e-09,6.830438170586922e-09,6.35186892414085e-09,5.947259199911485e-09,5.608521157911628e-09,5.328266639274706e-09,5.100290064102879e-09,4.919670621722596e-09,4.782679331430858e-09,4.686620367829323e-09,4.629679818483213e-09,4.610813290507745e-09
2026-07-30 10:16:43.585167,[90.37262193],9.346340047565662e-07,9.397322512003634e-07,9.550454731936934e-07,9.806145361473687e-07,1.016458660153761e-06,1.0625014004261766e-06,1.11846671782731e-06,1.1837473483835145e-06,1.2572518729260557e-06,1.337243535331138e-06,1.421192928233896e-06,1.5056773379816249e-06,1.5863697717300813e-06,1.6581668591400942e-06,1.7155017533781064e-06,1.7528699167575637e-06,1.765557533091306e-06,1.7505039007146487e-06,1.707158327635813e-06,1.6381273180801368e-06,1.5493773918695956e-06,1.4497933626497898e-06,1.3500109019059534e-06,1.2606380686940186e-06,1.1902074558506622e-06,1.14337905498429e-06,1.119954970900425e-06,1.1151128534026622e-06,1.1209275319253214e-06,1.1288266959753848e-06,1.1322722937370226e-06,1.1288266959753848e-06,1.1209275319253214e-06,1.1151128534026622e-06,1.119954970900425e-06,1.14337905498429e-06,1.1902074558506622e-06,1.2606380686940186e-06,1.3500109019059534e-06,1.4497933626497898e-06,1.5493773918695956e-06,1.6381273180801368e-06,1.707158327635813e-06,1.7505039007146487e-06,1.765557533091306e-06,1.7528699167575637e-06,1.7155017533781064e-06,1.6581668591400942e-06,1.5863697717300813e-06,1.5056773379816249e-06,1.421192928233896e-06,1.337243535331138e-06,1.2572518729260557e-06,1.1837473483835145e-06,1.11846671782731e-06,1.0625014004261766e-06,1.016458660153761e-06,9.806145361473687e-07,9.550454731936934e-07,9.397322512003634e-07,9.346340047565662e-07
2026-07-30 10:16:43.610663,[90.37262193],9.346340047565662e-07,9.397322512003634e-07,9.550454731936934e-07,9.806145361473687e-07,1.016458660153761e-06,1.0625014004261766e-06,1.11846671782731e-06,1.1837473483835145e-06,1.2572518729260557e-06,1.337243535331138e-06,1.421192928233896e-06,1.5056773379816249e-06,1.5863697717300813e-06,1.6581668591400942e-06,1.7155017533781064e-06,1.7528699167575637e-06,1.765557533091306e-06,1.7505039007146487e-06,1.707158327635813e-06,1.6381273180801368e-06,1.5493773918695956e-06,1.4497933626497898e-06,1.3500109019059534e-06,1.2606380686940186e-06,1.1902074558506622e-06,1.14337905498429e-06,1.119954970900425e-06,1.1151128534026622e-06,1.1209275319253214e-06,1.1288266959753848e-06,1.1322722937370226e-06,1.1288266959753848e-06,1.1209275319253214e-06,1.1151128534026622e-06,1.119954970900425e-06,1.14337905498429e-06,1.1902074558506622e-06,1.2606380686940186e-06,1.3500109019059534e-06,1.4497933626497898e-06,1.5493773918695956e-06,1.6381273180801368e-06,1.707158327635813e-06,1.7505039007146487e-06,1.765557533091306e-06,1.7528699167575637e-06,1.7155017533781064e-06,1.6581668591400942e-06,1.5863697717300813e-06,1.5056773379816249e-06,1.421192928233896e-06,1.337243535331138e-06,1.2572518729260557e-06,1.1837473483835145e-06,1.11846671782731e-06,1.0625014004261766e-06,1.016458660153761e-06,9.806145361473687e-07,9.550454731936934e-07,9.397322512003634e-07,9.346340047565662e-07
2026-07-30 10:16:43.634752,[90.01250672],2.694298814617175e-07,2.6911087353003293e-07,2.681038576941226e-07,2.6628551253337205e-07,2.6354286468549244e-07,2.5992285443643853e-07,2.558548351272717e-07,2.524394942232418e-07,2.517686987317807e-07,2.571963866754824e-07,2.734285151958557e-07,3.062592886909809e-07,3.6178249221646916e-07,4.4498728843130486e-07,5.578325613253341e-07,6.971712724451855e-07,8.531934675353456e-07,1.0092342952519739e-06,1.1436812156186368e-06,1.2341939240041953e-06,1.2635630110953141e-06,1.225554477077309e-06,1.1284892211484322e-06,9.94569076899861e-07,8.542769521369401e-07,7.372114679725542e-07,6.626018868196443e-07,6.334444782935519e-07,6.370689834094808e-07,6.522421313822218e-07,6.598386367534534e-07,6.522421313822218e-07,6.370689834094808e-07,6.334444782935519e-07,6.626018868196443e-07,7.372114679725542e-07,8.542769521369401e-07,9.94569076899861e-07,1.1284892211484322e-06,1.225554477077309e-06,1.2635630110953141e-06,1.2341939240041953e-06,1.1436812156186368e-06,1.0092342952519739e-06,8.531934675353456e-07,6.971712724451855e-07,5.578325613253341e-07,4.4498728843130486e-07,3.6178249221646916e-07,3.062592886909809e-07,2.734285151958557e-07,2.571963866754824e-07,2.517686987317807e-07,2.524394942232418e-07,2.558548351272717e-07,2.5992285443643853e-07,2.6354286468549244e-07,2.6628551253337205e-07,2.681038576941226e-07,2.6911087353003293e-07,2.694298814617175e-07
2026-07-30 10:16:44.631973,[94.46944385],1.5354128861032178e-06,1.5422037585932059e-06,1.5626661840765312e-06,1.5970820263925637e-06,1.645963545521772e-06,1.7101185653965508e-06,1.7907369353760038e-06,1.8894761824251725e-06,2.0084957854407576e-06,2.15035208030546e-06,2.3176306888139233e-06,2.5121827902915147e-06,2.733877152913001e-06,2.978912923487325e-06,3.237969701682069e-06,3.494765174325404e-06,3.72584217189957e-06,3.902449878449712e-06,3.995042884096058e-06,3.9801163679077305e-06,3.847958986994659e-06,3.608843432542033e-06,3.2947841048860783e-06,2.9547963668133175e-06,2.643685735337781e-06,2.4071824896611604e-06,2.268506507917747e-06,2.2218738737497667e-06,2.2363563734220167e-06,2.269416479678766e-06,2.28509837718022e-06,2.269416479678766e-06,2.2363563734220167e-06,2.2218738737497667e-06,2.268506507917747e-06,2.4071824896611604e-06,2.643685735337781e-06,2.9547963668133175e-06,3.2947841048860783e-06,3.608843432542033e-06,3.847958986994659e-06,3.9801163679077305e-06,3.995042884096058e-06,3.902449878449712e-06,3.72584217189957e-06,3.494765174325404e-06,3.237969701682069e-06,2.978912923487325e-06,2.733877152913001e-06,2.5121827902915147e-06,2.3176306888139233e-06,2.15035208030546e-06,2.0084957854407576e-06,1.8894761824251725e-06,1.7907369353760038e-06,1.7101185653965508e-06,1.645963545521772e-06,1.5970820263925637e-06,1.5626661840765312e-06,1.5422037585932059e-06,1.5354128861032178e-06
2026-07-30 10:16:45.614670,[94.44500418],1.5696107846933212e-06,1.5767234896963075e-06,1.5981568100322978e-06,1.6342062758250418e-06,1.6853982581258647e-06,1.7525414159296849e-06,1.8367930311719974e-06,1.939718451806456e-06,2.0632952215087167e-06,2.2097789162332557e-06,2.381316124152094e-06,2.579182608323502e-06,2.802571363912487e-06,3.046985146857501e-06,3.3025102750322087e-06,3.5525268065541585e-06,3.7736432948382025e-06,3.937672478194537e-06,4.016121488879114e-06,3.98688374885319e-06,3.841723525978925e-06,3.5921341156416004e-06,3.2708015455725994e-06,2.9267176257049095e-06,2.614038342642945e-06,2.3774888524281602e-06,2.2392971373878856e-06,2.1930152989888612e-06,2.2075084613721402e-06,2.2403924912368873e-06,2.255974898639832e-06,2.2403924912368873e-06,2.2075084613721402e-06,2.1930152989888612e-06,2.2392971373878856e-06,2.3774888524281602e-06,2.614038342642945e-06,2.9267176257049095e-06,3.2708015455725994e-06,3.5921341156416004e-06,3.841723525978925e-06,3.98688374885319e-06,4.016121488879114e-06,3.937672478194537e-06,3.7736432948382025e-06,3.5525268065541585e-06,3.3025102750322087e-06,3.046985146857501e-06,2.802571363912487e-06,2.579182608323502e-06,2.381316124152094e-06,2.2097789162332557e-06,2.0632952215087167e-06,1.939718451806456e-06,1.8367930311719974e-06,1.7525414159296849e-06,1.6853982581258647e-06,1.6342062758250418e-06,1.5981568100322978e-06,1.5767234896963075e-06,1.5696107846933212e-06
2026-07-30 10:16:45.639335,[94.44500418],1.5696107846933212e-06,1.5767234896963075e-06,1.5981568100322978e-06,1.6342062758250418e-06,1.6853982581258647e-06,1.7525414159296849e-06,1.8367930311719974e-06,1.939718451806456e-06,2.0632952215087167e-06,2.2097789162332557e-06,2.381316124152094e-06,2.579182608323502e-06,2.802571363912487e-06,3.046985146857501e-06,3.3025102750322087e-06,3.5525268065541585e-06,3.7736432948382025e-06,3.937672478194537e-06,4.016121488879114e-06,3.98688374885319e-06,3.841723525978925e-06,3.5921341156416004e-06,3.2708015455725994e-06,2.9267176257049095e-06,2.614038342642945e-06,2.3774888524281602e-06,2.2392971373878856e-06,2.1930152989888612e-06,2.2075084613721402e-06,2.2403924912368873e-06,2.255974898639832e-06,2.2403924912368873e-06,2.2075084613721402e-06,2.1930152989888612e-06,2.2392971373878856e-06,2.3774888524281602e-06,2.614038342642945e-06,2.9267176257049095e-06,3.2708015455725994e-06,3.5921341156416004e-06,3.841723525978925e-06,3.98688374885319e-06,4.016121488879114e-06,3.937672478194537e-06,3.7736432948382025e-06,3.5525268065541585e-06,3.3025102750322087e-06,3.046985146857501e-06,2.802571363912487e-06,2.579182608323502e-06,2.381316124152094e-06,2.2097789162332557e-06,2.0632952215087167e-06,1.939718451806456e-06,1.8367930311719974e-06,1.7525414159296849e-06,1.6853982581258647e-06,1.6342062758250418e-06,1.5981568100322978e-06,1.5767234896963075e-06,1.5696107846933212e-06
2026-07-30 10:16:45.663148,[65.79024827],2.6724300144483402e-09,2.6855642231211937e-09,2.7252253327110114e-09,2.792171105925062e-09,2.8876053184746996e-09,3.013087513055837e-09,3.1704007558968853e-09,3.361364872263643e-09,3.587570747644101e-09,3.849997195794601e-09,4.148462738259422e-09,4.480874074545791e-09,4.8422799104009445e-09,5.223840162616004e-09,5.6119772916005254e-09,5.988154839809384e-09,6.329846402969112e-09,6.613194540592939e-09,6.817496449475565e-09,6.930960265548429e-09,6.95629574909506e-09,6.913989350882278e-09,6.841046913850174e-09,6.783950734160935e-09,6.7865631089229035e-09,6.8761222399024416e-09,7.052235167543879e-09,7.2837582329083086e-09,7.51616767972244e-09,7.688058498525527e-09,7.751398551722966e-09,7.688058498525527e-09,7.51616767972244e-09,7.2837582329083086e-09,7.052235167543879e-09,6.8761222399024416e-09,6.7865631089229035e-09,6.783950734160935e-09,6.841046913850174e-09,6.913989350882278e-09,6.95629574909506e-09,6.930960265548429e-09,6.817496449475565e-09,6.613194540592939e-09,6.329846402969112e-09,5.988154839809384e-09,5.6119772916005254e-09,5.223840162616004e-09,4.8422799104009445e-09,4.480874074545791e-09,4.148462738259422e-09,3.849997195794601e-09,3.587570747644101e-09,3.361364872263643e-09,3.1704007558968853e-09,3.013087513055837e-09,2.8876053184746996e-09,2.792171105925062e-09,2.7252253327110114e-09,2.6855642231211937e-09,2.6724300144483402e-09
2026-07-30 10:16:45.691080,[65.79024827],2.6724300144483402e-09,2.6855642231211937e-09,2.7252253327110114e-09,2.792171105925062e-09,2.8876053184746996e-09,3.013087513055837e-09,3.1704007558968853e-09,3.361364872263643e-09,3.587570747644101e-09,3.849997195794601e-09,4.148462738259422e-09,4.480874074545791e-09,4.8422799104009445e-09,5.223840162616004e-09,5.6119772916005254e-09,5.988154839809384e-09,6.329846402969112e-09,6.613194540592939e-09,6.817496449475565e-09,6.930960265548429e-09,6.95629574909506e-09,6.913989350882278e-09,6.841046913850174e-09,6.783950734160935e-09,6.7865631089229035e-09,6.8761222399024416e-09,7.052235167543879e-09,7.2837582329083086e-09,7.51616767972244e-09,7.688058498525527e-09,7.751398551722966e-09,7.688058498525527e-09,7.51616767972244e-09,7.2837582329083086e-09,7.052235167543879e-09,6.8761222399024416e-09,6.7865631089229035e-09,6.783950734160935e-09,6.841046913850174e-09,6.913989350882278e-09,6.95629574909506e-09,6.930960265548429e-09,6.817496449475565e-09,6.613194540592939e-09,6.329846402969112e-09,5.988154839809384e-09,5.6119772916005254e-09,5.223840162616004e-09,4.8422799104009445e-09,4.480874074545791e-09,4.148462738259422e-09,3.849997195794601e-09,3.587570747644101e-09,3.361364872263643e-09,3.1704007558968853e-09,3.013087513055837e-09,2.8876053184746996e-09,2.792171105925062e-09,2.7252253327110114e-09,2.6855642231211937e-09,2.6724300144483402e-09
2026-07-30 10:16:46.627820,[94.42335129],1.6059662880454878e-06,1.6134245294181222e-06,1.6358995900524706e-06,1.6736996175579456e-06,1.7273625123884054e-06,1.7976924207485622e-06,1.8858042981871574e-06,1.9931552742076425e-06,2.12151691641414e-06,2.2728110381999414e-06,2.4487038763013655e-06,2.6498493616517756e-06,2.874719795451907e-06,3.1180882948988925e-06,3.3694391806387083e-06,3.611843822119003e-06,3.822052558190807e-06,3.972565965008603e-06,4.036104953065823e-06,3.9921344670151e-06,3.834044369552991e-06,3.574637622535495e-06,3.247271484280639e-06,2.900815651468685e-06,2.588596316437157e-06,2.354109642327487e-06,2.2183717057376437e-06,2.1740947799328796e-06,2.1898252860651015e-06,2.2232793107408837e-06,2.239011622087919e-06,2.2232793107408837e-06,2.1898252860651015e-06,2.1740947799328796e-06,2.2183717057376437e-06,2.354109642327487e-06,2.588596316437157e-06,2.900815651468685e-06,3.247271484280639e-06,3.574637622535495e-06,3.834044369552991e-06,3.9921344670151e-06,4.036104953065823e-06,3.972565965008603e-06,3.822052558190807e-06,3.611843822119003e-06,3.3694391806387083e-06,3.1180882948988925e-06,2.874719795451907e-06,2.6498493616517756e-06,2.4487038763013655e-06,2.2728110381999414e-06,2.12151691641414e-06,1.9931552742076425e-06,1.8858042981871574e-06,1.7976924207485622e-06,1.7273625123884054e-06,1.6736996175579456e-06,1.6358995900524706e-06,1.6134245294181222e-06,1.6059662880454878e-06
2026-07-30 10:16:46.652973,[67.16335504],3.1804186616455396e-09,3.194049060029374e-09,3.235429804668705e-09,3.3060625078789955e-09,3.4085599883422964e-09,3.546808622423654e-09,3.726176535329193e-09,3.95371790898924e-09,4.2382696255147164e-09,4.590264723894728e-09,5.021015918439648e-09,5.54118940345304e-09,6.158250385537503e-09,6.872877094921818e-09,7.67474061588304e-09,8.538590017832612e-09,9.422106625096522e-09,1.02672222281389e-08,1.1006217586921377e-08,1.1572735854430328e-08,1.1915990422544684e-08,1.201449724570055e-08,1.1884554933788644e-08,1.157934773455049e-08,1.1177287248374163e-08,1.076233186124623e-08,1.0402814654831339e-08,1.0136741189003617e-08,9.96936653947196e-09,9.883644880319593e-09,9.85818023449321e-09,9.883644880319593e-09,9.96936653947196e-09,1.0136741189003617e-08,1.0402814654831339e-08,1.076233186124623e-08,1.1177287248374163e-08,1.157934773455049e-08,1.1884554933788644e-08,1.201449724570055e-08,1.1915990422544684e-08,1.1572735854430328e-08,1.1006217586921377e-08,1.02672222281389e-08,9.422106625096522e-09,8.538590017832612e-09,7.67474061588304e-09,6.872877094921818e-09,6.158250385537503e-09,5.54118940345304e-09,5.021015918439648e-09,4.590264723894728e-09,4.2382696255147164e-09,3.95371790898924e-09,3.726176535329193e-09,3.546808622423654e-09,3.4085599883422964e-09,3.3060625078789955e-09,3.235429804668705e-09,3.194049060029374e-09,3.1804186616455396e-09
2026-07-30 10:16:46.677124,[67.16335504],3.1804186616455396e-09,3.194049060029374e-09,3.235429804668705e-09,3.3060625078789955e-09,3.4085599883422964e-09,3.546808622423654e-09,3.726176535329193e-09,3.95371790898924e-09,4.2382696255147164e-09,4.590264723894728e-09,5.021015918439648e-09,5.54118940345304e-09,6.158250385537503e-09,6.872877094921818e-09,7.67474061588304e-09,8.538590017832612e-09,9.422106625096522e-09,1.02672222281389e-08,1.1006217586921377e-08,1.1572735854430328e-08,1.1915990422544684e-08,1.201449724570055e-08,1.1884554933788644e-08,1.157934773455049e-08,1.1177287248374163e-08,1.076233186124623e-08,1.0402814654831339e-08,1.0136741189003617e-08,9.96936653947196e-09,9.883644880319593e-09,9.85818023449321e-09,9.883644880319593e-09,9.96936653947196e-09,1.0136741189003617e-08,1.0402814654831339e-08,1.076233186124623e-08,1.1177287248374163e-08,1.157934773455049e-08,1.1884554933788644e-08,1.201449724570055e-08,1.1915990422544684e-08,1.1572735854430328e-08,1.1006217586921377e-08,1.02672222281389e-08,9.422106625096522e-09,8.538590017832612e-09,7.67474061588304e-09,6.872877094921818e-09,6.158250385537503e-09,5.54118940345304e-09,5.021015918439648e-09,4.590264723894728e-09,4.2382696255147164e-09,3.95371790898924e-09,3.726176535329193e-09,3.546808622423654e-09,3.4085599883422964e-09,3.3060625078789955e-09,3.235429804668705e-09,3.194049060029374e-09,3.1804186616455396e-09
2026-07-30 10:16:47.623034,[94.39739436],1.6418073190810527e-06,1.6495830690474188e-06,1.673014671474418e-06,1.712419634788949e-06,1.7683422723318634e-06,1.841575756432035e-06,1.933185712842277e-06,2.044514638619112e-06,2.1771237607459663e-06,2.3326005199385233e-06,2.512135696361683e-06,2.7157732569981706e-06,2.941284410533863e-06,3.1827395861414976e-06,3.4290535809080944e-06,3.663023815147128e-06,3.861575183145797e-06,3.997922580717884e-06,4.04601762999739e-06,3.986902981291001e-06,3.81559077651271e-06,3.546184010176058e-06,3.2126989393286223e-06,2.863870853915113e-06,2.552183934396381e-06,2.3198909936092706e-06,2.1867766324478974e-06,2.1446869080254266e-06,2.1618181196187834e-06,2.1959556295516676e-06,2.21187850842596e-06,2.1959556295516676e-06,2.1618181196187834e-06,2.1446869080254266e-06,2.1867766324478974e-06,2.3198909936092706e-06,2.552183934396381e-06,2.863870853915113e-06,3.2126989393286223e-06,3.546184010176058e-06,3.81559077651271e-06,3.986902981291001e-06,4.04601762999739e-06,3.997922580717884e-06,3.861575183145797e-06,3.663023815147128e-06,3.4290535809080944e-06,3.1827395861414976e-06,2.941284410533863e-06,2.7157732569981706e-06,2.512135696361683e-06,2.3326005199385233e-06,2.1771237607459663e-06,2.044514638619112e-06,1.933185712842277e-06,1.841575756432035e-06,1.7683422723318634e-06,1.712419634788949e-06,1.673014671474418e-06,1.6495830690474188e-06,1.6418073190810527e-06
2026-07-30 10:16:47.650696,[94.39739436],1.6418073190810527e-06,1.6495830690474188e-06,1.673014671474418e-06,1.712419634788949e-06,1.7683422723318634e-06,1.841575756432035e-06,1.933185712842277e-06,2.044514638619112e-06,2.1771237607459663e-06,2.3326005199385233e-06,2.512135696361683e-06,2.7157732569981706e-06,2.941284410533863e-06,3.1827395861414976e-06,3.4290535809080944e-06,3.663023815147128e-06,3.861575183145797e-06,3.997922580717884e-06,4.04601762999739e-06,3.986902981291001e-06,3.81559077651271e-06,3.546184010176058e-06,3.2126989393286223e-06,2.863870853915113e-06,2.552183934396381e-06,2.3198909936092706e-06,2.1867766324478974e-06,2.1446869080254266e-06,2.1618181196187834e-06,2.1959556295516676e-06,2.21187850842596e-06,2.1959556295516676e-06,2.1618181196187834e-06,2.1446869080254266e-06,2.1867766324478974e-06,2.3198909936092706e-06,2.552183934396381e-06,2.863870853915113e-06,3.2126989393286223e-06,3.546184010176058e-06,3.81559077651271e-06,3.986902981291001e-06,4.04601762999739e-06,3.997922580717884e-06,3.861575183145797e-06,3.663023815147128e-06,3.4290535809080944e-06,3.1827395861414976e-06,2.941284410533863e-06,2.7157732569981706e-06,2.512135696361683e-06,2.3326005199385233e-06,2.1771237607459663e-06,2.044514638619112e-06,1.933185712842277e-06,1.841575756432035e-06,1.7683422723318634e-06,1.712419634788949e-06,1.673014671474418e-06,1.6495830690474188e-06,1.6418073190810527e-06
2026-07-30 10:16:47.675340,[66.77726028],3.742233617420991e-09,3.758998992877997e-09,3.809832043162099e-09,3.896364566139665e-09,4.0213847015055004e-09,4.188931541334761e-09,4.40440261499222e-09,4.674629651574825e-09,5.007840617292702e-09,5.413379119423727e-09,5.901008507696651e-09,6.47961198397935e-09,7.15514710877595e-09,7.927860195764609e-09,8.789032069032903e-09,9.717884864746819e-09,1.0679633779279277e-08,1.162585112243332e-08,1.2498128019013573e-08,1.323534134105175e-08,1.3783710385919454e-08,1.4107567914613678e-08,1.4197900457256724e-08,1.4075780809719345e-08,1.3789082730140567e-08,1.3403049610457312e-08,1.2987539087903219e-08,1.2605007669265615e-08,1.2302799719367546e-08,1.2111172319296921e-08,1.2045746105261634e-08,1.2111172319296921e-08,1.2302799719367546e-08,1.2605007669265615e-08,1.2987539087903219e-08,1.3403049610457312e-08,1.3789082730140567e-08,1.4075780809719345e-08,1.4197900457256724e-08,1.4107567914613678e-08,1.3783710385919454e-08,1.323534134105175e-08,1.2498128019013573e-08,1.162585112243332e-08,1.0679633779279277e-08,9.717884864746819e-09,8.789032069032903e-09,7.927860195764609e-09,7.15514710877595e-09,6.47961198397935e-09,5.901008507696651e-09,5.413379119423727e-09,5.007840617292702e-09,4.674629651574825e-09,4.40440261499222e-09,4.188931541334761e-09,4.0213847015055004e-09,3.896364566139665e-09,3.809832043162099e-09,3.758998992877997e-09,3.742233617420991e-09
2026-07-30 10:16:48.613627,[94.38613725],1.6820581349051012e-06,1.6901792117640693e-06,1.7146505457373571e-06,1.7557980901432016e-06,1.8141706390647161e-06,1.8905468270773905e-06,1.985936902907262e-06,2.1015591794688274e-06,2.2387504581541982e-06,2.3987444482738287e-06,2.582231830346545e-06,2.788617934820908e-06,3.0149431760056163e-06,3.2545494747388584e-06,3.495766513676517e-06,3.7211188144529336e-06,3.907727728453517e-06,4.029564556288363e-06,4.061866305907919e-06,3.987306023380359e-06,3.802550348460591e-06,3.522997889508448e-06,3.183276766089509e-06,2.8319080514777092e-06,2.5204481853906277e-06,2.289851368008561e-06,2.15867834917285e-06,2.117992830776666e-06,2.135785888669009e-06,2.1700762838290757e-06,2.185996557040826e-06,2.1700762838290757e-06,2.135785888669009e-06,2.117992830776666e-06,2.15867834917285e-06,2.289851368008561e-06,2.5204481853906277e-06,2.8319080514777092e-06,3.183276766089509e-06,3.522997889508448e-06,3.802550348460591e-06,3.987306023380359e-06,4.061866305907919e-06,4.029564556288363e-06,3.907727728453517e-06,3.7211188144529336e-06,3.495766513676517e-06,3.2545494747388584e-06,3.0149431760056163e-06,2.788617934820908e-06,2.582231830346545e-06,2.3987444482738287e-06,2.2387504581541982e-06,2.1015591794688274e-06,1.985936902907262e-06,1.8905468270773905e-06,1.8141706390647161e-06,1.7557980901432016e-06,1.7146505457373571e-06,1.6901792117640693e-06,1.6820581349051012e-06
2026-07-30 10:16:48.638920,[94.38613725],1.6820581349051012e-06,1.6901792117640693e-06,1.7146505457373571e-06,1.7557980901432016e-06,1.8141706390647161e-06,1.8905468270773905e-06,1.985936902907262e-06,2.1015591794688274e-06,2.2387504581541982e-06,2.3987444482738287e-06,2.582231830346545e-06,2.788617934820908e-06,3.0149431760056163e-06,3.2545494747388584e-06,3.495766513676517e-06,3.7211188144529336e-06,3.907727728453517e-06,4.029564556288363e-06,4.061866305907919e-06,3.987306023380359e-06,3.802550348460591e-06,3.522997889508448e-06,3.183276766089509e-06,2.8319080514777092e-06,2.5204481853906277e-06,2.289851368008561e-06,2.15867834917285e-06,2.117992830776666e-06,2.135785888669009e-06,2.1700762838290757e-06,2.185996557040826e-06,2.1700762838290757e-06,2.135785888669009e-06,2.117992830776666e-06,2.15867834917285e-06,2.289851368008561e-06,2.5204481853906277e-06,2.8319080514777092e-06,3.183276766089509e-06,3.522997889508448e-06,3.802550348460591e-06,3.987306023380359e-06,4.061866305907919e-06,4.029564556288363e-06,3.907727728453517e-06,3.7211188144529336e-06,3.495766513676517e-06,3.2545494747388584e-06,3.0149431760056163e-06,2.788617934820908e-06,2.582231830346545e-06,2.3987444482738287e-06,2.2387504581541982e-06,2.1015591794688274e-06,1.985936902907262e-06,1.8905468270773905e-06,1.8141706390647161e-06,1.7557980901432016e-06,1.7146505457373571e-06,1.6901792117640693e-06,1.6820581349051012e-06
2026-07-30 10:16:48.663208,[66.77392832],3.6005454923987455e-09,3.6173090741163253e-09,3.6681675044523073e-09,3.754844080247309e-09,3.880276584818633e-09,4.048706813839484e-09,4.265779450045062e-09,4.538604454951885e-09,4.875699733963863e-09,5.286684154787704e-09,5.781547754348526e-09,6.369310841438265e-09,7.055932193771755e-09,7.841475758372743e-09,8.716814116354984e-09,9.660508523205958e-09,1.0636862435575548e-08,1.1596329585788712e-08,1.247927197445863e-08,1.3223375689856411e-08,1.3773894023022249e-08,1.4094610019918532e-08,1.4176528220645575e-08,1.4041373124371108e-08,1.3738255750086736e-08,1.3334082471713434e-08,1.2900564940098622e-08,1.250195466346224e-08,1.2187125320611614e-08,1.198746832074043e-08,1.1919289656714104e-08,1.198746832074043e-08,1.2187125320611614e-08,1.250195466346224e-08,1.2900564940098622e-08,1.3334082471713434e-08,1.3738255750086736e-08,1.4041373124371108e-08,1.4176528220645575e-08,1.4094610019918532e-08,1.3773894023022249e-08,1.3223375689856411e-08,1.247927197445863e-08,1.1596329585788712e-08,1.0636862435575548e-08,9.660508523205958e-09,8.716814116354984e-09,7.841475758372743e-09,7.055932193771755e-09,6.369310841438265e-09,5.781547754348526e-09,5.286684154787704e-09,4.875699733963863e-09,4.538604454951885e-09,4.265779450045062e-09,4.048706813839484e-09,3.880276584818633e-09,3.754844080247309e-09,3.6681675044523073e-09,3.6173090741163253e-09,3.6005454923987455e-09
2026-07-30 10:16:48.688831,[66.77392832],3.6005454923987455e-09,3.6173090741163253e-09,3.6681675044523073e-09,3.754844080247309e-09,3.880276584818633e-09,4.048706813839484e-09,4.265779450045062e-09,4.538604454951885e-09,4.875699733963863e-09,5.286684154787704e-09,5.781547754348526e-09,6.369310841438265e-09,7.055932193771755e-09,7.841475758372743e-09,8.716814116354984e-09,9.660508523205958e-09,1.0636862435575548e-08,1.1596329585788712e-08,1.247927197445863e-08,1.3223375689856411e-08,1.3773894023022249e-08,1.4094610019918532e-08,1.4176528220645575e-08,1.4041373124371108e-08,1.3738255750086736e-08,1.3334082471713434e-08,1.2900564940098622e-08,1.250195466346224e-08,1.2187125320611614e-08,1.198746832074043e-08,1.1919289656714104e-08,1.198746832074043e-08,1.2187125320611614e-08,1.250195466346224e-08,1.2900564940098622e-08,1.3334082471713434e-08,1.3738255750086736e-08,1.4041373124371108e-08,1.4176528220645575e-08,1.4094610019918532e-08,1.3773894023022249e-08,1.3223375689856411e-08,1.247927197445863e-08,1.1596329585788712e-08,1.0636862435575548e-08,9.660508523205958e-09,8.716814116354984e-09,7.841475758372743e-09,7.055932193771755e-09,6.369310841438265e-09,5.781547754348526e-09,5.286684154787704e-09,4.875699733963863e-09,4.538604454951885e-09,4.265779450045062e-09,4.048706813839484e-09,3.880276584818633e-09,3.754844080247309e-09,3.6681675044523073e-09,3.6173090741163253e-09,3.6005454923987455e-09
2026-07-30 10:16:49.614597,[94.38076587],1.7245064574887727e-06,1.7329838221172278e-06,1.7585281686397795e-06,1.8014750447783758e-06,1.8623794834977544e-06,1.942007692630954e-06,2.04131661435745e-06,2.1614018490827276e-06,2.3033759013441126e-06,2.4681166060746537e-06,2.6558090617173795e-06,2.8652100548910816e-06,3.0926140001237378e-06,3.3306135058230857e-06,3.566927487510903e-06,3.7837793824679764e-06,3.958460537690755e-06,4.0656800874009585e-06,4.081957075037954e-06,3.991613650896898e-06,3.7930155898693595e-06,3.5029258456080307e-06,3.1566677208338264e-06,2.8026288623126474e-06,2.491494494215371e-06,2.262932002929589e-06,2.134233500148288e-06,2.0955818283353154e-06,2.114630239675892e-06,2.1494967156415736e-06,2.165567695168293e-06,2.1494967156415736e-06,2.114630239675892e-06,2.0955818283353154e-06,2.134233500148288e-06,2.262932002929589e-06,2.491494494215371e-06,2.8026288623126474e-06,3.1566677208338264e-06,3.5029258456080307e-06,3.7930155898693595e-06,3.991613650896898e-06,4.081957075037954e-06,4.0656800874009585e-06,3.958460537690755e-06,3.7837793824679764e-06,3.566927487510903e-06,3.3306135058230857e-06,3.0926140001237378e-06,2.8652100548910816e-06,2.6558090617173795e-06,2.4681166060746537e-06,2.3033759013441126e-06,2.1614018490827276e-06,2.04131661435745e-06,1.942007692630954e-06,1.8623794834977544e-06,1.8014750447783758e-06,1.7585281686397795e-06,1.7329838221172278e-06,1.7245064574887727e-06
2026-07-30 10:16:49.638695,[94.38076587],1.7245064574887727e-06,1.7329838221172278e-06,1.7585281686397795e-06,1.8014750447783758e-06,1.8623794834977544e-06,1.942007692630954e-06,2.04131661435745e-06,2.1614018490827276e-06,2.3033759013441126e-06,2.4681166060746537e-06,2.6558090617173795e-06,2.8652100548910816e-06,3.0926140001237378e-06,3.3306135058230857e-06,3.566927487510903e-06,3.7837793824679764e-06,3.958460537690755e-06,4.0656800874009585e-06,4.081957075037954e-06,3.991613650896898e-06,3.7930155898693595e-06,3.5029258456080307e-06,3.1566677208338264e-06,2.8026288623126474e-06,2.491494494215371e-06,2.262932002929589e-06,2.134233500148288e-06,2.0955818283353154e-06,2.114630239675892e-06,2.1494967156415736e-06,2.165567695168293e-06,2.1494967156415736e-06,2.114630239675892e-06,2.0955818283353154e-06,2.134233500148288e-06,2.262932002929589e-06,2.491494494215371e-06,2.8026288623126474e-06,3.1566677208338264e-06,3.5029258456080307e-06,3.7930155898693595e-06,3.991613650896898e-06,4.081957075037954e-06,4.0656800874009585e-06,3.958460537690755e-06,3.7837793824679764e-06,3.566927487510903e-06,3.3306135058230857e-06,3.0926140001237378e-06,2.8652100548910816e-06,2.6558090617173795e-06,2.4681166060746537e-06,2.3033759013441126e-06,2.1614018490827276e-06,2.04131661435745e-06,1.942007692630954e-06,1.8623794834977544e-06,1.8014750447783758e-06,1.7585281686397795e-06,1.7329838221172278e-06,1.7245064574887727e-06
2026-07-30 10:16:49.662999,[66.70748241],3.504085654101373e-09,3.5210299265202225e-09,3.5725000910783288e-09,3.6604265731831632e-09,3.788084562872326e-09,3.960166491230123e-09,4.182847580851136e-09,4.463792297161099e-09,4.812015182148468e-09,5.237469694695698e-09,5.7502057563741235e-09,6.358933246867712e-09,7.068885609605548e-09,7.87902556830441e-09,8.778886460128378e-09,9.745669284409565e-09,1.0742527749083148e-08,1.1719122051111635e-08,1.2615336609957844e-08,1.3368427205175346e-08,1.3922838447100488e-08,1.4240787237002616e-08,1.4310904319725784e-08,1.4152244112375363e-08,1.3812047607978154e-08,1.3357542459036492e-08,1.2864073903608293e-08,1.2403060285117833e-08,1.2033013779105405e-08,1.1795215098256316e-08,1.1713402087558976e-08,1.1795215098256316e-08,1.2033013779105405e-08,1.2403060285117833e-08,1.2864073903608293e-08,1.3357542459036492e-08,1.3812047607978154e-08,1.4152244112375363e-08,1.4310904319725784e-08,1.4240787237002616e-08,1.3922838447100488e-08,1.3368427205175346e-08,1.2615336609957844e-08,1.1719122051111635e-08,1.0742527749083148e-08,9.745669284409565e-09,8.778886460128378e-09,7.87902556830441e-09,7.068885609605548e-09,6.358933246867712e-09,5.7502057563741235e-09,5.237469694695698e-09,4.812015182148468e-09,4.463792297161099e-09,4.182847580851136e-09,3.960166491230123e-09,3.788084562872326e-09,3.6604265731831632e-09,3.5725000910783288e-09,3.5210299265202225e-09,3.504085654101373e-09
2026-07-30 10:16:49.688561,[66.70748241],3.504085654101373e-09,3.5210299265202225e-09,3.5725000910783288e-09,3.6604265731831632e-09,3.788084562872326e-09,3.960166491230123e-09,4.182847580851136e-09,4.463792297161099e-09,4.812015182148468e-09,5.237469694695698e-09,5.7502057563741235e-09,6.358933246867712e-09,7.068885609605548e-09,7.87902556830441e-09,8.778886460128378e-09,9.745669284409565e-09,1.0742527749083148e-08,1.1719122051111635e-08,1.2615336609957844e-08,1.3368427205175346e-08,1.3922838447100488e-08,1.4240787237002616e-08,1.4310904319725784e-08,1.4152244112375363e-08,1.3812047607978154e-08,1.3357542459036492e-08,1.2864073903608293e-08,1.2403060285117833e-08,1.2033013779105405e-08,1.1795215098256316e-08,1.1713402087558976e-08,1.1795215098256316e-08,1.2033013779105405e-08,1.2403060285117833e-08,1.2864073903608293e-08,1.3357542459036492e-08,1.3812047607978154e-08,1.4152244112375363e-08,1.4310904319725784e-08,1.4240787237002616e-08,1.3922838447100488e-08,1.3368427205175346e-08,1.2615336609957844e-08,1.1719122051111635e-08,1.0742527749083148e-08,9.745669284409565e-09,8.778886460128378e-09,7.87902556830441e-09,7.068885609605548e-09,6.358933246867712e-09,5.7502057563741235e-09,5.237469694695698e-09,4.812015182148468e-09,4.463792297161099e-09,4.182847580851136e-09,3.960166491230123e-09,3.788084562872326e-09,3.6604265731831632e-09,3.5725000910783288e-09,3.5210299265202225e-09,3.504085654101373e-09
2026-07-30 10:16:50.674109,[66.52798503],3.48735117399484e-09,3.5033857236951823e-09,3.552023363918362e-09,3.6348818514243326e-09,3.754707484084834e-09,3.915439144328945e-09,4.122268922923518e-09,4.381654891027984e-09,4.70121038817899e-09,5.089357561387389e-09,5.554602442344489e-09,6.104285676104352e-09,6.742715925387283e-09,7.468730045801608e-09,8.272955939332327e-09,9.135351362594643e-09,1.002386798551029e-08,1.0895202697124483e-08,1.1698389982981656e-08,1.2381366353354244e-08,1.2899665523951144e-08,1.3225362994975454e-08,1.3353734575666393e-08,1.3305274551419892e-08,1.3121919802072181e-08,1.2858255894891962e-08,1.2570380813670331e-08,1.230604504697813e-08,1.2099076295036363e-08,1.1969084187892147e-08,1.1924965901890311e-08,1.1969084187892147e-08,1.2099076295036363e-08,1.230604504697813e-08,1.2570380813670331e-08,1.2858255894891962e-08,1.3121919802072181e-08,1.3305274551419892e-08,1.3353734575666393e-08,1.3225362994975454e-08,1.2899665523951144e-08,1.2381366353354244e-08,1.1698389982981656e-08,1.0895202697124483e-08,1.002386798551029e-08,9.135351362594643e-09,8.272955939332327e-09,7.468730045801608e-09,6.742715925387283e-09,6.104285676104352e-09,5.554602442344489e-09,5.089357561387389e-09,4.70121038817899e-09,4.381654891027984e-09,4.122268922923518e-09,3.915439144328945e-09,3.754707484084834e-09,3.6348818514243326e-09,3.552023363918362e-09,3.5033857236951823e-09,3.48735117399484e-09
2026-07-30 10:16:51.614441,[92.72030428],1.4288269264805913e-06,1.4371594002059085e-06,1.4622321683806818e-06,1.5042460972225746e-06,1.5634505786130528e-06,1.6400108825258061e-06,1.7338154417436045e-06,1.8442212486199045e-06,1.9697428295335463e-06,2.107703630170788e-06,2.253888749922038e-06,2.402263750099469e-06,2.5448517124717776e-06,2.671881741771827e-06,2.7723242638669485e-06,2.83489673337961e-06,2.84954474541604e-06,2.8092748896843342e-06,2.7120528864687606e-06,2.5623250501972757e-06,2.3716376392930824e-06,2.157888610894284e-06,1.9429967612411552e-06,1.749199914108781e-06,1.5946966638681796e-06,1.4897488865131482e-06,1.43446738879685e-06,1.419181474504051e-06,1.4275695282298904e-06,1.4418120114681712e-06,1.4482590005600604e-06,1.4418120114681712e-06,1.4275695282298904e-06,1.419181474504051e-06,1.43446738879685e-06,1.4897488865131482e-06,1.5946966638681796e-06,1.749199914108781e-06,1.9429967612411552e-06,2.157888610894284e-06,2.3716376392930824e-06,2.5623250501972757e-06,2.7120528864687606e-06,2.8092748896843342e-06,2.84954474541604e-06,2.83489673337961e-06,2.7723242638669485e-06,2.671881741771827e-06,2.5448517124717776e-06,2.402263750099469e-06,2.253888749922038e-06,2.107703630170788e-06,1.9697428295335463e-06,1.8442212486199045e-06,1.7338154417436045e-06,1.6400108825258061e-06,1.5634505786130528e-06,1.5042460972225746e-06,1.4622321683806818e-06,1.4371594002059085e-06,1.4288269264805913e-06
2026-07-30 10:16:51.638087,[92.72030428],1.4288269264805913e-06,1.4371594002059085e-06,1.4622321683806818e-06,1.5042460972225746e-06,1.5634505786130528e-06,1.6400108825258061e-06,1.7338154417436045e-06,1.8442212486199045e-06,1.9697428295335463e-06,2.107703630170788e-06,2.253888749922038e-06,2.402263750099469e-06,2.5448517124717776e-06,2.671881741771827e-06,2.7723242638669485e-06,2.83489673337961e-06,2.84954474541604e-06,2.8092748896843342e-06,2.7120528864687606e-06,2.5623250501972757e-06,2.3716376392930824e-06,2.157888610894284e-06,1.9429967612411552e-06,1.749199914108781e-06,1.5946966638681796e-06,1.4897488865131482e-06,1.43446738879685e-06,1.419181474504051e-06,1.4275695282298904e-06,1.4418120114681712e-06,1.4482590005600604e-06,1.4418120114681712e-06,1.4275695282298904e-06,1.419181474504051e-06,1.43446738879685e-06,1.4897488865131482e-06,1.5946966638681796e-06,1.749199914108781e-06,1.9429967612411552e-06,2.157888610894284e-06,2.3716376392930824e-06,2.5623250501972757e-06,2.7120528864687606e-06,2.8092748896843342e-06,2.84954474541604e-06,2.83489673337961e-06,2.7723242638669485e-06,2.671881741771827e-06,2.5448517124717776e-06,2.402263750099469e-06,2.253888749922038e-06,2.107703630170788e-06,1.9697428295335463e-06,1.8442212486199045e-06,1.7338154417436045e-06,1.6400108825258061e-06,1.5634505786130528e-06,1.5042460972225746e-06,1.4622321683806818e-06,1.4371594002059085e-06,1.4288269264805913e-06
2026-07-30 10:16:51.663812,[86.92175781],2.080315452650889e-07,2.0863250050298727e-07,2.104367034458761e-07,2.1345491360375934e-07,2.1772844102272053e-07,2.233665633003614e-07,2.3060090277141183e-07,2.3985248398950275e-07,2.517975724369824e-07,2.674045767660377e-07,2.878994504963369e-07,3.1460812176774097e-07,3.486321107621067e-07,3.903491223576578e-07,4.3880007752523115e-07,4.911195235316464e-07,5.422574258642114e-07,5.85275138685697e-07,6.124186952247356e-07,6.169458596051237e-07,5.953411740201642e-07,5.492133546391138e-07,4.860143528806138e-07,4.179184258154348e-07,3.587966793396568e-07,3.2005188258911497e-07,3.067794306585032e-07,3.1588653732227067e-07,3.372111849695563e-07,3.5748171789565584e-07,3.656614966429061e-07,3.5748171789565584e-07,3.372111849695563e-07,3.1588653732227067e-07,3.067794306585032e-07,3.2005188258911497e-07,3.587966793396568e-07,4.179184258154348e-07,4.860143528806138e-07,5.492133546391138e-07,5.953411740201642e-07,6.169458596051237e-07,6.124186952247356e-07,5.85275138685697e-07,5.422574258642114e-07,4.911195235316464e-07,4.3880007752523115e-07,3.903491223576578e-07,3.486321107621067e-07,3.1460812176774097e-07,2.878994504963369e-07,2.674045767660377e-07,2.517975724369824e-07,2.3985248398950275e-07,2.3060090277141183e-07,2.233665633003614e-07,2.1772844102272053e-07,2.1345491360375934e-07,2.104367034458761e-07,2.0863250050298727e-07,2.080315452650889e-07
2026-07-30 10:16:51.689203,[86.92175781],2.080315452650889e-07,2.0863250050298727e-07,2.104367034458761e-07,2.1345491360375934e-07,2.1772844102272053e-07,2.233665633003614e-07,2.3060090277141183e-07,2.3985248398950275e-07,2.517975724369824e-07,2.674045767660377e-07,2.878994504963369e-07,3.1460812176774097e-07,3.486321107621067e-07,3.903491223576578e-07,4.3880007752523115e-07,4.911195235316464e-07,5.422574258642114e-07,5.85275138685697e-07,6.124186952247356e-07,6.169458596051237e-07,5.953411740201642e-07,5.492133546391138e-07,4.860143528806138e-07,4.179184258154348e-07,3.587966793396568e-07,3.2005188258911497e-07,3.067794306585032e-07,3.1588653732227067e-07,3.372111849695563e-07,3.5748171789565584e-07,3.656614966429061e-07,3.5748171789565584e-07,3.372111849695563e-07,3.1588653732227067e-07,3.067794306585032e-07,3.2005188258911497e-07,3.587966793396568e-07,4.179184258154348e-07,4.860143528806138e-07,5.492133546391138e-07,5.953411740201642e-07,6.169458596051237e-07,6.124186952247356e-07,5.85275138685697e-07,5.422574258642114e-07,4.911195235316464e-07,4.3880007752523115e-07,3.903491223576578e-07,3.486321107621067e-07,3.1460812176774097e-07,2.878994504963369e-07,2.674045767660377e-07,2.517975724369824e-07,2.3985248398950275e-07,2.3060090277141183e-07,2.233665633003614e-07,2.1772844102272053e-07,2.1345491360375934e-07,2.104367034458761e-07,2.0863250050298727e-07,2.080315452650889e-07
2026-07-30 10:16:52.656766,[94.30757225],1.8588933280015416e-06,1.868420670786986e-06,1.8971222046742836e-06,1.9453471402766246e-06,2.013645695941331e-06,2.102717744100477e-06,2.2133303729006087e-06,2.3461868452567676e-06,2.501716604389589e-06,2.6797425567072273e-06,2.8789757568979706e-06,3.0963022708554638e-06,3.325879277840127e-06,3.558160531736491e-06,3.7791216034671434e-06,3.970117151947484e-06,4.10889863978982e-06,4.1722432116578666e-06,4.14029526417487e-06,4.002085203769994e-06,3.7609027896485203e-06,3.4375809595464036e-06,3.069704820464592e-06,2.70561798583097e-06,2.393830438367085e-06,2.1705176161621786e-06,2.0493141887344176e-06,2.0176080659267797e-06,2.0416209317093874e-06,2.0792341293758988e-06,2.096153661874194e-06,2.0792341293758988e-06,2.0416209317093874e-06,2.0176080659267797e-06,2.0493141887344176e-06,2.1705176161621786e-06,2.393830438367085e-06,2.70561798583097e-06,3.069704820464592e-06,3.4375809595464036e-06,3.7609027896485203e-06,4.002085203769994e-06,4.14029526417487e-06,4.1722432116578666e-06,4.10889863978982e-06,3.970117151947484e-06,3.7791216034671434e-06,3.558160531736491e-06,3.325879277840127e-06,3.0963022708554638e-06,2.8789757568979706e-06,2.6797425567072273e-06,2.501716604389589e-06,2.3461868452567676e-06,2.2133303729006087e-06,2.102717744100477e-06,2.013645695941331e-06,1.9453471402766246e-06,1.8971222046742836e-06,1.868420670786986e-06,1.8588933280015416e-06
2026-07-30 10:16:52.681197,[94.30757225],1.8588933280015416e-06,1.868420670786986e-06,1.8971222046742836e-06,1.9453471402766246e-06,2.013645695941331e-06,2.102717744100477e-06,2.2133303729006087e-06,2.3461868452567676e-06,2.501716604389589e-06,2.6797425567072273e-06,2.8789757568979706e-06,3.0963022708554638e-06,3.325879277840127e-06,3.558160531736491e-06,3.7791216034671434e-06,3.970117151947484e-06,4.10889863978982e-06,4.1722432116578666e-06,4.14029526417487e-06,4.002085203769994e-06,3.7609027896485203e-06,3.4375809595464036e-06,3.069704820464592e-06,2.70561798583097e-06,2.393830438367085e-06,2.1705176161621786e-06,2.0493141887344176e-06,2.0176080659267797e-06,2.0416209317093874e-06,2.0792341293758988e-06,2.096153661874194e-06,2.0792341293758988e-06,2.0416209317093874e-06,2.0176080659267797e-06,2.0493141887344176e-06,2.1705176161621786e-06,2.393830438367085e-06,2.70561798583097e-06,3.069704820464592e-06,3.4375809595464036e-06,3.7609027896485203e-06,4.002085203769994e-06,4.14029526417487e-06,4.1722432116578666e-06,4.10889863978982e-06,3.970117151947484e-06,3.7791216034671434e-06,3.558160531736491e-06,3.325879277840127e-06,3.0963022708554638e-06,2.8789757568979706e-06,2.6797425567072273e-06,2.501716604389589e-06,2.3461868452567676e-06,2.2133303729006087e-06,2.102717744100477e-06,2.013645695941331e-06,1.9453471402766246e-06,1.8971222046742836e-06,1.868420670786986e-06,1.8588933280015416e-06
2026-07-30 10:16:53.655141,[94.27077096],1.907762317735967e-06,1.9176706342458554e-06,1.947516600127343e-06,1.9976509860699965e-06,2.0686165246459717e-06,2.161080963856989e-06,2.2757324468602215e-06,2.413120684651395e-06,2.5734166504296357e-06,2.7560532006139712e-06,2.9592065184318793e-06,3.1790958333491557e-06,3.4091314457498e-06,3.6390395313795467e-06,3.854231290922989e-06,4.035828390944705e-06,4.161833012471548e-06,4.209838800063243e-06,4.161331005928065e-06,4.0070116492100414e-06,3.7518460234612357e-06,3.4179631115980136e-06,3.0435446304817187e-06,2.6766971072455836e-06,2.3649801951631746e-06,2.14325327880179e-06,2.0239156866200084e-06,1.993565326042546e-06,2.018212255136047e-06,2.0559650343045967e-06,2.072878174159613e-06,2.0559650343045967e-06,2.018212255136047e-06,1.993565326042546e-06,2.0239156866200084e-06,2.14325327880179e-06,2.3649801951631746e-06,2.6766971072455836e-06,3.0435446304817187e-06,3.4179631115980136e-06,3.7518460234612357e-06,4.0070116492100414e-06,4.161331005928065e-06,4.209838800063243e-06,4.161833012471548e-06,4.035828390944705e-06,3.854231290922989e-06,3.6390395313795467e-06,3.4091314457498e-06,3.1790958333491557e-06,2.9592065184318793e-06,2.7560532006139712e-06,2.5734166504296357e-06,2.413120684651395e-06,2.2757324468602215e-06,2.161080963856989e-06,2.0686165246459717e-06,1.9976509860699965e-06,1.947516600127343e-06,1.9176706342458554e-06,1.907762317735967e-06
2026-07-30 10:16:53.680207,[94.27077096],1.907762317735967e-06,1.9176706342458554e-06,1.947516600127343e-06,1.9976509860699965e-06,2.0686165246459717e-06,2.161080963856989e-06,2.2757324468602215e-06,2.413120684651395e-06,2.5734166504296357e-06,2.7560532006139712e-06,2.9592065184318793e-06,3.1790958333491557e-06,3.4091314457498e-06,3.6390395313795467e-06,3.854231290922989e-06,4.035828390944705e-06,4.161833012471548e-06,4.209838800063243e-06,4.161331005928065e-06,4.0070116492100414e-06,3.7518460234612357e-06,3.4179631115980136e-06,3.0435446304817187e-06,2.6766971072455836e-06,2.3649801951631746e-06,2.14325327880179e-06,2.0239156866200084e-06,1.993565326042546e-06,2.018212255136047e-06,2.0559650343045967e-06,2.072878174159613e-06,2.0559650343045967e-06,2.018212255136047e-06,1.993565326042546e-06,2.0239156866200084e-06,2.14325327880179e-06,2.3649801951631746e-06,2.6766971072455836e-06,3.0435446304817187e-06,3.4179631115980136e-06,3.7518460234612357e-06,4.0070116492100414e-06,4.161331005928065e-06,4.209838800063243e-06,4.161833012471548e-06,4.035828390944705e-06,3.854231290922989e-06,3.6390395313795467e-06,3.4091314457498e-06,3.1790958333491557e-06,2.9592065184318793e-06,2.7560532006139712e-06,2.5734166504296357e-06,2.413120684651395e-06,2.2757324468602215e-06,2.161080963856989e-06,2.0686165246459717e-06,1.9976509860699965e-06,1.947516600127343e-06,1.9176706342458554e-06,1.907762317735967e-06
2026-07-30 10:16:53.703256,[65.54306237],2.582946245006789e-09,2.5957853527126726e-09,2.6344832663354266e-09,2.6995529732845055e-09,2.7917532072271827e-09,2.911943260602855e-09,3.0608788569566335e-09,3.2389499653507995e-09,3.445864285439208e-09,3.6802856864183687e-09,3.939447445232041e-09,4.218779315943032e-09,4.511619125968811e-09,4.80912453227713e-09,5.100550784672884e-09,5.374092630734119e-09,5.618462121308422e-09,5.825239580128551e-09,5.991759690965741e-09,6.123901978032628e-09,6.2377604534469666e-09,6.358980146344505e-09,6.5188088180252604e-09,6.746761350889565e-09,7.061123639246438e-09,7.45989912059535e-09,7.91556155842464e-09,8.376517155089298e-09,8.77632186594985e-09,9.048942594169863e-09,9.145774801740696e-09,9.048942594169863e-09,8.77632186594985e-09,8.376517155089298e-09,7.91556155842464e-09,7.45989912059535e-09,7.061123639246438e-09,6.746761350889565e-09,6.5188088180252604e-09,6.358980146344505e-09,6.2377604534469666e-09,6.123901978032628e-09,5.991759690965741e-09,5.825239580128551e-09,5.618462121308422e-09,5.374092630734119e-09,5.100550784672884e-09,4.80912453227713e-09,4.511619125968811e-09,4.218779315943032e-09,3.939447445232041e-09,3.6802856864183687e-09,3.445864285439208e-09,3.2389499653507995e-09,3.0608788569566335e-09,2.911943260602855e-09,2.7917532072271827e-09,2.6995529732845055e-09,2.6344832663354266e-09,2.5957853527126726e-09,2.582946245006789e-09
2026-07-30 10:16:53.727817,[65.54306237],2.582946245006789e-09,2.5957853527126726e-09,2.6344832663354266e-09,2.6995529732845055e-09,2.7917532072271827e-09,2.911943260602855e-09,3.0608788569566335e-09,3.2389499653507995e-09,3.445864285439208e-09,3.6802856864183687e-09,3.939447445232041e-09,4.218779315943032e-09,4.511619125968811e-09,4.80912453227713e-09,5.100550784672884e-09,5.374092630734119e-09,5.618462121308422e-09,5.825239580128551e-09,5.991759690965741e-09,6.123901978032628e-09,6.2377604534469666e-09,6.358980146344505e-09,6.5188088180252604e-09,6.746761350889565e-09,7.061123639246438e-09,7.45989912059535e-09,7.91556155842464e-09,8.376517155089298e-09,8.77632186594985e-09,9.048942594169863e-09,9.145774801740696e-09,9.048942594169863e-09,8.77632186594985e-09,8.376517155089298e-09,7.91556155842464e-09,7.45989912059535e-09,7.061123639246438e-09,6.746761350889565e-09,6.5188088180252604e-09,6.358980146344505e-09,6.2377604534469666e-09,6.123901978032628e-09,5.991759690965741e-09,5.825239580128551e-09,5.618462121308422e-09,5.374092630734119e-09,5.100550784672884e-09,4.80912453227713e-09,4.511619125968811e-09,4.218779315943032e-09,3.939447445232041e-09,3.6802856864183687e-09,3.445864285439208e-09,3.2389499653507995e-09,3.0608788569566335e-09,2.911943260602855e-09,2.7917532072271827e-09,2.6995529732845055e-09,2.6344832663354266e-09,2.5957853527126726e-09,2.582946245006789e-09
2026-07-30 10:16:54.659634,[94.22839797],1.95000131830798e-06,1.9602183280250865e-06,1.9909914361882555e-06,2.0426721201177846e-06,2.115795857116297e-06,2.211002101569707e-06,2.3289110095069868e-06,2.4699412040033558e-06,2.6340439675536233e-06,2.820321630007373e-06,3.0264985454846526e-06,3.2482331010811765e-06,3.4783119071676256e-06,3.7058615084024034e-06,3.915841942827743e-06,4.08921533958944e-06,4.204241803367771e-06,4.239250852477416e-06,4.1768910963956945e-06,4.009271960472305e-06,3.7427156898278606e-06,3.4003258398274484e-06,3.0206174181406467e-06,2.6513109809524885e-06,2.339017995517118e-06,2.117441316896384e-06,1.998035488741745e-06,1.966977320395355e-06,1.9904460619662703e-06,2.027104280014669e-06,2.0435740097522286e-06,2.027104280014669e-06,1.9904460619662703e-06,1.966977320395355e-06,1.998035488741745e-06,2.117441316896384e-06,2.339017995517118e-06,2.6513109809524885e-06,3.0206174181406467e-06,3.4003258398274484e-06,3.7427156898278606e-06,4.009271960472305e-06,4.1768910963956945e-06,4.239250852477416e-06,4.204241803367771e-06,4.08921533958944e-06,3.915841942827743e-06,3.7058615084024034e-06,3.4783119071676256e-06,3.2482331010811765e-06,3.0264985454846526e-06,2.820321630007373e-06,2.6340439675536233e-06,2.4699412040033558e-06,2.3289110095069868e-06,2.211002101569707e-06,2.115795857116297e-06,2.0426721201177846e-06,1.9909914361882555e-06,1.9602183280250865e-06,1.95000131830798e-06
2026-07-30 10:16:54.684525,[94.22839797],1.95000131830798e-06,1.9602183280250865e-06,1.9909914361882555e-06,2.0426721201177846e-06,2.115795857116297e-06,2.211002101569707e-06,2.3289110095069868e-06,2.4699412040033558e-06,2.6340439675536233e-06,2.820321630007373e-06,3.0264985454846526e-06,3.2482331010811765e-06,3.4783119071676256e-06,3.7058615084024034e-06,3.915841942827743e-06,4.08921533958944e-06,4.204241803367771e-06,4.239250852477416e-06,4.1768910963956945e-06,4.009271960472305e-06,3.7427156898278606e-06,3.4003258398274484e-06,3.0206174181406467e-06,2.6513109809524885e-06,2.339017995517118e-06,2.117441316896384e-06,1.998035488741745e-06,1.966977320395355e-06,1.9904460619662703e-06,2.027104280014669e-06,2.0435740097522286e-06,2.027104280014669e-06,1.9904460619662703e-06,1.966977320395355e-06,1.998035488741745e-06,2.117441316896384e-06,2.339017995517118e-06,2.6513109809524885e-06,3.0206174181406467e-06,3.4003258398274484e-06,3.7427156898278606e-06,4.009271960472305e-06,4.1768910963956945e-06,4.239250852477416e-06,4.204241803367771e-06,4.08921533958944e-06,3.915841942827743e-06,3.7058615084024034e-06,3.4783119071676256e-06,3.2482331010811765e-06,3.0264985454846526e-06,2.820321630007373e-06,2.6340439675536233e-06,2.4699412040033558e-06,2.3289110095069868e-06,2.211002101569707e-06,2.115795857116297e-06,2.0426721201177846e-06,1.9909914361882555e-06,1.9602183280250865e-06,1.95000131830798e-06
2026-07-30 10:16:54.708584,[67.28184593],2.9706438897704766e-09,2.9858070480091094e-09,3.031718900565158e-09,3.1096643830512222e-09,3.2218462348252464e-09,3.371480058629586e-09,3.5629224978488406e-09,3.8018008860682305e-09,4.095067775608584e-09,4.450841228702449e-09,4.877826840295796e-09,5.384083598836588e-09,5.97494417410467e-09,6.650087041128144e-09,7.4001130419915795e-09,8.203462216218405e-09,9.024967811150844e-09,9.817522705784324e-09,1.052793248304254e-08,1.1106876186281691e-08,1.1521137994790496e-08,1.176449727894053e-08,1.1862796060370453e-08,1.186961771476696e-08,1.1851967187305446e-08,1.186954051247427e-08,1.1954808966038092e-08,1.2102154650854675e-08,1.2271514643200712e-08,1.2406100023462878e-08,1.2457297954370718e-08,1.2406100023462878e-08,1.2271514643200712e-08,1.2102154650854675e-08,1.1954808966038092e-08,1.186954051247427e-08,1.1851967187305446e-08,1.186961771476696e-08,1.1862796060370453e-08,1.176449727894053e-08,1.1521137994790496e-08,1.1106876186281691e-08,1.052793248304254e-08,9.817522705784324e-09,9.024967811150844e-09,8.203462216218405e-09,7.4001130419915795e-09,6.650087041128144e-09,5.97494417410467e-09,5.384083598836588e-09,4.877826840295796e-09,4.450841228702449e-09,4.095067775608584e-09,3.8018008860682305e-09,3.5629224978488406e-09,3.371480058629586e-09,3.2218462348252464e-09,3.1096643830512222e-09,3.031718900565158e-09,2.9858070480091094e-09,2.9706438897704766e-09
2026-07-30 10:16:55.651819,[94.19286637],1.9951902315583444e-06,2.0057372791139005e-06,2.037500755878879e-06,2.0908301957133274e-06,2.16624865520397e-06,2.264358531418345e-06,2.385698221827836e-06,2.5305349113135918e-06,2.6985718141445397e-06,2.888543437195857e-06,3.0976763422535474e-06,3.3210155306823755e-06,3.5506693898366237e-06,3.7751158367644256e-06,3.978830653054215e-06,4.142611518692658e-06,4.245011959424221e-06,4.265182480896698e-06,4.187072408679569e-06,4.004380917480251e-06,3.724995461633232e-06,3.373198091539466e-06,2.9879991607992395e-06,2.6168156412315004e-06,2.3052843515498636e-06,2.085804332859966e-06,1.9686282124590113e-06,1.9391794411295324e-06,1.963452503858785e-06,2.000350357284495e-06,2.016846993867376e-06,2.000350357284495e-06,1.963452503858785e-06,1.9391794411295324e-06,1.9686282124590113e-06,2.085804332859966e-06,2.3052843515498636e-06,2.6168156412315004e-06,2.9879991607992395e-06,3.373198091539466e-06,3.724995461633232e-06,4.004380917480251e-06,4.187072408679569e-06,4.265182480896698e-06,4.245011959424221e-06,4.142611518692658e-06,3.978830653054215e-06,3.7751158367644256e-06,3.5506693898366237e-06,3.3210155306823755e-06,3.0976763422535474e-06,2.888543437195857e-06,2.6985718141445397e-06,2.5305349113135918e-06,2.385698221827836e-06,2.264358531418345e-06,2.16624865520397e-06,2.0908301957133274e-06,2.037500755878879e-06,2.0057372791139005e-06,1.9951902315583444e-06
2026-07-30 10:16:55.677411,[94.19286637],1.9951902315583444e-06,2.0057372791139005e-06,2.037500755878879e-06,2.0908301957133274e-06,2.16624865520397e-06,2.264358531418345e-06,2.385698221827836e-06,2.5305349113135918e-06,2.6985718141445397e-06,2.888543437195857e-06,3.0976763422535474e-06,3.3210155306823755e-06,3.5506693898366237e-06,3.7751158367644256e-06,3.978830653054215e-06,4.142611518692658e-06,4.245011959424221e-06,4.265182480896698e-06,4.187072408679569e-06,4.004380917480251e-06,3.724995461633232e-06,3.373198091539466e-06,2.9879991607992395e-06,2.6168156412315004e-06,2.3052843515498636e-06,2.085804332859966e-06,1.9686282124590113e-06,1.9391794411295324e-06,1.963452503858785e-06,2.000350357284495e-06,2.016846993867376e-06,2.000350357284495e-06,1.963452503858785e-06,1.9391794411295324e-06,1.9686282124590113e-06,2.085804332859966e-06,2.3052843515498636e-06,2.6168156412315004e-06,2.9879991607992395e-06,3.373198091539466e-06,3.724995461633232e-06,4.004380917480251e-06,4.187072408679569e-06,4.265182480896698e-06,4.245011959424221e-06,4.142611518692658e-06,3.978830653054215e-06,3.7751158367644256e-06,3.5506693898366237e-06,3.3210155306823755e-06,3.0976763422535474e-06,2.888543437195857e-06,2.6985718141445397e-06,2.5305349113135918e-06,2.385698221827836e-06,2.264358531418345e-06,2.16624865520397e-06,2.0908301957133274e-06,2.037500755878879e-06,2.0057372791139005e-06,1.9951902315583444e-06
2026-07-30 10:16:56.674683,[94.14492429],2.0355070580628323e-06,2.0463370671010647e-06,2.078950372038716e-06,2.1336970458720024e-06,2.2110932455040556e-06,2.3117149105666366e-06,2.4360370925825473e-06,2.5842049490346867e-06,2.7557172092328165e-06,2.949000721402845e-06,3.1608615745578684e-06,3.3858232921755853e-06,3.615415507510369e-06,3.8375621234982775e-06,4.036326628597335e-06,4.19236992367013e-06,4.2845002801829875e-06,4.292566981935823e-06,4.201608323720482e-06,4.006622940404091e-06,3.716725894112163e-06,3.3570429490649446e-06,2.9668098904299956e-06,2.5929969135553996e-06,2.2802965814266198e-06,2.060026312273235e-06,1.94163198708959e-06,1.910295893632797e-06,1.9323728501130475e-06,1.9674881704600544e-06,1.983298457035124e-06,1.9674881704600544e-06,1.9323728501130475e-06,1.910295893632797e-06,1.94163198708959e-06,2.060026312273235e-06,2.2802965814266198e-06,2.5929969135553996e-06,2.9668098904299956e-06,3.3570429490649446e-06,3.716725894112163e-06,4.006622940404091e-06,4.201608323720482e-06,4.292566981935823e-06,4.2845002801829875e-06,4.19236992367013e-06,4.036326628597335e-06,3.8375621234982775e-06,3.615415507510369e-06,3.3858232921755853e-06,3.1608615745578684e-06,2.949000721402845e-06,2.7557172092328165e-06,2.5842049490346867e-06,2.4360370925825473e-06,2.3117149105666366e-06,2.2110932455040556e-06,2.1336970458720024e-06,2.078950372038716e-06,2.0463370671010647e-06,2.0355070580628323e-06
2026-07-30 10:16:57.654237,[94.10979736],2.0768272465904613e-06,2.0879406531318254e-06,2.1214045033169424e-06,2.1775676628340233e-06,2.2569365834523035e-06,2.360057095105594e-06,2.4873367914890256e-06,2.6387948389030097e-06,2.8137224882384513e-06,3.01023784435927e-06,3.224728185088131e-06,3.4512003798964267e-06,3.680612949929085e-06,3.900344951532358e-06,4.094056215228297e-06,4.242276876103666e-06,4.324072491960554e-06,4.319992028282462e-06,4.21616741589335e-06,4.008913506420287e-06,3.708610235270594e-06,3.3412885488773407e-06,2.9464890392013196e-06,2.5708130971187985e-06,2.2580553029657907e-06,2.0384331174078345e-06,1.920480255151045e-06,1.8889461748213603e-06,1.910298680876069e-06,1.944637937569888e-06,1.9601199020159103e-06,1.944637937569888e-06,1.910298680876069e-06,1.8889461748213603e-06,1.920480255151045e-06,2.0384331174078345e-06,2.2580553029657907e-06,2.5708130971187985e-06,2.9464890392013196e-06,3.3412885488773407e-06,3.708610235270594e-06,4.008913506420287e-06,4.21616741589335e-06,4.319992028282462e-06,4.324072491960554e-06,4.242276876103666e-06,4.094056215228297e-06,3.900344951532358e-06,3.680612949929085e-06,3.4512003798964267e-06,3.224728185088131e-06,3.01023784435927e-06,2.8137224882384513e-06,2.6387948389030097e-06,2.4873367914890256e-06,2.360057095105594e-06,2.2569365834523035e-06,2.1775676628340233e-06,2.1214045033169424e-06,2.0879406531318254e-06,2.0768272465904613e-06
2026-07-30 10:16:57.678654,[94.10979736],2.0768272465904613e-06,2.0879406531318254e-06,2.1214045033169424e-06,2.1775676628340233e-06,2.2569365834523035e-06,2.360057095105594e-06,2.4873367914890256e-06,2.6387948389030097e-06,2.8137224882384513e-06,3.01023784435927e-06,3.224728185088131e-06,3.4512003798964267e-06,3.680612949929085e-06,3.900344951532358e-06,4.094056215228297e-06,4.242276876103666e-06,4.324072491960554e-06,4.319992028282462e-06,4.21616741589335e-06,4.008913506420287e-06,3.708610235270594e-06,3.3412885488773407e-06,2.9464890392013196e-06,2.5708130971187985e-06,2.2580553029657907e-06,2.0384331174078345e-06,1.920480255151045e-06,1.8889461748213603e-06,1.910298680876069e-06,1.944637937569888e-06,1.9601199020159103e-06,1.944637937569888e-06,1.910298680876069e-06,1.8889461748213603e-06,1.920480255151045e-06,2.0384331174078345e-06,2.2580553029657907e-06,2.5708130971187985e-06,2.9464890392013196e-06,3.3412885488773407e-06,3.708610235270594e-06,4.008913506420287e-06,4.21616741589335e-06,4.319992028282462e-06,4.324072491960554e-06,4.242276876103666e-06,4.094056215228297e-06,3.900344951532358e-06,3.680612949929085e-06,3.4512003798964267e-06,3.224728185088131e-06,3.01023784435927e-06,2.8137224882384513e-06,2.6387948389030097e-06,2.4873367914890256e-06,2.360057095105594e-06,2.2569365834523035e-06,2.1775676628340233e-06,2.1214045033169424e-06,2.0879406531318254e-06,2.0768272465904613e-06
2026-07-30 10:16:58.666743,[94.07017443],2.119826911307424e-06,2.131238802655723e-06,2.165597089633229e-06,2.223245235933485e-06,2.304672755179039e-06,2.410384861977147e-06,2.5407078398465775e-06,2.695517988345543e-06,2.8738801626486447e-06,3.07358462382398e-06,3.290583372148543e-06,3.5183563941492655e-06,3.747290968189106e-06,3.964234472625117e-06,4.152470884297251e-06,4.292440272447918e-06,4.3635134886550305e-06,4.346985235405929e-06,4.230113749000774e-06,4.010538586148918e-06,3.6998822761045302e-06,3.325028757267843e-06,2.9257511893732606e-06,2.5482075589474014e-06,2.2352388563314645e-06,2.0159447544348345e-06,1.8979765753977194e-06,1.8657249580084986e-06,1.8858720880125784e-06,1.9190955997326934e-06,1.934126702865673e-06,1.9190955997326934e-06,1.8858720880125784e-06,1.8657249580084986e-06,1.8979765753977194e-06,2.0159447544348345e-06,2.2352388563314645e-06,2.5482075589474014e-06,2.9257511893732606e-06,3.325028757267843e-06,3.6998822761045302e-06,4.010538586148918e-06,4.230113749000774e-06,4.346985235405929e-06,4.3635134886550305e-06,4.292440272447918e-06,4.152470884297251e-06,3.964234472625117e-06,3.747290968189106e-06,3.5183563941492655e-06,3.290583372148543e-06,3.07358462382398e-06,2.8738801626486447e-06,2.695517988345543e-06,2.5407078398465775e-06,2.410384861977147e-06,2.304672755179039e-06,2.223245235933485e-06,2.165597089633229e-06,2.131238802655723e-06,2.119826911307424e-06
2026-07-30 10:16:58.692508,[65.99642749],3.776405506651955e-09,3.79053850431155e-09,3.833242531196888e-09,3.9054533945768706e-09,4.008799817115556e-09,4.145704676241873e-09,4.31951349421126e-09,4.534617631799426e-09,4.7965059563158205e-09,5.111635428294002e-09,5.486970179186347e-09,5.9290237164124584e-09,6.442283171345019e-09,7.027031472467885e-09,7.676826933848728e-09,8.376217921202997e-09,9.099563529569899e-09,9.811936471514239e-09,1.0472823369997045e-08,1.1042613240802172e-08,1.1490774561690706e-08,1.1803520078987665e-08,1.1988193763212443e-08,1.2072097566341842e-08,1.2095157979840362e-08,1.2098259013861117e-08,1.2111217941708002e-08,1.214508281924786e-08,1.2192018824526336e-08,1.223288125212202e-08,1.2249036762187186e-08,1.223288125212202e-08,1.2192018824526336e-08,1.214508281924786e-08,1.2111217941708002e-08,1.2098259013861117e-08,1.2095157979840362e-08,1.2072097566341842e-08,1.1988193763212443e-08,1.1803520078987665e-08,1.1490774561690706e-08,1.1042613240802172e-08,1.0472823369997045e-08,9.811936471514239e-09,9.099563529569899e-09,8.376217921202997e-09,7.676826933848728e-09,7.027031472467885e-09,6.442283171345019e-09,5.9290237164124584e-09,5.486970179186347e-09,5.111635428294002e-09,4.7965059563158205e-09,4.534617631799426e-09,4.31951349421126e-09,4.145704676241873e-09,4.008799817115556e-09,3.9054533945768706e-09,3.833242531196888e-09,3.79053850431155e-09,3.776405506651955e-09
2026-07-30 10:16:58.719831,[65.99642749],3.776405506651955e-09,3.79053850431155e-09,3.833242531196888e-09,3.9054533945768706e-09,4.008799817115556e-09,4.145704676241873e-09,4.31951349421126e-09,4.534617631799426e-09,4.7965059563158205e-09,5.111635428294002e-09,5.486970179186347e-09,5.9290237164124584e-09,6.442283171345019e-09,7.027031472467885e-09,7.676826933848728e-09,8.376217921202997e-09,9.099563529569899e-09,9.811936471514239e-09,1.0472823369997045e-08,1.1042613240802172e-08,1.1490774561690706e-08,1.1803520078987665e-08,1.1988193763212443e-08,1.2072097566341842e-08,1.2095157979840362e-08,1.2098259013861117e-08,1.2111217941708002e-08,1.214508281924786e-08,1.2192018824526336e-08,1.223288125212202e-08,1.2249036762187186e-08,1.223288125212202e-08,1.2192018824526336e-08,1.214508281924786e-08,1.2111217941708002e-08,1.2098259013861117e-08,1.2095157979840362e-08,1.2072097566341842e-08,1.1988193763212443e-08,1.1803520078987665e-08,1.1490774561690706e-08,1.1042613240802172e-08,1.0472823369997045e-08,9.811936471514239e-09,9.099563529569899e-09,8.376217921202997e-09,7.676826933848728e-09,7.027031472467885e-09,6.442283171345019e-09,5.9290237164124584e-09,5.486970179186347e-09,5.111635428294002e-09,4.7965059563158205e-09,4.534617631799426e-09,4.31951349421126e-09,4.145704676241873e-09,4.008799817115556e-09,3.9054533945768706e-09,3.833242531196888e-09,3.79053850431155e-09,3.776405506651955e-09
2026-07-30 10:16:59.667167,[93.44334269],1.924449953572148e-06,1.935115580234692e-06,1.9671971135760735e-06,2.0209192120147784e-06,2.0965566083430785e-06,2.194278009897212e-06,2.313916520339908e-06,2.454660822174259e-06,2.614668263603281e-06,2.790615587919425e-06,2.9772273174408827e-06,3.1668561026904016e-06,3.3492303852589118e-06,3.5115232826857186e-06,3.638915973924626e-06,3.715805802860337e-06,3.7277196493499694e-06,3.663823163653611e-06,3.519678743929435e-06,3.299652379631917e-06,3.0181966849192912e-06,2.699261335181312e-06,2.3733942253938887e-06,2.0727013008379355e-06,1.8245991051900853e-06,1.645958338332561e-06,1.5394823419771254e-06,1.4937628111710622e-06,1.4874110588232445e-06,1.4962797353284093e-06,1.5015889915155228e-06,1.4962797353284093e-06,1.4874110588232445e-06,1.4937628111710622e-06,1.5394823419771254e-06,1.645958338332561e-06,1.8245991051900853e-06,2.0727013008379355e-06,2.3733942253938887e-06,2.699261335181312e-06,3.0181966849192912e-06,3.299652379631917e-06,3.519678743929435e-06,3.663823163653611e-06,3.7277196493499694e-06,3.715805802860337e-06,3.638915973924626e-06,3.5115232826857186e-06,3.3492303852589118e-06,3.1668561026904016e-06,2.9772273174408827e-06,2.790615587919425e-06,2.614668263603281e-06,2.454660822174259e-06,2.313916520339908e-06,2.194278009897212e-06,2.0965566083430785e-06,2.0209192120147784e-06,1.9671971135760735e-06,1.935115580234692e-06,1.924449953572148e-06
2026-07-30 10:16:59.692130,[84.08203588],1.4249759991828736e-07,1.432434524814714e-07,1.4550435134913383e-07,1.4935026813691686e-07,1.548973738901548e-07,1.6230626098555342e-07,1.7177675983764583e-07,1.83535662611205e-07,1.978116142947456e-07,2.1478954632403174e-07,2.345365766857591e-07,2.568942601740319e-07,2.813407234457267e-07,3.0684204564751976e-07,3.317341213560326e-07,3.536984276352313e-07,3.6990631895736856e-07,3.7739176577074716e-07,3.7365940855488805e-07,3.5744323981588813e-07,3.2942262899941957e-07,2.926219746327467e-07,2.5222478522560194e-07,2.1466332737533014e-07,1.860929064602009e-07,1.7064884562149523e-07,1.6908465820452633e-07,1.783740808580058e-07,1.9257633795688592e-07,2.0479024992791252e-07,2.0955208564170773e-07,2.0479024992791252e-07,1.9257633795688592e-07,1.783740808580058e-07,1.6908465820452633e-07,1.7064884562149523e-07,1.860929064602009e-07,2.1466332737533014e-07,2.5222478522560194e-07,2.926219746327467e-07,3.2942262899941957e-07,3.5744323981588813e-07,3.7365940855488805e-07,3.7739176577074716e-07,3.6990631895736856e-07,3.536984276352313e-07,3.317341213560326e-07,3.0684204564751976e-07,2.813407234457267e-07,2.568942601740319e-07,2.345365766857591e-07,2.1478954632403174e-07,1.978116142947456e-07,1.83535662611205e-07,1.7177675983764583e-07,1.6230626098555342e-07,1.548973738901548e-07,1.4935026813691686e-07,1.4550435134913383e-07,1.432434524814714e-07,1.4249759991828736e-07
2026-07-30 10:16:59.718114,[84.08203588],1.4249759991828736e-07,1.432434524814714e-07,1.4550435134913383e-07,1.4935026813691686e-07,1.548973738901548e-07,1.6230626098555342e-07,1.7177675983764583e-07,1.83535662611205e-07,1.978116142947456e-07,2.1478954632403174e-07,2.345365766857591e-07,2.568942601740319e-07,2.813407234457267e-07,3.0684204564751976e-07,3.317341213560326e-07,3.536984276352313e-07,3.6990631895736856e-07,3.7739176577074716e-07,3.7365940855488805e-07,3.5744323981588813e-07,3.2942262899941957e-07,2.926219746327467e-07,2.5222478522560194e-07,2.1466332737533014e-07,1.860929064602009e-07,1.7064884562149523e-07,1.6908465820452633e-07,1.783740808580058e-07,1.9257633795688592e-07,2.0479024992791252e-07,2.0955208564170773e-07,2.0479024992791252e-07,1.9257633795688592e-07,1.783740808580058e-07,1.6908465820452633e-07,1.7064884562149523e-07,1.860929064602009e-07,2.1466332737533014e-07,2.5222478522560194e-07,2.926219746327467e-07,3.2942262899941957e-07,3.5744323981588813e-07,3.7365940855488805e-07,3.7739176577074716e-07,3.6990631895736856e-07,3.536984276352313e-07,3.317341213560326e-07,3.0684204564751976e-07,2.813407234457267e-07,2.568942601740319e-07,2.345365766857591e-07,2.1478954632403174e-07,1.978116142947456e-07,1.83535662611205e-07,1.7177675983764583e-07,1.6230626098555342e-07,1.548973738901548e-07,1.4935026813691686e-07,1.4550435134913383e-07,1.432434524814714e-07,1.4249759991828736e-07
2026-07-30 10:17:00.710173,[93.95810142],2.20081698169898e-06,2.2127806717018923e-06,2.2487943766710694e-06,2.3091972422299845e-06,2.3944567473648226e-06,2.5050155633597e-06,2.6410648387843395e-06,2.8022336615794096e-06,2.987185887784401e-06,3.1931229293132913e-06,3.4152087598546614e-06,3.645966390540681e-06,3.874746957718388e-06,4.087441018089361e-06,4.266672309724795e-06,4.392755473900997e-06,4.445662723162864e-06,4.408077899304742e-06,4.269291840582698e-06,4.029245505505829e-06,3.701585498847827e-06,3.3143765248676725e-06,2.90735268233111e-06,2.525413883333985e-06,2.2093716643313983e-06,1.9863041406917275e-06,1.8626722284363037e-06,1.8230211018859028e-06,1.8354821144690663e-06,1.8628481630420409e-06,1.8756860968679587e-06,1.8628481630420409e-06,1.8354821144690663e-06,1.8230211018859028e-06,1.8626722284363037e-06,1.9863041406917275e-06,2.2093716643313983e-06,2.525413883333985e-06,2.90735268233111e-06,3.3143765248676725e-06,3.701585498847827e-06,4.029245505505829e-06,4.269291840582698e-06,4.408077899304742e-06,4.445662723162864e-06,4.392755473900997e-06,4.266672309724795e-06,4.087441018089361e-06,3.874746957718388e-06,3.645966390540681e-06,3.4152087598546614e-06,3.1931229293132913e-06,2.987185887784401e-06,2.8022336615794096e-06,2.6410648387843395e-06,2.5050155633597e-06,2.3944567473648226e-06,2.3091972422299845e-06,2.2487943766710694e-06,2.2127806717018923e-06,2.20081698169898e-06
2026-07-30 10:17:01.713755,[93.90707275],2.246155368841804e-06,2.2583958181579836e-06,2.2952380972883987e-06,2.3570139795986766e-06,2.4441710348133668e-06,2.5571078803194308e-06,2.695931318635895e-06,2.8601262493313514e-06,3.0481323709929183e-06,3.256831455575916e-06,3.480969208838479e-06,3.7125704637621657e-06,3.9404577020750716e-06,4.150046599246603e-06,4.323653030372882e-06,4.441572937586419e-06,4.484145107256642e-06,4.434831807685218e-06,4.284033576949425e-06,4.032932681849279e-06,3.6962611905334564e-06,3.302716899288959e-06,2.892016990451631e-06,2.5083923161391396e-06,2.191562373166565e-06,1.967491992906225e-06,1.8419349448301188e-06,1.7994077105605938e-06,1.8086779484735911e-06,1.8335320317147994e-06,1.8454164892468296e-06,1.8335320317147994e-06,1.8086779484735911e-06,1.7994077105605938e-06,1.8419349448301188e-06,1.967491992906225e-06,2.191562373166565e-06,2.5083923161391396e-06,2.892016990451631e-06,3.302716899288959e-06,3.6962611905334564e-06,4.032932681849279e-06,4.284033576949425e-06,4.434831807685218e-06,4.484145107256642e-06,4.441572937586419e-06,4.323653030372882e-06,4.150046599246603e-06,3.9404577020750716e-06,3.7125704637621657e-06,3.480969208838479e-06,3.256831455575916e-06,3.0481323709929183e-06,2.8601262493313514e-06,2.695931318635895e-06,2.5571078803194308e-06,2.4441710348133668e-06,2.3570139795986766e-06,2.2952380972883987e-06,2.2583958181579836e-06,2.246155368841804e-06
2026-07-30 10:17:01.740086,[67.53920781],2.0759004465387913e-09,2.0871830480946403e-09,2.121309943157263e-09,2.1790981444820898e-09,2.2618394468353045e-09,2.371187579242047e-09,2.508985299697001e-09,2.677019539958374e-09,2.8766948047540574e-09,3.108623133785655e-09,3.37214588175199e-09,3.664830747108001e-09,3.982026926404421e-09,4.3166068227692435e-09,4.65906095758692e-09,4.998120553724412e-09,5.3220302282009745e-09,5.620456137962061e-09,5.886789914490185e-09,6.120335682580593e-09,6.327639719474181e-09,6.522172532494595e-09,6.721824826070746e-09,6.944271571333271e-09,7.2010789894458584e-09,7.492197125343807e-09,7.802825553091042e-09,8.104266102354783e-09,8.359247994631077e-09,8.53064794490249e-09,8.591131914551296e-09,8.53064794490249e-09,8.359247994631077e-09,8.104266102354783e-09,7.802825553091042e-09,7.492197125343807e-09,7.2010789894458584e-09,6.944271571333271e-09,6.721824826070746e-09,6.522172532494595e-09,6.327639719474181e-09,6.120335682580593e-09,5.886789914490185e-09,5.620456137962061e-09,5.3220302282009745e-09,4.998120553724412e-09,4.65906095758692e-09,4.3166068227692435e-09,3.982026926404421e-09,3.664830747108001e-09,3.37214588175199e-09,3.108623133785655e-09,2.8766948047540574e-09,2.677019539958374e-09,2.508985299697001e-09,2.371187579242047e-09,2.2618394468353045e-09,2.1790981444820898e-09,2.121309943157263e-09,2.0871830480946403e-09,2.0759004465387913e-09
2026-07-30 10:17:01.765914,[67.53920781],2.0759004465387913e-09,2.0871830480946403e-09,2.121309943157263e-09,2.1790981444820898e-09,2.2618394468353045e-09,2.371187579242047e-09,2.508985299697001e-09,2.677019539958374e-09,2.8766948047540574e-09,3.108623133785655e-09,3.37214588175199e-09,3.664830747108001e-09,3.982026926404421e-09,4.3166068227692435e-09,4.65906095758692e-09,4.998120553724412e-09,5.3220302282009745e-09,5.620456137962061e-09,5.886789914490185e-09,6.120335682580593e-09,6.327639719474181e-09,6.522172532494595e-09,6.721824826070746e-09,6.944271571333271e-09,7.2010789894458584e-09,7.492197125343807e-09,7.802825553091042e-09,8.104266102354783e-09,8.359247994631077e-09,8.53064794490249e-09,8.591131914551296e-09,8.53064794490249e-09,8.359247994631077e-09,8.104266102354783e-09,7.802825553091042e-09,7.492197125343807e-09,7.2010789894458584e-09,6.944271571333271e-09,6.721824826070746e-09,6.522172532494595e-09,6.327639719474181e-09,6.120335682580593e-09,5.886789914490185e-09,5.620456137962061e-09,5.3220302282009745e-09,4.998120553724412e-09,4.65906095758692e-09,4.3166068227692435e-09,3.982026926404421e-09,3.664830747108001e-09,3.37214588175199e-09,3.108623133785655e-09,2.8766948047540574e-09,2.677019539958374e-09,2.508985299697001e-09,2.371187579242047e-09,2.2618394468353045e-09,2.1790981444820898e-09,2.121309943157263e-09,2.0871830480946403e-09,2.0759004465387913e-09
2026-07-30 10:17:02.712305,[93.854447],2.2905253975973023e-06,2.303009823146461e-06,2.340580803571421e-06,2.4035583550681637e-06,2.492363478352406e-06,2.6073428638841895e-06,2.748511505132385e-06,2.9152052860389732e-06,3.1056403003025805e-06,3.3163875811944397e-06,3.5417944475762683e-06,3.7734198904348406e-06,3.999601915988447e-06,4.205333894263845e-06,4.37267839252432e-06,4.481960688543966e-06,4.513919162981228e-06,4.452806984772563e-06,4.290126596670369e-06,4.028280876838788e-06,3.683066569354678e-06,3.2838069564276805e-06,2.87021457217394e-06,2.4858773794023254e-06,2.1694428353959184e-06,1.945747796398281e-06,1.8197645365652035e-06,1.775839236177747e-06,1.783185584605246e-06,1.8063874791936247e-06,1.8176233835856464e-06,1.8063874791936247e-06,1.783185584605246e-06,1.775839236177747e-06,1.8197645365652035e-06,1.945747796398281e-06,2.1694428353959184e-06,2.4858773794023254e-06,2.87021457217394e-06,3.2838069564276805e-06,3.683066569354678e-06,4.028280876838788e-06,4.290126596670369e-06,4.452806984772563e-06,4.513919162981228e-06,4.481960688543966e-06,4.37267839252432e-06,4.205333894263845e-06,3.999601915988447e-06,3.7734198904348406e-06,3.5417944475762683e-06,3.3163875811944397e-06,3.1056403003025805e-06,2.9152052860389732e-06,2.748511505132385e-06,2.6073428638841895e-06,2.492363478352406e-06,2.4035583550681637e-06,2.340580803571421e-06,2.303009823146461e-06,2.2905253975973023e-06
2026-07-30 10:17:02.736865,[67.8204721],2.0007280769586853e-09,2.011502024647253e-09,2.0441389792298865e-09,2.0995630133768405e-09,2.179240249576832e-09,2.2850574945389677e-09,2.4191338027704186e-09,2.5835520956286876e-09,2.780003387649632e-09,3.0093495420604885e-09,3.271133363184976e-09,3.5630967064582995e-09,3.880803722217075e-09,4.217497480164249e-09,4.564328590644879e-09,4.9110656691779595e-09,5.247314756124022e-09,5.5641365717687764e-09,5.855778478487062e-09,6.121081767671082e-09,6.364054512805169e-09,6.59318402814773e-09,6.819333600069309e-09,7.052490358827342e-09,7.298089825745795e-09,7.553966799785613e-09,7.809005872984881e-09,8.04420515634928e-09,8.236183275686454e-09,8.362358827928652e-09,8.406402161750985e-09,8.362358827928652e-09,8.236183275686454e-09,8.04420515634928e-09,7.809005872984881e-09,7.553966799785613e-09,7.298089825745795e-09,7.052490358827342e-09,6.819333600069309e-09,6.59318402814773e-09,6.364054512805169e-09,6.121081767671082e-09,5.855778478487062e-09,5.5641365717687764e-09,5.247314756124022e-09,4.9110656691779595e-09,4.564328590644879e-09,4.217497480164249e-09,3.880803722217075e-09,3.5630967064582995e-09,3.271133363184976e-09,3.0093495420604885e-09,2.780003387649632e-09,2.5835520956286876e-09,2.4191338027704186e-09,2.2850574945389677e-09,2.179240249576832e-09,2.0995630133768405e-09,2.0441389792298865e-09,2.011502024647253e-09,2.0007280769586853e-09
2026-07-30 10:17:02.762463,[67.8204721],2.0007280769586853e-09,2.011502024647253e-09,2.0441389792298865e-09,2.0995630133768405e-09,2.179240249576832e-09,2.2850574945389677e-09,2.4191338027704186e-09,2.5835520956286876e-09,2.780003387649632e-09,3.0093495420604885e-09,3.271133363184976e-09,3.5630967064582995e-09,3.880803722217075e-09,4.217497480164249e-09,4.564328590644879e-09,4.9110656691779595e-09,5.247314756124022e-09,5.5641365717687764e-09,5.855778478487062e-09,6.121081767671082e-09,6.364054512805169e-09,6.59318402814773e-09,6.819333600069309e-09,7.052490358827342e-09,7.298089825745795e-09,7.553966799785613e-09,7.809005872984881e-09,8.04420515634928e-09,8.236183275686454e-09,8.362358827928652e-09,8.406402161750985e-09,8.362358827928652e-09,8.236183275686454e-09,8.04420515634928e-09,7.809005872984881e-09,7.553966799785613e-09,7.298089825745795e-09,7.052490358827342e-09,6.819333600069309e-09,6.59318402814773e-09,6.364054512805169e-09,6.121081767671082e-09,5.855778478487062e-09,5.5641365717687764e-09,5.247314756124022e-09,4.9110656691779595e-09,4.564328590644879e-09,4.217497480164249e-09,3.880803722217075e-09,3.5630967064582995e-09,3.271133363184976e-09,3.0093495420604885e-09,2.780003387649632e-09,2.5835520956286876e-09,2.4191338027704186e-09,2.2850574945389677e-09,2.179240249576832e-09,2.0995630133768405e-09,2.0441389792298865e-09,2.011502024647253e-09,2.0007280769586853e-09
2026-07-30 10:17:03.705877,[93.80595724],2.3370574375518103e-06,2.3497932759030402e-06,2.3881149335700887e-06,2.4523297156953748e-06,2.5428306374978145e-06,2.659910892151202e-06,2.803492451021404e-06,2.972762073605824e-06,3.1657142014059763e-06,3.378614178216325e-06,3.6054199126184133e-06,3.837237643088336e-06,4.0619370962972195e-06,4.264105936565034e-06,4.42556580675782e-06,4.526673299401149e-06,4.548551348768406e-06,4.4762068505115135e-06,4.302183588799858e-06,4.030025736290619e-06,3.6765079296825046e-06,3.2715013318393383e-06,2.854663910480496e-06,2.468933972500114e-06,2.1519310059523397e-06,1.927455947018142e-06,1.7998266009488582e-06,1.7533610471874258e-06,1.7578547487866851e-06,1.7787994745589022e-06,1.7891769663371065e-06,1.7787994745589022e-06,1.7578547487866851e-06,1.7533610471874258e-06,1.7998266009488582e-06,1.927455947018142e-06,2.1519310059523397e-06,2.468933972500114e-06,2.854663910480496e-06,3.2715013318393383e-06,3.6765079296825046e-06,4.030025736290619e-06,4.302183588799858e-06,4.4762068505115135e-06,4.548551348768406e-06,4.526673299401149e-06,4.42556580675782e-06,4.264105936565034e-06,4.0619370962972195e-06,3.837237643088336e-06,3.6054199126184133e-06,3.378614178216325e-06,3.1657142014059763e-06,2.972762073605824e-06,2.803492451021404e-06,2.659910892151202e-06,2.5428306374978145e-06,2.4523297156953748e-06,2.3881149335700887e-06,2.3497932759030402e-06,2.3370574375518103e-06
2026-07-30 10:17:03.732558,[67.2926457],2.1041878611162785e-09,2.1152287162947462e-09,2.1486034969861344e-09,2.2050505130825365e-09,2.285737682361737e-09,2.3921634294706444e-09,2.526007511226486e-09,2.688921537255495e-09,2.88224723454679e-09,3.1066517921741306e-09,3.361677530464848e-09,3.6452228991677343e-09,3.953008820489186e-09,4.278140507522055e-09,4.610942412108219e-09,4.9392992794206735e-09,5.24973777335489e-09,5.5293797453655855e-09,5.768653604132545e-09,5.964279371644498e-09,6.1216454222379216e-09,6.255457196131002e-09,6.387679673275111e-09,6.542454789706754e-09,6.7387793080035605e-09,6.982925420392658e-09,7.263319992820535e-09,7.550349143414781e-09,7.802150461601819e-09,7.975276925561354e-09,8.037032824873447e-09,7.975276925561354e-09,7.802150461601819e-09,7.550349143414781e-09,7.263319992820535e-09,6.982925420392658e-09,6.7387793080035605e-09,6.542454789706754e-09,6.387679673275111e-09,6.255457196131002e-09,6.1216454222379216e-09,5.964279371644498e-09,5.768653604132545e-09,5.5293797453655855e-09,5.24973777335489e-09,4.9392992794206735e-09,4.610942412108219e-09,4.278140507522055e-09,3.953008820489186e-09,3.6452228991677343e-09,3.361677530464848e-09,3.1066517921741306e-09,2.88224723454679e-09,2.688921537255495e-09,2.526007511226486e-09,2.3921634294706444e-09,2.285737682361737e-09,2.2050505130825365e-09,2.1486034969861344e-09,2.1152287162947462e-09,2.1041878611162785e-09
2026-07-30 10:17:03.759182,[67.2926457],2.1041878611162785e-09,2.1152287162947462e-09,2.1486034969861344e-09,2.2050505130825365e-09,2.285737682361737e-09,2.3921634294706444e-09,2.526007511226486e-09,2.688921537255495e-09,2.88224723454679e-09,3.1066517921741306e-09,3.361677530464848e-09,3.6452228991677343e-09,3.953008820489186e-09,4.278140507522055e-09,4.610942412108219e-09,4.9392992794206735e-09,5.24973777335489e-09,5.5293797453655855e-09,5.768653604132545e-09,5.964279371644498e-09,6.1216454222379216e-09,6.255457196131002e-09,6.387679673275111e-09,6.542454789706754e-09,6.7387793080035605e-09,6.982925420392658e-09,7.263319992820535e-09,7.550349143414781e-09,7.802150461601819e-09,7.975276925561354e-09,8.037032824873447e-09,7.975276925561354e-09,7.802150461601819e-09,7.550349143414781e-09,7.263319992820535e-09,6.982925420392658e-09,6.7387793080035605e-09,6.542454789706754e-09,6.387679673275111e-09,6.255457196131002e-09,6.1216454222379216e-09,5.964279371644498e-09,5.768653604132545e-09,5.5293797453655855e-09,5.24973777335489e-09,4.9392992794206735e-09,4.610942412108219e-09,4.278140507522055e-09,3.953008820489186e-09,3.6452228991677343e-09,3.361677530464848e-09,3.1066517921741306e-09,2.88224723454679e-09,2.688921537255495e-09,2.526007511226486e-09,2.3921634294706444e-09,2.285737682361737e-09,2.2050505130825365e-09,2.1486034969861344e-09,2.1152287162947462e-09,2.1041878611162785e-09
2026-07-30 10:17:04.722865,[93.75798511],2.3803130726317992e-06,2.3932529935820354e-06,2.4321825021705882e-06,2.4973940164231687e-06,2.5892500681723056e-06,2.7079892993105625e-06,2.8534436068942267e-06,3.0246608738895234e-06,3.2194352202012863e-06,3.4337624078989973e-06,3.6612644665511047e-06,3.892666122474362e-06,4.115454246811322e-06,4.31390192274509e-06,4.469673040875266e-06,4.5632132817586705e-06,4.576044602987846e-06,4.493885439338304e-06,4.310218759544864e-06,4.0295786039464305e-06,3.669541764139755e-06,3.2603616306575704e-06,2.841520529961827e-06,2.4552542250268784e-06,2.138174040280414e-06,1.913121447146851e-06,1.7838629408501416e-06,1.734786664888121e-06,1.7363415551396313e-06,1.7549671391831049e-06,1.7644643747463823e-06,1.7549671391831049e-06,1.7363415551396313e-06,1.734786664888121e-06,1.7838629408501416e-06,1.913121447146851e-06,2.138174040280414e-06,2.4552542250268784e-06,2.841520529961827e-06,3.2603616306575704e-06,3.669541764139755e-06,4.0295786039464305e-06,4.310218759544864e-06,4.493885439338304e-06,4.576044602987846e-06,4.5632132817586705e-06,4.469673040875266e-06,4.31390192274509e-06,4.115454246811322e-06,3.892666122474362e-06,3.6612644665511047e-06,3.4337624078989973e-06,3.2194352202012863e-06,3.0246608738895234e-06,2.8534436068942267e-06,2.7079892993105625e-06,2.5892500681723056e-06,2.4973940164231687e-06,2.4321825021705882e-06,2.3932529935820354e-06,2.3803130726317992e-06
2026-07-30 10:17:04.747010,[65.49066475],4.074664196430501e-09,4.0937092834452995e-09,4.15144431244638e-09,4.249673686447774e-09,4.3914176692214815e-09,4.5809159477609944e-09,4.82359549547419e-09,5.1259538151116915e-09,5.4952811886970576e-09,5.939115982654304e-09,6.4643067387201096e-09,7.075563632738799e-09,7.773446413309769e-09,8.551880944265051e-09,9.395528863305365e-09,1.0277622284166924e-08,1.115912946964074e-08,1.1990197083732554e-08,1.2714566607859204e-08,1.3277000096570217e-08,1.3632748067230821e-08,1.3757041206950326e-08,1.3651949064988073e-08,1.3348174856938818e-08,1.290062486261808e-08,1.2378598967077513e-08,1.1853415543111749e-08,1.1387261809710029e-08,1.1026441696158083e-08,1.0800133333201235e-08,1.0723229679550328e-08,1.0800133333201235e-08,1.1026441696158083e-08,1.1387261809710029e-08,1.1853415543111749e-08,1.2378598967077513e-08,1.290062486261808e-08,1.3348174856938818e-08,1.3651949064988073e-08,1.3757041206950326e-08,1.3632748067230821e-08,1.3277000096570217e-08,1.2714566607859204e-08,1.1990197083732554e-08,1.115912946964074e-08,1.0277622284166924e-08,9.395528863305365e-09,8.551880944265051e-09,7.773446413309769e-09,7.075563632738799e-09,6.4643067387201096e-09,5.939115982654304e-09,5.4952811886970576e-09,5.1259538151116915e-09,4.82359549547419e-09,4.5809159477609944e-09,4.3914176692214815e-09,4.249673686447774e-09,4.15144431244638e-09,4.0937092834452995e-09,4.074664196430501e-09
2026-07-30 10:17:05.692074,[93.71466976],2.4240588780460247e-06,2.437194608841515e-06,2.476705622990687e-06,2.542865004558624e-06,2.63599787864936e-06,2.7562797919666724e-06,2.9034437903654124e-06,3.07639183929273e-06,3.272714848273354e-06,3.4881426882564057e-06,3.7159734095700173e-06,3.9465700523881645e-06,4.1670610547215135e-06,4.361426959083012e-06,4.511183594675849e-06,4.596852657208389e-06,4.600312913062683e-06,4.507926064553268e-06,4.314036614936055e-06,4.0241115501108104e-06,3.656530241207134e-06,3.2420154804844083e-06,2.820053271550098e-06,2.432417180043103e-06,2.114944221002422e-06,1.889657344446702e-06,1.7597463941449398e-06,1.7094522665523355e-06,1.709510960840406e-06,1.7268996259269634e-06,1.7359177174003188e-06,1.7268996259269634e-06,1.709510960840406e-06,1.7094522665523355e-06,1.7597463941449398e-06,1.889657344446702e-06,2.114944221002422e-06,2.432417180043103e-06,2.820053271550098e-06,3.2420154804844083e-06,3.656530241207134e-06,4.0241115501108104e-06,4.314036614936055e-06,4.507926064553268e-06,4.600312913062683e-06,4.596852657208389e-06,4.511183594675849e-06,4.361426959083012e-06,4.1670610547215135e-06,3.9465700523881645e-06,3.7159734095700173e-06,3.4881426882564057e-06,3.272714848273354e-06,3.07639183929273e-06,2.9034437903654124e-06,2.7562797919666724e-06,2.63599787864936e-06,2.542865004558624e-06,2.476705622990687e-06,2.437194608841515e-06,2.4240588780460247e-06
2026-07-30 10:17:05.717106,[93.71466976],2.4240588780460247e-06,2.437194608841515e-06,2.476705622990687e-06,2.542865004558624e-06,2.63599787864936e-06,2.7562797919666724e-06,2.9034437903654124e-06,3.07639183929273e-06,3.272714848273354e-06,3.4881426882564057e-06,3.7159734095700173e-06,3.9465700523881645e-06,4.1670610547215135e-06,4.361426959083012e-06,4.511183594675849e-06,4.596852657208389e-06,4.600312913062683e-06,4.507926064553268e-06,4.314036614936055e-06,4.0241115501108104e-06,3.656530241207134e-06,3.2420154804844083e-06,2.820053271550098e-06,2.432417180043103e-06,2.114944221002422e-06,1.889657344446702e-06,1.7597463941449398e-06,1.7094522665523355e-06,1.709510960840406e-06,1.7268996259269634e-06,1.7359177174003188e-06,1.7268996259269634e-06,1.709510960840406e-06,1.7094522665523355e-06,1.7597463941449398e-06,1.889657344446702e-06,2.114944221002422e-06,2.432417180043103e-06,2.820053271550098e-06,3.2420154804844083e-06,3.656530241207134e-06,4.0241115501108104e-06,4.314036614936055e-06,4.507926064553268e-06,4.600312913062683e-06,4.596852657208389e-06,4.511183594675849e-06,4.361426959083012e-06,4.1670610547215135e-06,3.9465700523881645e-06,3.7159734095700173e-06,3.4881426882564057e-06,3.272714848273354e-06,3.07639183929273e-06,2.9034437903654124e-06,2.7562797919666724e-06,2.63599787864936e-06,2.542865004558624e-06,2.476705622990687e-06,2.437194608841515e-06,2.4240588780460247e-06
2026-07-30 10:17:05.740336,[65.81618574],4.003226309949702e-09,4.022605880695342e-09,4.081376538987942e-09,4.181442120406322e-09,4.325998882117612e-09,4.51955609772407e-09,4.767929101266431e-09,5.0781526564441695e-09,5.458227878367996e-09,5.916575813716175e-09,6.461039035916866e-09,7.0972749079337115e-09,7.826456116849707e-09,8.6423705957192e-09,9.528306360021017e-09,1.045447723097163e-08,1.1377076549355547e-08,1.2240148612923878e-08,1.298113409781539e-08,1.3540060150796228e-08,1.3871015869537473e-08,1.3953188469267664e-08,1.3797976240658914e-08,1.3449157817322566e-08,1.2974998013406194e-08,1.2454025880730427e-08,1.1958876262167917e-08,1.1543678580978662e-08,1.1239178724743485e-08,1.1056415563972923e-08,1.0995855106831234e-08,1.1056415563972923e-08,1.1239178724743485e-08,1.1543678580978662e-08,1.1958876262167917e-08,1.2454025880730427e-08,1.2974998013406194e-08,1.3449157817322566e-08,1.3797976240658914e-08,1.3953188469267664e-08,1.3871015869537473e-08,1.3540060150796228e-08,1.298113409781539e-08,1.2240148612923878e-08,1.1377076549355547e-08,1.045447723097163e-08,9.528306360021017e-09,8.6423705957192e-09,7.826456116849707e-09,7.0972749079337115e-09,6.461039035916866e-09,5.916575813716175e-09,5.458227878367996e-09,5.0781526564441695e-09,4.767929101266431e-09,4.51955609772407e-09,4.325998882117612e-09,4.181442120406322e-09,4.081376538987942e-09,4.022605880695342e-09,4.003226309949702e-09
2026-07-30 10:17:05.765846,[65.81618574],4.003226309949702e-09,4.022605880695342e-09,4.081376538987942e-09,4.181442120406322e-09,4.325998882117612e-09,4.51955609772407e-09,4.767929101266431e-09,5.0781526564441695e-09,5.458227878367996e-09,5.916575813716175e-09,6.461039035916866e-09,7.0972749079337115e-09,7.826456116849707e-09,8.6423705957192e-09,9.528306360021017e-09,1.045447723097163e-08,1.1377076549355547e-08,1.2240148612923878e-08,1.298113409781539e-08,1.3540060150796228e-08,1.3871015869537473e-08,1.3953188469267664e-08,1.3797976240658914e-08,1.3449157817322566e-08,1.2974998013406194e-08,1.2454025880730427e-08,1.1958876262167917e-08,1.1543678580978662e-08,1.1239178724743485e-08,1.1056415563972923e-08,1.0995855106831234e-08,1.1056415563972923e-08,1.1239178724743485e-08,1.1543678580978662e-08,1.1958876262167917e-08,1.2454025880730427e-08,1.2974998013406194e-08,1.3449157817322566e-08,1.3797976240658914e-08,1.3953188469267664e-08,1.3871015869537473e-08,1.3540060150796228e-08,1.298113409781539e-08,1.2240148612923878e-08,1.1377076549355547e-08,1.045447723097163e-08,9.528306360021017e-09,8.6423705957192e-09,7.826456116849707e-09,7.0972749079337115e-09,6.461039035916866e-09,5.916575813716175e-09,5.458227878367996e-09,5.0781526564441695e-09,4.767929101266431e-09,4.51955609772407e-09,4.325998882117612e-09,4.181442120406322e-09,4.081376538987942e-09,4.022605880695342e-09,4.003226309949702e-09
2026-07-30 10:17:06.691844,[93.63564013],2.4662199906648066e-06,2.479538545258034e-06,2.5195936122736515e-06,2.5866434396262166e-06,2.6809831519276144e-06,2.802735295166603e-06,2.9515464197115974e-06,3.1261865562057517e-06,3.32405832671021e-06,3.540641212559529e-06,3.768925921054238e-06,3.998933695903885e-06,4.21746168433201e-06,4.408237573702002e-06,4.552685841006467e-06,4.631477733585722e-06,4.626929297671187e-06,4.526109037683788e-06,4.32423127423922e-06,4.027602857988581e-06,3.655172765316526e-06,3.237751214381528e-06,2.814338158045323e-06,2.425747966185818e-06,2.1066851158964836e-06,1.878286544455322e-06,1.743489753861572e-06,1.687101457034318e-06,1.6811153624607058e-06,1.6940382696834489e-06,1.70140943916268e-06,1.6940382696834489e-06,1.6811153624607058e-06,1.687101457034318e-06,1.743489753861572e-06,1.878286544455322e-06,2.1066851158964836e-06,2.425747966185818e-06,2.814338158045323e-06,3.237751214381528e-06,3.655172765316526e-06,4.027602857988581e-06,4.32423127423922e-06,4.526109037683788e-06,4.626929297671187e-06,4.631477733585722e-06,4.552685841006467e-06,4.408237573702002e-06,4.21746168433201e-06,3.998933695903885e-06,3.768925921054238e-06,3.540641212559529e-06,3.32405832671021e-06,3.1261865562057517e-06,2.9515464197115974e-06,2.802735295166603e-06,2.6809831519276144e-06,2.5866434396262166e-06,2.5195936122736515e-06,2.479538545258034e-06,2.4662199906648066e-06
2026-07-30 10:17:06.717392,[93.63564013],2.4662199906648066e-06,2.479538545258034e-06,2.5195936122736515e-06,2.5866434396262166e-06,2.6809831519276144e-06,2.802735295166603e-06,2.9515464197115974e-06,3.1261865562057517e-06,3.32405832671021e-06,3.540641212559529e-06,3.768925921054238e-06,3.998933695903885e-06,4.21746168433201e-06,4.408237573702002e-06,4.552685841006467e-06,4.631477733585722e-06,4.626929297671187e-06,4.526109037683788e-06,4.32423127423922e-06,4.027602857988581e-06,3.655172765316526e-06,3.237751214381528e-06,2.814338158045323e-06,2.425747966185818e-06,2.1066851158964836e-06,1.878286544455322e-06,1.743489753861572e-06,1.687101457034318e-06,1.6811153624607058e-06,1.6940382696834489e-06,1.70140943916268e-06,1.6940382696834489e-06,1.6811153624607058e-06,1.687101457034318e-06,1.743489753861572e-06,1.878286544455322e-06,2.1066851158964836e-06,2.425747966185818e-06,2.814338158045323e-06,3.237751214381528e-06,3.655172765316526e-06,4.027602857988581e-06,4.32423127423922e-06,4.526109037683788e-06,4.626929297671187e-06,4.631477733585722e-06,4.552685841006467e-06,4.408237573702002e-06,4.21746168433201e-06,3.998933695903885e-06,3.768925921054238e-06,3.540641212559529e-06,3.32405832671021e-06,3.1261865562057517e-06,2.9515464197115974e-06,2.802735295166603e-06,2.6809831519276144e-06,2.5866434396262166e-06,2.5195936122736515e-06,2.479538545258034e-06,2.4662199906648066e-06
2026-07-30 10:17:06.742645,[66.06233418],3.999584037348511e-09,4.0189393714155935e-09,4.077685455811239e-09,4.17786834064525e-09,4.322912763088613e-09,4.517625740275318e-09,4.768157968194126e-09,5.081864579260451e-09,5.466973174807863e-09,5.93193092783415e-09,6.484278837310508e-09,7.128915960421747e-09,7.865704085983702e-09,8.686555061581617e-09,9.572444496091776e-09,1.0491157942534486e-08,1.1396873836184462e-08,1.223272846458872e-08,1.2937091457308254e-08,1.345331165887155e-08,1.3741316372890476e-08,1.378811105802003e-08,1.3613599939489897e-08,1.3268839017094895e-08,1.2826000253466315e-08,1.2362388847775993e-08,1.194355226115205e-08,1.1611418652339742e-08,1.1381694364738661e-08,1.1250878117916104e-08,1.12089129107669e-08,1.1250878117916104e-08,1.1381694364738661e-08,1.1611418652339742e-08,1.194355226115205e-08,1.2362388847775993e-08,1.2826000253466315e-08,1.3268839017094895e-08,1.3613599939489897e-08,1.378811105802003e-08,1.3741316372890476e-08,1.345331165887155e-08,1.2937091457308254e-08,1.223272846458872e-08,1.1396873836184462e-08,1.0491157942534486e-08,9.572444496091776e-09,8.686555061581617e-09,7.865704085983702e-09,7.128915960421747e-09,6.484278837310508e-09,5.93193092783415e-09,5.466973174807863e-09,5.081864579260451e-09,4.768157968194126e-09,4.517625740275318e-09,4.322912763088613e-09,4.17786834064525e-09,4.077685455811239e-09,4.0189393714155935e-09,3.999584037348511e-09
2026-07-30 10:17:06.768393,[66.06233418],3.999584037348511e-09,4.0189393714155935e-09,4.077685455811239e-09,4.17786834064525e-09,4.322912763088613e-09,4.517625740275318e-09,4.768157968194126e-09,5.081864579260451e-09,5.466973174807863e-09,5.93193092783415e-09,6.484278837310508e-09,7.128915960421747e-09,7.865704085983702e-09,8.686555061581617e-09,9.572444496091776e-09,1.0491157942534486e-08,1.1396873836184462e-08,1.223272846458872e-08,1.2937091457308254e-08,1.345331165887155e-08,1.3741316372890476e-08,1.378811105802003e-08,1.3613599939489897e-08,1.3268839017094895e-08,1.2826000253466315e-08,1.2362388847775993e-08,1.194355226115205e-08,1.1611418652339742e-08,1.1381694364738661e-08,1.1250878117916104e-08,1.12089129107669e-08,1.1250878117916104e-08,1.1381694364738661e-08,1.1611418652339742e-08,1.194355226115205e-08,1.2362388847775993e-08,1.2826000253466315e-08,1.3268839017094895e-08,1.3613599939489897e-08,1.378811105802003e-08,1.3741316372890476e-08,1.345331165887155e-08,1.2937091457308254e-08,1.223272846458872e-08,1.1396873836184462e-08,1.0491157942534486e-08,9.572444496091776e-09,8.686555061581617e-09,7.865704085983702e-09,7.128915960421747e-09,6.484278837310508e-09,5.93193092783415e-09,5.466973174807863e-09,5.081864579260451e-09,4.768157968194126e-09,4.517625740275318e-09,4.322912763088613e-09,4.17786834064525e-09,4.077685455811239e-09,4.0189393714155935e-09,3.999584037348511e-09
2026-07-30 10:17:07.701009,[93.01213462],2.3876551343077475e-06,2.4001507527830053e-06,2.437694279006408e-06,2.500418904082206e-06,2.58842239126112e-06,2.7015762093004672e-06,2.8392517113667614e-06,2.9999627545422818e-06,3.1809331222792274e-06,3.3776135597546384e-06,3.5831986558622945e-06,3.7882281622664743e-06,3.980397284233831e-06,4.144737126996335e-06,4.264343545441795e-06,4.321806650162905e-06,4.301398240077869e-06,4.1918933185779875e-06,3.989643472143045e-06,3.7012367829574675e-06,3.344874012809783e-06,2.9495990457761493e-06,2.551858966141485e-06,2.189557827868582e-06,1.8946709281239491e-06,1.6862981223752174e-06,1.5663677612946677e-06,1.5197585921142726e-06,1.519364425155754e-06,1.5349381327627046e-06,1.5430591599376626e-06,1.5349381327627046e-06,1.519364425155754e-06,1.5197585921142726e-06,1.5663677612946677e-06,1.6862981223752174e-06,1.8946709281239491e-06,2.189557827868582e-06,2.551858966141485e-06,2.9495990457761493e-06,3.344874012809783e-06,3.7012367829574675e-06,3.989643472143045e-06,4.1918933185779875e-06,4.301398240077869e-06,4.321806650162905e-06,4.264343545441795e-06,4.144737126996335e-06,3.980397284233831e-06,3.7882281622664743e-06,3.5831986558622945e-06,3.3776135597546384e-06,3.1809331222792274e-06,2.9999627545422818e-06,2.8392517113667614e-06,2.7015762093004672e-06,2.58842239126112e-06,2.500418904082206e-06,2.437694279006408e-06,2.4001507527830053e-06,2.3876551343077475e-06
2026-07-30 10:17:07.725290,[93.01213462],2.3876551343077475e-06,2.4001507527830053e-06,2.437694279006408e-06,2.500418904082206e-06,2.58842239126112e-06,2.7015762093004672e-06,2.8392517113667614e-06,2.9999627545422818e-06,3.1809331222792274e-06,3.3776135597546384e-06,3.5831986558622945e-06,3.7882281622664743e-06,3.980397284233831e-06,4.144737126996335e-06,4.264343545441795e-06,4.321806650162905e-06,4.301398240077869e-06,4.1918933185779875e-06,3.989643472143045e-06,3.7012367829574675e-06,3.344874012809783e-06,2.9495990457761493e-06,2.551858966141485e-06,2.189557827868582e-06,1.8946709281239491e-06,1.6862981223752174e-06,1.5663677612946677e-06,1.5197585921142726e-06,1.519364425155754e-06,1.5349381327627046e-06,1.5430591599376626e-06,1.5349381327627046e-06,1.519364425155754e-06,1.5197585921142726e-06,1.5663677612946677e-06,1.6862981223752174e-06,1.8946709281239491e-06,2.189557827868582e-06,2.551858966141485e-06,2.9495990457761493e-06,3.344874012809783e-06,3.7012367829574675e-06,3.989643472143045e-06,4.1918933185779875e-06,4.301398240077869e-06,4.321806650162905e-06,4.264343545441795e-06,4.144737126996335e-06,3.980397284233831e-06,3.7882281622664743e-06,3.5831986558622945e-06,3.3776135597546384e-06,3.1809331222792274e-06,2.9999627545422818e-06,2.8392517113667614e-06,2.7015762093004672e-06,2.58842239126112e-06,2.500418904082206e-06,2.437694279006408e-06,2.4001507527830053e-06,2.3876551343077475e-06
2026-07-30 10:17:07.750906,[83.60966739],1.5420288140010434e-07,1.5460319508080582e-07,1.558112420244493e-07,1.578455482021992e-07,1.6072749591201446e-07,1.6446656338468233e-07,1.6903913192065944e-07,1.743615100797576e-07,1.802596001338503e-07,1.864402790410337e-07,1.9247266260113219e-07,1.977899678718102e-07,2.0172309057305074e-07,2.035734025013928e-07,2.0272330208413813e-07,1.9876908882985078e-07,1.9164501624512964e-07,1.8169628873370854e-07,1.6966031779050587e-07,1.5653572861960173e-07,1.43356552097168e-07,1.3093363194287476e-07,1.1965642736348498e-07,1.0944485785449345e-07,9.989267583182113e-08,9.056302737276444e-08,8.131780531399958e-08,7.252812293215162e-08,6.505144447391778e-08,5.996341945639573e-08,5.8152853676298085e-08,5.996341945639573e-08,6.505144447391778e-08,7.252812293215162e-08,8.131780531399958e-08,9.056302737276444e-08,9.989267583182113e-08,1.0944485785449345e-07,1.1965642736348498e-07,1.3093363194287476e-07,1.43356552097168e-07,1.5653572861960173e-07,1.6966031779050587e-07,1.8169628873370854e-07,1.9164501624512964e-07,1.9876908882985078e-07,2.0272330208413813e-07,2.035734025013928e-07,2.0172309057305074e-07,1.977899678718102e-07,1.9247266260113219e-07,1.864402790410337e-07,1.802596001338503e-07,1.743615100797576e-07,1.6903913192065944e-07,1.6446656338468233e-07,1.6072749591201446e-07,1.578455482021992e-07,1.558112420244493e-07,1.5460319508080582e-07,1.5420288140010434e-07
2026-07-30 10:17:08.743067,[93.50916049],2.5468045729805118e-06,2.56042573243751e-06,2.601377159472494e-06,2.6698799830263838e-06,2.7661583301126098e-06,2.890216503139012e-06,3.0415180456429918e-06,3.2185659350968694e-06,3.418395186095335e-06,3.636010639025106e-06,3.863834663302431e-06,4.0912703736363234e-06,4.304529694388843e-06,4.4869097684577e-06,4.619706238122983e-06,4.683903344946005e-06,4.66265613083327e-06,4.544371240372354e-06,4.325922148954321e-06,4.015267257238516e-06,3.632582468009321e-06,3.209097977421527e-06,2.783231632690393e-06,2.3943272158385184e-06,2.075175167127334e-06,1.8452148532911537e-06,1.7065410751693919e-06,1.644320225563734e-06,1.6319863847210448e-06,1.639990246148835e-06,1.64550936901306e-06,1.639990246148835e-06,1.6319863847210448e-06,1.644320225563734e-06,1.7065410751693919e-06,1.8452148532911537e-06,2.075175167127334e-06,2.3943272158385184e-06,2.783231632690393e-06,3.209097977421527e-06,3.632582468009321e-06,4.015267257238516e-06,4.325922148954321e-06,4.544371240372354e-06,4.66265613083327e-06,4.683903344946005e-06,4.619706238122983e-06,4.4869097684577e-06,4.304529694388843e-06,4.0912703736363234e-06,3.863834663302431e-06,3.636010639025106e-06,3.418395186095335e-06,3.2185659350968694e-06,3.0415180456429918e-06,2.890216503139012e-06,2.7661583301126098e-06,2.6698799830263838e-06,2.601377159472494e-06,2.56042573243751e-06,2.5468045729805118e-06
2026-07-30 10:17:08.768614,[93.50916049],2.5468045729805118e-06,2.56042573243751e-06,2.601377159472494e-06,2.6698799830263838e-06,2.7661583301126098e-06,2.890216503139012e-06,3.0415180456429918e-06,3.2185659350968694e-06,3.418395186095335e-06,3.636010639025106e-06,3.863834663302431e-06,4.0912703736363234e-06,4.304529694388843e-06,4.4869097684577e-06,4.619706238122983e-06,4.683903344946005e-06,4.66265613083327e-06,4.544371240372354e-06,4.325922148954321e-06,4.015267257238516e-06,3.632582468009321e-06,3.209097977421527e-06,2.783231632690393e-06,2.3943272158385184e-06,2.075175167127334e-06,1.8452148532911537e-06,1.7065410751693919e-06,1.644320225563734e-06,1.6319863847210448e-06,1.639990246148835e-06,1.64550936901306e-06,1.639990246148835e-06,1.6319863847210448e-06,1.644320225563734e-06,1.7065410751693919e-06,1.8452148532911537e-06,2.075175167127334e-06,2.3943272158385184e-06,2.783231632690393e-06,3.209097977421527e-06,3.632582468009321e-06,4.015267257238516e-06,4.325922148954321e-06,4.544371240372354e-06,4.66265613083327e-06,4.683903344946005e-06,4.619706238122983e-06,4.4869097684577e-06,4.304529694388843e-06,4.0912703736363234e-06,3.863834663302431e-06,3.636010639025106e-06,3.418395186095335e-06,3.2185659350968694e-06,3.0415180456429918e-06,2.890216503139012e-06,2.7661583301126098e-06,2.6698799830263838e-06,2.601377159472494e-06,2.56042573243751e-06,2.5468045729805118e-06
2026-07-30 10:17:09.748546,[93.45183065],2.589190793824849e-06,2.6029513145906527e-06,2.6443134749355824e-06,2.7134751040467417e-06,2.8106173999226687e-06,2.935676249971657e-06,3.0880138985081437e-06,3.2659914947078684e-06,3.4664560579649856e-06,3.6841780203350114e-06,3.911308409836676e-06,4.136965752279573e-06,4.347105016751132e-06,4.524851205434238e-06,4.651478744114332e-06,4.708161201830638e-06,4.6784842735298075e-06,4.5515045213940865e-06,4.324873600002797e-06,4.0072997226548515e-06,3.619489072421636e-06,3.192814500990117e-06,2.765372716451701e-06,2.3757907172302514e-06,2.055964736465274e-06,1.8245729960024074e-06,1.6833740973519492e-06,1.6177732048551835e-06,1.601947264586076e-06,1.6073124308498813e-06,1.6118485548359598e-06,1.6073124308498813e-06,1.601947264586076e-06,1.6177732048551835e-06,1.6833740973519492e-06,1.8245729960024074e-06,2.055964736465274e-06,2.3757907172302514e-06,2.765372716451701e-06,3.192814500990117e-06,3.619489072421636e-06,4.0072997226548515e-06,4.324873600002797e-06,4.5515045213940865e-06,4.6784842735298075e-06,4.708161201830638e-06,4.651478744114332e-06,4.524851205434238e-06,4.347105016751132e-06,4.136965752279573e-06,3.911308409836676e-06,3.6841780203350114e-06,3.4664560579649856e-06,3.2659914947078684e-06,3.0880138985081437e-06,2.935676249971657e-06,2.8106173999226687e-06,2.7134751040467417e-06,2.6443134749355824e-06,2.6029513145906527e-06,2.589190793824849e-06
2026-07-30 10:17:09.772123,[66.44094067],1.7523208531988977e-09,1.7595600198972842e-09,1.7813556215551236e-09,1.817934436373017e-09,1.869650865836153e-09,1.936956253498321e-09,2.020362712380778e-09,2.1204021603165144e-09,2.2375731336495505e-09,2.3722560422075804e-09,2.524566672730393e-09,2.694118242385999e-09,2.8796890530363353e-09,3.0788595781778527e-09,3.2877903456038816e-09,3.5014322328311305e-09,3.7145261774922873e-09,3.9236608770476045e-09,4.130324890649071e-09,4.344304605383127e-09,4.586089326754615e-09,4.886477713267097e-09,5.281758587296734e-09,5.803966934090022e-09,6.467707428976146e-09,7.257257590884828e-09,8.119044768559082e-09,8.964097363753844e-09,9.682319692266154e-09,1.0166148159819696e-08,1.0337025013096329e-08,1.0166148159819696e-08,9.682319692266154e-09,8.964097363753844e-09,8.119044768559082e-09,7.257257590884828e-09,6.467707428976146e-09,5.803966934090022e-09,5.281758587296734e-09,4.886477713267097e-09,4.586089326754615e-09,4.344304605383127e-09,4.130324890649071e-09,3.9236608770476045e-09,3.7145261774922873e-09,3.5014322328311305e-09,3.2877903456038816e-09,3.0788595781778527e-09,2.8796890530363353e-09,2.694118242385999e-09,2.524566672730393e-09,2.3722560422075804e-09,2.2375731336495505e-09,2.1204021603165144e-09,2.020362712380778e-09,1.936956253498321e-09,1.869650865836153e-09,1.817934436373017e-09,1.7813556215551236e-09,1.7595600198972842e-09,1.7523208531988977e-09
2026-07-30 10:17:09.797039,[66.44094067],1.7523208531988977e-09,1.7595600198972842e-09,1.7813556215551236e-09,1.817934436373017e-09,1.869650865836153e-09,1.936956253498321e-09,2.020362712380778e-09,2.1204021603165144e-09,2.2375731336495505e-09,2.3722560422075804e-09,2.524566672730393e-09,2.694118242385999e-09,2.8796890530363353e-09,3.0788595781778527e-09,3.2877903456038816e-09,3.5014322328311305e-09,3.7145261774922873e-09,3.9236608770476045e-09,4.130324890649071e-09,4.344304605383127e-09,4.586089326754615e-09,4.886477713267097e-09,5.281758587296734e-09,5.803966934090022e-09,6.467707428976146e-09,7.257257590884828e-09,8.119044768559082e-09,8.964097363753844e-09,9.682319692266154e-09,1.0166148159819696e-08,1.0337025013096329e-08,1.0166148159819696e-08,9.682319692266154e-09,8.964097363753844e-09,8.119044768559082e-09,7.257257590884828e-09,6.467707428976146e-09,5.803966934090022e-09,5.281758587296734e-09,4.886477713267097e-09,4.586089326754615e-09,4.344304605383127e-09,4.130324890649071e-09,3.9236608770476045e-09,3.7145261774922873e-09,3.5014322328311305e-09,3.2877903456038816e-09,3.0788595781778527e-09,2.8796890530363353e-09,2.694118242385999e-09,2.524566672730393e-09,2.3722560422075804e-09,2.2375731336495505e-09,2.1204021603165144e-09,2.020362712380778e-09,1.936956253498321e-09,1.869650865836153e-09,1.817934436373017e-09,1.7813556215551236e-09,1.7595600198972842e-09,1.7523208531988977e-09
2026-07-30 10:17:10.752340,[93.38274541],2.6251835461207887e-06,2.6390291491322466e-06,2.6806388890057854e-06,2.7501865856557647e-06,2.847810132402786e-06,2.973378183032633e-06,3.1261561300822754e-06,3.304373132784361e-06,3.504705806721583e-06,3.7217177846265355e-06,3.947328028937873e-06,4.1704217745879335e-06,4.376758679691236e-06,4.54935929007737e-06,4.669543420796157e-06,4.718730090322196e-06,4.680971008269866e-06,4.545978333990138e-06,4.3121529218203385e-06,3.988890285899752e-06,3.5973388762820745e-06,3.1689143938655993e-06,2.741296947994302e-06,2.352319838726133e-06,2.0329350503768246e-06,1.8010370683634872e-06,1.65804696271694e-06,1.5896189885545053e-06,1.5706859633490954e-06,1.5736396807369212e-06,1.577267977696097e-06,1.5736396807369212e-06,1.5706859633490954e-06,1.5896189885545053e-06,1.65804696271694e-06,1.8010370683634872e-06,2.0329350503768246e-06,2.352319838726133e-06,2.741296947994302e-06,3.1689143938655993e-06,3.5973388762820745e-06,3.988890285899752e-06,4.3121529218203385e-06,4.545978333990138e-06,4.680971008269866e-06,4.718730090322196e-06,4.669543420796157e-06,4.54935929007737e-06,4.376758679691236e-06,4.1704217745879335e-06,3.947328028937873e-06,3.7217177846265355e-06,3.504705806721583e-06,3.304373132784361e-06,3.1261561300822754e-06,2.973378183032633e-06,2.847810132402786e-06,2.7501865856557647e-06,2.6806388890057854e-06,2.6390291491322466e-06,2.6251835461207887e-06
2026-07-30 10:17:10.777239,[67.61924569],2.6078254151800636e-09,2.6184668426277774e-09,2.6505884233855655e-09,2.70481138362537e-09,2.782272525888814e-09,2.884785384137848e-09,3.01507009106862e-09,3.177024086427987e-09,3.375954515425203e-09,3.6186200753715125e-09,3.91285222547721e-09,4.266481144162636e-09,4.685339205797373e-09,5.170318102404056e-09,5.713849404094424e-09,6.2967162229503285e-09,6.886614397055613e-09,7.44006903554538e-09,7.908841944785897e-09,8.250648655692283e-09,8.442022189529287e-09,8.489198310655712e-09,8.432017376281122e-09,8.337030027084282e-09,8.27951536860376e-09,8.318995388779378e-09,8.476934948672816e-09,8.726254651429144e-09,8.998745736150168e-09,9.209333982890759e-09,9.288444467957102e-09,9.209333982890759e-09,8.998745736150168e-09,8.726254651429144e-09,8.476934948672816e-09,8.318995388779378e-09,8.27951536860376e-09,8.337030027084282e-09,8.432017376281122e-09,8.489198310655712e-09,8.442022189529287e-09,8.250648655692283e-09,7.908841944785897e-09,7.44006903554538e-09,6.886614397055613e-09,6.2967162229503285e-09,5.713849404094424e-09,5.170318102404056e-09,4.685339205797373e-09,4.266481144162636e-09,3.91285222547721e-09,3.6186200753715125e-09,3.375954515425203e-09,3.177024086427987e-09,3.01507009106862e-09,2.884785384137848e-09,2.782272525888814e-09,2.70481138362537e-09,2.6505884233855655e-09,2.6184668426277774e-09,2.6078254151800636e-09
2026-07-30 10:17:10.801250,[67.61924569],2.6078254151800636e-09,2.6184668426277774e-09,2.6505884233855655e-09,2.70481138362537e-09,2.782272525888814e-09,2.884785384137848e-09,3.01507009106862e-09,3.177024086427987e-09,3.375954515425203e-09,3.6186200753715125e-09,3.91285222547721e-09,4.266481144162636e-09,4.685339205797373e-09,5.170318102404056e-09,5.713849404094424e-09,6.2967162229503285e-09,6.886614397055613e-09,7.44006903554538e-09,7.908841944785897e-09,8.250648655692283e-09,8.442022189529287e-09,8.489198310655712e-09,8.432017376281122e-09,8.337030027084282e-09,8.27951536860376e-09,8.318995388779378e-09,8.476934948672816e-09,8.726254651429144e-09,8.998745736150168e-09,9.209333982890759e-09,9.288444467957102e-09,9.209333982890759e-09,8.998745736150168e-09,8.726254651429144e-09,8.476934948672816e-09,8.318995388779378e-09,8.27951536860376e-09,8.337030027084282e-09,8.432017376281122e-09,8.489198310655712e-09,8.442022189529287e-09,8.250648655692283e-09,7.908841944785897e-09,7.44006903554538e-09,6.886614397055613e-09,6.2967162229503285e-09,5.713849404094424e-09,5.170318102404056e-09,4.685339205797373e-09,4.266481144162636e-09,3.91285222547721e-09,3.6186200753715125e-09,3.375954515425203e-09,3.177024086427987e-09,3.01507009106862e-09,2.884785384137848e-09,2.782272525888814e-09,2.70481138362537e-09,2.6505884233855655e-09,2.6184668426277774e-09,2.6078254151800636e-09
2026-07-30 10:17:11.749958,[93.32318364],2.6678031381805923e-06,2.681743232038333e-06,2.723627734580256e-06,2.793603437417306e-06,2.8917602905442396e-06,3.017894136649272e-06,3.1711680860922833e-06,3.34967553068035e-06,3.5499223368134212e-06,3.7662700722073834e-06,3.9904162490532165e-06,4.211028305192941e-06,4.413687212592743e-06,4.581319885593217e-06,4.695287134651398e-06,4.73722427311276e-06,4.691589513636725e-06,4.548663985041279e-06,4.307499829263722e-06,3.978099071876365e-06,3.5820237964596637e-06,3.1507857299933924e-06,2.7217927493125266e-06,2.3322976181719114e-06,2.0125349643792188e-06,1.7797823966602293e-06,1.6351644059973607e-06,1.5644708611139078e-06,1.5431498554564082e-06,1.5442805422327495e-06,1.54722670011584e-06,1.5442805422327495e-06,1.5431498554564082e-06,1.5644708611139078e-06,1.6351644059973607e-06,1.7797823966602293e-06,2.0125349643792188e-06,2.3322976181719114e-06,2.7217927493125266e-06,3.1507857299933924e-06,3.5820237964596637e-06,3.978099071876365e-06,4.307499829263722e-06,4.548663985041279e-06,4.691589513636725e-06,4.73722427311276e-06,4.695287134651398e-06,4.581319885593217e-06,4.413687212592743e-06,4.211028305192941e-06,3.9904162490532165e-06,3.7662700722073834e-06,3.5499223368134212e-06,3.34967553068035e-06,3.1711680860922833e-06,3.017894136649272e-06,2.8917602905442396e-06,2.793603437417306e-06,2.723627734580256e-06,2.681743232038333e-06,2.6678031381805923e-06
2026-07-30 10:17:11.774392,[66.07429285],3.757531356782934e-09,3.771372153761537e-09,3.813285080461184e-09,3.884474036201385e-09,3.987052408950999e-09,4.124197467534171e-09,4.30034285650051e-09,4.521359152189687e-09,4.794624978465008e-09,5.12883101784126e-09,5.533303521662464e-09,6.016615676943837e-09,6.584321199448292e-09,7.235841827307322e-09,7.960888567457658e-09,8.736250271080444e-09,9.524201691816986e-09,1.0273935238064915e-08,1.092705193108665e-08,1.142711637887551e-08,1.1731720899964856e-08,1.1823914300518931e-08,1.1719007148692916e-08,1.1463400721381886e-08,1.1124432262213924e-08,1.0773662070950807e-08,1.0469119147043848e-08,1.0243117192747736e-08,1.0100388361163062e-08,1.0026927456468243e-08,1.0005018457095709e-08,1.0026927456468243e-08,1.0100388361163062e-08,1.0243117192747736e-08,1.0469119147043848e-08,1.0773662070950807e-08,1.1124432262213924e-08,1.1463400721381886e-08,1.1719007148692916e-08,1.1823914300518931e-08,1.1731720899964856e-08,1.142711637887551e-08,1.092705193108665e-08,1.0273935238064915e-08,9.524201691816986e-09,8.736250271080444e-09,7.960888567457658e-09,7.235841827307322e-09,6.584321199448292e-09,6.016615676943837e-09,5.533303521662464e-09,5.12883101784126e-09,4.794624978465008e-09,4.521359152189687e-09,4.30034285650051e-09,4.124197467534171e-09,3.987052408950999e-09,3.884474036201385e-09,3.813285080461184e-09,3.771372153761537e-09,3.757531356782934e-09
2026-07-30 10:17:11.800805,[66.07429285],3.757531356782934e-09,3.771372153761537e-09,3.813285080461184e-09,3.884474036201385e-09,3.987052408950999e-09,4.124197467534171e-09,4.30034285650051e-09,4.521359152189687e-09,4.794624978465008e-09,5.12883101784126e-09,5.533303521662464e-09,6.016615676943837e-09,6.584321199448292e-09,7.235841827307322e-09,7.960888567457658e-09,8.736250271080444e-09,9.524201691816986e-09,1.0273935238064915e-08,1.092705193108665e-08,1.142711637887551e-08,1.1731720899964856e-08,1.1823914300518931e-08,1.1719007148692916e-08,1.1463400721381886e-08,1.1124432262213924e-08,1.0773662070950807e-08,1.0469119147043848e-08,1.0243117192747736e-08,1.0100388361163062e-08,1.0026927456468243e-08,1.0005018457095709e-08,1.0026927456468243e-08,1.0100388361163062e-08,1.0243117192747736e-08,1.0469119147043848e-08,1.0773662070950807e-08,1.1124432262213924e-08,1.1463400721381886e-08,1.1719007148692916e-08,1.1823914300518931e-08,1.1731720899964856e-08,1.142711637887551e-08,1.092705193108665e-08,1.0273935238064915e-08,9.524201691816986e-09,8.736250271080444e-09,7.960888567457658e-09,7.235841827307322e-09,6.584321199448292e-09,6.016615676943837e-09,5.533303521662464e-09,5.12883101784126e-09,4.794624978465008e-09,4.521359152189687e-09,4.30034285650051e-09,4.124197467534171e-09,3.987052408950999e-09,3.884474036201385e-09,3.813285080461184e-09,3.771372153761537e-09,3.757531356782934e-09
2026-07-30 10:17:12.744425,[93.24643704],2.70374302379203e-06,2.717750415264668e-06,2.7598302806662803e-06,2.8301090692397374e-06,2.9286403857546984e-06,3.0551643417973194e-06,3.208764908383542e-06,3.3874293152871036e-06,3.587528760962836e-06,3.8032647491353343e-06,4.02616000666097e-06,4.2447134721847175e-06,4.444376489499353e-06,4.608027284893012e-06,4.717103251783805e-06,4.753475032983271e-06,4.702000084981214e-06,4.5534826655927865e-06,4.307528421698357e-06,3.974585527103858e-06,3.576405107361752e-06,3.1443209028229225e-06,2.715182032315933e-06,2.3254204018156957e-06,2.004430015865998e-06,1.7689289724216706e-06,1.6200148635121186e-06,1.5440741397701406e-06,1.5176420725201932e-06,1.5150425673929376e-06,1.5166213276842226e-06,1.5150425673929376e-06,1.5176420725201932e-06,1.5440741397701406e-06,1.6200148635121186e-06,1.7689289724216706e-06,2.004430015865998e-06,2.3254204018156957e-06,2.715182032315933e-06,3.1443209028229225e-06,3.576405107361752e-06,3.974585527103858e-06,4.307528421698357e-06,4.5534826655927865e-06,4.702000084981214e-06,4.753475032983271e-06,4.717103251783805e-06,4.608027284893012e-06,4.444376489499353e-06,4.2447134721847175e-06,4.02616000666097e-06,3.8032647491353343e-06,3.587528760962836e-06,3.3874293152871036e-06,3.208764908383542e-06,3.0551643417973194e-06,2.9286403857546984e-06,2.8301090692397374e-06,2.7598302806662803e-06,2.717750415264668e-06,2.70374302379203e-06
2026-07-30 10:17:12.769911,[93.24643704],2.70374302379203e-06,2.717750415264668e-06,2.7598302806662803e-06,2.8301090692397374e-06,2.9286403857546984e-06,3.0551643417973194e-06,3.208764908383542e-06,3.3874293152871036e-06,3.587528760962836e-06,3.8032647491353343e-06,4.02616000666097e-06,4.2447134721847175e-06,4.444376489499353e-06,4.608027284893012e-06,4.717103251783805e-06,4.753475032983271e-06,4.702000084981214e-06,4.5534826655927865e-06,4.307528421698357e-06,3.974585527103858e-06,3.576405107361752e-06,3.1443209028229225e-06,2.715182032315933e-06,2.3254204018156957e-06,2.004430015865998e-06,1.7689289724216706e-06,1.6200148635121186e-06,1.5440741397701406e-06,1.5176420725201932e-06,1.5150425673929376e-06,1.5166213276842226e-06,1.5150425673929376e-06,1.5176420725201932e-06,1.5440741397701406e-06,1.6200148635121186e-06,1.7689289724216706e-06,2.004430015865998e-06,2.3254204018156957e-06,2.715182032315933e-06,3.1443209028229225e-06,3.576405107361752e-06,3.974585527103858e-06,4.307528421698357e-06,4.5534826655927865e-06,4.702000084981214e-06,4.753475032983271e-06,4.717103251783805e-06,4.608027284893012e-06,4.444376489499353e-06,4.2447134721847175e-06,4.02616000666097e-06,3.8032647491353343e-06,3.587528760962836e-06,3.3874293152871036e-06,3.208764908383542e-06,3.0551643417973194e-06,2.9286403857546984e-06,2.8301090692397374e-06,2.7598302806662803e-06,2.717750415264668e-06,2.70374302379203e-06
2026-07-30 10:17:12.795066,[66.73261506],3.506946196347305e-09,3.5187369266367096e-09,3.554418779393299e-09,3.614954565393228e-09,3.7020619255644864e-09,3.818380388382344e-09,3.967689442672347e-09,4.15513685519363e-09,4.3873928994524116e-09,4.6725891460851895e-09,5.019844712197891e-09,5.4381577118252295e-09,5.934487554560155e-09,6.511018814510833e-09,7.161900992006444e-09,7.870165545643848e-09,8.605912160911576e-09,9.327027300091986e-09,9.983420716656742e-09,1.0524903357877441e-08,1.0911482412923766e-08,1.1123437508724451e-08,1.116773902625929e-08,1.1077826185615014e-08,1.0905707951470996e-08,1.070827671847119e-08,1.0532417694761593e-08,1.0404524600377982e-08,1.0328538295291e-08,1.0292976972782096e-08,1.0283249870631052e-08,1.0292976972782096e-08,1.0328538295291e-08,1.0404524600377982e-08,1.0532417694761593e-08,1.070827671847119e-08,1.0905707951470996e-08,1.1077826185615014e-08,1.116773902625929e-08,1.1123437508724451e-08,1.0911482412923766e-08,1.0524903357877441e-08,9.983420716656742e-09,9.327027300091986e-09,8.605912160911576e-09,7.870165545643848e-09,7.161900992006444e-09,6.511018814510833e-09,5.934487554560155e-09,5.4381577118252295e-09,5.019844712197891e-09,4.6725891460851895e-09,4.3873928994524116e-09,4.15513685519363e-09,3.967689442672347e-09,3.818380388382344e-09,3.7020619255644864e-09,3.614954565393228e-09,3.554418779393299e-09,3.5187369266367096e-09,3.506946196347305e-09
2026-07-30 10:17:13.755152,[93.16325937],2.7455975626702316e-06,2.75963521338786e-06,2.8017951894208426e-06,2.8721713279238775e-06,2.9707609726826314e-06,3.0972219445605484e-06,3.250527624253634e-06,3.4285254590467935e-06,3.6274199711704987e-06,3.841226878482196e-06,4.061279726323529e-06,4.275910392079933e-06,4.470460739526636e-06,4.6277994781442395e-06,4.729496303194754e-06,4.757725162959488e-06,4.697819165351025e-06,4.541190128212576e-06,4.288094781643368e-06,3.949548090640554e-06,3.547643521905262e-06,3.113722854241674e-06,2.6842755876263067e-06,2.2950801973867988e-06,1.974760726229422e-06,1.739382562553007e-06,1.5897179553040262e-06,1.5122575087365582e-06,1.484013774506942e-06,1.4799581070699573e-06,1.4809809699041433e-06,1.4799581070699573e-06,1.484013774506942e-06,1.5122575087365582e-06,1.5897179553040262e-06,1.739382562553007e-06,1.974760726229422e-06,2.2950801973867988e-06,2.6842755876263067e-06,3.113722854241674e-06,3.547643521905262e-06,3.949548090640554e-06,4.288094781643368e-06,4.541190128212576e-06,4.697819165351025e-06,4.757725162959488e-06,4.729496303194754e-06,4.6277994781442395e-06,4.470460739526636e-06,4.275910392079933e-06,4.061279726323529e-06,3.841226878482196e-06,3.6274199711704987e-06,3.4285254590467935e-06,3.250527624253634e-06,3.0972219445605484e-06,2.9707609726826314e-06,2.8721713279238775e-06,2.8017951894208426e-06,2.75963521338786e-06,2.7455975626702316e-06
2026-07-30 10:17:13.783136,[67.21735012],3.396822881917904e-09,3.4081391288950896e-09,3.4423938805829337e-09,3.5005325299834585e-09,3.5842217159091436e-09,3.695982603780948e-09,3.839362433189916e-09,4.019109783958409e-09,4.241284311726663e-09,4.513186708049734e-09,4.8429509707727146e-09,5.238621743574365e-09,5.706577730712735e-09,6.249292535345619e-09,6.862663560644961e-09,7.53346085531577e-09,8.237757925779954e-09,8.941347511771667e-09,9.602938045523875e-09,1.0180262363368307e-08,1.0638182472094424e-08,1.0956765564071967e-08,1.1136656821294452e-08,1.119939126209231e-08,1.1181756446921086e-08,1.1125561302267559e-08,1.1066256534930625e-08,1.1024688387591681e-08,1.1005181642742035e-08,1.1000405094328993e-08,1.1000302881222813e-08,1.1000405094328993e-08,1.1005181642742035e-08,1.1024688387591681e-08,1.1066256534930625e-08,1.1125561302267559e-08,1.1181756446921086e-08,1.119939126209231e-08,1.1136656821294452e-08,1.0956765564071967e-08,1.0638182472094424e-08,1.0180262363368307e-08,9.602938045523875e-09,8.941347511771667e-09,8.237757925779954e-09,7.53346085531577e-09,6.862663560644961e-09,6.249292535345619e-09,5.706577730712735e-09,5.238621743574365e-09,4.8429509707727146e-09,4.513186708049734e-09,4.241284311726663e-09,4.019109783958409e-09,3.839362433189916e-09,3.695982603780948e-09,3.5842217159091436e-09,3.5005325299834585e-09,3.4423938805829337e-09,3.4081391288950896e-09,3.396822881917904e-09
2026-07-30 10:17:13.808272,[67.21735012],3.396822881917904e-09,3.4081391288950896e-09,3.4423938805829337e-09,3.5005325299834585e-09,3.5842217159091436e-09,3.695982603780948e-09,3.839362433189916e-09,4.019109783958409e-09,4.241284311726663e-09,4.513186708049734e-09,4.8429509707727146e-09,5.238621743574365e-09,5.706577730712735e-09,6.249292535345619e-09,6.862663560644961e-09,7.53346085531577e-09,8.237757925779954e-09,8.941347511771667e-09,9.602938045523875e-09,1.0180262363368307e-08,1.0638182472094424e-08,1.0956765564071967e-08,1.1136656821294452e-08,1.119939126209231e-08,1.1181756446921086e-08,1.1125561302267559e-08,1.1066256534930625e-08,1.1024688387591681e-08,1.1005181642742035e-08,1.1000405094328993e-08,1.1000302881222813e-08,1.1000405094328993e-08,1.1005181642742035e-08,1.1024688387591681e-08,1.1066256534930625e-08,1.1125561302267559e-08,1.1181756446921086e-08,1.119939126209231e-08,1.1136656821294452e-08,1.0956765564071967e-08,1.0638182472094424e-08,1.0180262363368307e-08,9.602938045523875e-09,8.941347511771667e-09,8.237757925779954e-09,7.53346085531577e-09,6.862663560644961e-09,6.249292535345619e-09,5.706577730712735e-09,5.238621743574365e-09,4.8429509707727146e-09,4.513186708049734e-09,4.241284311726663e-09,4.019109783958409e-09,3.839362433189916e-09,3.695982603780948e-09,3.5842217159091436e-09,3.5005325299834585e-09,3.4423938805829337e-09,3.4081391288950896e-09,3.396822881917904e-09
2026-07-30 10:17:14.740738,[93.08676157],2.7840770221439617e-06,2.798123000366666e-06,2.8402971892829946e-06,2.9106606862967256e-06,3.0091549692891317e-06,3.1353574158034085e-06,3.288135415036633e-06,3.4652055619652894e-06,3.662620598308145e-06,3.874232588281377e-06,4.091215554335386e-06,4.301770067989957e-06,4.491166569031274e-06,4.642298239136099e-06,4.736888714739556e-06,4.7574161736708294e-06,4.689664090091961e-06,4.525601130849354e-06,4.266068537376196e-06,3.922583861038812e-06,3.517543891198049e-06,3.082304063532702e-06,2.6530509382083635e-06,2.2650034649299996e-06,1.9461125269960995e-06,1.7118450053245614e-06,1.5626199553209911e-06,1.4849075549063122e-06,1.4559978097174e-06,1.4512891173199902e-06,1.4520453228158527e-06,1.4512891173199902e-06,1.4559978097174e-06,1.4849075549063122e-06,1.5626199553209911e-06,1.7118450053245614e-06,1.9461125269960995e-06,2.2650034649299996e-06,2.6530509382083635e-06,3.082304063532702e-06,3.517543891198049e-06,3.922583861038812e-06,4.266068537376196e-06,4.525601130849354e-06,4.689664090091961e-06,4.7574161736708294e-06,4.736888714739556e-06,4.642298239136099e-06,4.491166569031274e-06,4.301770067989957e-06,4.091215554335386e-06,3.874232588281377e-06,3.662620598308145e-06,3.4652055619652894e-06,3.288135415036633e-06,3.1353574158034085e-06,3.0091549692891317e-06,2.9106606862967256e-06,2.8402971892829946e-06,2.798123000366666e-06,2.7840770221439617e-06
2026-07-30 10:17:14.765522,[93.08676157],2.7840770221439617e-06,2.798123000366666e-06,2.8402971892829946e-06,2.9106606862967256e-06,3.0091549692891317e-06,3.1353574158034085e-06,3.288135415036633e-06,3.4652055619652894e-06,3.662620598308145e-06,3.874232588281377e-06,4.091215554335386e-06,4.301770067989957e-06,4.491166569031274e-06,4.642298239136099e-06,4.736888714739556e-06,4.7574161736708294e-06,4.689664090091961e-06,4.525601130849354e-06,4.266068537376196e-06,3.922583861038812e-06,3.517543891198049e-06,3.082304063532702e-06,2.6530509382083635e-06,2.2650034649299996e-06,1.9461125269960995e-06,1.7118450053245614e-06,1.5626199553209911e-06,1.4849075549063122e-06,1.4559978097174e-06,1.4512891173199902e-06,1.4520453228158527e-06,1.4512891173199902e-06,1.4559978097174e-06,1.4849075549063122e-06,1.5626199553209911e-06,1.7118450053245614e-06,1.9461125269960995e-06,2.2650034649299996e-06,2.6530509382083635e-06,3.082304063532702e-06,3.517543891198049e-06,3.922583861038812e-06,4.266068537376196e-06,4.525601130849354e-06,4.689664090091961e-06,4.7574161736708294e-06,4.736888714739556e-06,4.642298239136099e-06,4.491166569031274e-06,4.301770067989957e-06,4.091215554335386e-06,3.874232588281377e-06,3.662620598308145e-06,3.4652055619652894e-06,3.288135415036633e-06,3.1353574158034085e-06,3.0091549692891317e-06,2.9106606862967256e-06,2.8402971892829946e-06,2.798123000366666e-06,2.7840770221439617e-06
2026-07-30 10:17:14.792979,[67.32966261],3.3235866090913927e-09,3.335539262615402e-09,3.371815891959527e-09,3.4336965496262343e-09,3.523392761440855e-09,3.644155527189542e-09,3.80040122066701e-09,3.997814651379686e-09,4.243358039759973e-09,4.545077836533558e-09,4.911568883993472e-09,5.35094722660655e-09,5.869226491170244e-09,6.468115650697217e-09,7.142469787790299e-09,7.87790472045837e-09,8.64935100400175e-09,9.421440024170648e-09,1.015143561570964e-08,1.0794858423874662e-08,1.1313055694161365e-08,1.1681009129736443e-08,1.1893073663340938e-08,1.1964522156900398e-08,1.1927905435801785e-08,1.1825043721866265e-08,1.1697220856777253e-08,1.1576978486253803e-08,1.1484245880457e-08,1.1427553855313311e-08,1.1408685383290548e-08,1.1427553855313311e-08,1.1484245880457e-08,1.1576978486253803e-08,1.1697220856777253e-08,1.1825043721866265e-08,1.1927905435801785e-08,1.1964522156900398e-08,1.1893073663340938e-08,1.1681009129736443e-08,1.1313055694161365e-08,1.0794858423874662e-08,1.015143561570964e-08,9.421440024170648e-09,8.64935100400175e-09,7.87790472045837e-09,7.142469787790299e-09,6.468115650697217e-09,5.869226491170244e-09,5.35094722660655e-09,4.911568883993472e-09,4.545077836533558e-09,4.243358039759973e-09,3.997814651379686e-09,3.80040122066701e-09,3.644155527189542e-09,3.523392761440855e-09,3.4336965496262343e-09,3.371815891959527e-09,3.335539262615402e-09,3.3235866090913927e-09
2026-07-30 10:17:15.737421,[93.06791749],2.7530406193183508e-06,2.7662398434429695e-06,2.805868616429809e-06,2.8719744215258174e-06,2.9644823497516765e-06,3.0829605524178253e-06,3.226289059377405e-06,3.3922388243546833e-06,3.5769834049313586e-06,3.774590207490703e-06,3.976570910550602e-06,4.1716073565412905e-06,4.345601044663907e-06,4.4822073756362795e-06,4.563992183164334e-06,4.574270448571209e-06,4.499546060147761e-06,4.332275627227496e-06,4.0734642728211875e-06,3.7344322559676225e-06,3.337053153064369e-06,2.9119355036603466e-06,2.4944328008353394e-06,2.11896921890598e-06,1.8128065035772536e-06,1.5908212607054405e-06,1.4528818270589873e-06,1.3848864857631679e-06,1.3635229348551974e-06,1.3636221391237294e-06,1.3660321808923994e-06,1.3636221391237294e-06,1.3635229348551974e-06,1.3848864857631679e-06,1.4528818270589873e-06,1.5908212607054405e-06,1.8128065035772536e-06,2.11896921890598e-06,2.4944328008353394e-06,2.9119355036603466e-06,3.337053153064369e-06,3.7344322559676225e-06,4.0734642728211875e-06,4.332275627227496e-06,4.499546060147761e-06,4.574270448571209e-06,4.563992183164334e-06,4.4822073756362795e-06,4.345601044663907e-06,4.1716073565412905e-06,3.976570910550602e-06,3.774590207490703e-06,3.5769834049313586e-06,3.3922388243546833e-06,3.226289059377405e-06,3.0829605524178253e-06,2.9644823497516765e-06,2.8719744215258174e-06,2.805868616429809e-06,2.7662398434429695e-06,2.7530406193183508e-06
2026-07-30 10:17:15.762372,[93.06791749],2.7530406193183508e-06,2.7662398434429695e-06,2.805868616429809e-06,2.8719744215258174e-06,2.9644823497516765e-06,3.0829605524178253e-06,3.226289059377405e-06,3.3922388243546833e-06,3.5769834049313586e-06,3.774590207490703e-06,3.976570910550602e-06,4.1716073565412905e-06,4.345601044663907e-06,4.4822073756362795e-06,4.563992183164334e-06,4.574270448571209e-06,4.499546060147761e-06,4.332275627227496e-06,4.0734642728211875e-06,3.7344322559676225e-06,3.337053153064369e-06,2.9119355036603466e-06,2.4944328008353394e-06,2.11896921890598e-06,1.8128065035772536e-06,1.5908212607054405e-06,1.4528818270589873e-06,1.3848864857631679e-06,1.3635229348551974e-06,1.3636221391237294e-06,1.3660321808923994e-06,1.3636221391237294e-06,1.3635229348551974e-06,1.3848864857631679e-06,1.4528818270589873e-06,1.5908212607054405e-06,1.8128065035772536e-06,2.11896921890598e-06,2.4944328008353394e-06,2.9119355036603466e-06,3.337053153064369e-06,3.7344322559676225e-06,4.0734642728211875e-06,4.332275627227496e-06,4.499546060147761e-06,4.574270448571209e-06,4.563992183164334e-06,4.4822073756362795e-06,4.345601044663907e-06,4.1716073565412905e-06,3.976570910550602e-06,3.774590207490703e-06,3.5769834049313586e-06,3.3922388243546833e-06,3.226289059377405e-06,3.0829605524178253e-06,2.9644823497516765e-06,2.8719744215258174e-06,2.805868616429809e-06,2.7662398434429695e-06,2.7530406193183508e-06
2026-07-30 10:17:15.787571,[83.37879043],1.7796310512082568e-07,1.7842803663244574e-07,1.7984021769603717e-07,1.8224755486442415e-07,1.857154880365824e-07,1.903047826145237e-07,1.9603993255539132e-07,2.0286925027002976e-07,2.1062010149260094e-07,2.189561812058893e-07,2.2734762657310567e-07,2.350678450630648e-07,2.4123126362833637e-07,2.4488161029994085e-07,2.451293712449153e-07,2.413203312348323e-07,2.3319848403773109e-07,2.2101342186480117e-07,2.0552355076293397e-07,1.878686677884114e-07,1.6932748827713278e-07,1.5102540580098978e-07,1.336933377101779e-07,1.1757713371775433e-07,1.0254797762732502e-07,8.837986820583014e-08,7.507649655591643e-08,6.309144452495103e-08,5.3321629312737915e-08,4.6856435829664215e-08,4.45869036924315e-08,4.6856435829664215e-08,5.3321629312737915e-08,6.309144452495103e-08,7.507649655591643e-08,8.837986820583014e-08,1.0254797762732502e-07,1.1757713371775433e-07,1.336933377101779e-07,1.5102540580098978e-07,1.6932748827713278e-07,1.878686677884114e-07,2.0552355076293397e-07,2.2101342186480117e-07,2.3319848403773109e-07,2.413203312348323e-07,2.451293712449153e-07,2.4488161029994085e-07,2.4123126362833637e-07,2.350678450630648e-07,2.2734762657310567e-07,2.189561812058893e-07,2.1062010149260094e-07,2.0286925027002976e-07,1.9603993255539132e-07,1.903047826145237e-07,1.857154880365824e-07,1.8224755486442415e-07,1.7984021769603717e-07,1.7842803663244574e-07,1.7796310512082568e-07
2026-07-30 10:17:16.790400,[92.92236692],2.8559153342878734e-06,2.8699072919496037e-06,2.9118969174300214e-06,2.9818774231509757e-06,3.0796761901057493e-06,3.204709956640551e-06,3.355640710583924e-06,3.5299410347472434e-06,3.723394323235496e-06,3.929581183734433e-06,4.139437358650585e-06,4.341005833849256e-06,4.519536637120579e-06,4.658097026937493e-06,4.73882378797555e-06,4.744861333370515e-06,4.662877580715399e-06,4.4858477627235895e-06,4.215586255496544e-06,3.8643577537107896e-06,3.454895030603171e-06,3.0183589801252173e-06,2.590212060369588e-06,2.2045678338246896e-06,1.8881654494329663e-06,1.6554820626760356e-06,1.506442827815148e-06,1.427635151128858e-06,1.396979740538885e-06,1.3907346092195282e-06,1.390885401142477e-06,1.3907346092195282e-06,1.396979740538885e-06,1.427635151128858e-06,1.506442827815148e-06,1.6554820626760356e-06,1.8881654494329663e-06,2.2045678338246896e-06,2.590212060369588e-06,3.0183589801252173e-06,3.454895030603171e-06,3.8643577537107896e-06,4.215586255496544e-06,4.4858477627235895e-06,4.662877580715399e-06,4.744861333370515e-06,4.73882378797555e-06,4.658097026937493e-06,4.519536637120579e-06,4.341005833849256e-06,4.139437358650585e-06,3.929581183734433e-06,3.723394323235496e-06,3.5299410347472434e-06,3.355640710583924e-06,3.204709956640551e-06,3.0796761901057493e-06,2.9818774231509757e-06,2.9118969174300214e-06,2.8699072919496037e-06,2.8559153342878734e-06
2026-07-30 10:17:17.777672,[92.8282022],2.8844868441232867e-06,2.898413023062033e-06,2.9401945430704795e-06,3.009792299026485e-06,3.1069799407414017e-06,3.231099830710668e-06,3.3807211450380615e-06,3.553209936821654e-06,3.744237776326739e-06,3.947281338048754e-06,4.153198745854097e-06,4.350004665489255e-06,4.522995190643386e-06,4.655380562951766e-06,4.7295506791449705e-06,4.7290092121494606e-06,4.6408614279004585e-06,4.458542986773322e-06,4.184274136243634e-06,3.830584115384549e-06,3.420254818628088e-06,2.9842447660772267e-06,2.5575849999526166e-06,2.173815595215504e-06,1.8590962591610426e-06,1.6274675414912173e-06,1.478674310999751e-06,1.3994157886061971e-06,1.3679561547891123e-06,1.3609883186906833e-06,1.360852859886582e-06,1.3609883186906833e-06,1.3679561547891123e-06,1.3994157886061971e-06,1.478674310999751e-06,1.6274675414912173e-06,1.8590962591610426e-06,2.173815595215504e-06,2.5575849999526166e-06,2.9842447660772267e-06,3.420254818628088e-06,3.830584115384549e-06,4.184274136243634e-06,4.458542986773322e-06,4.6408614279004585e-06,4.7290092121494606e-06,4.7295506791449705e-06,4.655380562951766e-06,4.522995190643386e-06,4.350004665489255e-06,4.153198745854097e-06,3.947281338048754e-06,3.744237776326739e-06,3.553209936821654e-06,3.3807211450380615e-06,3.231099830710668e-06,3.1069799407414017e-06,3.009792299026485e-06,2.9401945430704795e-06,2.898413023062033e-06,2.8844868441232867e-06
2026-07-30 10:17:17.806892,[92.8282022],2.8844868441232867e-06,2.898413023062033e-06,2.9401945430704795e-06,3.009792299026485e-06,3.1069799407414017e-06,3.231099830710668e-06,3.3807211450380615e-06,3.553209936821654e-06,3.744237776326739e-06,3.947281338048754e-06,4.153198745854097e-06,4.350004665489255e-06,4.522995190643386e-06,4.655380562951766e-06,4.7295506791449705e-06,4.7290092121494606e-06,4.6408614279004585e-06,4.458542986773322e-06,4.184274136243634e-06,3.830584115384549e-06,3.420254818628088e-06,2.9842447660772267e-06,2.5575849999526166e-06,2.173815595215504e-06,1.8590962591610426e-06,1.6274675414912173e-06,1.478674310999751e-06,1.3994157886061971e-06,1.3679561547891123e-06,1.3609883186906833e-06,1.360852859886582e-06,1.3609883186906833e-06,1.3679561547891123e-06,1.3994157886061971e-06,1.478674310999751e-06,1.6274675414912173e-06,1.8590962591610426e-06,2.173815595215504e-06,2.5575849999526166e-06,2.9842447660772267e-06,3.420254818628088e-06,3.830584115384549e-06,4.184274136243634e-06,4.458542986773322e-06,4.6408614279004585e-06,4.7290092121494606e-06,4.7295506791449705e-06,4.655380562951766e-06,4.522995190643386e-06,4.350004665489255e-06,4.153198745854097e-06,3.947281338048754e-06,3.744237776326739e-06,3.553209936821654e-06,3.3807211450380615e-06,3.231099830710668e-06,3.1069799407414017e-06,3.009792299026485e-06,2.9401945430704795e-06,2.898413023062033e-06,2.8844868441232867e-06
2026-07-30 10:17:17.832496,[65.15336612],1.7793193382451814e-09,1.7870876642512797e-09,1.8104928101636427e-09,1.8498241166883819e-09,1.9055274392280824e-09,1.978153278409791e-09,2.068288745773882e-09,2.176475913350348e-09,2.303116947792308e-09,2.448363088628352e-09,2.6119822440853805e-09,2.7932034859125113e-09,2.990552710433198e-09,3.2017278130638028e-09,3.4236123820704783e-09,3.652577802426316e-09,3.885238835975533e-09,4.119757228612891e-09,4.357589965027611e-09,4.605257910452939e-09,4.875355561976944e-09,5.18581545190007e-09,5.55660530777021e-09,6.003720464814963e-09,6.531467562942782e-09,7.1252486834600364e-09,7.747754774832757e-09,8.3411039738509e-09,8.835831844112683e-09,9.16518426771942e-09,9.280848684467836e-09,9.16518426771942e-09,8.835831844112683e-09,8.3411039738509e-09,7.747754774832757e-09,7.1252486834600364e-09,6.531467562942782e-09,6.003720464814963e-09,5.55660530777021e-09,5.18581545190007e-09,4.875355561976944e-09,4.605257910452939e-09,4.357589965027611e-09,4.119757228612891e-09,3.885238835975533e-09,3.652577802426316e-09,3.4236123820704783e-09,3.2017278130638028e-09,2.990552710433198e-09,2.7932034859125113e-09,2.6119822440853805e-09,2.448363088628352e-09,2.303116947792308e-09,2.176475913350348e-09,2.068288745773882e-09,1.978153278409791e-09,1.9055274392280824e-09,1.8498241166883819e-09,1.8104928101636427e-09,1.7870876642512797e-09,1.7793193382451814e-09
2026-07-30 10:17:18.789860,[92.72056531],2.901953664221506e-06,2.9157758323648972e-06,2.9572375811988347e-06,3.0262767200788355e-06,3.1226289714062774e-06,3.245585146228919e-06,3.3936517405963155e-06,3.564125535914226e-06,3.752609693673105e-06,3.952524509258693e-06,4.1546990091902465e-06,4.347164838935998e-06,4.515301449007327e-06,4.642486600395905e-06,4.711371072220817e-06,4.705806021667156e-06,4.613301278987777e-06,4.427698652660317e-06,4.151548508194361e-06,3.7975479309175e-06,3.3884123899060055e-06,2.954769544202637e-06,2.5310899473571174e-06,2.1502306257246034e-06,1.8377075725577379e-06,1.6071307253728832e-06,1.4581553224478344e-06,1.3777620382172528e-06,1.3447770763989715e-06,1.3365458061474165e-06,1.3359241656675135e-06,1.3365458061474165e-06,1.3447770763989715e-06,1.3777620382172528e-06,1.4581553224478344e-06,1.6071307253728832e-06,1.8377075725577379e-06,2.1502306257246034e-06,2.5310899473571174e-06,2.954769544202637e-06,3.3884123899060055e-06,3.7975479309175e-06,4.151548508194361e-06,4.427698652660317e-06,4.613301278987777e-06,4.705806021667156e-06,4.711371072220817e-06,4.642486600395905e-06,4.515301449007327e-06,4.347164838935998e-06,4.1546990091902465e-06,3.952524509258693e-06,3.752609693673105e-06,3.564125535914226e-06,3.3936517405963155e-06,3.245585146228919e-06,3.1226289714062774e-06,3.0262767200788355e-06,2.9572375811988347e-06,2.9157758323648972e-06,2.901953664221506e-06
2026-07-30 10:17:18.816139,[66.51539786],2.295685077599974e-09,2.3039623930484626e-09,2.3289707297295953e-09,2.3712435841568808e-09,2.431685348428503e-09,2.5115957899830626e-09,2.612703187405211e-09,2.737194815678157e-09,2.8877168052212813e-09,3.0672926172367545e-09,3.2790867893848114e-09,3.525931444484803e-09,3.809556864644939e-09,4.129544327447465e-09,4.482157623633058e-09,4.85938846202935e-09,5.248706646786292e-09,5.634034853120434e-09,5.99825977245315e-09,6.327095185224493e-09,6.6134123690038394e-09,6.86050766148065e-09,7.082565048721926e-09,7.301124217504292e-09,7.53773168263296e-09,7.804737453335205e-09,8.097609101244341e-09,8.392310158473212e-09,8.649800575275752e-09,8.82694269895443e-09,8.890201157584011e-09,8.82694269895443e-09,8.649800575275752e-09,8.392310158473212e-09,8.097609101244341e-09,7.804737453335205e-09,7.53773168263296e-09,7.301124217504292e-09,7.082565048721926e-09,6.86050766148065e-09,6.6134123690038394e-09,6.327095185224493e-09,5.99825977245315e-09,5.634034853120434e-09,5.248706646786292e-09,4.85938846202935e-09,4.482157623633058e-09,4.129544327447465e-09,3.809556864644939e-09,3.525931444484803e-09,3.2790867893848114e-09,3.0672926172367545e-09,2.8877168052212813e-09,2.737194815678157e-09,2.612703187405211e-09,2.5115957899830626e-09,2.431685348428503e-09,2.3712435841568808e-09,2.3289707297295953e-09,2.3039623930484626e-09,2.295685077599974e-09
2026-07-30 10:17:18.841615,[66.51539786],2.295685077599974e-09,2.3039623930484626e-09,2.3289707297295953e-09,2.3712435841568808e-09,2.431685348428503e-09,2.5115957899830626e-09,2.612703187405211e-09,2.737194815678157e-09,2.8877168052212813e-09,3.0672926172367545e-09,3.2790867893848114e-09,3.525931444484803e-09,3.809556864644939e-09,4.129544327447465e-09,4.482157623633058e-09,4.85938846202935e-09,5.248706646786292e-09,5.634034853120434e-09,5.99825977245315e-09,6.327095185224493e-09,6.6134123690038394e-09,6.86050766148065e-09,7.082565048721926e-09,7.301124217504292e-09,7.53773168263296e-09,7.804737453335205e-09,8.097609101244341e-09,8.392310158473212e-09,8.649800575275752e-09,8.82694269895443e-09,8.890201157584011e-09,8.82694269895443e-09,8.649800575275752e-09,8.392310158473212e-09,8.097609101244341e-09,7.804737453335205e-09,7.53773168263296e-09,7.301124217504292e-09,7.082565048721926e-09,6.86050766148065e-09,6.6134123690038394e-09,6.327095185224493e-09,5.99825977245315e-09,5.634034853120434e-09,5.248706646786292e-09,4.85938846202935e-09,4.482157623633058e-09,4.129544327447465e-09,3.809556864644939e-09,3.525931444484803e-09,3.2790867893848114e-09,3.0672926172367545e-09,2.8877168052212813e-09,2.737194815678157e-09,2.612703187405211e-09,2.5115957899830626e-09,2.431685348428503e-09,2.3712435841568808e-09,2.3289707297295953e-09,2.3039623930484626e-09,2.295685077599974e-09
2026-07-30 10:17:19.784143,[92.64675795],2.9437670056090833e-06,2.957493386668296e-06,2.9986515530069542e-06,3.067130890378238e-06,3.1625874537494278e-06,3.2842035084887273e-06,3.430352949363685e-06,3.5981844092380673e-06,3.7831506463582597e-06,3.978537900331127e-06,4.175080825969344e-06,4.360782300418607e-06,4.5210831815832725e-06,4.639530663704009e-06,4.699058336635178e-06,4.683901914621601e-06,4.582027633400442e-06,4.387760645036783e-06,4.104109359039752e-06,3.7441541259581154e-06,3.330881139413276e-06,2.895054482812484e-06,2.471139143305601e-06,2.091844687344384e-06,1.782399891757064e-06,1.5559919770666586e-06,1.411732292055048e-06,1.3359730660920464e-06,1.30689458915714e-06,1.3012721182863827e-06,1.3015671576930791e-06,1.3012721182863827e-06,1.30689458915714e-06,1.3359730660920464e-06,1.411732292055048e-06,1.5559919770666586e-06,1.782399891757064e-06,2.091844687344384e-06,2.471139143305601e-06,2.895054482812484e-06,3.330881139413276e-06,3.7441541259581154e-06,4.104109359039752e-06,4.387760645036783e-06,4.582027633400442e-06,4.683901914621601e-06,4.699058336635178e-06,4.639530663704009e-06,4.5210831815832725e-06,4.360782300418607e-06,4.175080825969344e-06,3.978537900331127e-06,3.7831506463582597e-06,3.5981844092380673e-06,3.430352949363685e-06,3.2842035084887273e-06,3.1625874537494278e-06,3.067130890378238e-06,2.9986515530069542e-06,2.957493386668296e-06,2.9437670056090833e-06
2026-07-30 10:17:19.809967,[92.64675795],2.9437670056090833e-06,2.957493386668296e-06,2.9986515530069542e-06,3.067130890378238e-06,3.1625874537494278e-06,3.2842035084887273e-06,3.430352949363685e-06,3.5981844092380673e-06,3.7831506463582597e-06,3.978537900331127e-06,4.175080825969344e-06,4.360782300418607e-06,4.5210831815832725e-06,4.639530663704009e-06,4.699058336635178e-06,4.683901914621601e-06,4.582027633400442e-06,4.387760645036783e-06,4.104109359039752e-06,3.7441541259581154e-06,3.330881139413276e-06,2.895054482812484e-06,2.471139143305601e-06,2.091844687344384e-06,1.782399891757064e-06,1.5559919770666586e-06,1.411732292055048e-06,1.3359730660920464e-06,1.30689458915714e-06,1.3012721182863827e-06,1.3015671576930791e-06,1.3012721182863827e-06,1.30689458915714e-06,1.3359730660920464e-06,1.411732292055048e-06,1.5559919770666586e-06,1.782399891757064e-06,2.091844687344384e-06,2.471139143305601e-06,2.895054482812484e-06,3.330881139413276e-06,3.7441541259581154e-06,4.104109359039752e-06,4.387760645036783e-06,4.582027633400442e-06,4.683901914621601e-06,4.699058336635178e-06,4.639530663704009e-06,4.5210831815832725e-06,4.360782300418607e-06,4.175080825969344e-06,3.978537900331127e-06,3.7831506463582597e-06,3.5981844092380673e-06,3.430352949363685e-06,3.2842035084887273e-06,3.1625874537494278e-06,3.067130890378238e-06,2.9986515530069542e-06,2.957493386668296e-06,2.9437670056090833e-06
2026-07-30 10:17:19.837379,[67.74575697],2.715381197548932e-09,2.727546581262271e-09,2.764609309077375e-09,2.828293277915582e-09,2.921548932514344e-09,3.0486551318607508e-09,3.2153245260507847e-09,3.428755254116887e-09,3.6975317360656172e-09,4.0312312280983335e-09,4.439557047719877e-09,4.930823208022956e-09,5.5096975930271724e-09,6.174307450776589e-09,6.91312949332351e-09,7.702475107860692e-09,8.50570409080729e-09,9.275350422138446e-09,9.958907808419731e-09,1.0508006633575715e-08,1.088928141358035e-08,1.1093868633793952e-08,1.1141903218827564e-08,1.107922945234109e-08,1.0965939078004552e-08,1.0859624524670844e-08,1.0798998982654091e-08,1.0794251495601791e-08,1.082835344256708e-08,1.0869075369564346e-08,1.0886633000372884e-08,1.0869075369564346e-08,1.082835344256708e-08,1.0794251495601791e-08,1.0798998982654091e-08,1.0859624524670844e-08,1.0965939078004552e-08,1.107922945234109e-08,1.1141903218827564e-08,1.1093868633793952e-08,1.088928141358035e-08,1.0508006633575715e-08,9.958907808419731e-09,9.275350422138446e-09,8.50570409080729e-09,7.702475107860692e-09,6.91312949332351e-09,6.174307450776589e-09,5.5096975930271724e-09,4.930823208022956e-09,4.439557047719877e-09,4.0312312280983335e-09,3.6975317360656172e-09,3.428755254116887e-09,3.2153245260507847e-09,3.0486551318607508e-09,2.921548932514344e-09,2.828293277915582e-09,2.764609309077375e-09,2.727546581262271e-09,2.715381197548932e-09
2026-07-30 10:17:20.784189,[92.55028528],2.966231613539046e-06,2.9798438256494963e-06,3.020649720103661e-06,3.088509698758378e-06,3.1830326928101128e-06,3.303337973113054e-06,3.4477246792128843e-06,3.6132616530312143e-06,3.795326874631213e-06,3.987150541458057e-06,4.1794470094912206e-06,4.360253344727242e-06,4.515116551865139e-06,4.627773653024019e-06,4.681432326753851e-06,4.660670979400941e-06,4.553832309195296e-06,4.3555989949209576e-06,4.0692545673580215e-06,3.7080108731282063e-06,3.2947997758893625e-06,2.8601380477272434e-06,2.438087665830554e-06,2.060878695739045e-06,1.7532884720374256e-06,1.528182893002711e-06,1.3845505397677948e-06,1.3088306454411138e-06,1.2794479613337212e-06,1.2734790699414792e-06,1.2736278720267566e-06,1.2734790699414792e-06,1.2794479613337212e-06,1.3088306454411138e-06,1.3845505397677948e-06,1.528182893002711e-06,1.7532884720374256e-06,2.060878695739045e-06,2.438087665830554e-06,2.8601380477272434e-06,3.2947997758893625e-06,3.7080108731282063e-06,4.0692545673580215e-06,4.3555989949209576e-06,4.553832309195296e-06,4.660670979400941e-06,4.681432326753851e-06,4.627773653024019e-06,4.515116551865139e-06,4.360253344727242e-06,4.1794470094912206e-06,3.987150541458057e-06,3.795326874631213e-06,3.6132616530312143e-06,3.4477246792128843e-06,3.303337973113054e-06,3.1830326928101128e-06,3.088509698758378e-06,3.020649720103661e-06,2.9798438256494963e-06,2.966231613539046e-06
2026-07-30 10:17:20.812313,[92.55028528],2.966231613539046e-06,2.9798438256494963e-06,3.020649720103661e-06,3.088509698758378e-06,3.1830326928101128e-06,3.303337973113054e-06,3.4477246792128843e-06,3.6132616530312143e-06,3.795326874631213e-06,3.987150541458057e-06,4.1794470094912206e-06,4.360253344727242e-06,4.515116551865139e-06,4.627773653024019e-06,4.681432326753851e-06,4.660670979400941e-06,4.553832309195296e-06,4.3555989949209576e-06,4.0692545673580215e-06,3.7080108731282063e-06,3.2947997758893625e-06,2.8601380477272434e-06,2.438087665830554e-06,2.060878695739045e-06,1.7532884720374256e-06,1.528182893002711e-06,1.3845505397677948e-06,1.3088306454411138e-06,1.2794479613337212e-06,1.2734790699414792e-06,1.2736278720267566e-06,1.2734790699414792e-06,1.2794479613337212e-06,1.3088306454411138e-06,1.3845505397677948e-06,1.528182893002711e-06,1.7532884720374256e-06,2.060878695739045e-06,2.438087665830554e-06,2.8601380477272434e-06,3.2947997758893625e-06,3.7080108731282063e-06,4.0692545673580215e-06,4.3555989949209576e-06,4.553832309195296e-06,4.660670979400941e-06,4.681432326753851e-06,4.627773653024019e-06,4.515116551865139e-06,4.360253344727242e-06,4.1794470094912206e-06,3.987150541458057e-06,3.795326874631213e-06,3.6132616530312143e-06,3.4477246792128843e-06,3.303337973113054e-06,3.1830326928101128e-06,3.088509698758378e-06,3.020649720103661e-06,2.9798438256494963e-06,2.966231613539046e-06
2026-07-30 10:17:20.837446,[65.67849642],2.050271292602618e-09,2.0569118250375034e-09,2.076872372330698e-09,2.110260189380766e-09,2.157222765740359e-09,2.217903601997238e-09,2.292386266302354e-09,2.3806340267317964e-09,2.4824360628067746e-09,2.59737566160786e-09,2.724840362226334e-09,2.8640975977772984e-09,3.0144600274483814e-09,3.175559447540773e-09,3.347732989644131e-09,3.5324962260874286e-09,3.73303267700853e-09,3.954571132038009e-09,4.204463366996724e-09,4.491739030198824e-09,4.825934812075552e-09,5.2151039949984855e-09,5.663124043415437e-09,6.166708704022564e-09,6.712820303333148e-09,7.277348810178221e-09,7.82585470519743e-09,8.316796999714597e-09,8.707031433487027e-09,8.958640209118044e-09,9.045599244230433e-09,8.958640209118044e-09,8.707031433487027e-09,8.316796999714597e-09,7.82585470519743e-09,7.277348810178221e-09,6.712820303333148e-09,6.166708704022564e-09,5.663124043415437e-09,5.2151039949984855e-09,4.825934812075552e-09,4.491739030198824e-09,4.204463366996724e-09,3.954571132038009e-09,3.73303267700853e-09,3.5324962260874286e-09,3.347732989644131e-09,3.175559447540773e-09,3.0144600274483814e-09,2.8640975977772984e-09,2.724840362226334e-09,2.59737566160786e-09,2.4824360628067746e-09,2.3806340267317964e-09,2.292386266302354e-09,2.217903601997238e-09,2.157222765740359e-09,2.110260189380766e-09,2.076872372330698e-09,2.0569118250375034e-09,2.050271292602618e-09
2026-07-30 10:17:21.779805,[92.45500301],2.988195519086298e-06,3.0016606402283736e-06,3.0420140871529464e-06,3.1090832451939774e-06,3.2024238814518554e-06,3.321085326911159e-06,3.463285775847632e-06,3.6260110694792096e-06,3.8045668267472047e-06,3.992137933331659e-06,4.1794395459238994e-06,4.354574899478994e-06,4.503238020729371e-06,4.609400446312968e-06,4.656584525163063e-06,4.62973867039583e-06,4.5175886737686846e-06,4.315158798916952e-06,4.025975949924054e-06,3.6633518379349618e-06,3.2501537655332e-06,2.8166807511130135e-06,2.396666140731825e-06,2.021963298074943e-06,1.716991076583198e-06,1.49432740962357e-06,1.3527700024036565e-06,1.2786628119286537e-06,1.250407897978159e-06,1.2450986657498095e-06,1.2454637503843588e-06,1.2450986657498095e-06,1.250407897978159e-06,1.2786628119286537e-06,1.3527700024036565e-06,1.49432740962357e-06,1.716991076583198e-06,2.021963298074943e-06,2.396666140731825e-06,2.8166807511130135e-06,3.2501537655332e-06,3.6633518379349618e-06,4.025975949924054e-06,4.315158798916952e-06,4.5175886737686846e-06,4.62973867039583e-06,4.656584525163063e-06,4.609400446312968e-06,4.503238020729371e-06,4.354574899478994e-06,4.1794395459238994e-06,3.992137933331659e-06,3.8045668267472047e-06,3.6260110694792096e-06,3.463285775847632e-06,3.321085326911159e-06,3.2024238814518554e-06,3.1090832451939774e-06,3.0420140871529464e-06,3.0016606402283736e-06,2.988195519086298e-06
2026-07-30 10:17:21.804078,[92.45500301],2.988195519086298e-06,3.0016606402283736e-06,3.0420140871529464e-06,3.1090832451939774e-06,3.2024238814518554e-06,3.321085326911159e-06,3.463285775847632e-06,3.6260110694792096e-06,3.8045668267472047e-06,3.992137933331659e-06,4.1794395459238994e-06,4.354574899478994e-06,4.503238020729371e-06,4.609400446312968e-06,4.656584525163063e-06,4.62973867039583e-06,4.5175886737686846e-06,4.315158798916952e-06,4.025975949924054e-06,3.6633518379349618e-06,3.2501537655332e-06,2.8166807511130135e-06,2.396666140731825e-06,2.021963298074943e-06,1.716991076583198e-06,1.49432740962357e-06,1.3527700024036565e-06,1.2786628119286537e-06,1.250407897978159e-06,1.2450986657498095e-06,1.2454637503843588e-06,1.2450986657498095e-06,1.250407897978159e-06,1.2786628119286537e-06,1.3527700024036565e-06,1.49432740962357e-06,1.716991076583198e-06,2.021963298074943e-06,2.396666140731825e-06,2.8166807511130135e-06,3.2501537655332e-06,3.6633518379349618e-06,4.025975949924054e-06,4.315158798916952e-06,4.5175886737686846e-06,4.62973867039583e-06,4.656584525163063e-06,4.609400446312968e-06,4.503238020729371e-06,4.354574899478994e-06,4.1794395459238994e-06,3.992137933331659e-06,3.8045668267472047e-06,3.6260110694792096e-06,3.463285775847632e-06,3.321085326911159e-06,3.2024238814518554e-06,3.1090832451939774e-06,3.0420140871529464e-06,3.0016606402283736e-06,2.988195519086298e-06
2026-07-30 10:17:21.830200,[65.75262099],2.160384954758815e-09,2.1674270160083545e-09,2.1885986507510726e-09,2.2240200125589223e-09,2.2738377902561087e-09,2.3381468904774965e-09,2.4168867098457332e-09,2.5097220418123625e-09,2.615926803349752e-09,2.7342994067971004e-09,2.8631501047417256e-09,3.0004095566571544e-09,3.1439087486402166e-09,3.2918662868956027e-09,3.4435832075917487e-09,3.600284284391969e-09,3.7659622507181665e-09,3.9479926271112525e-09,4.1572201464259e-09,4.407210807679646e-09,4.712453248947534e-09,5.085498874764977e-09,5.5333357413706e-09,6.053632979916749e-09,6.63176420833696e-09,7.239597679190553e-09,7.836835119052866e-09,8.375176493906963e-09,8.804879522179943e-09,9.082565141449651e-09,9.178630740062038e-09,9.082565141449651e-09,8.804879522179943e-09,8.375176493906963e-09,7.836835119052866e-09,7.239597679190553e-09,6.63176420833696e-09,6.053632979916749e-09,5.5333357413706e-09,5.085498874764977e-09,4.712453248947534e-09,4.407210807679646e-09,4.1572201464259e-09,3.9479926271112525e-09,3.7659622507181665e-09,3.600284284391969e-09,3.4435832075917487e-09,3.2918662868956027e-09,3.1439087486402166e-09,3.0004095566571544e-09,2.8631501047417256e-09,2.7342994067971004e-09,2.615926803349752e-09,2.5097220418123625e-09,2.4168867098457332e-09,2.3381468904774965e-09,2.2738377902561087e-09,2.2240200125589223e-09,2.1885986507510726e-09,2.1674270160083545e-09,2.160384954758815e-09
2026-07-30 10:17:22.792986,[92.36304131],3.0068968394315337e-06,3.020223432933661e-06,3.0601518806299412e-06,3.1264817655371073e-06,3.2187241515528087e-06,3.3358697034987817e-06,3.4760689881815605e-06,3.636238988816341e-06,3.811626183659736e-06,3.995380186443007e-06,4.178221213051876e-06,4.348314560215394e-06,4.4914867725332445e-06,4.591918146344357e-06,4.633409556083825e-06,4.601235680527908e-06,4.484458496532258e-06,4.278398974931974e-06,3.98678928018669e-06,3.6230127672207276e-06,3.2098548863996712e-06,2.7773900472791294e-06,2.3590260085356904e-06,1.986253471561839e-06,1.6831613176674e-06,1.4620872375720616e-06,1.321708031334215e-06,1.2483622638786868e-06,1.220529063787379e-06,1.2154113569437024e-06,1.2158286677052297e-06,1.2154113569437024e-06,1.220529063787379e-06,1.2483622638786868e-06,1.321708031334215e-06,1.4620872375720616e-06,1.6831613176674e-06,1.986253471561839e-06,2.3590260085356904e-06,2.7773900472791294e-06,3.2098548863996712e-06,3.6230127672207276e-06,3.98678928018669e-06,4.278398974931974e-06,4.484458496532258e-06,4.601235680527908e-06,4.633409556083825e-06,4.591918146344357e-06,4.4914867725332445e-06,4.348314560215394e-06,4.178221213051876e-06,3.995380186443007e-06,3.811626183659736e-06,3.636238988816341e-06,3.4760689881815605e-06,3.3358697034987817e-06,3.2187241515528087e-06,3.1264817655371073e-06,3.0601518806299412e-06,3.020223432933661e-06,3.0068968394315337e-06
2026-07-30 10:17:22.816806,[65.38419352],2.195135451413874e-09,2.202354893794962e-09,2.2240701173665132e-09,2.2604371435299616e-09,2.3116676960538383e-09,2.377959018448993e-09,2.459401037545582e-09,2.5558680834767033e-09,2.666906577234605e-09,2.791635352737056e-09,2.9286815028243647e-09,3.076181721244491e-09,3.2318866225351724e-09,3.393411756917379e-09,3.5586794126044654e-09,3.7265807536750125e-09,3.8978450594006916e-09,4.07601879399457e-09,4.2683298439961335e-09,4.486065148099484e-09,4.743983720312379e-09,5.0583141148023695e-09,5.443136830638676e-09,5.9054584876317584e-09,6.439953614197394e-09,7.024945070127807e-09,7.621393979980604e-09,8.176212305905348e-09,8.630066353763873e-09,8.928312094204876e-09,9.032369288859093e-09,8.928312094204876e-09,8.630066353763873e-09,8.176212305905348e-09,7.621393979980604e-09,7.024945070127807e-09,6.439953614197394e-09,5.9054584876317584e-09,5.443136830638676e-09,5.0583141148023695e-09,4.743983720312379e-09,4.486065148099484e-09,4.2683298439961335e-09,4.07601879399457e-09,3.8978450594006916e-09,3.7265807536750125e-09,3.5586794126044654e-09,3.393411756917379e-09,3.2318866225351724e-09,3.076181721244491e-09,2.9286815028243647e-09,2.791635352737056e-09,2.666906577234605e-09,2.5558680834767033e-09,2.459401037545582e-09,2.377959018448993e-09,2.3116676960538383e-09,2.2604371435299616e-09,2.2240701173665132e-09,2.202354893794962e-09,2.195135451413874e-09
2026-07-30 10:17:22.841525,[65.38419352],2.195135451413874e-09,2.202354893794962e-09,2.2240701173665132e-09,2.2604371435299616e-09,2.3116676960538383e-09,2.377959018448993e-09,2.459401037545582e-09,2.5558680834767033e-09,2.666906577234605e-09,2.791635352737056e-09,2.9286815028243647e-09,3.076181721244491e-09,3.2318866225351724e-09,3.393411756917379e-09,3.5586794126044654e-09,3.7265807536750125e-09,3.8978450594006916e-09,4.07601879399457e-09,4.2683298439961335e-09,4.486065148099484e-09,4.743983720312379e-09,5.0583141148023695e-09,5.443136830638676e-09,5.9054584876317584e-09,6.439953614197394e-09,7.024945070127807e-09,7.621393979980604e-09,8.176212305905348e-09,8.630066353763873e-09,8.928312094204876e-09,9.032369288859093e-09,8.928312094204876e-09,8.630066353763873e-09,8.176212305905348e-09,7.621393979980604e-09,7.024945070127807e-09,6.439953614197394e-09,5.9054584876317584e-09,5.443136830638676e-09,5.0583141148023695e-09,4.743983720312379e-09,4.486065148099484e-09,4.2683298439961335e-09,4.07601879399457e-09,3.8978450594006916e-09,3.7265807536750125e-09,3.5586794126044654e-09,3.393411756917379e-09,3.2318866225351724e-09,3.076181721244491e-09,2.9286815028243647e-09,2.791635352737056e-09,2.666906577234605e-09,2.5558680834767033e-09,2.459401037545582e-09,2.377959018448993e-09,2.3116676960538383e-09,2.2604371435299616e-09,2.2240701173665132e-09,2.202354893794962e-09,2.195135451413874e-09
2026-07-30 10:17:23.782348,[92.48099904],3.0425232157359693e-06,3.0552881014072985e-06,3.0935435583754943e-06,3.157123766768925e-06,3.2455911130116875e-06,3.3579938319399114e-06,3.4925304423359478e-06,3.6461355244915313e-06,3.8140201480381835e-06,3.98922753126397e-06,4.162297834234097e-06,4.321168702974415e-06,4.451458615067418e-06,4.537272289381451e-06,4.562614645098945e-06,4.513391047106223e-06,4.379810546843521e-06,4.158822005099284e-06,3.856052098002139e-06,3.486647922961544e-06,3.0745195888663896e-06,2.649759713770888e-06,2.2444550222353536e-06,1.8875963678309516e-06,1.6001822127882978e-06,1.3917402940616754e-06,1.2592686798631574e-06,1.1890384717425043e-06,1.1609458471713388e-06,1.1543737884564014e-06,1.1540547989140337e-06,1.1543737884564014e-06,1.1609458471713388e-06,1.1890384717425043e-06,1.2592686798631574e-06,1.3917402940616754e-06,1.6001822127882978e-06,1.8875963678309516e-06,2.2444550222353536e-06,2.649759713770888e-06,3.0745195888663896e-06,3.486647922961544e-06,3.856052098002139e-06,4.158822005099284e-06,4.379810546843521e-06,4.513391047106223e-06,4.562614645098945e-06,4.537272289381451e-06,4.451458615067418e-06,4.321168702974415e-06,4.162297834234097e-06,3.98922753126397e-06,3.8140201480381835e-06,3.6461355244915313e-06,3.4925304423359478e-06,3.3579938319399114e-06,3.2455911130116875e-06,3.157123766768925e-06,3.0935435583754943e-06,3.0552881014072985e-06,3.0425232157359693e-06
2026-07-30 10:17:23.809881,[92.48099904],3.0425232157359693e-06,3.0552881014072985e-06,3.0935435583754943e-06,3.157123766768925e-06,3.2455911130116875e-06,3.3579938319399114e-06,3.4925304423359478e-06,3.6461355244915313e-06,3.8140201480381835e-06,3.98922753126397e-06,4.162297834234097e-06,4.321168702974415e-06,4.451458615067418e-06,4.537272289381451e-06,4.562614645098945e-06,4.513391047106223e-06,4.379810546843521e-06,4.158822005099284e-06,3.856052098002139e-06,3.486647922961544e-06,3.0745195888663896e-06,2.649759713770888e-06,2.2444550222353536e-06,1.8875963678309516e-06,1.6001822127882978e-06,1.3917402940616754e-06,1.2592686798631574e-06,1.1890384717425043e-06,1.1609458471713388e-06,1.1543737884564014e-06,1.1540547989140337e-06,1.1543737884564014e-06,1.1609458471713388e-06,1.1890384717425043e-06,1.2592686798631574e-06,1.3917402940616754e-06,1.6001822127882978e-06,1.8875963678309516e-06,2.2444550222353536e-06,2.649759713770888e-06,3.0745195888663896e-06,3.486647922961544e-06,3.856052098002139e-06,4.158822005099284e-06,4.379810546843521e-06,4.513391047106223e-06,4.562614645098945e-06,4.537272289381451e-06,4.451458615067418e-06,4.321168702974415e-06,4.162297834234097e-06,3.98922753126397e-06,3.8140201480381835e-06,3.6461355244915313e-06,3.4925304423359478e-06,3.3579938319399114e-06,3.2455911130116875e-06,3.157123766768925e-06,3.0935435583754943e-06,3.0552881014072985e-06,3.0425232157359693e-06
2026-07-30 10:17:23.835053,[83.96080739],1.8947214023782498e-07,1.898033244765631e-07,1.9081921163945318e-07,1.9258106636791916e-07,1.9517148186567407e-07,1.9866407771671918e-07,2.0308015876729245e-07,2.0833402338516504e-07,2.1417252547572856e-07,2.2012014932318653e-07,2.2544719153659238e-07,2.2918337022513094e-07,2.3019882864802295e-07,2.273652256530617e-07,2.197889862078101e-07,2.0707836703233525e-07,1.8957355582504853e-07,1.6844878925215922e-07,1.4560438705672734e-07,1.2331616586050033e-07,1.0369578274738088e-07,8.81118010201931e-08,7.678299636061035e-08,6.873756319037883e-08,6.221601864525717e-08,5.541190532781667e-08,4.727100858374962e-08,3.8001027729469065e-08,2.903754028443994e-08,2.2446750599555062e-08,2.001572679490646e-08,2.2446750599555062e-08,2.903754028443994e-08,3.8001027729469065e-08,4.727100858374962e-08,5.541190532781667e-08,6.221601864525717e-08,6.873756319037883e-08,7.678299636061035e-08,8.81118010201931e-08,1.0369578274738088e-07,1.2331616586050033e-07,1.4560438705672734e-07,1.6844878925215922e-07,1.8957355582504853e-07,2.0707836703233525e-07,2.197889862078101e-07,2.273652256530617e-07,2.3019882864802295e-07,2.2918337022513094e-07,2.2544719153659238e-07,2.2012014932318653e-07,2.1417252547572856e-07,2.0833402338516504e-07,2.0308015876729245e-07,1.9866407771671918e-07,1.9517148186567407e-07,1.9258106636791916e-07,1.9081921163945318e-07,1.898033244765631e-07,1.8947214023782498e-07
2026-07-30 10:17:24.824546,[92.12846022],3.0321444013930823e-06,3.045130799064629e-06,3.0840230185445353e-06,3.148574734399085e-06,3.2382241093994936e-06,3.351868117200227e-06,3.4875529537240745e-06,3.6420956296549567e-06,3.8106678494277444e-06,3.986396073993708e-06,4.160059413304179e-06,4.3199947715851845e-06,4.452337698306429e-06,4.541725263911122e-06,4.572549877988923e-06,4.53076882916477e-06,4.4061412219282824e-06,4.194596416291162e-06,3.900272566528466e-06,3.5366577173791076e-06,3.12628545263674e-06,2.6986342182962876e-06,2.2862615359235517e-06,1.9197089775693504e-06,1.6222043210319243e-06,1.4054818347443695e-06,1.267975789681688e-06,1.1961471542671616e-06,1.1688639307233957e-06,1.1638130307914407e-06,1.1642032569331884e-06,1.1638130307914407e-06,1.1688639307233957e-06,1.1961471542671616e-06,1.267975789681688e-06,1.4054818347443695e-06,1.6222043210319243e-06,1.9197089775693504e-06,2.2862615359235517e-06,2.6986342182962876e-06,3.12628545263674e-06,3.5366577173791076e-06,3.900272566528466e-06,4.194596416291162e-06,4.4061412219282824e-06,4.53076882916477e-06,4.572549877988923e-06,4.541725263911122e-06,4.452337698306429e-06,4.3199947715851845e-06,4.160059413304179e-06,3.986396073993708e-06,3.8106678494277444e-06,3.6420956296549567e-06,3.4875529537240745e-06,3.351868117200227e-06,3.2382241093994936e-06,3.148574734399085e-06,3.0840230185445353e-06,3.045130799064629e-06,3.0321444013930823e-06
2026-07-30 10:17:25.832726,[92.00422651],3.034050968045092e-06,3.0468518531889245e-06,3.0851823456239655e-06,3.148781074860916e-06,3.2370629482341523e-06,3.3488964542947178e-06,3.4822987020316666e-06,3.634063617702622e-06,3.799354617030359e-06,3.971315546289799e-06,4.140780862850437e-06,4.2961929616433595e-06,4.423852550869853e-06,4.508624844682482e-06,4.5351863666981086e-06,4.489813415412584e-06,4.362582041613401e-06,4.149685507232752e-06,3.85541484211198e-06,3.493247419459361e-06,3.0855116959195535e-06,2.6612929117355275e-06,2.2526202035964738e-06,1.889467904980227e-06,1.594578921217924e-06,1.3793994042427641e-06,1.2423433863480227e-06,1.1701189902282289e-06,1.1420289296638386e-06,1.13624247119951e-06,1.136340958642987e-06,1.13624247119951e-06,1.1420289296638386e-06,1.1701189902282289e-06,1.2423433863480227e-06,1.3793994042427641e-06,1.594578921217924e-06,1.889467904980227e-06,2.2526202035964738e-06,2.6612929117355275e-06,3.0855116959195535e-06,3.493247419459361e-06,3.85541484211198e-06,4.149685507232752e-06,4.362582041613401e-06,4.489813415412584e-06,4.5351863666981086e-06,4.508624844682482e-06,4.423852550869853e-06,4.2961929616433595e-06,4.140780862850437e-06,3.971315546289799e-06,3.799354617030359e-06,3.634063617702622e-06,3.4822987020316666e-06,3.3488964542947178e-06,3.2370629482341523e-06,3.148781074860916e-06,3.0851823456239655e-06,3.0468518531889245e-06,3.034050968045092e-06
2026-07-30 10:17:25.857171,[65.46275994],2.1836603031944507e-09,2.1910415516532416e-09,2.2132318914324805e-09,2.2503655603044157e-09,2.302649721913458e-09,2.370345684373534e-09,2.453752270532529e-09,2.553194918745633e-09,2.6690162559052134e-09,2.801550784286393e-09,2.9510511261941324e-09,3.117524106731175e-09,3.3004449772446164e-09,3.4983617058354288e-09,3.7084851121749612e-09,3.92647045136706e-09,4.146685718676664e-09,4.3632554318061544e-09,4.571986292544063e-09,4.772892084500222e-09,4.972518134102125e-09,5.184837989420971e-09,5.429463764099393e-09,5.726528648753912e-09,6.0888657722248345e-09,6.5136367935516834e-09,6.976643646964053e-09,7.4324487461926265e-09,7.821805944185652e-09,8.08517889470756e-09,8.178405144877212e-09,8.08517889470756e-09,7.821805944185652e-09,7.4324487461926265e-09,6.976643646964053e-09,6.5136367935516834e-09,6.0888657722248345e-09,5.726528648753912e-09,5.429463764099393e-09,5.184837989420971e-09,4.972518134102125e-09,4.772892084500222e-09,4.571986292544063e-09,4.3632554318061544e-09,4.146685718676664e-09,3.92647045136706e-09,3.7084851121749612e-09,3.4983617058354288e-09,3.3004449772446164e-09,3.117524106731175e-09,2.9510511261941324e-09,2.801550784286393e-09,2.6690162559052134e-09,2.553194918745633e-09,2.453752270532529e-09,2.370345684373534e-09,2.302649721913458e-09,2.2503655603044157e-09,2.2132318914324805e-09,2.1910415516532416e-09,2.1836603031944507e-09
2026-07-30 10:17:25.882036,[65.46275994],2.1836603031944507e-09,2.1910415516532416e-09,2.2132318914324805e-09,2.2503655603044157e-09,2.302649721913458e-09,2.370345684373534e-09,2.453752270532529e-09,2.553194918745633e-09,2.6690162559052134e-09,2.801550784286393e-09,2.9510511261941324e-09,3.117524106731175e-09,3.3004449772446164e-09,3.4983617058354288e-09,3.7084851121749612e-09,3.92647045136706e-09,4.146685718676664e-09,4.3632554318061544e-09,4.571986292544063e-09,4.772892084500222e-09,4.972518134102125e-09,5.184837989420971e-09,5.429463764099393e-09,5.726528648753912e-09,6.0888657722248345e-09,6.5136367935516834e-09,6.976643646964053e-09,7.4324487461926265e-09,7.821805944185652e-09,8.08517889470756e-09,8.178405144877212e-09,8.08517889470756e-09,7.821805944185652e-09,7.4324487461926265e-09,6.976643646964053e-09,6.5136367935516834e-09,6.0888657722248345e-09,5.726528648753912e-09,5.429463764099393e-09,5.184837989420971e-09,4.972518134102125e-09,4.772892084500222e-09,4.571986292544063e-09,4.3632554318061544e-09,4.146685718676664e-09,3.92647045136706e-09,3.7084851121749612e-09,3.4983617058354288e-09,3.3004449772446164e-09,3.117524106731175e-09,2.9510511261941324e-09,2.801550784286393e-09,2.6690162559052134e-09,2.553194918745633e-09,2.453752270532529e-09,2.370345684373534e-09,2.302649721913458e-09,2.2503655603044157e-09,2.2132318914324805e-09,2.1910415516532416e-09,2.1836603031944507e-09
2026-07-30 10:17:26.832073,[91.86603468],3.0341462732549187e-06,3.0467192067800373e-06,3.084359406221102e-06,3.146786868637823e-06,3.2333878145853234e-06,3.342995853617117e-06,3.4735929824111712e-06,3.6219462092006954e-06,3.7832113100343423e-06,3.950557260360011e-06,4.114891320468894e-06,4.264790658226917e-06,4.386763205997076e-06,4.4659562839412705e-06,4.487393156935015e-06,4.437734781320756e-06,4.307435346415599e-06,4.093000712938322e-06,3.798904113358042e-06,3.43861817057823e-06,3.034248493905949e-06,2.61444906245453e-06,2.2106675661399253e-06,1.8522481973244361e-06,1.5613794630842304e-06,1.3491441603977487e-06,1.2138551642750646e-06,1.1423828484092854e-06,1.1143812679140455e-06,1.1084298029513715e-06,1.1084326575306372e-06,1.1084298029513715e-06,1.1143812679140455e-06,1.1423828484092854e-06,1.2138551642750646e-06,1.3491441603977487e-06,1.5613794630842304e-06,1.8522481973244361e-06,2.2106675661399253e-06,2.61444906245453e-06,3.034248493905949e-06,3.43861817057823e-06,3.798904113358042e-06,4.093000712938322e-06,4.307435346415599e-06,4.437734781320756e-06,4.487393156935015e-06,4.4659562839412705e-06,4.386763205997076e-06,4.264790658226917e-06,4.114891320468894e-06,3.950557260360011e-06,3.7832113100343423e-06,3.6219462092006954e-06,3.4735929824111712e-06,3.342995853617117e-06,3.2333878145853234e-06,3.146786868637823e-06,3.084359406221102e-06,3.0467192067800373e-06,3.0341462732549187e-06
2026-07-30 10:17:26.856932,[66.1741462],2.8698088718083287e-09,2.8815415559629337e-09,2.9168218381721354e-09,2.9758957399647734e-09,3.0591745209262745e-09,3.1672469821234785e-09,3.3009116217207554e-09,3.461229070792861e-09,3.6495746014599544e-09,3.867637352064875e-09,4.1172731701035726e-09,4.400087478870823e-09,4.716629979063658e-09,5.065156138314821e-09,5.440073200022001e-09,5.8304293817219185e-09,6.219056420615095e-09,6.583109290413858e-09,6.8966068361609045e-09,7.135058318300813e-09,7.281411629905209e-09,7.331649126151818e-09,7.297840137908239e-09,7.206788168468684e-09,7.093754450408742e-09,6.992751137119408e-09,6.926722543581768e-09,6.90155511607836e-09,6.906668037175858e-09,6.922213295315661e-09,6.929849457073509e-09,6.922213295315661e-09,6.906668037175858e-09,6.90155511607836e-09,6.926722543581768e-09,6.992751137119408e-09,7.093754450408742e-09,7.206788168468684e-09,7.297840137908239e-09,7.331649126151818e-09,7.281411629905209e-09,7.135058318300813e-09,6.8966068361609045e-09,6.583109290413858e-09,6.219056420615095e-09,5.8304293817219185e-09,5.440073200022001e-09,5.065156138314821e-09,4.716629979063658e-09,4.400087478870823e-09,4.1172731701035726e-09,3.867637352064875e-09,3.6495746014599544e-09,3.461229070792861e-09,3.3009116217207554e-09,3.1672469821234785e-09,3.0591745209262745e-09,2.9758957399647734e-09,2.9168218381721354e-09,2.8815415559629337e-09,2.8698088718083287e-09
2026-07-30 10:17:26.880830,[66.1741462],2.8698088718083287e-09,2.8815415559629337e-09,2.9168218381721354e-09,2.9758957399647734e-09,3.0591745209262745e-09,3.1672469821234785e-09,3.3009116217207554e-09,3.461229070792861e-09,3.6495746014599544e-09,3.867637352064875e-09,4.1172731701035726e-09,4.400087478870823e-09,4.716629979063658e-09,5.065156138314821e-09,5.440073200022001e-09,5.8304293817219185e-09,6.219056420615095e-09,6.583109290413858e-09,6.8966068361609045e-09,7.135058318300813e-09,7.281411629905209e-09,7.331649126151818e-09,7.297840137908239e-09,7.206788168468684e-09,7.093754450408742e-09,6.992751137119408e-09,6.926722543581768e-09,6.90155511607836e-09,6.906668037175858e-09,6.922213295315661e-09,6.929849457073509e-09,6.922213295315661e-09,6.906668037175858e-09,6.90155511607836e-09,6.926722543581768e-09,6.992751137119408e-09,7.093754450408742e-09,7.206788168468684e-09,7.297840137908239e-09,7.331649126151818e-09,7.281411629905209e-09,7.135058318300813e-09,6.8966068361609045e-09,6.583109290413858e-09,6.219056420615095e-09,5.8304293817219185e-09,5.440073200022001e-09,5.065156138314821e-09,4.716629979063658e-09,4.400087478870823e-09,4.1172731701035726e-09,3.867637352064875e-09,3.6495746014599544e-09,3.461229070792861e-09,3.3009116217207554e-09,3.1672469821234785e-09,3.0591745209262745e-09,2.9758957399647734e-09,2.9168218381721354e-09,2.8815415559629337e-09,2.8698088718083287e-09
2026-07-30 10:17:27.818038,[91.74471299],3.0350651143812756e-06,3.0474153702167925e-06,3.084380579660958e-06,3.1456605482979903e-06,3.2306102081729686e-06,3.338024656263597e-06,3.4658461468005226e-06,3.6108091973375833e-06,3.7680554637829633e-06,3.93077159965501e-06,4.089928981890593e-06,4.234229085324799e-06,4.350374042212199e-06,4.423776983924265e-06,4.439788370052252e-06,4.385432786525253e-06,4.251524704603185e-06,4.034876128705979e-06,3.740158711732304e-06,3.3808910312666878e-06,2.9790487515095175e-06,2.5629873896522337e-06,2.1637285796738072e-06,1.8101309441471714e-06,1.5239181610927366e-06,1.3158014914819801e-06,1.1838616145847148e-06,1.1148840551571161e-06,1.088555153210636e-06,1.083546815605515e-06,1.083852114783953e-06,1.083546815605515e-06,1.088555153210636e-06,1.1148840551571161e-06,1.1838616145847148e-06,1.3158014914819801e-06,1.5239181610927366e-06,1.8101309441471714e-06,2.1637285796738072e-06,2.5629873896522337e-06,2.9790487515095175e-06,3.3808910312666878e-06,3.740158711732304e-06,4.034876128705979e-06,4.251524704603185e-06,4.385432786525253e-06,4.439788370052252e-06,4.423776983924265e-06,4.350374042212199e-06,4.234229085324799e-06,4.089928981890593e-06,3.93077159965501e-06,3.7680554637829633e-06,3.6108091973375833e-06,3.4658461468005226e-06,3.338024656263597e-06,3.2306102081729686e-06,3.1456605482979903e-06,3.084380579660958e-06,3.0474153702167925e-06,3.0350651143812756e-06
2026-07-30 10:17:27.844139,[91.74471299],3.0350651143812756e-06,3.0474153702167925e-06,3.084380579660958e-06,3.1456605482979903e-06,3.2306102081729686e-06,3.338024656263597e-06,3.4658461468005226e-06,3.6108091973375833e-06,3.7680554637829633e-06,3.93077159965501e-06,4.089928981890593e-06,4.234229085324799e-06,4.350374042212199e-06,4.423776983924265e-06,4.439788370052252e-06,4.385432786525253e-06,4.251524704603185e-06,4.034876128705979e-06,3.740158711732304e-06,3.3808910312666878e-06,2.9790487515095175e-06,2.5629873896522337e-06,2.1637285796738072e-06,1.8101309441471714e-06,1.5239181610927366e-06,1.3158014914819801e-06,1.1838616145847148e-06,1.1148840551571161e-06,1.088555153210636e-06,1.083546815605515e-06,1.083852114783953e-06,1.083546815605515e-06,1.088555153210636e-06,1.1148840551571161e-06,1.1838616145847148e-06,1.3158014914819801e-06,1.5239181610927366e-06,1.8101309441471714e-06,2.1637285796738072e-06,2.5629873896522337e-06,2.9790487515095175e-06,3.3808910312666878e-06,3.740158711732304e-06,4.034876128705979e-06,4.251524704603185e-06,4.385432786525253e-06,4.439788370052252e-06,4.423776983924265e-06,4.350374042212199e-06,4.234229085324799e-06,4.089928981890593e-06,3.93077159965501e-06,3.7680554637829633e-06,3.6108091973375833e-06,3.4658461468005226e-06,3.338024656263597e-06,3.2306102081729686e-06,3.1456605482979903e-06,3.084380579660958e-06,3.0474153702167925e-06,3.0350651143812756e-06
2026-07-30 10:17:27.869470,[65.9407089],3.15072013333302e-09,3.1677431577999602e-09,3.2193625677476434e-09,3.30723220784697e-09,3.434115012210218e-09,3.6038808604952073e-09,3.8214737217741255e-09,4.092805053077078e-09,4.4245023948195325e-09,4.823410233832027e-09,5.295716246381687e-09,5.845581406970807e-09,6.473216363722183e-09,7.172496739177596e-09,7.928454633272317e-09,8.715286432590239e-09,9.495778612259806e-09,1.0223115668912098e-08,1.0845728693521923e-08,1.1315081992158363e-08,1.1595181325029258e-08,1.1671473529247976e-08,1.155623236616537e-08,1.128799332526742e-08,1.0924265139506824e-08,1.0529172670911793e-08,1.0159884265167534e-08,9.856501209663091e-09,9.638866399528545e-09,9.510796140254191e-09,9.468865640862671e-09,9.510796140254191e-09,9.638866399528545e-09,9.856501209663091e-09,1.0159884265167534e-08,1.0529172670911793e-08,1.0924265139506824e-08,1.128799332526742e-08,1.155623236616537e-08,1.1671473529247976e-08,1.1595181325029258e-08,1.1315081992158363e-08,1.0845728693521923e-08,1.0223115668912098e-08,9.495778612259806e-09,8.715286432590239e-09,7.928454633272317e-09,7.172496739177596e-09,6.473216363722183e-09,5.845581406970807e-09,5.295716246381687e-09,4.823410233832027e-09,4.4245023948195325e-09,4.092805053077078e-09,3.8214737217741255e-09,3.6038808604952073e-09,3.434115012210218e-09,3.30723220784697e-09,3.2193625677476434e-09,3.1677431577999602e-09,3.15072013333302e-09
2026-07-30 10:17:28.824608,[91.60379116],3.028637545633065e-06,3.0407490451221916e-06,3.0769940398112073e-06,3.1370611256967506e-06,3.22028869017639e-06,3.3254533116850785e-06,3.450481737051704e-06,3.592102798393125e-06,3.745471047995917e-06,3.903815226104977e-06,4.058189906537148e-06,4.197432852474013e-06,4.308445370488512e-06,4.376906838805877e-06,4.388495166609138e-06,4.330602916546091e-06,4.194414043463363e-06,3.97705410122273e-06,3.6833823592178037e-06,3.3269099280358785e-06,2.9293618195214715e-06,2.51859532023171e-06,2.1249427446871803e-06,1.7765018210820798e-06,1.4943263311734498e-06,1.288712358122565e-06,1.1576914546541933e-06,1.0883788473470576e-06,1.0610657186910597e-06,1.055107097791321e-06,1.0550287715327544e-06,1.055107097791321e-06,1.0610657186910597e-06,1.0883788473470576e-06,1.1576914546541933e-06,1.288712358122565e-06,1.4943263311734498e-06,1.7765018210820798e-06,2.1249427446871803e-06,2.51859532023171e-06,2.9293618195214715e-06,3.3269099280358785e-06,3.6833823592178037e-06,3.97705410122273e-06,4.194414043463363e-06,4.330602916546091e-06,4.388495166609138e-06,4.376906838805877e-06,4.308445370488512e-06,4.197432852474013e-06,4.058189906537148e-06,3.903815226104977e-06,3.745471047995917e-06,3.592102798393125e-06,3.450481737051704e-06,3.3254533116850785e-06,3.22028869017639e-06,3.1370611256967506e-06,3.0769940398112073e-06,3.0407490451221916e-06,3.028637545633065e-06
2026-07-30 10:17:28.849639,[91.60379116],3.028637545633065e-06,3.0407490451221916e-06,3.0769940398112073e-06,3.1370611256967506e-06,3.22028869017639e-06,3.3254533116850785e-06,3.450481737051704e-06,3.592102798393125e-06,3.745471047995917e-06,3.903815226104977e-06,4.058189906537148e-06,4.197432852474013e-06,4.308445370488512e-06,4.376906838805877e-06,4.388495166609138e-06,4.330602916546091e-06,4.194414043463363e-06,3.97705410122273e-06,3.6833823592178037e-06,3.3269099280358785e-06,2.9293618195214715e-06,2.51859532023171e-06,2.1249427446871803e-06,1.7765018210820798e-06,1.4943263311734498e-06,1.288712358122565e-06,1.1576914546541933e-06,1.0883788473470576e-06,1.0610657186910597e-06,1.055107097791321e-06,1.0550287715327544e-06,1.055107097791321e-06,1.0610657186910597e-06,1.0883788473470576e-06,1.1576914546541933e-06,1.288712358122565e-06,1.4943263311734498e-06,1.7765018210820798e-06,2.1249427446871803e-06,2.51859532023171e-06,2.9293618195214715e-06,3.3269099280358785e-06,3.6833823592178037e-06,3.97705410122273e-06,4.194414043463363e-06,4.330602916546091e-06,4.388495166609138e-06,4.376906838805877e-06,4.308445370488512e-06,4.197432852474013e-06,4.058189906537148e-06,3.903815226104977e-06,3.745471047995917e-06,3.592102798393125e-06,3.450481737051704e-06,3.3254533116850785e-06,3.22028869017639e-06,3.1370611256967506e-06,3.0769940398112073e-06,3.0407490451221916e-06,3.028637545633065e-06
2026-07-30 10:17:28.874823,[67.15531115],3.378101556904129e-09,3.3919512442282464e-09,3.433780859586566e-09,3.50445313403664e-09,3.6054771006282786e-09,3.739114497385024e-09,3.9085155539613836e-09,4.1178427309176716e-09,4.372293639694378e-09,4.677874379008307e-09,5.040722853229396e-09,5.465778308985019e-09,5.954693464344253e-09,6.50314015484031e-09,7.098077016063518e-09,7.716045467595048e-09,8.323928875485938e-09,8.883534119155657e-09,9.360527780710337e-09,9.73658844604215e-09,1.0021469137564389e-08,1.0259876643017517e-08,1.0527865282880065e-08,1.0915768072912072e-08,1.149953104510951e-08,1.2308205962671622e-08,1.329961088190021e-08,1.4356026817986458e-08,1.530604046817206e-08,1.596876904190076e-08,1.6206768565800297e-08,1.596876904190076e-08,1.530604046817206e-08,1.4356026817986458e-08,1.329961088190021e-08,1.2308205962671622e-08,1.149953104510951e-08,1.0915768072912072e-08,1.0527865282880065e-08,1.0259876643017517e-08,1.0021469137564389e-08,9.73658844604215e-09,9.360527780710337e-09,8.883534119155657e-09,8.323928875485938e-09,7.716045467595048e-09,7.098077016063518e-09,6.50314015484031e-09,5.954693464344253e-09,5.465778308985019e-09,5.040722853229396e-09,4.677874379008307e-09,4.372293639694378e-09,4.1178427309176716e-09,3.9085155539613836e-09,3.739114497385024e-09,3.6054771006282786e-09,3.50445313403664e-09,3.433780859586566e-09,3.3919512442282464e-09,3.378101556904129e-09
2026-07-30 10:17:29.818935,[91.47350923],3.0192191477500578e-06,3.031075003089527e-06,3.066548606409817e-06,3.125315948548143e-06,3.206697037026863e-06,3.3094484219719638e-06,3.4314812588476226e-06,3.5695214349206133e-06,3.718743526723453e-06,3.8724313271643864e-06,4.021742316203897e-06,4.155676810104925e-06,4.261366300973549e-06,4.32478846384814e-06,4.331976398694557e-06,4.270708116307446e-06,4.1325394822101104e-06,3.914895583209955e-06,3.622796571966551e-06,3.2697157231279864e-06,2.8771056588547426e-06,2.472323187541141e-06,2.0850322534815284e-06,1.7426060009105907e-06,1.4654603777769362e-06,1.2634782622680575e-06,1.1345922278957837e-06,1.066139157215425e-06,1.0388646027144889e-06,1.0326496800877938e-06,1.0324338533223322e-06,1.0326496800877938e-06,1.0388646027144889e-06,1.066139157215425e-06,1.1345922278957837e-06,1.2634782622680575e-06,1.4654603777769362e-06,1.7426060009105907e-06,2.0850322534815284e-06,2.472323187541141e-06,2.8771056588547426e-06,3.2697157231279864e-06,3.622796571966551e-06,3.914895583209955e-06,4.1325394822101104e-06,4.270708116307446e-06,4.331976398694557e-06,4.32478846384814e-06,4.261366300973549e-06,4.155676810104925e-06,4.021742316203897e-06,3.8724313271643864e-06,3.718743526723453e-06,3.5695214349206133e-06,3.4314812588476226e-06,3.3094484219719638e-06,3.206697037026863e-06,3.125315948548143e-06,3.066548606409817e-06,3.031075003089527e-06,3.0192191477500578e-06
2026-07-30 10:17:29.843081,[91.47350923],3.0192191477500578e-06,3.031075003089527e-06,3.066548606409817e-06,3.125315948548143e-06,3.206697037026863e-06,3.3094484219719638e-06,3.4314812588476226e-06,3.5695214349206133e-06,3.718743526723453e-06,3.8724313271643864e-06,4.021742316203897e-06,4.155676810104925e-06,4.261366300973549e-06,4.32478846384814e-06,4.331976398694557e-06,4.270708116307446e-06,4.1325394822101104e-06,3.914895583209955e-06,3.622796571966551e-06,3.2697157231279864e-06,2.8771056588547426e-06,2.472323187541141e-06,2.0850322534815284e-06,1.7426060009105907e-06,1.4654603777769362e-06,1.2634782622680575e-06,1.1345922278957837e-06,1.066139157215425e-06,1.0388646027144889e-06,1.0326496800877938e-06,1.0324338533223322e-06,1.0326496800877938e-06,1.0388646027144889e-06,1.066139157215425e-06,1.1345922278957837e-06,1.2634782622680575e-06,1.4654603777769362e-06,1.7426060009105907e-06,2.0850322534815284e-06,2.472323187541141e-06,2.8771056588547426e-06,3.2697157231279864e-06,3.622796571966551e-06,3.914895583209955e-06,4.1325394822101104e-06,4.270708116307446e-06,4.331976398694557e-06,4.32478846384814e-06,4.261366300973549e-06,4.155676810104925e-06,4.021742316203897e-06,3.8724313271643864e-06,3.718743526723453e-06,3.5695214349206133e-06,3.4314812588476226e-06,3.3094484219719638e-06,3.206697037026863e-06,3.125315948548143e-06,3.066548606409817e-06,3.031075003089527e-06,3.0192191477500578e-06
2026-07-30 10:17:29.868175,[65.98768171],2.6603379923280166e-09,2.6694918250362655e-09,2.697132170540386e-09,2.743832397333046e-09,2.810674828226967e-09,2.8994507245575702e-09,3.0129458919745472e-09,3.1552846960361163e-09,3.3322539789562224e-09,3.5514566534695498e-09,3.822071616333794e-09,4.1539622784348405e-09,4.555939835758222e-09,5.0332100745807185e-09,5.584437395764437e-09,6.199380153281311e-09,6.858488695169914e-09,7.53589305431282e-09,8.20651043679763e-09,8.856439662382479e-09,9.493681390862615e-09,1.0154377193315078e-08,1.0899403011577374e-08,1.1798289434228853e-08,1.2902127636191431e-08,1.4212943692989998e-08,1.5661314275442973e-08,1.710394887050015e-08,1.8347284439656845e-08,1.9193278893438383e-08,1.949361000895962e-08,1.9193278893438383e-08,1.8347284439656845e-08,1.710394887050015e-08,1.5661314275442973e-08,1.4212943692989998e-08,1.2902127636191431e-08,1.1798289434228853e-08,1.0899403011577374e-08,1.0154377193315078e-08,9.493681390862615e-09,8.856439662382479e-09,8.20651043679763e-09,7.53589305431282e-09,6.858488695169914e-09,6.199380153281311e-09,5.584437395764437e-09,5.0332100745807185e-09,4.555939835758222e-09,4.1539622784348405e-09,3.822071616333794e-09,3.5514566534695498e-09,3.3322539789562224e-09,3.1552846960361163e-09,3.0129458919745472e-09,2.8994507245575702e-09,2.810674828226967e-09,2.743832397333046e-09,2.697132170540386e-09,2.6694918250362655e-09,2.6603379923280166e-09
2026-07-30 10:17:30.814726,[91.33294501],3.003102927621259e-06,3.0147084903605406e-06,3.0494288767477206e-06,3.106933720420233e-06,3.1865346545394364e-06,3.2869812346242653e-06,3.4061838664766367e-06,3.5408803208812294e-06,3.6862775800619064e-06,3.83572155634834e-06,3.980471528006256e-06,4.109678948949175e-06,4.21068325920989e-06,4.2697292769982324e-06,4.273169862532842e-06,4.209135536474334e-06,4.0695307794448716e-06,3.85207142387285e-06,3.561944075468999e-06,3.21259749412927e-06,2.825221134382426e-06,2.426663742694168e-06,2.045889473658644e-06,1.7094962359730809e-06,1.437210381380545e-06,1.238475697012049e-06,1.1111508691847718e-06,1.0428808994976798e-06,1.0150005962876e-06,1.0080651199997125e-06,1.0075425940839704e-06,1.0080651199997125e-06,1.0150005962876e-06,1.0428808994976798e-06,1.1111508691847718e-06,1.238475697012049e-06,1.437210381380545e-06,1.7094962359730809e-06,2.045889473658644e-06,2.426663742694168e-06,2.825221134382426e-06,3.21259749412927e-06,3.561944075468999e-06,3.85207142387285e-06,4.0695307794448716e-06,4.209135536474334e-06,4.273169862532842e-06,4.2697292769982324e-06,4.21068325920989e-06,4.109678948949175e-06,3.980471528006256e-06,3.83572155634834e-06,3.6862775800619064e-06,3.5408803208812294e-06,3.4061838664766367e-06,3.2869812346242653e-06,3.1865346545394364e-06,3.106933720420233e-06,3.0494288767477206e-06,3.0147084903605406e-06,3.003102927621259e-06
2026-07-30 10:17:30.840270,[91.33294501],3.003102927621259e-06,3.0147084903605406e-06,3.0494288767477206e-06,3.106933720420233e-06,3.1865346545394364e-06,3.2869812346242653e-06,3.4061838664766367e-06,3.5408803208812294e-06,3.6862775800619064e-06,3.83572155634834e-06,3.980471528006256e-06,4.109678948949175e-06,4.21068325920989e-06,4.2697292769982324e-06,4.273169862532842e-06,4.209135536474334e-06,4.0695307794448716e-06,3.85207142387285e-06,3.561944075468999e-06,3.21259749412927e-06,2.825221134382426e-06,2.426663742694168e-06,2.045889473658644e-06,1.7094962359730809e-06,1.437210381380545e-06,1.238475697012049e-06,1.1111508691847718e-06,1.0428808994976798e-06,1.0150005962876e-06,1.0080651199997125e-06,1.0075425940839704e-06,1.0080651199997125e-06,1.0150005962876e-06,1.0428808994976798e-06,1.1111508691847718e-06,1.238475697012049e-06,1.437210381380545e-06,1.7094962359730809e-06,2.045889473658644e-06,2.426663742694168e-06,2.825221134382426e-06,3.21259749412927e-06,3.561944075468999e-06,3.85207142387285e-06,4.0695307794448716e-06,4.209135536474334e-06,4.273169862532842e-06,4.2697292769982324e-06,4.21068325920989e-06,4.109678948949175e-06,3.980471528006256e-06,3.83572155634834e-06,3.6862775800619064e-06,3.5408803208812294e-06,3.4061838664766367e-06,3.2869812346242653e-06,3.1865346545394364e-06,3.106933720420233e-06,3.0494288767477206e-06,3.0147084903605406e-06,3.003102927621259e-06
2026-07-30 10:17:30.866548,[65.96899138],2.4720121494697643e-09,2.480960791180179e-09,2.5080331689832113e-09,2.5539408023355133e-09,2.6199790300098483e-09,2.70819588991056e-09,2.821626111491276e-09,2.964560835174772e-09,3.142780231661392e-09,3.363617539310491e-09,3.6356659266047127e-09,3.967918068794908e-09,4.368191430769751e-09,4.8408884545142085e-09,5.384485739897235e-09,5.989579211654428e-09,6.638663188630632e-09,7.308823571295315e-09,7.977908347319121e-09,8.633402403229756e-09,9.281444953371976e-09,9.951907554395077e-09,1.0695207927858243e-08,1.156839694745202e-08,1.261204255387991e-08,1.3824334755886702e-08,1.514239794375378e-08,1.6440677331833658e-08,1.755140791397037e-08,1.830382659866911e-08,1.8570380425400727e-08,1.830382659866911e-08,1.755140791397037e-08,1.6440677331833658e-08,1.514239794375378e-08,1.3824334755886702e-08,1.261204255387991e-08,1.156839694745202e-08,1.0695207927858243e-08,9.951907554395077e-09,9.281444953371976e-09,8.633402403229756e-09,7.977908347319121e-09,7.308823571295315e-09,6.638663188630632e-09,5.989579211654428e-09,5.384485739897235e-09,4.8408884545142085e-09,4.368191430769751e-09,3.967918068794908e-09,3.6356659266047127e-09,3.363617539310491e-09,3.142780231661392e-09,2.964560835174772e-09,2.821626111491276e-09,2.70819588991056e-09,2.6199790300098483e-09,2.5539408023355133e-09,2.5080331689832113e-09,2.480960791180179e-09,2.4720121494697643e-09
2026-07-30 10:17:31.818450,[91.21404925],2.8773058830057562e-06,2.888118909619577e-06,2.9204411583174472e-06,2.9738857093597787e-06,3.0476873359540843e-06,3.140526390600162e-06,3.2502935925454855e-06,3.3738125475478292e-06,3.5065485477156635e-06,3.642347292879095e-06,3.773264118213511e-06,3.889559998308896e-06,3.979950101195728e-06,4.032187290146931e-06,4.034038831396065e-06,3.974662105975276e-06,3.846300034607351e-06,3.6461027055402847e-06,3.3777552260351617e-06,3.0524876362758795e-06,2.6890117628680293e-06,2.3120277583671297e-06,1.9492057114239412e-06,1.6269595281966556e-06,1.3657997099051155e-06,1.176415009729151e-06,1.0577018366962627e-06,9.976066645724844e-07,9.768914494583868e-07,9.749842193718007e-07,9.76282817311641e-07,9.749842193718007e-07,9.768914494583868e-07,9.976066645724844e-07,1.0577018366962627e-06,1.176415009729151e-06,1.3657997099051155e-06,1.6269595281966556e-06,1.9492057114239412e-06,2.3120277583671297e-06,2.6890117628680293e-06,3.0524876362758795e-06,3.3777552260351617e-06,3.6461027055402847e-06,3.846300034607351e-06,3.974662105975276e-06,4.034038831396065e-06,4.032187290146931e-06,3.979950101195728e-06,3.889559998308896e-06,3.773264118213511e-06,3.642347292879095e-06,3.5065485477156635e-06,3.3738125475478292e-06,3.2502935925454855e-06,3.140526390600162e-06,3.0476873359540843e-06,2.9738857093597787e-06,2.9204411583174472e-06,2.888118909619577e-06,2.8773058830057562e-06
2026-07-30 10:17:31.843448,[91.21404925],2.8773058830057562e-06,2.888118909619577e-06,2.9204411583174472e-06,2.9738857093597787e-06,3.0476873359540843e-06,3.140526390600162e-06,3.2502935925454855e-06,3.3738125475478292e-06,3.5065485477156635e-06,3.642347292879095e-06,3.773264118213511e-06,3.889559998308896e-06,3.979950101195728e-06,4.032187290146931e-06,4.034038831396065e-06,3.974662105975276e-06,3.846300034607351e-06,3.6461027055402847e-06,3.3777552260351617e-06,3.0524876362758795e-06,2.6890117628680293e-06,2.3120277583671297e-06,1.9492057114239412e-06,1.6269595281966556e-06,1.3657997099051155e-06,1.176415009729151e-06,1.0577018366962627e-06,9.976066645724844e-07,9.768914494583868e-07,9.749842193718007e-07,9.76282817311641e-07,9.749842193718007e-07,9.768914494583868e-07,9.976066645724844e-07,1.0577018366962627e-06,1.176415009729151e-06,1.3657997099051155e-06,1.6269595281966556e-06,1.9492057114239412e-06,2.3120277583671297e-06,2.6890117628680293e-06,3.0524876362758795e-06,3.3777552260351617e-06,3.6461027055402847e-06,3.846300034607351e-06,3.974662105975276e-06,4.034038831396065e-06,4.032187290146931e-06,3.979950101195728e-06,3.889559998308896e-06,3.773264118213511e-06,3.642347292879095e-06,3.5065485477156635e-06,3.3738125475478292e-06,3.2502935925454855e-06,3.140526390600162e-06,3.0476873359540843e-06,2.9738857093597787e-06,2.9204411583174472e-06,2.888118909619577e-06,2.8773058830057562e-06
2026-07-30 10:17:31.869604,[78.20173424],9.217244410563714e-08,9.243989402297005e-08,9.325128184004565e-08,9.463049718471462e-08,9.660644278680018e-08,9.919625611119086e-08,1.0238160468614427e-07,1.060792096629049e-07,1.1010887836093284e-07,1.1416534802544202e-07,1.1780358797786505e-07,1.2044965157007086e-07,1.2144886378382973e-07,1.2015802590798898e-07,1.1607711601630173e-07,1.089994653566138e-07,9.914171837265576e-08,8.720361849816118e-08,7.431190973674867e-08,6.182873987419999e-08,5.105101936737569e-08,4.2879544060164986e-08,3.7571727182395935e-08,3.468528633379469e-08,3.326160417535316e-08,3.220154106055247e-08,3.06935280636836e-08,2.8513305539805978e-08,2.605807836314965e-08,2.409527128481826e-08,2.334414345458661e-08,2.409527128481826e-08,2.605807836314965e-08,2.8513305539805978e-08,3.06935280636836e-08,3.220154106055247e-08,3.326160417535316e-08,3.468528633379469e-08,3.7571727182395935e-08,4.2879544060164986e-08,5.105101936737569e-08,6.182873987419999e-08,7.431190973674867e-08,8.720361849816118e-08,9.914171837265576e-08,1.089994653566138e-07,1.1607711601630173e-07,1.2015802590798898e-07,1.2144886378382973e-07,1.2044965157007086e-07,1.1780358797786505e-07,1.1416534802544202e-07,1.1010887836093284e-07,1.060792096629049e-07,1.0238160468614427e-07,9.919625611119086e-08,9.660644278680018e-08,9.463049718471462e-08,9.325128184004565e-08,9.243989402297005e-08,9.217244410563714e-08
2026-07-30 10:17:32.900946,[91.00044907],2.9509158267486336e-06,2.9619324848041744e-06,2.9948846147801387e-06,3.0494386716437537e-06,3.124905797577904e-06,3.2200448820058916e-06,3.33279534075919e-06,3.459956065207782e-06,3.596842111635374e-06,3.7369713764309385e-06,3.871857464554751e-06,3.991006964939111e-06,4.082230769805934e-06,4.1323686010329415e-06,4.128482014562141e-06,4.059486676442763e-06,3.918072868303832e-06,3.7026232000292135e-06,3.418715559631819e-06,3.079747446818077e-06,2.7062838417139403e-06,2.3239411474223596e-06,1.9599573485396207e-06,1.6389915278531623e-06,1.379027110048274e-06,1.1883931443805364e-06,1.0647737897092203e-06,9.966385178355988e-07,9.668904400981263e-07,9.578809982525893e-07,9.564894400086286e-07,9.578809982525893e-07,9.668904400981263e-07,9.966385178355988e-07,1.0647737897092203e-06,1.1883931443805364e-06,1.379027110048274e-06,1.6389915278531623e-06,1.9599573485396207e-06,2.3239411474223596e-06,2.7062838417139403e-06,3.079747446818077e-06,3.418715559631819e-06,3.7026232000292135e-06,3.918072868303832e-06,4.059486676442763e-06,4.128482014562141e-06,4.1323686010329415e-06,4.082230769805934e-06,3.991006964939111e-06,3.871857464554751e-06,3.7369713764309385e-06,3.596842111635374e-06,3.459956065207782e-06,3.33279534075919e-06,3.2200448820058916e-06,3.124905797577904e-06,3.0494386716437537e-06,2.9948846147801387e-06,2.9619324848041744e-06,2.9509158267486336e-06
2026-07-30 10:17:33.857285,[90.86875141],2.932769717754305e-06,2.943482066692207e-06,2.975517482866393e-06,3.028531984394721e-06,3.1018224237316673e-06,3.1941342945251542e-06,3.303401277733323e-06,3.426432964771434e-06,3.5585821179243196e-06,3.6934431632178235e-06,3.822657068529402e-06,3.935919101295515e-06,4.02129661273923e-06,4.065952787969009e-06,4.057327985680412e-06,3.9847461199044155e-06,3.841293245140579e-06,3.6256787266728978e-06,3.3436732896978394e-06,3.0086720815979556e-06,2.641001648747797e-06,2.2658012750753424e-06,1.9096417308682984e-06,1.5964253285330053e-06,1.3434251593997513e-06,1.158444543747624e-06,1.038924915717451e-06,9.733986212341547e-07,9.450697669614911e-07,9.366886073927911e-07,9.354641648178882e-07,9.366886073927911e-07,9.450697669614911e-07,9.733986212341547e-07,1.038924915717451e-06,1.158444543747624e-06,1.3434251593997513e-06,1.5964253285330053e-06,1.9096417308682984e-06,2.2658012750753424e-06,2.641001648747797e-06,3.0086720815979556e-06,3.3436732896978394e-06,3.6256787266728978e-06,3.841293245140579e-06,3.9847461199044155e-06,4.057327985680412e-06,4.065952787969009e-06,4.02129661273923e-06,3.935919101295515e-06,3.822657068529402e-06,3.6934431632178235e-06,3.5585821179243196e-06,3.426432964771434e-06,3.303401277733323e-06,3.1941342945251542e-06,3.1018224237316673e-06,3.028531984394721e-06,2.975517482866393e-06,2.943482066692207e-06,2.932769717754305e-06
2026-07-30 10:17:33.882944,[90.86875141],2.932769717754305e-06,2.943482066692207e-06,2.975517482866393e-06,3.028531984394721e-06,3.1018224237316673e-06,3.1941342945251542e-06,3.303401277733323e-06,3.426432964771434e-06,3.5585821179243196e-06,3.6934431632178235e-06,3.822657068529402e-06,3.935919101295515e-06,4.02129661273923e-06,4.065952787969009e-06,4.057327985680412e-06,3.9847461199044155e-06,3.841293245140579e-06,3.6256787266728978e-06,3.3436732896978394e-06,3.0086720815979556e-06,2.641001648747797e-06,2.2658012750753424e-06,1.9096417308682984e-06,1.5964253285330053e-06,1.3434251593997513e-06,1.158444543747624e-06,1.038924915717451e-06,9.733986212341547e-07,9.450697669614911e-07,9.366886073927911e-07,9.354641648178882e-07,9.366886073927911e-07,9.450697669614911e-07,9.733986212341547e-07,1.038924915717451e-06,1.158444543747624e-06,1.3434251593997513e-06,1.5964253285330053e-06,1.9096417308682984e-06,2.2658012750753424e-06,2.641001648747797e-06,3.0086720815979556e-06,3.3436732896978394e-06,3.6256787266728978e-06,3.841293245140579e-06,3.9847461199044155e-06,4.057327985680412e-06,4.065952787969009e-06,4.02129661273923e-06,3.935919101295515e-06,3.822657068529402e-06,3.6934431632178235e-06,3.5585821179243196e-06,3.426432964771434e-06,3.303401277733323e-06,3.1941342945251542e-06,3.1018224237316673e-06,3.028531984394721e-06,2.975517482866393e-06,2.943482066692207e-06,2.932769717754305e-06
2026-07-30 10:17:33.908458,[66.4397308],2.0320261155365294e-09,2.040388450425685e-09,2.0655418267635028e-09,2.107666244471779e-09,2.1669985733071646e-09,2.2437403677910536e-09,2.3379353982989482e-09,2.4493268642148884e-09,2.5772111087070756e-09,2.7203129142352334e-09,2.876715439941106e-09,3.043882650426791e-09,3.218809704434265e-09,3.3983229680830554e-09,3.5795231272872076e-09,3.760322868328823e-09,3.939981174002921e-09,4.119492802238964e-09,4.3016727201365764e-09,4.4907999702002545e-09,4.691763971676089e-09,4.90878156669994e-09,5.143896457286231e-09,5.395588416122774e-09,5.6578603935024445e-09,5.920108751323009e-09,6.1679215471771916e-09,6.384734899042378e-09,6.554071766641963e-09,6.661949766432262e-09,6.69900646621188e-09,6.661949766432262e-09,6.554071766641963e-09,6.384734899042378e-09,6.1679215471771916e-09,5.920108751323009e-09,5.6578603935024445e-09,5.395588416122774e-09,5.143896457286231e-09,4.90878156669994e-09,4.691763971676089e-09,4.4907999702002545e-09,4.3016727201365764e-09,4.119492802238964e-09,3.939981174002921e-09,3.760322868328823e-09,3.5795231272872076e-09,3.3983229680830554e-09,3.218809704434265e-09,3.043882650426791e-09,2.876715439941106e-09,2.7203129142352334e-09,2.5772111087070756e-09,2.4493268642148884e-09,2.3379353982989482e-09,2.2437403677910536e-09,2.1669985733071646e-09,2.107666244471779e-09,2.0655418267635028e-09,2.040388450425685e-09,2.0320261155365294e-09
2026-07-30 10:17:34.862254,[90.70759952],2.904533558901852e-06,2.9149200188537806e-06,2.9459757775756097e-06,2.997351740045106e-06,3.0683391010987414e-06,3.1576814526791463e-06,3.2633203335766707e-06,3.38209058483325e-06,3.5093966896479785e-06,3.638921426359609e-06,3.7624413121599957e-06,3.869844163591927e-06,3.949454020851531e-06,3.988756521373317e-06,3.9755725030649695e-06,3.899642884517846e-06,3.754468210354552e-06,3.5391121927081647e-06,3.259567874704904e-06,2.929246484924712e-06,2.5682275772084487e-06,2.2011248116455635e-06,1.8537507546787754e-06,1.549130958336749e-06,1.3037088115580765e-06,1.124681393770555e-06,1.0092387103807644e-06,9.460515795966502e-07,9.187677982992733e-07,9.10701763676616e-07,9.095234446035534e-07,9.10701763676616e-07,9.187677982992733e-07,9.460515795966502e-07,1.0092387103807644e-06,1.124681393770555e-06,1.3037088115580765e-06,1.549130958336749e-06,1.8537507546787754e-06,2.2011248116455635e-06,2.5682275772084487e-06,2.929246484924712e-06,3.259567874704904e-06,3.5391121927081647e-06,3.754468210354552e-06,3.899642884517846e-06,3.9755725030649695e-06,3.988756521373317e-06,3.949454020851531e-06,3.869844163591927e-06,3.7624413121599957e-06,3.638921426359609e-06,3.5093966896479785e-06,3.38209058483325e-06,3.2633203335766707e-06,3.1576814526791463e-06,3.0683391010987414e-06,2.997351740045106e-06,2.9459757775756097e-06,2.9149200188537806e-06,2.904533558901852e-06
2026-07-30 10:17:34.888436,[90.70759952],2.904533558901852e-06,2.9149200188537806e-06,2.9459757775756097e-06,2.997351740045106e-06,3.0683391010987414e-06,3.1576814526791463e-06,3.2633203335766707e-06,3.38209058483325e-06,3.5093966896479785e-06,3.638921426359609e-06,3.7624413121599957e-06,3.869844163591927e-06,3.949454020851531e-06,3.988756521373317e-06,3.9755725030649695e-06,3.899642884517846e-06,3.754468210354552e-06,3.5391121927081647e-06,3.259567874704904e-06,2.929246484924712e-06,2.5682275772084487e-06,2.2011248116455635e-06,1.8537507546787754e-06,1.549130958336749e-06,1.3037088115580765e-06,1.124681393770555e-06,1.0092387103807644e-06,9.460515795966502e-07,9.187677982992733e-07,9.10701763676616e-07,9.095234446035534e-07,9.10701763676616e-07,9.187677982992733e-07,9.460515795966502e-07,1.0092387103807644e-06,1.124681393770555e-06,1.3037088115580765e-06,1.549130958336749e-06,1.8537507546787754e-06,2.2011248116455635e-06,2.5682275772084487e-06,2.929246484924712e-06,3.259567874704904e-06,3.5391121927081647e-06,3.754468210354552e-06,3.899642884517846e-06,3.9755725030649695e-06,3.988756521373317e-06,3.949454020851531e-06,3.869844163591927e-06,3.7624413121599957e-06,3.638921426359609e-06,3.5093966896479785e-06,3.38209058483325e-06,3.2633203335766707e-06,3.1576814526791463e-06,3.0683391010987414e-06,2.997351740045106e-06,2.9459757775756097e-06,2.9149200188537806e-06,2.904533558901852e-06
2026-07-30 10:17:34.913493,[66.12723484],2.354719443506295e-09,2.3646186961325973e-09,2.394386850643061e-09,2.44420921499661e-09,2.5143086181432713e-09,2.6048180494437962e-09,2.715608391671269e-09,2.8460832690796938e-09,2.994963941897004e-09,3.160101287432321e-09,3.3383664642712677e-09,3.5256815788262404e-09,3.7172489699912235e-09,3.9080143364612294e-09,4.0933494332739915e-09,4.26986688102594e-09,4.436197734889978e-09,4.5935005681126085e-09,4.745465491721618e-09,4.897657606592668e-09,5.056215199504751e-09,5.2261397966969825e-09,5.4096084769543985e-09,5.604809886141788e-09,5.805692716582052e-09,6.00273433132609e-09,6.184492091272974e-09,6.339445095280732e-09,6.4575941991522825e-09,6.531481606161884e-09,6.55660780397778e-09,6.531481606161884e-09,6.4575941991522825e-09,6.339445095280732e-09,6.184492091272974e-09,6.00273433132609e-09,5.805692716582052e-09,5.604809886141788e-09,5.4096084769543985e-09,5.2261397966969825e-09,5.056215199504751e-09,4.897657606592668e-09,4.745465491721618e-09,4.5935005681126085e-09,4.436197734889978e-09,4.26986688102594e-09,4.0933494332739915e-09,3.9080143364612294e-09,3.7172489699912235e-09,3.5256815788262404e-09,3.3383664642712677e-09,3.160101287432321e-09,2.994963941897004e-09,2.8460832690796938e-09,2.715608391671269e-09,2.6048180494437962e-09,2.5143086181432713e-09,2.44420921499661e-09,2.394386850643061e-09,2.3646186961325973e-09,2.354719443506295e-09
2026-07-30 10:17:35.863467,[90.5373115],2.8658448779871553e-06,2.8759222320480713e-06,2.906052220485464e-06,2.9558910752925896e-06,3.024741104826358e-06,3.1113659965309396e-06,3.2137405620584815e-06,3.32875109678519e-06,3.45187740432948e-06,3.576907792644241e-06,3.695761555946317e-06,3.798514132594599e-06,3.873729391867484e-06,3.909189981294357e-06,3.893069337926251e-06,3.815502113401319e-06,3.670389155110827e-06,3.4571411556409797e-06,3.1819609827785087e-06,2.858237458876774e-06,2.5057152436175784e-06,2.1483307809170543e-06,1.8109314778706326e-06,1.515443458725455e-06,1.2773099856880645e-06,1.1030816927118816e-06,9.898451307447944e-07,9.267530168081374e-07,8.983758934462205e-07,8.890892514501527e-07,8.873987000634069e-07,8.890892514501527e-07,8.983758934462205e-07,9.267530168081374e-07,9.898451307447944e-07,1.1030816927118816e-06,1.2773099856880645e-06,1.515443458725455e-06,1.8109314778706326e-06,2.1483307809170543e-06,2.5057152436175784e-06,2.858237458876774e-06,3.1819609827785087e-06,3.4571411556409797e-06,3.670389155110827e-06,3.815502113401319e-06,3.893069337926251e-06,3.909189981294357e-06,3.873729391867484e-06,3.798514132594599e-06,3.695761555946317e-06,3.576907792644241e-06,3.45187740432948e-06,3.32875109678519e-06,3.2137405620584815e-06,3.1113659965309396e-06,3.024741104826358e-06,2.9558910752925896e-06,2.906052220485464e-06,2.8759222320480713e-06,2.8658448779871553e-06
2026-07-30 10:17:35.889204,[90.5373115],2.8658448779871553e-06,2.8759222320480713e-06,2.906052220485464e-06,2.9558910752925896e-06,3.024741104826358e-06,3.1113659965309396e-06,3.2137405620584815e-06,3.32875109678519e-06,3.45187740432948e-06,3.576907792644241e-06,3.695761555946317e-06,3.798514132594599e-06,3.873729391867484e-06,3.909189981294357e-06,3.893069337926251e-06,3.815502113401319e-06,3.670389155110827e-06,3.4571411556409797e-06,3.1819609827785087e-06,2.858237458876774e-06,2.5057152436175784e-06,2.1483307809170543e-06,1.8109314778706326e-06,1.515443458725455e-06,1.2773099856880645e-06,1.1030816927118816e-06,9.898451307447944e-07,9.267530168081374e-07,8.983758934462205e-07,8.890892514501527e-07,8.873987000634069e-07,8.890892514501527e-07,8.983758934462205e-07,9.267530168081374e-07,9.898451307447944e-07,1.1030816927118816e-06,1.2773099856880645e-06,1.515443458725455e-06,1.8109314778706326e-06,2.1483307809170543e-06,2.5057152436175784e-06,2.858237458876774e-06,3.1819609827785087e-06,3.4571411556409797e-06,3.670389155110827e-06,3.815502113401319e-06,3.893069337926251e-06,3.909189981294357e-06,3.873729391867484e-06,3.798514132594599e-06,3.695761555946317e-06,3.576907792644241e-06,3.45187740432948e-06,3.32875109678519e-06,3.2137405620584815e-06,3.1113659965309396e-06,3.024741104826358e-06,2.9558910752925896e-06,2.906052220485464e-06,2.8759222320480713e-06,2.8658448779871553e-06
2026-07-30 10:17:35.915068,[66.18476342],2.362781823695301e-09,2.372370954726519e-09,2.401240810883954e-09,2.4496759459006795e-09,2.518073796230113e-09,2.6068276411450157e-09,2.7161614501045125e-09,2.845920689446209e-09,2.9953316563278626e-09,3.16275479938312e-09,3.3454736370318676e-09,3.53957703171159e-09,3.740002887917619e-09,3.94080783355729e-09,4.135701871916775e-09,4.31883443192791e-09,4.485741782082284e-09,4.634280454599711e-09,4.765304546180826e-09,4.882830415462165e-09,4.99349817497154e-09,5.105291233136022e-09,5.2256849125641675e-09,5.3596018832090626e-09,5.507679923700171e-09,5.665346069285717e-09,5.823025174227047e-09,5.967531905468353e-09,6.084387764835936e-09,6.160562506807024e-09,6.187028989888118e-09,6.160562506807024e-09,6.084387764835936e-09,5.967531905468353e-09,5.823025174227047e-09,5.665346069285717e-09,5.507679923700171e-09,5.3596018832090626e-09,5.2256849125641675e-09,5.105291233136022e-09,4.99349817497154e-09,4.882830415462165e-09,4.765304546180826e-09,4.634280454599711e-09,4.485741782082284e-09,4.31883443192791e-09,4.135701871916775e-09,3.94080783355729e-09,3.740002887917619e-09,3.53957703171159e-09,3.3454736370318676e-09,3.16275479938312e-09,2.9953316563278626e-09,2.845920689446209e-09,2.7161614501045125e-09,2.6068276411450157e-09,2.518073796230113e-09,2.4496759459006795e-09,2.401240810883954e-09,2.372370954726519e-09,2.362781823695301e-09
2026-07-30 10:17:36.857442,[90.37983456],2.8279930916608537e-06,2.837759558186039e-06,2.86695732028957e-06,2.915244584259423e-06,2.981929131675518e-06,3.065786780681694e-06,3.1648153549430308e-06,3.275940212697718e-06,3.3947023364874512e-06,3.5149803418942855e-06,3.6288210144062794e-06,3.7264734643174715e-06,3.796730572329351e-06,3.827666502584595e-06,3.8078096967428164e-06,3.7277017549738576e-06,3.581670947346826e-06,3.36951885554777e-06,3.097720747113753e-06,2.7797238571445295e-06,2.435032625799694e-06,2.0870049033775537e-06,1.7596094898909585e-06,1.4737267967375135e-06,1.2437992772960946e-06,1.0756599524363898e-06,9.6614665504491e-07,9.046886447475473e-07,8.765459081885248e-07,8.669384802732536e-07,8.650541329488737e-07,8.669384802732536e-07,8.765459081885248e-07,9.046886447475473e-07,9.6614665504491e-07,1.0756599524363898e-06,1.2437992772960946e-06,1.4737267967375135e-06,1.7596094898909585e-06,2.0870049033775537e-06,2.435032625799694e-06,2.7797238571445295e-06,3.097720747113753e-06,3.36951885554777e-06,3.581670947346826e-06,3.7277017549738576e-06,3.8078096967428164e-06,3.827666502584595e-06,3.796730572329351e-06,3.7264734643174715e-06,3.6288210144062794e-06,3.5149803418942855e-06,3.3947023364874512e-06,3.275940212697718e-06,3.1648153549430308e-06,3.065786780681694e-06,2.981929131675518e-06,2.915244584259423e-06,2.86695732028957e-06,2.837759558186039e-06,2.8279930916608537e-06
2026-07-30 10:17:36.883222,[90.37983456],2.8279930916608537e-06,2.837759558186039e-06,2.86695732028957e-06,2.915244584259423e-06,2.981929131675518e-06,3.065786780681694e-06,3.1648153549430308e-06,3.275940212697718e-06,3.3947023364874512e-06,3.5149803418942855e-06,3.6288210144062794e-06,3.7264734643174715e-06,3.796730572329351e-06,3.827666502584595e-06,3.8078096967428164e-06,3.7277017549738576e-06,3.581670947346826e-06,3.36951885554777e-06,3.097720747113753e-06,2.7797238571445295e-06,2.435032625799694e-06,2.0870049033775537e-06,1.7596094898909585e-06,1.4737267967375135e-06,1.2437992772960946e-06,1.0756599524363898e-06,9.6614665504491e-07,9.046886447475473e-07,8.765459081885248e-07,8.669384802732536e-07,8.650541329488737e-07,8.669384802732536e-07,8.765459081885248e-07,9.046886447475473e-07,9.6614665504491e-07,1.0756599524363898e-06,1.2437992772960946e-06,1.4737267967375135e-06,1.7596094898909585e-06,2.0870049033775537e-06,2.435032625799694e-06,2.7797238571445295e-06,3.097720747113753e-06,3.36951885554777e-06,3.581670947346826e-06,3.7277017549738576e-06,3.8078096967428164e-06,3.827666502584595e-06,3.796730572329351e-06,3.7264734643174715e-06,3.6288210144062794e-06,3.5149803418942855e-06,3.3947023364874512e-06,3.275940212697718e-06,3.1648153549430308e-06,3.065786780681694e-06,2.981929131675518e-06,2.915244584259423e-06,2.86695732028957e-06,2.837759558186039e-06,2.8279930916608537e-06
2026-07-30 10:17:36.909191,[65.21902713],2.396370195091493e-09,2.4055355598354763e-09,2.4330994691757804e-09,2.4792493374345916e-09,2.5442444366268532e-09,2.6283375118840514e-09,2.7316675385012845e-09,2.8541260559486337e-09,2.9952001163340524e-09,3.1537958947911063e-09,3.3280498027511922e-09,3.5151411108556337e-09,3.7111349492815387e-09,3.910909233025614e-09,4.1082508350033975e-09,4.296233240933356e-09,4.467986498103314e-09,4.61790977058389e-09,4.743233617591999e-09,4.845620153902335e-09,4.9322546542920665e-09,5.015748933484866e-09,5.1122853702724065e-09,5.237870902211989e-09,5.4032950473781595e-09,5.609162222733719e-09,5.842827147846285e-09,6.078856644243678e-09,6.283658760786741e-09,6.423422549044532e-09,6.473091558845309e-09,6.423422549044532e-09,6.283658760786741e-09,6.078856644243678e-09,5.842827147846285e-09,5.609162222733719e-09,5.4032950473781595e-09,5.237870902211989e-09,5.1122853702724065e-09,5.015748933484866e-09,4.9322546542920665e-09,4.845620153902335e-09,4.743233617591999e-09,4.61790977058389e-09,4.467986498103314e-09,4.296233240933356e-09,4.1082508350033975e-09,3.910909233025614e-09,3.7111349492815387e-09,3.5151411108556337e-09,3.3280498027511922e-09,3.1537958947911063e-09,2.9952001163340524e-09,2.8541260559486337e-09,2.7316675385012845e-09,2.6283375118840514e-09,2.5442444366268532e-09,2.4792493374345916e-09,2.4330994691757804e-09,2.4055355598354763e-09,2.396370195091493e-09
2026-07-30 10:17:37.857331,[90.22793368],2.7878870382337826e-06,2.7973221934222614e-06,2.82552595522576e-06,2.872157157980349e-06,2.936527361395442e-06,3.0174233215537024e-06,3.112866400890152e-06,3.219824804539704e-06,3.3339094405258998e-06,3.449104503576563e-06,3.557606997884017e-06,3.649869564220624e-06,3.7149488856508953e-06,3.741245935233374e-06,3.7176735168234724e-06,3.635196256813391e-06,3.488566411223544e-06,3.2779509535247344e-06,3.0100534016099163e-06,2.6983267133379067e-06,2.3619888593495103e-06,2.0237944813620822e-06,1.7068398710841345e-06,1.4309940144022935e-06,1.2097452901205944e-06,1.04824358512731e-06,9.430761439515647e-07,8.838983675904297e-07,8.565681642872692e-07,8.470440105986638e-07,8.45111288288655e-07,8.470440105986638e-07,8.565681642872692e-07,8.838983675904297e-07,9.430761439515647e-07,1.04824358512731e-06,1.2097452901205944e-06,1.4309940144022935e-06,1.7068398710841345e-06,2.0237944813620822e-06,2.3619888593495103e-06,2.6983267133379067e-06,3.0100534016099163e-06,3.2779509535247344e-06,3.488566411223544e-06,3.635196256813391e-06,3.7176735168234724e-06,3.741245935233374e-06,3.7149488856508953e-06,3.649869564220624e-06,3.557606997884017e-06,3.449104503576563e-06,3.3339094405258998e-06,3.219824804539704e-06,3.112866400890152e-06,3.0174233215537024e-06,2.936527361395442e-06,2.872157157980349e-06,2.82552595522576e-06,2.7973221934222614e-06,2.7878870382337826e-06
2026-07-30 10:17:37.882585,[90.22793368],2.7878870382337826e-06,2.7973221934222614e-06,2.82552595522576e-06,2.872157157980349e-06,2.936527361395442e-06,3.0174233215537024e-06,3.112866400890152e-06,3.219824804539704e-06,3.3339094405258998e-06,3.449104503576563e-06,3.557606997884017e-06,3.649869564220624e-06,3.7149488856508953e-06,3.741245935233374e-06,3.7176735168234724e-06,3.635196256813391e-06,3.488566411223544e-06,3.2779509535247344e-06,3.0100534016099163e-06,2.6983267133379067e-06,2.3619888593495103e-06,2.0237944813620822e-06,1.7068398710841345e-06,1.4309940144022935e-06,1.2097452901205944e-06,1.04824358512731e-06,9.430761439515647e-07,8.838983675904297e-07,8.565681642872692e-07,8.470440105986638e-07,8.45111288288655e-07,8.470440105986638e-07,8.565681642872692e-07,8.838983675904297e-07,9.430761439515647e-07,1.04824358512731e-06,1.2097452901205944e-06,1.4309940144022935e-06,1.7068398710841345e-06,2.0237944813620822e-06,2.3619888593495103e-06,2.6983267133379067e-06,3.0100534016099163e-06,3.2779509535247344e-06,3.488566411223544e-06,3.635196256813391e-06,3.7176735168234724e-06,3.741245935233374e-06,3.7149488856508953e-06,3.649869564220624e-06,3.557606997884017e-06,3.449104503576563e-06,3.3339094405258998e-06,3.219824804539704e-06,3.112866400890152e-06,3.0174233215537024e-06,2.936527361395442e-06,2.872157157980349e-06,2.82552595522576e-06,2.7973221934222614e-06,2.7878870382337826e-06
2026-07-30 10:17:38.858386,[90.05787045],2.7433093724952942e-06,2.752425349396676e-06,2.7796726715257596e-06,2.8247141817677006e-06,2.8868704912866424e-06,2.9649458742561143e-06,3.0569922298273955e-06,3.160026813956673e-06,3.2697343780428173e-06,3.3802047017794946e-06,3.483779620246749e-06,3.571103591085179e-06,3.631479143901928e-06,3.653611351540361e-06,3.6267729272578854e-06,3.542329499971753e-06,3.3954421235100148e-06,3.1866380674780428e-06,2.922854770215566e-06,2.6175645828906926e-06,2.2897148281019644e-06,1.9614678160372266e-06,1.6550478444091196e-06,1.3893017594324968e-06,1.1767469446436706e-06,1.0218366174830242e-06,9.209075156011728e-07,8.63860708699639e-07,8.371887162241287e-07,8.276317080762435e-07,8.256074656177141e-07,8.276317080762435e-07,8.371887162241287e-07,8.63860708699639e-07,9.209075156011728e-07,1.0218366174830242e-06,1.1767469446436706e-06,1.3893017594324968e-06,1.6550478444091196e-06,1.9614678160372266e-06,2.2897148281019644e-06,2.6175645828906926e-06,2.922854770215566e-06,3.1866380674780428e-06,3.3954421235100148e-06,3.542329499971753e-06,3.6267729272578854e-06,3.653611351540361e-06,3.631479143901928e-06,3.571103591085179e-06,3.483779620246749e-06,3.3802047017794946e-06,3.2697343780428173e-06,3.160026813956673e-06,3.0569922298273955e-06,2.9649458742561143e-06,2.8868704912866424e-06,2.8247141817677006e-06,2.7796726715257596e-06,2.752425349396676e-06,2.7433093724952942e-06
2026-07-30 10:17:38.883231,[90.05787045],2.7433093724952942e-06,2.752425349396676e-06,2.7796726715257596e-06,2.8247141817677006e-06,2.8868704912866424e-06,2.9649458742561143e-06,3.0569922298273955e-06,3.160026813956673e-06,3.2697343780428173e-06,3.3802047017794946e-06,3.483779620246749e-06,3.571103591085179e-06,3.631479143901928e-06,3.653611351540361e-06,3.6267729272578854e-06,3.542329499971753e-06,3.3954421235100148e-06,3.1866380674780428e-06,2.922854770215566e-06,2.6175645828906926e-06,2.2897148281019644e-06,1.9614678160372266e-06,1.6550478444091196e-06,1.3893017594324968e-06,1.1767469446436706e-06,1.0218366174830242e-06,9.209075156011728e-07,8.63860708699639e-07,8.371887162241287e-07,8.276317080762435e-07,8.256074656177141e-07,8.276317080762435e-07,8.371887162241287e-07,8.63860708699639e-07,9.209075156011728e-07,1.0218366174830242e-06,1.1767469446436706e-06,1.3893017594324968e-06,1.6550478444091196e-06,1.9614678160372266e-06,2.2897148281019644e-06,2.6175645828906926e-06,2.922854770215566e-06,3.1866380674780428e-06,3.3954421235100148e-06,3.542329499971753e-06,3.6267729272578854e-06,3.653611351540361e-06,3.631479143901928e-06,3.571103591085179e-06,3.483779620246749e-06,3.3802047017794946e-06,3.2697343780428173e-06,3.160026813956673e-06,3.0569922298273955e-06,2.9649458742561143e-06,2.8868704912866424e-06,2.8247141817677006e-06,2.7796726715257596e-06,2.752425349396676e-06,2.7433093724952942e-06
2026-07-30 10:17:39.869642,[89.92874265],2.6182414165443394e-06,2.626592775729025e-06,2.6515239222870257e-06,2.692636172110996e-06,2.749166238592602e-06,2.8198416127237806e-06,2.9026878100701735e-06,2.9948027953293097e-06,3.0921253997424993e-06,3.18923949470845e-06,3.279272106861976e-06,3.353957468790401e-06,3.4039438370728133e-06,3.4194078218555835e-06,3.3910043439926697e-06,3.3111152055324423e-06,3.175269498171049e-06,2.983510002207849e-06,2.741398953417571e-06,2.460329736474066e-06,2.15687152365359e-06,1.8510376550622023e-06,1.5636198648826687e-06,1.313014893106722e-06,1.1122022388047342e-06,9.666196827683307e-07,8.735627660592222e-07,8.234025337992782e-07,8.024450795196971e-07,7.967811974504498e-07,7.961495124968512e-07,7.967811974504498e-07,8.024450795196971e-07,8.234025337992782e-07,8.735627660592222e-07,9.666196827683307e-07,1.1122022388047342e-06,1.313014893106722e-06,1.5636198648826687e-06,1.8510376550622023e-06,2.15687152365359e-06,2.460329736474066e-06,2.741398953417571e-06,2.983510002207849e-06,3.175269498171049e-06,3.3111152055324423e-06,3.3910043439926697e-06,3.4194078218555835e-06,3.4039438370728133e-06,3.353957468790401e-06,3.279272106861976e-06,3.18923949470845e-06,3.0921253997424993e-06,2.9948027953293097e-06,2.9026878100701735e-06,2.8198416127237806e-06,2.749166238592602e-06,2.692636172110996e-06,2.6515239222870257e-06,2.626592775729025e-06,2.6182414165443394e-06
2026-07-30 10:17:39.895173,[73.64706314],2.7262151761979988e-08,2.7323582658558322e-08,2.750987387028868e-08,2.7826386782986455e-08,2.8279904657641232e-08,2.8875303229143462e-08,2.9610808654051162e-08,3.047203705193388e-08,3.1425427176412696e-08,3.241227735424107e-08,3.334526789730429e-08,3.410984998532679e-08,3.457284791802629e-08,3.459965168880463e-08,3.407921796648809e-08,3.295291004031846e-08,3.1239799471026663e-08,2.9048900620653577e-08,2.6569672551683044e-08,2.40371984967388e-08,2.1677324302675855e-08,1.9646994464360494e-08,1.7991470334379954e-08,1.6638407135492635e-08,1.543699411124898e-08,1.4231598673810784e-08,1.2941594433830136e-08,1.1611949622207806e-08,1.0408661492154742e-08,9.557022209686956e-09,9.248258592124646e-09,9.557022209686956e-09,1.0408661492154742e-08,1.1611949622207806e-08,1.2941594433830136e-08,1.4231598673810784e-08,1.543699411124898e-08,1.6638407135492635e-08,1.7991470334379954e-08,1.9646994464360494e-08,2.1677324302675855e-08,2.40371984967388e-08,2.6569672551683044e-08,2.9048900620653577e-08,3.1239799471026663e-08,3.295291004031846e-08,3.407921796648809e-08,3.459965168880463e-08,3.457284791802629e-08,3.410984998532679e-08,3.334526789730429e-08,3.241227735424107e-08,3.1425427176412696e-08,3.047203705193388e-08,2.9610808654051162e-08,2.8875303229143462e-08,2.8279904657641232e-08,2.7826386782986455e-08,2.750987387028868e-08,2.7323582658558322e-08,2.7262151761979988e-08
2026-07-30 10:17:39.920675,[73.64706314],2.7262151761979988e-08,2.7323582658558322e-08,2.750987387028868e-08,2.7826386782986455e-08,2.8279904657641232e-08,2.8875303229143462e-08,2.9610808654051162e-08,3.047203705193388e-08,3.1425427176412696e-08,3.241227735424107e-08,3.334526789730429e-08,3.410984998532679e-08,3.457284791802629e-08,3.459965168880463e-08,3.407921796648809e-08,3.295291004031846e-08,3.1239799471026663e-08,2.9048900620653577e-08,2.6569672551683044e-08,2.40371984967388e-08,2.1677324302675855e-08,1.9646994464360494e-08,1.7991470334379954e-08,1.6638407135492635e-08,1.543699411124898e-08,1.4231598673810784e-08,1.2941594433830136e-08,1.1611949622207806e-08,1.0408661492154742e-08,9.557022209686956e-09,9.248258592124646e-09,9.557022209686956e-09,1.0408661492154742e-08,1.1611949622207806e-08,1.2941594433830136e-08,1.4231598673810784e-08,1.543699411124898e-08,1.6638407135492635e-08,1.7991470334379954e-08,1.9646994464360494e-08,2.1677324302675855e-08,2.40371984967388e-08,2.6569672551683044e-08,2.9048900620653577e-08,3.1239799471026663e-08,3.295291004031846e-08,3.407921796648809e-08,3.459965168880463e-08,3.457284791802629e-08,3.410984998532679e-08,3.334526789730429e-08,3.241227735424107e-08,3.1425427176412696e-08,3.047203705193388e-08,2.9610808654051162e-08,2.8875303229143462e-08,2.8279904657641232e-08,2.7826386782986455e-08,2.750987387028868e-08,2.7323582658558322e-08,2.7262151761979988e-08
2026-07-30 10:17:40.893278,[89.73778148],2.6471204429814874e-06,2.6555727890754426e-06,2.6808309495188256e-06,2.72256468030735e-06,2.7801117921608607e-06,2.8523123495734794e-06,2.9372838122464484e-06,3.0321523314625447e-06,3.1327701544644526e-06,3.233469190322741e-06,3.3269235213135406e-06,3.4042129365333075e-06,3.4551857686029625e-06,3.4692005062965624e-06,3.4362712450137416e-06,3.3485486613855135e-06,3.201946446102463e-06,2.9976018487914784e-06,2.7427829287466385e-06,2.4508727532481123e-06,2.140203422786421e-06,1.8317720207024327e-06,1.546186520893056e-06,1.3004615213444317e-06,1.1054048372514372e-06,9.642418302399644e-07,8.728281926819472e-07,8.213966056638817e-07,7.974020259793166e-07,7.887893126508751e-07,7.869549966905244e-07,7.887893126508751e-07,7.974020259793166e-07,8.213966056638817e-07,8.728281926819472e-07,9.642418302399644e-07,1.1054048372514372e-06,1.3004615213444317e-06,1.546186520893056e-06,1.8317720207024327e-06,2.140203422786421e-06,2.4508727532481123e-06,2.7427829287466385e-06,2.9976018487914784e-06,3.201946446102463e-06,3.3485486613855135e-06,3.4362712450137416e-06,3.4692005062965624e-06,3.4551857686029625e-06,3.4042129365333075e-06,3.3269235213135406e-06,3.233469190322741e-06,3.1327701544644526e-06,3.0321523314625447e-06,2.9372838122464484e-06,2.8523123495734794e-06,2.7801117921608607e-06,2.72256468030735e-06,2.6808309495188256e-06,2.6555727890754426e-06,2.6471204429814874e-06
2026-07-30 10:17:40.917581,[89.73778148],2.6471204429814874e-06,2.6555727890754426e-06,2.6808309495188256e-06,2.72256468030735e-06,2.7801117921608607e-06,2.8523123495734794e-06,2.9372838122464484e-06,3.0321523314625447e-06,3.1327701544644526e-06,3.233469190322741e-06,3.3269235213135406e-06,3.4042129365333075e-06,3.4551857686029625e-06,3.4692005062965624e-06,3.4362712450137416e-06,3.3485486613855135e-06,3.201946446102463e-06,2.9976018487914784e-06,2.7427829287466385e-06,2.4508727532481123e-06,2.140203422786421e-06,1.8317720207024327e-06,1.546186520893056e-06,1.3004615213444317e-06,1.1054048372514372e-06,9.642418302399644e-07,8.728281926819472e-07,8.213966056638817e-07,7.974020259793166e-07,7.887893126508751e-07,7.869549966905244e-07,7.887893126508751e-07,7.974020259793166e-07,8.213966056638817e-07,8.728281926819472e-07,9.642418302399644e-07,1.1054048372514372e-06,1.3004615213444317e-06,1.546186520893056e-06,1.8317720207024327e-06,2.140203422786421e-06,2.4508727532481123e-06,2.7427829287466385e-06,2.9976018487914784e-06,3.201946446102463e-06,3.3485486613855135e-06,3.4362712450137416e-06,3.4692005062965624e-06,3.4551857686029625e-06,3.4042129365333075e-06,3.3269235213135406e-06,3.233469190322741e-06,3.1327701544644526e-06,3.0321523314625447e-06,2.9372838122464484e-06,2.8523123495734794e-06,2.7801117921608607e-06,2.72256468030735e-06,2.6808309495188256e-06,2.6555727890754426e-06,2.6471204429814874e-06
2026-07-30 10:17:41.904808,[89.6036723],2.6052913991333485e-06,2.6133714861639466e-06,2.6375100360178086e-06,2.67736964441567e-06,2.7322806796439153e-06,2.8010822726718532e-06,2.8819069553838e-06,2.97192387787568e-06,3.067069832625886e-06,3.16181675936159e-06,3.2490463247862004e-06,3.3201206448690657e-06,3.3652438481261573e-06,3.3741903887069016e-06,3.3374225842293403e-06,3.2475286673718294e-06,3.100794252998539e-06,2.898602888613306e-06,2.6482890154649162e-06,2.3630863351362808e-06,2.060956195201908e-06,1.7623350446958455e-06,1.4871478433897676e-06,1.2516965490714757e-06,1.0661457761525336e-06,9.332297982461008e-07,8.485115663908441e-07,8.021281493950791e-07,7.815894184204619e-07,7.749688987993462e-07,7.73782753990434e-07,7.749688987993462e-07,7.815894184204619e-07,8.021281493950791e-07,8.485115663908441e-07,9.332297982461008e-07,1.0661457761525336e-06,1.2516965490714757e-06,1.4871478433897676e-06,1.7623350446958455e-06,2.060956195201908e-06,2.3630863351362808e-06,2.6482890154649162e-06,2.898602888613306e-06,3.100794252998539e-06,3.2475286673718294e-06,3.3374225842293403e-06,3.3741903887069016e-06,3.3652438481261573e-06,3.3201206448690657e-06,3.2490463247862004e-06,3.16181675936159e-06,3.067069832625886e-06,2.97192387787568e-06,2.8819069553838e-06,2.8010822726718532e-06,2.7322806796439153e-06,2.67736964441567e-06,2.6375100360178086e-06,2.6133714861639466e-06,2.6052913991333485e-06
2026-07-30 10:17:41.931053,[89.6036723],2.6052913991333485e-06,2.6133714861639466e-06,2.6375100360178086e-06,2.67736964441567e-06,2.7322806796439153e-06,2.8010822726718532e-06,2.8819069553838e-06,2.97192387787568e-06,3.067069832625886e-06,3.16181675936159e-06,3.2490463247862004e-06,3.3201206448690657e-06,3.3652438481261573e-06,3.3741903887069016e-06,3.3374225842293403e-06,3.2475286673718294e-06,3.100794252998539e-06,2.898602888613306e-06,2.6482890154649162e-06,2.3630863351362808e-06,2.060956195201908e-06,1.7623350446958455e-06,1.4871478433897676e-06,1.2516965490714757e-06,1.0661457761525336e-06,9.332297982461008e-07,8.485115663908441e-07,8.021281493950791e-07,7.815894184204619e-07,7.749688987993462e-07,7.73782753990434e-07,7.749688987993462e-07,7.815894184204619e-07,8.021281493950791e-07,8.485115663908441e-07,9.332297982461008e-07,1.0661457761525336e-06,1.2516965490714757e-06,1.4871478433897676e-06,1.7623350446958455e-06,2.060956195201908e-06,2.3630863351362808e-06,2.6482890154649162e-06,2.898602888613306e-06,3.100794252998539e-06,3.2475286673718294e-06,3.3374225842293403e-06,3.3741903887069016e-06,3.3652438481261573e-06,3.3201206448690657e-06,3.2490463247862004e-06,3.16181675936159e-06,3.067069832625886e-06,2.97192387787568e-06,2.8819069553838e-06,2.8010822726718532e-06,2.7322806796439153e-06,2.67736964441567e-06,2.6375100360178086e-06,2.6133714861639466e-06,2.6052913991333485e-06
2026-07-30 10:17:41.957135,[66.9064479],1.7825620704326465e-09,1.7896530508779588e-09,1.8110165242232893e-09,1.8469107032502218e-09,1.897721827678481e-09,1.963899901247287e-09,2.0458730791776246e-09,2.1439460230589626e-09,2.258189822773938e-09,2.3883332508412774e-09,2.5336670736336005e-09,2.692975491551902e-09,2.864512939400476e-09,3.0460519948423755e-09,3.2350386950472516e-09,3.428899975019277e-09,3.6255418854116426e-09,3.824038715729097e-09,4.025426871284724e-09,4.233386356703842e-09,4.454454974149581e-09,4.697353575457185e-09,4.971101024885788e-09,5.281927636717388e-09,5.629520357287193e-09,6.003680813426916e-09,6.382775201636085e-09,6.735145481904422e-09,7.023853555133044e-09,7.213949823672845e-09,7.280355854723827e-09,7.213949823672845e-09,7.023853555133044e-09,6.735145481904422e-09,6.382775201636085e-09,6.003680813426916e-09,5.629520357287193e-09,5.281927636717388e-09,4.971101024885788e-09,4.697353575457185e-09,4.454454974149581e-09,4.233386356703842e-09,4.025426871284724e-09,3.824038715729097e-09,3.6255418854116426e-09,3.428899975019277e-09,3.2350386950472516e-09,3.0460519948423755e-09,2.864512939400476e-09,2.692975491551902e-09,2.5336670736336005e-09,2.3883332508412774e-09,2.258189822773938e-09,2.1439460230589626e-09,2.0458730791776246e-09,1.963899901247287e-09,1.897721827678481e-09,1.8469107032502218e-09,1.8110165242232893e-09,1.7896530508779588e-09,1.7825620704326465e-09
2026-07-30 10:17:42.893825,[89.43965469],2.551824578369689e-06,2.559556272318054e-06,2.582650007408841e-06,2.6207703530786253e-06,2.6732538786585292e-06,2.738954428834485e-06,2.8160335897290103e-06,2.9017110892113563e-06,2.9920040951076846e-06,3.0815037086580425e-06,3.163258670744205e-06,3.228854393836766e-06,3.2687804013361966e-06,3.2731594717394304e-06,3.232857162081363e-06,3.1408982888228857e-06,2.9939987987806727e-06,2.793906727518905e-06,2.5481791764046804e-06,2.2700502705083857e-06,1.9771956697285133e-06,1.689459121250207e-06,1.425911387575531e-06,1.201859427088351e-06,1.0265117019449546e-06,9.018800491650571e-07,8.231873940211098e-07,7.806583297935638e-07,7.622318818885141e-07,7.565555013507969e-07,7.556226571605237e-07,7.565555013507969e-07,7.622318818885141e-07,7.806583297935638e-07,8.231873940211098e-07,9.018800491650571e-07,1.0265117019449546e-06,1.201859427088351e-06,1.425911387575531e-06,1.689459121250207e-06,1.9771956697285133e-06,2.2700502705083857e-06,2.5481791764046804e-06,2.793906727518905e-06,2.9939987987806727e-06,3.1408982888228857e-06,3.232857162081363e-06,3.2731594717394304e-06,3.2687804013361966e-06,3.228854393836766e-06,3.163258670744205e-06,3.0815037086580425e-06,2.9920040951076846e-06,2.9017110892113563e-06,2.8160335897290103e-06,2.738954428834485e-06,2.6732538786585292e-06,2.6207703530786253e-06,2.582650007408841e-06,2.559556272318054e-06,2.551824578369689e-06
2026-07-30 10:17:42.918791,[89.43965469],2.551824578369689e-06,2.559556272318054e-06,2.582650007408841e-06,2.6207703530786253e-06,2.6732538786585292e-06,2.738954428834485e-06,2.8160335897290103e-06,2.9017110892113563e-06,2.9920040951076846e-06,3.0815037086580425e-06,3.163258670744205e-06,3.228854393836766e-06,3.2687804013361966e-06,3.2731594717394304e-06,3.232857162081363e-06,3.1408982888228857e-06,2.9939987987806727e-06,2.793906727518905e-06,2.5481791764046804e-06,2.2700502705083857e-06,1.9771956697285133e-06,1.689459121250207e-06,1.425911387575531e-06,1.201859427088351e-06,1.0265117019449546e-06,9.018800491650571e-07,8.231873940211098e-07,7.806583297935638e-07,7.622318818885141e-07,7.565555013507969e-07,7.556226571605237e-07,7.565555013507969e-07,7.622318818885141e-07,7.806583297935638e-07,8.231873940211098e-07,9.018800491650571e-07,1.0265117019449546e-06,1.201859427088351e-06,1.425911387575531e-06,1.689459121250207e-06,1.9771956697285133e-06,2.2700502705083857e-06,2.5481791764046804e-06,2.793906727518905e-06,2.9939987987806727e-06,3.1408982888228857e-06,3.232857162081363e-06,3.2731594717394304e-06,3.2687804013361966e-06,3.228854393836766e-06,3.163258670744205e-06,3.0815037086580425e-06,2.9920040951076846e-06,2.9017110892113563e-06,2.8160335897290103e-06,2.738954428834485e-06,2.6732538786585292e-06,2.6207703530786253e-06,2.582650007408841e-06,2.559556272318054e-06,2.551824578369689e-06
2026-07-30 10:17:42.943680,[66.99519146],2.222161372046548e-09,2.2310298112892822e-09,2.257693892444024e-09,2.3023192035979368e-09,2.3651472154127312e-09,2.446447268275718e-09,2.5464555935205675e-09,2.6653044205248173e-09,2.802940331448006e-09,2.9590242406200813e-09,3.13279756673355e-09,3.3228952391457194e-09,3.5270941745776124e-09,3.742014698899095e-09,3.962846295733683e-09,4.183239365401634e-09,4.395562691213591e-09,4.59172412804291e-09,4.76463835245376e-09,4.910178115825166e-09,5.029109589928091e-09,5.128220668954711e-09,5.219795541508811e-09,5.318933069418964e-09,5.4389641157262404e-09,5.5861713112464555e-09,5.7557245653942426e-09,5.9307604019575825e-09,6.0856361811358654e-09,6.1928080280618835e-09,6.231166356015812e-09,6.1928080280618835e-09,6.0856361811358654e-09,5.9307604019575825e-09,5.7557245653942426e-09,5.5861713112464555e-09,5.4389641157262404e-09,5.318933069418964e-09,5.219795541508811e-09,5.128220668954711e-09,5.029109589928091e-09,4.910178115825166e-09,4.76463835245376e-09,4.59172412804291e-09,4.395562691213591e-09,4.183239365401634e-09,3.962846295733683e-09,3.742014698899095e-09,3.5270941745776124e-09,3.3228952391457194e-09,3.13279756673355e-09,2.9590242406200813e-09,2.802940331448006e-09,2.6653044205248173e-09,2.5464555935205675e-09,2.446447268275718e-09,2.3651472154127312e-09,2.3023192035979368e-09,2.257693892444024e-09,2.2310298112892822e-09,2.222161372046548e-09
2026-07-30 10:17:42.973773,[66.99519146],2.222161372046548e-09,2.2310298112892822e-09,2.257693892444024e-09,2.3023192035979368e-09,2.3651472154127312e-09,2.446447268275718e-09,2.5464555935205675e-09,2.6653044205248173e-09,2.802940331448006e-09,2.9590242406200813e-09,3.13279756673355e-09,3.3228952391457194e-09,3.5270941745776124e-09,3.742014698899095e-09,3.962846295733683e-09,4.183239365401634e-09,4.395562691213591e-09,4.59172412804291e-09,4.76463835245376e-09,4.910178115825166e-09,5.029109589928091e-09,5.128220668954711e-09,5.219795541508811e-09,5.318933069418964e-09,5.4389641157262404e-09,5.5861713112464555e-09,5.7557245653942426e-09,5.9307604019575825e-09,6.0856361811358654e-09,6.1928080280618835e-09,6.231166356015812e-09,6.1928080280618835e-09,6.0856361811358654e-09,5.9307604019575825e-09,5.7557245653942426e-09,5.5861713112464555e-09,5.4389641157262404e-09,5.318933069418964e-09,5.219795541508811e-09,5.128220668954711e-09,5.029109589928091e-09,4.910178115825166e-09,4.76463835245376e-09,4.59172412804291e-09,4.395562691213591e-09,4.183239365401634e-09,3.962846295733683e-09,3.742014698899095e-09,3.5270941745776124e-09,3.3228952391457194e-09,3.13279756673355e-09,2.9590242406200813e-09,2.802940331448006e-09,2.6653044205248173e-09,2.5464555935205675e-09,2.446447268275718e-09,2.3651472154127312e-09,2.3023192035979368e-09,2.257693892444024e-09,2.2310298112892822e-09,2.222161372046548e-09
2026-07-30 10:17:43.896842,[89.2877745],2.501151261853573e-06,2.5085409410694287e-06,2.530608569392282e-06,2.5670194961564416e-06,2.617114797878941e-06,2.6797612926952043e-06,2.7531484659656403e-06,2.8345468081416003e-06,2.920056128181872e-06,3.004391518834348e-06,3.080776062335373e-06,3.1410270285516915e-06,3.1759266992142967e-06,3.1759484513797317e-06,3.1323534349567975e-06,3.0385808549122145e-06,2.8917376062782944e-06,2.6938810313840202e-06,2.452726877026198e-06,2.18144946180193e-06,1.8973984377505957e-06,1.6198196559204472e-06,1.3669683113363612e-06,1.1532363145466978e-06,9.869822236759406e-07,8.696039982640495e-07,7.960703811181386e-07,7.56739947046275e-07,7.39986278646444e-07,7.350088043120299e-07,7.342514006643035e-07,7.350088043120299e-07,7.39986278646444e-07,7.56739947046275e-07,7.960703811181386e-07,8.696039982640495e-07,9.869822236759406e-07,1.1532363145466978e-06,1.3669683113363612e-06,1.6198196559204472e-06,1.8973984377505957e-06,2.18144946180193e-06,2.452726877026198e-06,2.6938810313840202e-06,2.8917376062782944e-06,3.0385808549122145e-06,3.1323534349567975e-06,3.1759484513797317e-06,3.1759266992142967e-06,3.1410270285516915e-06,3.080776062335373e-06,3.004391518834348e-06,2.920056128181872e-06,2.8345468081416003e-06,2.7531484659656403e-06,2.6797612926952043e-06,2.617114797878941e-06,2.5670194961564416e-06,2.530608569392282e-06,2.5085409410694287e-06,2.501151261853573e-06
2026-07-30 10:17:43.923570,[89.2877745],2.501151261853573e-06,2.5085409410694287e-06,2.530608569392282e-06,2.5670194961564416e-06,2.617114797878941e-06,2.6797612926952043e-06,2.7531484659656403e-06,2.8345468081416003e-06,2.920056128181872e-06,3.004391518834348e-06,3.080776062335373e-06,3.1410270285516915e-06,3.1759266992142967e-06,3.1759484513797317e-06,3.1323534349567975e-06,3.0385808549122145e-06,2.8917376062782944e-06,2.6938810313840202e-06,2.452726877026198e-06,2.18144946180193e-06,1.8973984377505957e-06,1.6198196559204472e-06,1.3669683113363612e-06,1.1532363145466978e-06,9.869822236759406e-07,8.696039982640495e-07,7.960703811181386e-07,7.56739947046275e-07,7.39986278646444e-07,7.350088043120299e-07,7.342514006643035e-07,7.350088043120299e-07,7.39986278646444e-07,7.56739947046275e-07,7.960703811181386e-07,8.696039982640495e-07,9.869822236759406e-07,1.1532363145466978e-06,1.3669683113363612e-06,1.6198196559204472e-06,1.8973984377505957e-06,2.18144946180193e-06,2.452726877026198e-06,2.6938810313840202e-06,2.8917376062782944e-06,3.0385808549122145e-06,3.1323534349567975e-06,3.1759484513797317e-06,3.1759266992142967e-06,3.1410270285516915e-06,3.080776062335373e-06,3.004391518834348e-06,2.920056128181872e-06,2.8345468081416003e-06,2.7531484659656403e-06,2.6797612926952043e-06,2.617114797878941e-06,2.5670194961564416e-06,2.530608569392282e-06,2.5085409410694287e-06,2.501151261853573e-06
2026-07-30 10:17:43.949979,[65.37164959],3.2151277700515863e-09,3.227699319382015e-09,3.2658593689719258e-09,3.3309525266927543e-09,3.425243350058511e-09,3.551934970511567e-09,3.715158224067681e-09,3.919887150658172e-09,4.171717154700745e-09,4.47642415750347e-09,4.839215878083551e-09,5.263604193069065e-09,5.749887387138421e-09,6.293346318422609e-09,6.8824274395235936e-09,7.497378264454693e-09,8.109950355504372e-09,8.684793990777716e-09,9.182940860549023e-09,9.567265705327163e-09,9.80911027750161e-09,9.894563926981912e-09,9.828546291004298e-09,9.635120694425815e-09,9.353463840343261e-09,9.030368621920166e-09,8.711487766894127e-09,8.434077884665535e-09,8.223389135088525e-09,8.093233046306047e-09,8.049379113286517e-09,8.093233046306047e-09,8.223389135088525e-09,8.434077884665535e-09,8.711487766894127e-09,9.030368621920166e-09,9.353463840343261e-09,9.635120694425815e-09,9.828546291004298e-09,9.894563926981912e-09,9.80911027750161e-09,9.567265705327163e-09,9.182940860549023e-09,8.684793990777716e-09,8.109950355504372e-09,7.497378264454693e-09,6.8824274395235936e-09,6.293346318422609e-09,5.749887387138421e-09,5.263604193069065e-09,4.839215878083551e-09,4.47642415750347e-09,4.171717154700745e-09,3.919887150658172e-09,3.715158224067681e-09,3.551934970511567e-09,3.425243350058511e-09,3.3309525266927543e-09,3.2658593689719258e-09,3.227699319382015e-09,3.2151277700515863e-09
2026-07-30 10:17:44.897521,[89.17693326],2.4617293135892347e-06,2.4687567325822794e-06,2.489733173811465e-06,2.5243120624914515e-06,2.571818958220753e-06,2.6311082071455227e-06,2.7003692404421476e-06,2.7768968140765905e-06,2.8568531059456608e-06,2.935068041280691e-06,3.004944819636478e-06,3.0585544833358816e-06,3.0870072376669306e-06,3.0811678559290416e-06,3.032728292401365e-06,2.9355605121008725e-06,2.7871584211797565e-06,2.5898692070943334e-06,2.3515553028436168e-06,2.085363723878707e-06,1.8084347135035509e-06,1.5396399130843743e-06,1.2967347334193045e-06,1.0935379642285217e-06,9.378155652174208e-07,8.303989885592919e-07,7.657486090173885e-07,7.337916655915378e-07,7.225574192090128e-07,7.209939840083334e-07,7.213918121559205e-07,7.209939840083334e-07,7.225574192090128e-07,7.337916655915378e-07,7.657486090173885e-07,8.303989885592919e-07,9.378155652174208e-07,1.0935379642285217e-06,1.2967347334193045e-06,1.5396399130843743e-06,1.8084347135035509e-06,2.085363723878707e-06,2.3515553028436168e-06,2.5898692070943334e-06,2.7871584211797565e-06,2.9355605121008725e-06,3.032728292401365e-06,3.0811678559290416e-06,3.0870072376669306e-06,3.0585544833358816e-06,3.004944819636478e-06,2.935068041280691e-06,2.8568531059456608e-06,2.7768968140765905e-06,2.7003692404421476e-06,2.6311082071455227e-06,2.571818958220753e-06,2.5243120624914515e-06,2.489733173811465e-06,2.4687567325822794e-06,2.4617293135892347e-06
2026-07-30 10:17:44.923300,[89.17693326],2.4617293135892347e-06,2.4687567325822794e-06,2.489733173811465e-06,2.5243120624914515e-06,2.571818958220753e-06,2.6311082071455227e-06,2.7003692404421476e-06,2.7768968140765905e-06,2.8568531059456608e-06,2.935068041280691e-06,3.004944819636478e-06,3.0585544833358816e-06,3.0870072376669306e-06,3.0811678559290416e-06,3.032728292401365e-06,2.9355605121008725e-06,2.7871584211797565e-06,2.5898692070943334e-06,2.3515553028436168e-06,2.085363723878707e-06,1.8084347135035509e-06,1.5396399130843743e-06,1.2967347334193045e-06,1.0935379642285217e-06,9.378155652174208e-07,8.303989885592919e-07,7.657486090173885e-07,7.337916655915378e-07,7.225574192090128e-07,7.209939840083334e-07,7.213918121559205e-07,7.209939840083334e-07,7.225574192090128e-07,7.337916655915378e-07,7.657486090173885e-07,8.303989885592919e-07,9.378155652174208e-07,1.0935379642285217e-06,1.2967347334193045e-06,1.5396399130843743e-06,1.8084347135035509e-06,2.085363723878707e-06,2.3515553028436168e-06,2.5898692070943334e-06,2.7871584211797565e-06,2.9355605121008725e-06,3.032728292401365e-06,3.0811678559290416e-06,3.0870072376669306e-06,3.0585544833358816e-06,3.004944819636478e-06,2.935068041280691e-06,2.8568531059456608e-06,2.7768968140765905e-06,2.7003692404421476e-06,2.6311082071455227e-06,2.571818958220753e-06,2.5243120624914515e-06,2.489733173811465e-06,2.4687567325822794e-06,2.4617293135892347e-06
2026-07-30 10:17:44.951710,[65.92000534],2.4724399449303074e-09,2.4830984587549828e-09,2.515139370748386e-09,2.5687454614040178e-09,2.6441779043023827e-09,2.741713927758947e-09,2.861563151301136e-09,3.0037612520571345e-09,3.1680325524874014e-09,3.3536031674111012e-09,3.558937490170924e-09,3.781371444424828e-09,4.016638402937958e-09,4.2583400482660185e-09,4.497507594845569e-09,4.722510219035573e-09,4.91964806171316e-09,5.07474063695451e-09,5.1758117228396006e-09,5.216553577647268e-09,5.1997095273991256e-09,5.139061189234663e-09,5.058645958463692e-09,4.988408065515809e-09,4.956707624536285e-09,4.9816146385309414e-09,5.064024578679482e-09,5.185644826124673e-09,5.313493565364063e-09,5.4100883097720026e-09,5.4459954892763005e-09,5.4100883097720026e-09,5.313493565364063e-09,5.185644826124673e-09,5.064024578679482e-09,4.9816146385309414e-09,4.956707624536285e-09,4.988408065515809e-09,5.058645958463692e-09,5.139061189234663e-09,5.1997095273991256e-09,5.216553577647268e-09,5.1758117228396006e-09,5.07474063695451e-09,4.91964806171316e-09,4.722510219035573e-09,4.497507594845569e-09,4.2583400482660185e-09,4.016638402937958e-09,3.781371444424828e-09,3.558937490170924e-09,3.3536031674111012e-09,3.1680325524874014e-09,3.0037612520571345e-09,2.861563151301136e-09,2.741713927758947e-09,2.6441779043023827e-09,2.5687454614040178e-09,2.515139370748386e-09,2.4830984587549828e-09,2.4724399449303074e-09
2026-07-30 10:17:45.910454,[89.03101014],2.4119472331036915e-06,2.4186396430134745e-06,2.4386095692516024e-06,2.4715070256175285e-06,2.5166554033542047e-06,2.5729134189505896e-06,2.6384887947560134e-06,2.7107177733296383e-06,2.7858379116673278e-06,2.8587996412081265e-06,2.9231821385273886e-06,2.971295297825984e-06,2.994552880271375e-06,2.9841811720718107e-06,2.9322733938123124e-06,2.833110913670839e-06,2.6845602028704423e-06,2.4892490862426773e-06,2.2551708044563513e-06,1.995403969784771e-06,1.7267941842280007e-06,1.4677005361889527e-06,1.2351990969495715e-06,1.042353605717635e-06,8.962145380429885e-07,7.970499169576059e-07,7.389870465682342e-07,7.118694140895487e-07,7.038432245207425e-07,7.040725082553061e-07,7.050422341921792e-07,7.040725082553061e-07,7.038432245207425e-07,7.118694140895487e-07,7.389870465682342e-07,7.970499169576059e-07,8.962145380429885e-07,1.042353605717635e-06,1.2351990969495715e-06,1.4677005361889527e-06,1.7267941842280007e-06,1.995403969784771e-06,2.2551708044563513e-06,2.4892490862426773e-06,2.6845602028704423e-06,2.833110913670839e-06,2.9322733938123124e-06,2.9841811720718107e-06,2.994552880271375e-06,2.971295297825984e-06,2.9231821385273886e-06,2.8587996412081265e-06,2.7858379116673278e-06,2.7107177733296383e-06,2.6384887947560134e-06,2.5729134189505896e-06,2.5166554033542047e-06,2.4715070256175285e-06,2.4386095692516024e-06,2.4186396430134745e-06,2.4119472331036915e-06
2026-07-30 10:17:45.935345,[65.26385375],2.5974050643475405e-09,2.6083167600620824e-09,2.64109825528205e-09,2.695865736210792e-09,2.77273667314389e-09,2.8717177032370466e-09,2.99255180467542e-09,3.1345284655934355e-09,3.2962610646063378e-09,3.4754366780724436e-09,3.6685472710774695e-09,3.870621932174058e-09,4.07500290512463e-09,4.273247277440934e-09,4.455287415125351e-09,4.610028257403403e-09,4.7265618964733155e-09,4.796091030042837e-09,4.814434558783174e-09,4.784648865310401e-09,4.718927234472893e-09,4.638716596164339e-09,4.572133464827243e-09,4.5484143322950685e-09,4.590235647604437e-09,4.705936224716222e-09,4.884408265626211e-09,5.095157727479186e-09,5.294586271626664e-09,5.437300864591535e-09,5.489106380341857e-09,5.437300864591535e-09,5.294586271626664e-09,5.095157727479186e-09,4.884408265626211e-09,4.705936224716222e-09,4.590235647604437e-09,4.5484143322950685e-09,4.572133464827243e-09,4.638716596164339e-09,4.718927234472893e-09,4.784648865310401e-09,4.814434558783174e-09,4.796091030042837e-09,4.7265618964733155e-09,4.610028257403403e-09,4.455287415125351e-09,4.273247277440934e-09,4.07500290512463e-09,3.870621932174058e-09,3.6685472710774695e-09,3.4754366780724436e-09,3.2962610646063378e-09,3.1345284655934355e-09,2.99255180467542e-09,2.8717177032370466e-09,2.77273667314389e-09,2.695865736210792e-09,2.64109825528205e-09,2.6083167600620824e-09,2.5974050643475405e-09
2026-07-30 10:17:45.961937,[65.26385375],2.5974050643475405e-09,2.6083167600620824e-09,2.64109825528205e-09,2.695865736210792e-09,2.77273667314389e-09,2.8717177032370466e-09,2.99255180467542e-09,3.1345284655934355e-09,3.2962610646063378e-09,3.4754366780724436e-09,3.6685472710774695e-09,3.870621932174058e-09,4.07500290512463e-09,4.273247277440934e-09,4.455287415125351e-09,4.610028257403403e-09,4.7265618964733155e-09,4.796091030042837e-09,4.814434558783174e-09,4.784648865310401e-09,4.718927234472893e-09,4.638716596164339e-09,4.572133464827243e-09,4.5484143322950685e-09,4.590235647604437e-09,4.705936224716222e-09,4.884408265626211e-09,5.095157727479186e-09,5.294586271626664e-09,5.437300864591535e-09,5.489106380341857e-09,5.437300864591535e-09,5.294586271626664e-09,5.095157727479186e-09,4.884408265626211e-09,4.705936224716222e-09,4.590235647604437e-09,4.5484143322950685e-09,4.572133464827243e-09,4.638716596164339e-09,4.718927234472893e-09,4.784648865310401e-09,4.814434558783174e-09,4.796091030042837e-09,4.7265618964733155e-09,4.610028257403403e-09,4.455287415125351e-09,4.273247277440934e-09,4.07500290512463e-09,3.870621932174058e-09,3.6685472710774695e-09,3.4754366780724436e-09,3.2962610646063378e-09,3.1345284655934355e-09,2.99255180467542e-09,2.8717177032370466e-09,2.77273667314389e-09,2.695865736210792e-09,2.64109825528205e-09,2.6083167600620824e-09,2.5974050643475405e-09
2026-07-30 10:17:46.909912,[88.89599553],2.3617289428628275e-06,2.368046242052407e-06,2.3868874660312695e-06,2.4178939330243938e-06,2.460379295375341e-06,2.513198709162479e-06,2.5745726587834356e-06,2.6418792310899886e-06,2.711441438872364e-06,2.7783534422593537e-06,2.8364086257927368e-06,2.8782078480299163e-06,2.89552900084203e-06,2.88001868134739e-06,2.824214370235565e-06,2.722819397577681e-06,2.5740449475698583e-06,2.3807320214428525e-06,2.1509137117376394e-06,1.8975170325608273e-06,1.6370566355739644e-06,1.387422393442783e-06,1.1651432026953578e-06,9.827216056829805e-07,8.466846183343802e-07,7.568442930142627e-07,7.069470520288259e-07,6.865246317107765e-07,6.834731074324115e-07,6.867675683800287e-07,6.88772856083052e-07,6.867675683800287e-07,6.834731074324115e-07,6.865246317107765e-07,7.069470520288259e-07,7.568442930142627e-07,8.466846183343802e-07,9.827216056829805e-07,1.1651432026953578e-06,1.387422393442783e-06,1.6370566355739644e-06,1.8975170325608273e-06,2.1509137117376394e-06,2.3807320214428525e-06,2.5740449475698583e-06,2.722819397577681e-06,2.824214370235565e-06,2.88001868134739e-06,2.89552900084203e-06,2.8782078480299163e-06,2.8364086257927368e-06,2.7783534422593537e-06,2.711441438872364e-06,2.6418792310899886e-06,2.5745726587834356e-06,2.513198709162479e-06,2.460379295375341e-06,2.4178939330243938e-06,2.3868874660312695e-06,2.368046242052407e-06,2.3617289428628275e-06
2026-07-30 10:17:47.897889,[88.7490697],2.2752077647319386e-06,2.281095345508017e-06,2.2986442864039918e-06,2.3274883794871876e-06,2.36693496692833e-06,2.415843551068694e-06,2.4724628123836795e-06,2.534239345042389e-06,2.597623479089537e-06,2.6579137353998427e-06,2.709199304042329e-06,2.7444741405604228e-06,2.7559985306611972e-06,2.7359642585432534e-06,2.6774694339158185e-06,2.575727141114861e-06,2.4293296869945633e-06,2.2412946510882306e-06,2.0195702380675716e-06,1.7767161377571596e-06,1.528623592486125e-06,1.2923774325170882e-06,1.0836302295181215e-06,9.14059865470417e-07,7.895277266192801e-07,7.094066178648596e-07,6.672444036872666e-07,6.525781246914928e-07,6.534400206410499e-07,6.58985045376067e-07,6.61722355370304e-07,6.58985045376067e-07,6.534400206410499e-07,6.525781246914928e-07,6.672444036872666e-07,7.094066178648596e-07,7.895277266192801e-07,9.14059865470417e-07,1.0836302295181215e-06,1.2923774325170882e-06,1.528623592486125e-06,1.7767161377571596e-06,2.0195702380675716e-06,2.2412946510882306e-06,2.4293296869945633e-06,2.575727141114861e-06,2.6774694339158185e-06,2.7359642585432534e-06,2.7559985306611972e-06,2.7444741405604228e-06,2.709199304042329e-06,2.6579137353998427e-06,2.597623479089537e-06,2.534239345042389e-06,2.4724628123836795e-06,2.415843551068694e-06,2.36693496692833e-06,2.3274883794871876e-06,2.2986442864039918e-06,2.281095345508017e-06,2.2752077647319386e-06
2026-07-30 10:17:47.922919,[88.7490697],2.2752077647319386e-06,2.281095345508017e-06,2.2986442864039918e-06,2.3274883794871876e-06,2.36693496692833e-06,2.415843551068694e-06,2.4724628123836795e-06,2.534239345042389e-06,2.597623479089537e-06,2.6579137353998427e-06,2.709199304042329e-06,2.7444741405604228e-06,2.7559985306611972e-06,2.7359642585432534e-06,2.6774694339158185e-06,2.575727141114861e-06,2.4293296869945633e-06,2.2412946510882306e-06,2.0195702380675716e-06,1.7767161377571596e-06,1.528623592486125e-06,1.2923774325170882e-06,1.0836302295181215e-06,9.14059865470417e-07,7.895277266192801e-07,7.094066178648596e-07,6.672444036872666e-07,6.525781246914928e-07,6.534400206410499e-07,6.58985045376067e-07,6.61722355370304e-07,6.58985045376067e-07,6.534400206410499e-07,6.525781246914928e-07,6.672444036872666e-07,7.094066178648596e-07,7.895277266192801e-07,9.14059865470417e-07,1.0836302295181215e-06,1.2923774325170882e-06,1.528623592486125e-06,1.7767161377571596e-06,2.0195702380675716e-06,2.2412946510882306e-06,2.4293296869945633e-06,2.575727141114861e-06,2.6774694339158185e-06,2.7359642585432534e-06,2.7559985306611972e-06,2.7444741405604228e-06,2.709199304042329e-06,2.6579137353998427e-06,2.597623479089537e-06,2.534239345042389e-06,2.4724628123836795e-06,2.415843551068694e-06,2.36693496692833e-06,2.3274883794871876e-06,2.2986442864039918e-06,2.281095345508017e-06,2.2752077647319386e-06
2026-07-30 10:17:47.945951,[69.03338497],1.3986761274585947e-08,1.4027942739622575e-08,1.415081959207898e-08,1.4353240038526225e-08,1.4631137348098646e-08,1.4977870195246304e-08,1.5383427303780184e-08,1.5833634274742175e-08,1.6309542116671425e-08,1.6787202795275265e-08,1.7238030609896662e-08,1.762989492137566e-08,1.792898532728223e-08,1.8102348176023377e-08,1.8120846740830472e-08,1.7962191904776325e-08,1.7613664001817316e-08,1.707420630327176e-08,1.6355678036309438e-08,1.54831388081725e-08,1.449403810555562e-08,1.3436114175671427e-08,1.2363775570492595e-08,1.1332911453067545e-08,1.0394557175277516e-08,9.588538294145283e-09,8.938798978907376e-09,8.452147503581173e-09,8.121339485082283e-09,7.931906811305277e-09,7.870534730858317e-09,7.931906811305277e-09,8.121339485082283e-09,8.452147503581173e-09,8.938798978907376e-09,9.588538294145283e-09,1.0394557175277516e-08,1.1332911453067545e-08,1.2363775570492595e-08,1.3436114175671427e-08,1.449403810555562e-08,1.54831388081725e-08,1.6355678036309438e-08,1.707420630327176e-08,1.7613664001817316e-08,1.7962191904776325e-08,1.8120846740830472e-08,1.8102348176023377e-08,1.792898532728223e-08,1.762989492137566e-08,1.7238030609896662e-08,1.6787202795275265e-08,1.6309542116671425e-08,1.5833634274742175e-08,1.5383427303780184e-08,1.4977870195246304e-08,1.4631137348098646e-08,1.4353240038526225e-08,1.415081959207898e-08,1.4027942739622575e-08,1.3986761274585947e-08
2026-07-30 10:17:47.971437,[69.03338497],1.3986761274585947e-08,1.4027942739622575e-08,1.415081959207898e-08,1.4353240038526225e-08,1.4631137348098646e-08,1.4977870195246304e-08,1.5383427303780184e-08,1.5833634274742175e-08,1.6309542116671425e-08,1.6787202795275265e-08,1.7238030609896662e-08,1.762989492137566e-08,1.792898532728223e-08,1.8102348176023377e-08,1.8120846740830472e-08,1.7962191904776325e-08,1.7613664001817316e-08,1.707420630327176e-08,1.6355678036309438e-08,1.54831388081725e-08,1.449403810555562e-08,1.3436114175671427e-08,1.2363775570492595e-08,1.1332911453067545e-08,1.0394557175277516e-08,9.588538294145283e-09,8.938798978907376e-09,8.452147503581173e-09,8.121339485082283e-09,7.931906811305277e-09,7.870534730858317e-09,7.931906811305277e-09,8.121339485082283e-09,8.452147503581173e-09,8.938798978907376e-09,9.588538294145283e-09,1.0394557175277516e-08,1.1332911453067545e-08,1.2363775570492595e-08,1.3436114175671427e-08,1.449403810555562e-08,1.54831388081725e-08,1.6355678036309438e-08,1.707420630327176e-08,1.7613664001817316e-08,1.7962191904776325e-08,1.8120846740830472e-08,1.8102348176023377e-08,1.792898532728223e-08,1.762989492137566e-08,1.7238030609896662e-08,1.6787202795275265e-08,1.6309542116671425e-08,1.5833634274742175e-08,1.5383427303780184e-08,1.4977870195246304e-08,1.4631137348098646e-08,1.4353240038526225e-08,1.415081959207898e-08,1.4027942739622575e-08,1.3986761274585947e-08
2026-07-30 10:17:48.935435,[88.64842635],2.260876433831946e-06,2.266544055687655e-06,2.283432548431953e-06,2.311174588655925e-06,2.3490776559450283e-06,2.3960056298879374e-06,2.450219934561077e-06,2.509193394036699e-06,2.5694218557221376e-06,2.6262745733876647e-06,2.673941883844249e-06,2.705552602068496e-06,2.7135355848302717e-06,2.690280182294625e-06,2.6291005636471344e-06,2.5254278236944427e-06,2.3780526510169686e-06,2.1901472622417565e-06,1.9697479192492185e-06,1.7294186510638253e-06,1.4849637359703008e-06,1.2532937430500654e-06,1.0498146736665195e-06,8.859083013809356e-07,7.671161957512616e-07,6.924919552857095e-07,6.552847588151953e-07,6.447683670369632e-07,6.487580985201446e-07,6.562468594910067e-07,6.596434247525487e-07,6.562468594910067e-07,6.487580985201446e-07,6.447683670369632e-07,6.552847588151953e-07,6.924919552857095e-07,7.671161957512616e-07,8.859083013809356e-07,1.0498146736665195e-06,1.2532937430500654e-06,1.4849637359703008e-06,1.7294186510638253e-06,1.9697479192492185e-06,2.1901472622417565e-06,2.3780526510169686e-06,2.5254278236944427e-06,2.6291005636471344e-06,2.690280182294625e-06,2.7135355848302717e-06,2.705552602068496e-06,2.673941883844249e-06,2.6262745733876647e-06,2.5694218557221376e-06,2.509193394036699e-06,2.450219934561077e-06,2.3960056298879374e-06,2.3490776559450283e-06,2.311174588655925e-06,2.283432548431953e-06,2.266544055687655e-06,2.260876433831946e-06
2026-07-30 10:17:48.959477,[88.64842635],2.260876433831946e-06,2.266544055687655e-06,2.283432548431953e-06,2.311174588655925e-06,2.3490776559450283e-06,2.3960056298879374e-06,2.450219934561077e-06,2.509193394036699e-06,2.5694218557221376e-06,2.6262745733876647e-06,2.673941883844249e-06,2.705552602068496e-06,2.7135355848302717e-06,2.690280182294625e-06,2.6291005636471344e-06,2.5254278236944427e-06,2.3780526510169686e-06,2.1901472622417565e-06,1.9697479192492185e-06,1.7294186510638253e-06,1.4849637359703008e-06,1.2532937430500654e-06,1.0498146736665195e-06,8.859083013809356e-07,7.671161957512616e-07,6.924919552857095e-07,6.552847588151953e-07,6.447683670369632e-07,6.487580985201446e-07,6.562468594910067e-07,6.596434247525487e-07,6.562468594910067e-07,6.487580985201446e-07,6.447683670369632e-07,6.552847588151953e-07,6.924919552857095e-07,7.671161957512616e-07,8.859083013809356e-07,1.0498146736665195e-06,1.2532937430500654e-06,1.4849637359703008e-06,1.7294186510638253e-06,1.9697479192492185e-06,2.1901472622417565e-06,2.3780526510169686e-06,2.5254278236944427e-06,2.6291005636471344e-06,2.690280182294625e-06,2.7135355848302717e-06,2.705552602068496e-06,2.673941883844249e-06,2.6262745733876647e-06,2.5694218557221376e-06,2.509193394036699e-06,2.450219934561077e-06,2.3960056298879374e-06,2.3490776559450283e-06,2.311174588655925e-06,2.283432548431953e-06,2.266544055687655e-06,2.260876433831946e-06
2026-07-30 10:17:49.948975,[88.51902153],2.2011333880529256e-06,2.206468829226573e-06,2.2223608315415835e-06,2.248443379510546e-06,2.2840299683778944e-06,2.3280009028476476e-06,2.3786522331262507e-06,2.4335191070704922e-06,2.4891978500243144e-06,2.541206525678899e-06,2.5839406929379477e-06,2.6107943997805004e-06,2.6145181000076073e-06,2.5878654815689858e-06,2.524532167700963e-06,2.420309773068602e-06,2.2742802424342773e-06,2.089784665632798e-06,1.8748568852556411e-06,1.6418541554434969e-06,1.4061644683090155e-06,1.1841043715461773e-06,9.903787993496272e-07,8.356627539921228e-07,7.248981168468063e-07,6.56743097575714e-07,6.243097044560628e-07,6.169843106893866e-07,6.228717860573497e-07,6.313126984543323e-07,6.34991823268938e-07,6.313126984543323e-07,6.228717860573497e-07,6.169843106893866e-07,6.243097044560628e-07,6.56743097575714e-07,7.248981168468063e-07,8.356627539921228e-07,9.903787993496272e-07,1.1841043715461773e-06,1.4061644683090155e-06,1.6418541554434969e-06,1.8748568852556411e-06,2.089784665632798e-06,2.2742802424342773e-06,2.420309773068602e-06,2.524532167700963e-06,2.5878654815689858e-06,2.6145181000076073e-06,2.6107943997805004e-06,2.5839406929379477e-06,2.541206525678899e-06,2.4891978500243144e-06,2.4335191070704922e-06,2.3786522331262507e-06,2.3280009028476476e-06,2.2840299683778944e-06,2.248443379510546e-06,2.2223608315415835e-06,2.206468829226573e-06,2.2011333880529256e-06
2026-07-30 10:17:49.974815,[65.69994298],2.1508053854468413e-09,2.160476130971273e-09,2.18951717406593e-09,2.2379856969711445e-09,2.3058810134785303e-09,2.3930064409400495e-09,2.4987900764362753e-09,2.622083752950247e-09,2.7609707032126153e-09,2.912625107418925e-09,3.073277715581676e-09,3.238346373035583e-09,3.402782630948267e-09,3.5616600128907718e-09,3.710982761401452e-09,3.848628153456132e-09,3.9752607019408854e-09,4.094991356534242e-09,4.21552428748865e-09,4.347563620934175e-09,4.5033594901214165e-09,4.694454816770542e-09,4.928922722555203e-09,5.208604274669468e-09,5.526996225960476e-09,5.868431923353203e-09,6.209009330821669e-09,6.519363813087265e-09,6.768934840346981e-09,6.930955123484036e-09,6.987128460767214e-09,6.930955123484036e-09,6.768934840346981e-09,6.519363813087265e-09,6.209009330821669e-09,5.868431923353203e-09,5.526996225960476e-09,5.208604274669468e-09,4.928922722555203e-09,4.694454816770542e-09,4.5033594901214165e-09,4.347563620934175e-09,4.21552428748865e-09,4.094991356534242e-09,3.9752607019408854e-09,3.848628153456132e-09,3.710982761401452e-09,3.5616600128907718e-09,3.402782630948267e-09,3.238346373035583e-09,3.073277715581676e-09,2.912625107418925e-09,2.7609707032126153e-09,2.622083752950247e-09,2.4987900764362753e-09,2.3930064409400495e-09,2.3058810134785303e-09,2.2379856969711445e-09,2.18951717406593e-09,2.160476130971273e-09,2.1508053854468413e-09
2026-07-30 10:17:49.999585,[65.69994298],2.1508053854468413e-09,2.160476130971273e-09,2.18951717406593e-09,2.2379856969711445e-09,2.3058810134785303e-09,2.3930064409400495e-09,2.4987900764362753e-09,2.622083752950247e-09,2.7609707032126153e-09,2.912625107418925e-09,3.073277715581676e-09,3.238346373035583e-09,3.402782630948267e-09,3.5616600128907718e-09,3.710982761401452e-09,3.848628153456132e-09,3.9752607019408854e-09,4.094991356534242e-09,4.21552428748865e-09,4.347563620934175e-09,4.5033594901214165e-09,4.694454816770542e-09,4.928922722555203e-09,5.208604274669468e-09,5.526996225960476e-09,5.868431923353203e-09,6.209009330821669e-09,6.519363813087265e-09,6.768934840346981e-09,6.930955123484036e-09,6.987128460767214e-09,6.930955123484036e-09,6.768934840346981e-09,6.519363813087265e-09,6.209009330821669e-09,5.868431923353203e-09,5.526996225960476e-09,5.208604274669468e-09,4.928922722555203e-09,4.694454816770542e-09,4.5033594901214165e-09,4.347563620934175e-09,4.21552428748865e-09,4.094991356534242e-09,3.9752607019408854e-09,3.848628153456132e-09,3.710982761401452e-09,3.5616600128907718e-09,3.402782630948267e-09,3.238346373035583e-09,3.073277715581676e-09,2.912625107418925e-09,2.7609707032126153e-09,2.622083752950247e-09,2.4987900764362753e-09,2.3930064409400495e-09,2.3058810134785303e-09,2.2379856969711445e-09,2.18951717406593e-09,2.160476130971273e-09,2.1508053854468413e-09
2026-07-30 10:17:50.937813,[88.38116269],2.141222038010616e-06,2.146268233291842e-06,2.1612928066940867e-06,2.1859315290327412e-06,2.2195037426425824e-06,2.2609039625092006e-06,2.3084567812952048e-06,2.3597476878022845e-06,2.4114537310352168e-06,2.4592130798746854e-06,2.4975890447600766e-06,2.5201969067931418e-06,2.520062966087465e-06,2.4902650649155812e-06,2.424854729785373e-06,2.3199822418408277e-06,2.1750491374257905e-06,1.9936249781596797e-06,1.7838255529793902e-06,1.557896072535154e-06,1.330893349010973e-06,1.1185947615566482e-06,9.350138909636104e-07,7.900799534814953e-07,6.880573208286647e-07,6.271129316490515e-07,6.001321065912522e-07,5.965498581265581e-07,6.0472932655687e-07,6.143539235342123e-07,6.183913588824835e-07,6.143539235342123e-07,6.0472932655687e-07,5.965498581265581e-07,6.001321065912522e-07,6.271129316490515e-07,6.880573208286647e-07,7.900799534814953e-07,9.350138909636104e-07,1.1185947615566482e-06,1.330893349010973e-06,1.557896072535154e-06,1.7838255529793902e-06,1.9936249781596797e-06,2.1750491374257905e-06,2.3199822418408277e-06,2.424854729785373e-06,2.4902650649155812e-06,2.520062966087465e-06,2.5201969067931418e-06,2.4975890447600766e-06,2.4592130798746854e-06,2.4114537310352168e-06,2.3597476878022845e-06,2.3084567812952048e-06,2.2609039625092006e-06,2.2195037426425824e-06,2.1859315290327412e-06,2.1612928066940867e-06,2.146268233291842e-06,2.141222038010616e-06
2026-07-30 10:17:50.962211,[88.38116269],2.141222038010616e-06,2.146268233291842e-06,2.1612928066940867e-06,2.1859315290327412e-06,2.2195037426425824e-06,2.2609039625092006e-06,2.3084567812952048e-06,2.3597476878022845e-06,2.4114537310352168e-06,2.4592130798746854e-06,2.4975890447600766e-06,2.5201969067931418e-06,2.520062966087465e-06,2.4902650649155812e-06,2.424854729785373e-06,2.3199822418408277e-06,2.1750491374257905e-06,1.9936249781596797e-06,1.7838255529793902e-06,1.557896072535154e-06,1.330893349010973e-06,1.1185947615566482e-06,9.350138909636104e-07,7.900799534814953e-07,6.880573208286647e-07,6.271129316490515e-07,6.001321065912522e-07,5.965498581265581e-07,6.0472932655687e-07,6.143539235342123e-07,6.183913588824835e-07,6.143539235342123e-07,6.0472932655687e-07,5.965498581265581e-07,6.001321065912522e-07,6.271129316490515e-07,6.880573208286647e-07,7.900799534814953e-07,9.350138909636104e-07,1.1185947615566482e-06,1.330893349010973e-06,1.557896072535154e-06,1.7838255529793902e-06,1.9936249781596797e-06,2.1750491374257905e-06,2.3199822418408277e-06,2.424854729785373e-06,2.4902650649155812e-06,2.520062966087465e-06,2.5201969067931418e-06,2.4975890447600766e-06,2.4592130798746854e-06,2.4114537310352168e-06,2.3597476878022845e-06,2.3084567812952048e-06,2.2609039625092006e-06,2.2195037426425824e-06,2.1859315290327412e-06,2.1612928066940867e-06,2.146268233291842e-06,2.141222038010616e-06
2026-07-30 10:17:50.987261,[65.82851464],2.506330166486433e-09,2.5153959896049827e-09,2.542635207752118e-09,2.588153656865326e-09,2.652064208016665e-09,2.7343957494998447e-09,2.8349746734068725e-09,2.9532883013179664e-09,3.088342392918038e-09,3.238526872686872e-09,3.4015052108729913e-09,3.574144622826322e-09,3.752508776102606e-09,3.931944636028114e-09,4.107310578877805e-09,4.27340759447689e-09,4.4256732773898115e-09,4.561155420839027e-09,4.679677048195945e-09,4.78493860335477e-09,4.88512031393202e-09,4.992443482667216e-09,5.1212439847806435e-09,5.284487368719042e-09,5.489278588818912e-09,5.732591953645629e-09,5.998842632358512e-09,6.260727083152906e-09,6.483867929926661e-09,6.634439805243261e-09,6.687662468670702e-09,6.634439805243261e-09,6.483867929926661e-09,6.260727083152906e-09,5.998842632358512e-09,5.732591953645629e-09,5.489278588818912e-09,5.284487368719042e-09,5.1212439847806435e-09,4.992443482667216e-09,4.88512031393202e-09,4.78493860335477e-09,4.679677048195945e-09,4.561155420839027e-09,4.4256732773898115e-09,4.27340759447689e-09,4.107310578877805e-09,3.931944636028114e-09,3.752508776102606e-09,3.574144622826322e-09,3.4015052108729913e-09,3.238526872686872e-09,3.088342392918038e-09,2.9532883013179664e-09,2.8349746734068725e-09,2.7343957494998447e-09,2.652064208016665e-09,2.588153656865326e-09,2.542635207752118e-09,2.5153959896049827e-09,2.506330166486433e-09
2026-07-30 10:17:51.943880,[88.25798016],2.082369606473919e-06,2.0871181573746965e-06,2.1012498539822243e-06,2.1244016578462163e-06,2.15589830196788e-06,2.1946489802038977e-06,2.239009254422922e-06,2.286620487687067e-06,2.3342501109653896e-06,2.3776706915060664e-06,2.4116317325119546e-06,2.4299903523824152e-06,2.426067652611437e-06,2.3932774022139093e-06,2.3260251716051616e-06,2.2207986973549193e-06,2.077275878797413e-06,1.8991923076980508e-06,1.6946738466111561e-06,1.4757885721853354e-06,1.2572230931182642e-06,1.0542190912290666e-06,8.801514674444949e-07,7.442975030786389e-07,6.503560869562434e-07,5.961011417391522e-07,5.742459976108681e-07,5.742699247738648e-07,5.847372193439527e-07,5.955913266391091e-07,6.00011645452173e-07,5.955913266391091e-07,5.847372193439527e-07,5.742699247738648e-07,5.742459976108681e-07,5.961011417391522e-07,6.503560869562434e-07,7.442975030786389e-07,8.801514674444949e-07,1.0542190912290666e-06,1.2572230931182642e-06,1.4757885721853354e-06,1.6946738466111561e-06,1.8991923076980508e-06,2.077275878797413e-06,2.2207986973549193e-06,2.3260251716051616e-06,2.3932774022139093e-06,2.426067652611437e-06,2.4299903523824152e-06,2.4116317325119546e-06,2.3776706915060664e-06,2.3342501109653896e-06,2.286620487687067e-06,2.239009254422922e-06,2.1946489802038977e-06,2.15589830196788e-06,2.1244016578462163e-06,2.1012498539822243e-06,2.0871181573746965e-06,2.082369606473919e-06
2026-07-30 10:17:51.970048,[88.25798016],2.082369606473919e-06,2.0871181573746965e-06,2.1012498539822243e-06,2.1244016578462163e-06,2.15589830196788e-06,2.1946489802038977e-06,2.239009254422922e-06,2.286620487687067e-06,2.3342501109653896e-06,2.3776706915060664e-06,2.4116317325119546e-06,2.4299903523824152e-06,2.426067652611437e-06,2.3932774022139093e-06,2.3260251716051616e-06,2.2207986973549193e-06,2.077275878797413e-06,1.8991923076980508e-06,1.6946738466111561e-06,1.4757885721853354e-06,1.2572230931182642e-06,1.0542190912290666e-06,8.801514674444949e-07,7.442975030786389e-07,6.503560869562434e-07,5.961011417391522e-07,5.742459976108681e-07,5.742699247738648e-07,5.847372193439527e-07,5.955913266391091e-07,6.00011645452173e-07,5.955913266391091e-07,5.847372193439527e-07,5.742699247738648e-07,5.742459976108681e-07,5.961011417391522e-07,6.503560869562434e-07,7.442975030786389e-07,8.801514674444949e-07,1.0542190912290666e-06,1.2572230931182642e-06,1.4757885721853354e-06,1.6946738466111561e-06,1.8991923076980508e-06,2.077275878797413e-06,2.2207986973549193e-06,2.3260251716051616e-06,2.3932774022139093e-06,2.426067652611437e-06,2.4299903523824152e-06,2.4116317325119546e-06,2.3776706915060664e-06,2.3342501109653896e-06,2.286620487687067e-06,2.239009254422922e-06,2.1946489802038977e-06,2.15589830196788e-06,2.1244016578462163e-06,2.1012498539822243e-06,2.0871181573746965e-06,2.082369606473919e-06
2026-07-30 10:17:51.997039,[66.172521],2.3953563740044046e-09,2.40606031061029e-09,2.4386764030312325e-09,2.4947207753421662e-09,2.576726581975114e-09,2.688236414872441e-09,2.8337550727371805e-09,3.0186210162200527e-09,3.2487384956156045e-09,3.530098592308949e-09,3.868014619899797e-09,4.266018428968584e-09,4.724424529044498e-09,5.238680112218002e-09,5.797777800941224e-09,6.383183208129871e-09,6.968854167669129e-09,7.522907154936642e-09,8.011227234046858e-09,8.402789804705836e-09,8.675756456478446e-09,8.822762708962003e-09,8.853568382282277e-09,8.793680291516288e-09,8.678730577754362e-09,8.5459770686824e-09,8.425628963137895e-09,8.335073969758982e-09,8.278110141925908e-09,8.249228418131455e-09,8.240741323644461e-09,8.249228418131455e-09,8.278110141925908e-09,8.335073969758982e-09,8.425628963137895e-09,8.5459770686824e-09,8.678730577754362e-09,8.793680291516288e-09,8.853568382282277e-09,8.822762708962003e-09,8.675756456478446e-09,8.402789804705836e-09,8.011227234046858e-09,7.522907154936642e-09,6.968854167669129e-09,6.383183208129871e-09,5.797777800941224e-09,5.238680112218002e-09,4.724424529044498e-09,4.266018428968584e-09,3.868014619899797e-09,3.530098592308949e-09,3.2487384956156045e-09,3.0186210162200527e-09,2.8337550727371805e-09,2.688236414872441e-09,2.576726581975114e-09,2.4947207753421662e-09,2.4386764030312325e-09,2.40606031061029e-09,2.3953563740044046e-09
2026-07-30 10:17:52.942455,[88.11920978],2.0219304977966972e-06,2.026425335251741e-06,2.0397973083974693e-06,2.061688423846907e-06,2.091434459447072e-06,2.1279655547628624e-06,2.169673428639491e-06,2.2142572819970353e-06,2.2585712399433853e-06,2.2985105627951802e-06,2.3289894529762685e-06,2.344075082215044e-06,2.3373427025757094e-06,2.302496216236347e-06,2.2342500901424594e-06,2.129391760914159e-06,1.987850845179047e-06,1.8135196965004726e-06,1.6145372567046651e-06,1.402801072000404e-06,1.1926259784688787e-06,9.986984991017048e-07,8.337161346203152e-07,7.062578237942036e-07,6.194270772653038e-07,5.70621304481647e-07,5.524680297150269e-07,5.54650317906283e-07,5.661431804934528e-07,5.773625326534269e-07,5.818580619810538e-07,5.773625326534269e-07,5.661431804934528e-07,5.54650317906283e-07,5.524680297150269e-07,5.70621304481647e-07,6.194270772653038e-07,7.062578237942036e-07,8.337161346203152e-07,9.986984991017048e-07,1.1926259784688787e-06,1.402801072000404e-06,1.6145372567046651e-06,1.8135196965004726e-06,1.987850845179047e-06,2.129391760914159e-06,2.2342500901424594e-06,2.302496216236347e-06,2.3373427025757094e-06,2.344075082215044e-06,2.3289894529762685e-06,2.2985105627951802e-06,2.2585712399433853e-06,2.2142572819970353e-06,2.169673428639491e-06,2.1279655547628624e-06,2.091434459447072e-06,2.061688423846907e-06,2.0397973083974693e-06,2.026425335251741e-06,2.0219304977966972e-06
2026-07-30 10:17:52.968897,[88.11920978],2.0219304977966972e-06,2.026425335251741e-06,2.0397973083974693e-06,2.061688423846907e-06,2.091434459447072e-06,2.1279655547628624e-06,2.169673428639491e-06,2.2142572819970353e-06,2.2585712399433853e-06,2.2985105627951802e-06,2.3289894529762685e-06,2.344075082215044e-06,2.3373427025757094e-06,2.302496216236347e-06,2.2342500901424594e-06,2.129391760914159e-06,1.987850845179047e-06,1.8135196965004726e-06,1.6145372567046651e-06,1.402801072000404e-06,1.1926259784688787e-06,9.986984991017048e-07,8.337161346203152e-07,7.062578237942036e-07,6.194270772653038e-07,5.70621304481647e-07,5.524680297150269e-07,5.54650317906283e-07,5.661431804934528e-07,5.773625326534269e-07,5.818580619810538e-07,5.773625326534269e-07,5.661431804934528e-07,5.54650317906283e-07,5.524680297150269e-07,5.70621304481647e-07,6.194270772653038e-07,7.062578237942036e-07,8.337161346203152e-07,9.986984991017048e-07,1.1926259784688787e-06,1.402801072000404e-06,1.6145372567046651e-06,1.8135196965004726e-06,1.987850845179047e-06,2.129391760914159e-06,2.2342500901424594e-06,2.302496216236347e-06,2.3373427025757094e-06,2.344075082215044e-06,2.3289894529762685e-06,2.2985105627951802e-06,2.2585712399433853e-06,2.2142572819970353e-06,2.169673428639491e-06,2.1279655547628624e-06,2.091434459447072e-06,2.061688423846907e-06,2.0397973083974693e-06,2.026425335251741e-06,2.0219304977966972e-06
