rank,normalizing_factor,h_b,v,beta,avg_number_of_bumps,avg_total_active_neurons,avg_bump_width,avg_largest_bump_width,avg_zero_bump_timestep_percentage,avg_one_bump_timestep_percentage,avg_two_bump_timestep_percentage,time1_bumpangle,time2_bumpangle,time3_bumpangle,time4_bumpangle,time5_bumpangle,time6_bumpangle,time7_bumpangle,time8_bumpangle,time9_bumpangle,time10_bumpangle,time11_bumpangle,time12_bumpangle,time13_bumpangle,time14_bumpangle,time15_bumpangle,time16_bumpangle,time17_bumpangle,time18_bumpangle,time19_bumpangle,time20_bumpangle,time21_bumpangle,time22_bumpangle,time23_bumpangle,time24_bumpangle,time25_bumpangle,time26_bumpangle,time27_bumpangle,time28_bumpangle,time29_bumpangle,time30_bumpangle,time31_bumpangle,time32_bumpangle,time33_bumpangle,time34_bumpangle,time35_bumpangle,time36_bumpangle,time37_bumpangle,time38_bumpangle,time39_bumpangle,time40_bumpangle,time41_bumpangle,time42_bumpangle,time43_bumpangle,time44_bumpangle,time45_bumpangle,time46_bumpangle,time47_bumpangle,time48_bumpangle,time49_bumpangle,time50_bumpangle,time51_bumpangle,time52_bumpangle,time53_bumpangle,time54_bumpangle,time55_bumpangle,time56_bumpangle,time57_bumpangle,time58_bumpangle,time59_bumpangle,time60_bumpangle,time61_bumpangle,time62_bumpangle,time63_bumpangle,time64_bumpangle,time65_bumpangle,time66_bumpangle,time67_bumpangle,time68_bumpangle,time69_bumpangle,time70_bumpangle,time71_bumpangle,time72_bumpangle,time73_bumpangle,time74_bumpangle,time75_bumpangle,time76_bumpangle,time77_bumpangle,time78_bumpangle,time79_bumpangle,time80_bumpangle,time81_bumpangle,time82_bumpangle,time83_bumpangle,time84_bumpangle,time85_bumpangle,time86_bumpangle,time87_bumpangle,time88_bumpangle,time89_bumpangle,time90_bumpangle,time91_bumpangle,time92_bumpangle,time93_bumpangle,time94_bumpangle,time95_bumpangle,time96_bumpangle,time97_bumpangle,time98_bumpangle,time99_bumpangle,time100_bumpangle,time101_bumpangle,time102_bumpangle,time103_bumpangle,time104_bumpangle,time105_bumpangle,time106_bumpangle,time107_bumpangle,time108_bumpangle,time109_bumpangle,time110_bumpangle,time111_bumpangle,time112_bumpangle,time113_bumpangle,time114_bumpangle,time115_bumpangle,time116_bumpangle,time117_bumpangle,time118_bumpangle,time119_bumpangle,time120_bumpangle,time121_bumpangle,time122_bumpangle,time123_bumpangle,time124_bumpangle,time125_bumpangle,time126_bumpangle,time127_bumpangle,time128_bumpangle,time129_bumpangle,time130_bumpangle,time131_bumpangle,time132_bumpangle,time133_bumpangle,time134_bumpangle,time135_bumpangle,time136_bumpangle,time137_bumpangle,time138_bumpangle,average_bumpangle,abs_average_bumpangle
1,0.0499999999999996,0.0199999999999998,0.4,400,1.0046376811594202,23.40826086956522,23.300201961915757,23.40347826086957,0.0,99.6376811594203,0.2753623188405797,-1.1645493324225729,-1.8422345090386645,-1.4430863794402164,-1.4347970728607435,-0.8723726581743214,-0.3688752418202691,-0.1779505595109241,-0.2400000000000083,0.749999999999992,0.0299999999999911,-0.2118412678657081,-0.2380580116373359,-0.1500000000000086,-0.2400000000000087,-0.3000000000000086,-0.1818412678657082,-0.6300000000000084,-1.4725662337185952,-1.6499887862964375,-2.012566233718596,-1.3805073198008877,-1.292164485550937,-1.259553134367262,-1.1400000000000083,-0.9300000000000084,-1.4100000000000106,-1.4100000000000106,-1.5900000000000098,-1.1118412678657088,-0.96000000000001,-0.6234531148547549,0.5142139260400045,1.2299999999999909,0.3028963492352565,0.4542139260400039,0.8104179457985814,0.6642499318105561,1.0199999999999922,1.1959856436976906,0.6618412678656899,1.3199999999999903,1.1117465397523285,0.8677118665015449,0.6277118665015448,-0.6578355144490806,-0.2696970992632626,-0.9000000000000093,-0.3239316983201805,-0.506913620559804,0.6919419883626634,-0.0859942465833823,-1.1145762669968995,-0.3300000000000074,-0.3600000000000082,-0.3620494404890925,-0.0300000000000082,0.1216571657500401,-0.3300000000000079,-0.5424215767567401,-1.047835514449079,-2.4869136205598013,-1.0680161903049488,-0.4200000000000093,-0.2100000000000074,0.2099999999999907,0.177711866501545,0.1799999999999907,-0.1800000000000091,-8.810729923425242e-15,-0.0600000000000088,-0.060000000000009,-0.0577118665015623,-0.0278355144490805,-0.8671036507647416,-0.3824872075507656,0.0299999999999909,-0.060000000000009,0.0599999999999909,0.1799999999999907,0.0299999999999909,0.1499999999999909,0.0599999999999909,0.0299999999999911,-0.0900000000000079,-0.3000000000000093,0.0299999999999909,-0.0922881334984555,-0.7796374258413878,-0.2675784232432787,0.0299999999999909,-0.0900000000000091,0.0299999999999909,-0.2678355144490797,-0.1200000000000091,-0.1500000000000091,-0.0600000000000089,-0.060000000000009,0.0599999999999909,-0.060000000000009,0.029999999999992,-0.1800000000000091,0.1221644855509191,-6.8212102632969615e-15,-0.2100000000000078,-0.0300000000000079,-0.060000000000009,0.0277118665015463,0.0622881334984384,-0.0600000000000079,0.1199999999999909,-0.0600000000000079,0.0599999999999931,-0.0900000000000065,0.2722881334984378,0.1199999999999931,-0.0024215767567386,-7.673861546209083e-15,-6.8212102632969615e-15,-0.0600000000000078,0.0925662337185782,0.0899999999999934,-0.1500000000000066,-0.0300000000000065,0.2399999999999932,-6.6791017161449406e-15,-0.1500000000000066,-0.1800000000000066,-0.1500000000000069,0.0599999999999926,0.119999999999994,0.2399999999999932,0.0899999999999933,0.0299999999999938,0.089999999999993,0.2672761947184068,0.0599999999999933,0.0599999999999923,-0.2700000000000082,-0.2073386641105356,0.2073386641105356
2,0.0499999999999996,0.0149999999999998,0.4,400,1.0043478260869565,24.446666666666665,24.34083694083694,24.441739130434783,0.0,99.68115942028986,0.2318840579710145,-2.0424538860296058,-0.5172202953209402,-0.6624215767567412,-1.0800594866157076,-0.5864407373558955,-0.2998622193504523,-0.5978355144490799,-1.3740697569945977,-1.3140665827855784,-0.6300000000000086,-0.1781587321343095,-0.300000000000009,-0.7800000000000088,-0.360000000000009,-0.2400000000000088,-0.3265069204953315,-0.1500000000000091,2.2498763520524725,1.9799999999999909,1.2599999999999922,1.1400158198384895,0.899999999999991,0.299999999999991,-0.3900000000000092,-0.2417465397523477,0.089999999999991,-0.2100000000000091,0.2420494404890752,-0.3600000000000091,-0.4200000000000095,0.5380580116373188,1.2621644855509206,0.7473674346507514,0.6652900390001656,-0.3019419883626819,0.9319419883626644,1.499999999999991,1.6182534602476528,1.2299999999999909,0.9260889746967236,0.9941064739135916,1.0199999999999907,2.187950559510907,1.797835514449062,1.5879505595109054,2.4899999999999904,3.5739110253032584,3.719842428436991,3.602408662155578,3.20500484982327,3.237950559510908,2.9697715104281235,2.910115045061838,1.9874936495542264,1.4099999999999937,0.4220494404890788,0.1777118665015481,-0.3889294768117436,-0.4759803579208794,0.5399999999999946,-0.3628963492352721,0.8375031697706734,1.6799999999999944,1.2899999999999945,1.1699999999999933,0.8399999999999943,0.4499999999999949,0.269999999999995,0.3578355144490653,-0.0300000000000051,0.1799999999999947,0.1199999999999936,-5.2580162446247405e-15,0.3332439510031992,-0.1200000000000052,-0.0300000000000065,-0.1500000000000064,-0.0600000000000065,-0.0278355144490782,-5.115907697472721e-15,-0.1821644855509346,-0.1500000000000052,-0.3300000000000052,-5.4001247917767615e-15,0.0599999999999934,-7.673861546209083e-15,-0.0300000000000076,-0.3897569963442349,-0.029809701465576,-7.673861546209083e-15,-0.0900000000000065,-0.0040196420791332,-0.0600000000000076,-0.0600000000000065,-0.0900000000000074,0.0599999999999937,0.1199999999999923,0.1799999999999923,0.0299999999999934,0.1799999999999923,0.2421644855509205,0.0644526190493675,-6.536993168992922e-15,0.1177118665015464,-0.0600000000000054,0.0899999999999923,0.1199999999999934,-0.0300000000000076,0.0299999999999923,0.1799999999999934,-0.0600000000000076,-0.2078355144490794,0.1499999999999934,0.1199999999999923,0.1499999999999934,-0.0300000000000076,0.0599999999999923,0.0299999999999923,0.1499999999999923,-0.0900000000000054,-0.0300000000000054,0.1499999999999934,-0.1800000000000076,-0.0275784232432747,-0.1200000000000054,-0.1800000000000065,-0.0900000000000065,-0.1800000000000054,0.0899999999999934,0.0599999999999934,-0.2122881334984512,0.0922881334984404,-0.0024215767567372,-0.0600000000000041,-5.4001247917767615e-15,0.2999999999999957,0.0899999999999957,-0.2074337662814193,0.3454251718587612,0.3454251718587612
3,0.0599999999999996,0.0149999999999998,0.4,400,1.0034782608695652,25.444492753623187,25.35629693818602,25.44072463768116,0.0,99.71014492753623,0.2318840579710145,1.8709116144844813,2.4199013743498914,3.2148431535134536,2.34692905365037,1.164575683202454,0.3223421405977195,-0.6881587321343089,-9.384757973213586e-15,-0.2700000000000092,-0.3600000000000094,-0.2100000000000093,-0.5400000000000094,-0.3000000000000092,-0.0616571657500586,-0.2400000000000092,-0.2400000000000092,-0.1800000000000091,0.9898849549381474,2.455547380950617,1.8299999999999912,1.3329580018952365,0.2099999999999908,0.2699999999999909,-0.1500000000000094,-9.072742557236779e-15,-0.3000000000000091,0.1799999999999906,-9.023892744153272e-15,0.3299999999999909,0.2999999999999909,-0.2402081726233935,-0.1179505595109235,-0.1151568464865449,0.8425662337185784,1.101227434463852,-0.2400000000000094,-0.2100000000000096,0.1499999999999904,0.7178355144490599,0.9299999999999892,1.0219419883626624,1.1399999999999897,1.7099999999999926,1.4099999999999897,1.23165716575004,0.9299999999999906,0.8399999999999896,1.3452577378137422,1.1348675325628177,1.7952569556782223,0.4215725916870053,0.2679505595109063,-0.1500000000000092,0.4499999999999899,0.6599154259369574,1.1699999999999933,1.7999999999999978,2.335004193976017,3.1861841276300527,3.427866238984468,3.212393689764905,3.641651435653316,3.5120494404890827,3.479999999999998,3.3599999999999977,2.701572591687011,2.37194198836267,2.492049440489083,2.489999999999997,1.7369348594597944,1.983417523407237,1.8296306033243368,1.9877015162532317,3.007613796990844,1.2427223970915666,0.3381971602238466,-0.62980772559869,-1.170000000000005,-1.6200000000000063,-1.9759803579208797,-2.190000000000006,-2.250000000000006,-2.2200000000000064,-2.217950559510921,-2.4300000000000064,-2.6766342039260773,-3.090000000000007,-2.610000000000008,-2.584664313906963,-2.2246613157802555,-1.9500000000000075,-2.1300000000000074,-2.0979505595109225,-2.4000000000000075,-2.1900000000000075,-2.5800000000000063,-2.0700000000000074,-2.310000000000008,-2.2200000000000077,-2.010000000000008,-2.280000000000008,-2.1300000000000074,-2.1900000000000075,-2.310000000000008,-2.2200000000000077,-1.9800000000000084,-2.100000000000007,-2.1900000000000075,-2.1900000000000075,-2.370000000000007,-2.4900000000000078,-2.21783551444908,-2.2200000000000077,-2.1900000000000075,-2.2200000000000077,-2.100000000000007,-2.1600000000000072,-2.2200000000000077,-2.280000000000008,-2.2200000000000077,-2.310000000000008,-2.307711866501561,-2.280000000000008,-2.400000000000007,-2.3122881334984533,-2.550000000000008,-2.580000000000007,-2.0400000000000085,-2.492164485550936,-2.220000000000006,-2.490000000000005,-2.340000000000007,-2.190000000000006,-2.310000000000006,-2.367578423243276,-2.010000000000007,-2.430000000000005,-2.4024215767567383,-0.39221671747360104,0.39221671747360104
4,0.0749999999999996,0.0049999999999998,0.4,400,1.0044927536231885,29.88826086956522,29.754580868561536,29.8836231884058,0.0,99.6231884057971,0.3043478260869565,-1.2462057098213033,-1.776564267874824,-0.8678355144490798,-0.3582805088255916,-0.1846471864763025,-0.3900000000000089,-0.210000000000009,0.0299999999999909,-0.090000000000009,-9.059419880941275e-15,-0.120000000000009,0.1199999999999909,-0.1800000000000089,-0.270000000000009,0.2399999999999909,-0.0900000000000091,-0.0014923338820801,-0.3601739480653341,1.0817465397523305,0.8999999999999919,0.2685076661179196,0.2999999999999909,-0.0300000000000091,0.1499999999999909,0.149999999999991,0.149999999999991,-0.1800000000000091,0.1199999999999909,0.2399999999999909,-0.060000000000009,-0.2400000000000091,0.5114923338820618,0.0242096790991036,-0.2677118665015622,-0.4249629311681681,-0.1200000000000091,0.2085840319167285,-0.0585840319167468,-0.1200000000000092,0.1799999999999909,0.0299999999999907,0.4499999999999904,0.0899999999999907,0.1799999999999908,0.1199999999999908,-0.120000000000009,0.3613431204141074,1.6177562755500212,2.279999999999992,1.7167798475360758,0.5713431204141088,0.994587754697732,1.1699999999999924,0.9299999999999926,1.349999999999988,1.379999999999991,0.5687265400859036,0.5699999999999906,0.7199999999999926,1.1999999999999929,0.4752998977428813,0.4907870607129025,1.199999999999991,1.4387265400859004,1.7099999999999895,1.8599999999999892,2.159999999999989,1.5299999999999891,1.589999999999989,2.2799999999999883,2.0999999999999885,2.069999999999989,2.1899999999999893,1.6547644527355316,0.65244814191412,-0.5383332142218348,-1.1065015663842608,-1.1716571657500578,-0.8700000000000087,-0.9587265400859202,-1.860000000000011,-0.8687933076459871,-1.14000000000001,-1.5875198477319006,-0.3300000000000097,-1.0800000000000092,-0.8700000000000085,1.1864109509458547,3.697405803465856,3.9583428342499447,4.8991936506738405,5.640100720496967,5.476679641241954,6.005982450114589,5.944727444281231,4.910990994786766,4.319999999999996,4.079999999999995,4.596231424581933,5.398253460247656,4.78042577353553,4.650383705835956,4.713413325530508,4.19344227833252,3.330889034317837,3.059999999999994,1.1496667923304498,-0.3052372571861478,-1.9171531432246227,-2.276666398252236,-3.061395844273759,-4.4121161486311165,-5.642021119069232,-6.420000000000003,-6.360000000000003,-6.598158732134305,-6.270000000000002,-6.420000000000004,-6.420000000000004,-6.480000000000003,-6.540000000000004,-6.3300000000000045,-6.360000000000003,-6.480000000000003,-6.450000000000004,-6.690000000000003,-6.5400000000000045,-6.600000000000005,-6.600000000000003,-6.210000000000004,-6.722164485550931,-6.570000000000005,-6.510000000000004,-6.690000000000003,-6.720000000000004,-6.687950559510918,-6.687835514449076,-6.692164485550933,-0.5104435531957101,0.5104435531957101
5,0.0399999999999995,0.0049999999999998,0.4,400,1.0031884057971014,25.52478260869565,25.44365790234036,25.52144927536232,0.0,99.76811594202898,0.144927536231884,-0.3102888783070927,0.6124156048252707,1.3499999999999914,1.4978355144490627,1.9566858416728112,2.3736885281150037,2.519999999999992,2.5799999999999925,2.549999999999992,2.399999999999992,3.058253460247652,3.3563970588005425,3.2399999999999904,2.87999999999999,3.2699999999999907,2.759999999999991,2.8499999999999908,2.788058011637318,2.642049440489076,2.9099999999999917,2.4880795679847427,2.3099999999999907,2.7016571657500403,2.7899999999999907,2.549999999999991,2.5199999999999907,3.659999999999992,3.0865069204953137,3.1482534602476524,3.0317465397523296,2.553783256228364,3.1182534602476526,3.389999999999992,2.397711866501545,2.7018412678656905,2.90631147188498,3.2065962944976034,3.031831058012949,2.7299999999999915,2.9099999999999917,2.45999999999999,2.788158732134292,2.429777502811736,1.5644139039954703,1.85368796217973,1.6201841021156411,1.0783428342499417,1.3452354319005408,0.2078355144490633,-0.271941988362682,-0.7820494404890926,-0.3564008458872865,-2.040208172623394,-3.4200000000000044,-3.540000000000005,-3.3600000000000048,-3.775023702810604,-4.020000000000005,-3.8400000000000034,-2.818146008121254,-1.585235431900558,-1.8879793887048557,-1.8600000000000043,-1.6479505595109218,-0.8416571657500522,-0.4516571657500527,-0.4519419883626757,-0.0861092916452213,-0.4200000000000044,-0.2100000000000042,0.1199999999999946,-0.2139686932640491,-0.2100000000000041,0.1754139376923329,0.4199999999999963,0.1799999999999963,0.3599999999999963,0.117950559510912,-0.0278355144490767,0.0899999999999954,0.1780580116373218,0.3299999999999947,-0.1179505595109211,0.2099999999999934,-0.1800000000000042,-0.1200000000000045,-5.2580162446247405e-15,0.3899999999999926,-0.1458162967469339,0.0299999999999957,0.1799999999999943,-0.1240196420791316,0.0299999999999954,0.0299999999999944,-0.2100000000000046,-0.0021644855509336,0.1499999999999941,0.0899999999999944,-0.240000000000005,0.1477118665015493,-0.0300000000000049,-0.0300000000000048,0.1179505595109093,0.239999999999995,-5.115907697472721e-15,-0.0300000000000049,-0.3000000000000065,-0.1200000000000052,0.1499999999999939,0.0021644855509227,-0.2100000000000048,0.1479505595109083,0.0299999999999937,0.1178355144490632,-0.3000000000000058,-7.247535904753022e-15,-0.0577118665015608,-0.1500000000000062,0.0020494404890777,0.0299999999999933,0.0620494404890776,-0.0300000000000073,-0.2121644855509347,0.119999999999992,0.1822881334984391,-0.1200000000000079,-0.1500000000000068,-0.0622881334984543,0.0021644855509208,0.1499999999999937,0.269999999999992,0.089999999999992,-0.0300000000000076,0.0877118665015461,0.299999999999992,-0.1800000000000054,-0.1777118665015609,-0.3921644855509345,0.6040326418623502,0.6040326418623502
6,0.0649999999999996,0.0149999999999998,0.4,400,1.0042028985507243,26.172463768115943,26.062923942848897,26.168260869565216,0.0,99.69565217391305,0.1884057971014492,-0.3973849757873335,0.4027691125509709,1.1974337662814056,0.5402300901236804,0.1303424108119706,-0.2116673198003825,0.418253460247652,0.3899999999999906,0.3599999999999907,-0.0900000000000093,0.0899999999999908,-0.1800000000000093,-0.2100000000000094,0.2699999999999908,0.3317465397523296,-0.1800000000000091,0.2099999999999908,-0.0338907083547918,-0.4800000000000087,-1.0221644855509384,-1.2030651405402135,-0.967472285384391,-0.9000000000000076,0.2999999999999906,0.239999999999991,0.1499999999999909,0.1799999999999908,0.179999999999991,-9.130474154517288e-15,-0.210000000000009,-1.6498045513896735,-1.560000000000008,-2.1213685348947107,-3.1254040450518072,-1.821831442661334,-1.35000000000001,-0.5700000000000081,-0.3000000000000082,-0.2100000000000081,-0.5400000000000085,-0.088507666117937,-0.4800000000000078,-0.1500000000000081,-0.6000000000000083,-0.1500000000000079,0.2699999999999922,-0.8082534602476708,-1.0045253149732365,-0.8700000000000091,-1.578656932391989,-2.491941988362678,-3.5380580116373324,-3.9900000000000033,-3.750000000000005,-3.3600000000000048,-3.9900000000000047,-3.631492333882075,-4.0800000000000045,-4.230000000000005,-4.920000000000004,-4.720050171076249,-3.103440179377983,-3.240000000000005,-2.2200000000000086,-1.291841267865708,-1.0500000000000085,-0.5700000000000086,-1.081492333882079,-0.5156523816885413,0.3299999999999924,0.7199999999999929,1.7965866744694787,2.16401964207912,3.192694670740251,2.6480854654770325,2.784066582785562,3.50619544663731,3.865004193976014,4.502027009745909,5.486195446637311,5.336008571148239,5.254332069842401,4.376031306735949,3.74795055951091,2.9717465397523326,2.54756283649926,1.8318622971196123,1.6472761947184045,2.121537751806505,2.0999999999999943,2.129999999999994,2.3099999999999943,2.249999999999994,2.129999999999993,2.399999999999993,2.219999999999993,2.159999999999992,2.159999999999992,2.399999999999993,2.159999999999993,2.1299999999999923,2.009999999999992,2.369999999999993,2.039999999999994,2.157835514449065,2.339999999999993,2.1899999999999933,2.219999999999993,2.252288133498438,2.0099999999999927,2.3121644855509205,2.219999999999993,1.979999999999992,2.489999999999992,2.189999999999992,2.279999999999992,2.1299999999999915,2.129999999999992,1.919999999999992,2.189999999999992,2.219999999999992,2.339999999999992,2.309999999999992,2.3377118665015457,2.457711866501545,2.489999999999992,2.069999999999992,2.489999999999992,2.159999999999992,2.159999999999992,2.219999999999992,2.429999999999992,2.3099999999999934,2.2222881334984392,2.342288133498438,2.0699999999999936,2.099999999999993,2.1899999999999933,0.6851759510291909,0.6851759510291909
7,0.0449999999999995,0.0149999999999998,0.4,400,1.0046376811594202,23.98985507246377,23.879111367570687,23.98507246376812,0.0,99.65217391304348,0.2608695652173913,0.1349967661979397,0.3568342797266379,0.689999999999991,0.387142751460119,0.5182485992907897,0.2443918758764479,0.6599999999999915,0.3599999999999926,0.299999999999992,0.6599999999999924,-0.0300000000000084,-0.4200000000000083,-0.7800000000000078,-0.8681587321343084,-0.3900000000000083,0.0299999999999916,-0.3000000000000085,-0.5950716761403894,-1.6152902897448302,-1.140000000000008,0.6688752351485806,1.378158732134292,1.409607725260957,0.7799999999999914,0.0299999999999914,0.8999999999999919,1.319999999999992,0.8699052718866308,1.1717465397523303,0.6299999999999915,0.4201074521264031,0.8956624260124616,1.8899999999999912,1.6827238052815776,1.7020709402699028,1.7399999999999909,2.189999999999991,2.3699999999999903,3.4799999999999915,4.019999999999991,4.439999999999991,5.339999999999992,6.118360912374064,6.299999999999994,6.449999999999993,5.729999999999992,6.089999999999992,5.939999999999991,5.579999999999992,4.4920451935481776,4.409999999999994,4.047835514449063,2.97401964207912,2.3099999999999925,2.127950559510909,1.5899999999999934,1.0199999999999936,0.7799999999999927,0.2699999999999939,0.3578355144490645,0.146773535248047,0.3577118665015463,-0.2400000000000072,0.1521644855509221,-0.1800000000000071,-0.0301236479475244,0.2099999999999938,-0.0600000000000072,-0.1800000000000062,0.1199999999999928,0.2099999999999927,0.1799999999999926,0.1821644855509208,-0.3634164949568907,0.2391004571152694,0.1499999999999926,-0.1500000000000048,-0.2721644855509346,0.0299999999999927,0.0299999999999926,-0.3600000000000072,0.0299999999999926,-0.1200000000000073,-0.0300000000000073,-0.1200000000000073,0.0599999999999926,0.0599999999999926,0.3901725439536723,0.237884675208007,-0.0600000000000073,0.0899999999999926,0.0899999999999926,-0.0300000000000062,0.0299999999999926,-0.0900000000000074,-0.1200000000000073,-0.2100000000000074,0.1199999999999926,-0.0900000000000074,-0.1222881334984532,-0.0900000000000074,-0.027835514449078,0.0899999999999926,-0.2100000000000074,-0.2400000000000074,-7.389644451905042e-15,-0.1800000000000073,-0.0300000000000073,-0.0600000000000073,0.1199999999999926,0.0899999999999926,-0.0900000000000074,-0.0300000000000073,0.1199999999999931,0.0599999999999937,-0.0900000000000074,-0.1800000000000062,0.2399999999999926,-0.0300000000000073,-7.389644451905042e-15,0.0299999999999937,0.1199999999999937,0.1799999999999926,0.062421576756725,0.1774337662814065,-6.252776074688882e-15,0.0275784232432619,0.1199999999999926,-0.2122881334984526,-0.1824215767567381,-0.1474337662814213,0.1499999999999937,0.0924215767567255,-0.0300000000000061,-0.1177118665015603,-0.0624215767567378,-0.1200000000000051,-0.3648431535134705,0.7506730295744235,0.7506730295744235
8,0.0099999999999995,0.0049999999999998,0.4,400,1.0021739130434784,22.718840579710147,22.669558929862617,22.716666666666665,0.0,99.79710144927536,0.1884057971014492,15.690114852108648,9.343613804905132,8.22013344325828,16.684497444656166,17.45771186650155,11.377512792449238,11.607578423243265,11.577711866501552,18.87242157675673,18.36,18.09,11.33771186650155,11.044709710255171,10.652164485550925,10.292288133498444,9.867835514449066,9.089999999999996,8.549999999999994,1.385011938780024,0.4199999999999915,-0.6900000000000108,-1.0524215767567404,6.029999999999993,-2.100000000000009,-2.1552902897448303,-1.2851456327829751,-2.1900000000000084,-1.710000000000009,-1.6524215767567387,-1.8949878104753288,-9.32771186650156,4.259999999999993,4.587578423243261,-3.1845860623076696,-4.20000000000001,-2.9700000000000086,-3.4545762669969005,-3.6000000000000085,-3.930123647947524,-4.38484315351347,-10.827835514449076,-10.740000000000007,-10.892288133498452,-4.4124215767567385,-4.350000000000006,-4.437711866501563,-4.650000000000006,-4.622288133498452,-5.194709710255182,-4.500000000000004,3.5701334432582787,-10.825290289744828,-11.707409387232058,1.229999999999995,7.619742908794194,0.6599999999999935,1.410133443258278,0.0599999999999951,-0.5422881334984541,-0.2400000000000079,0.0599999999999926,0.1202570912057929,6.9899999999999975,7.892288133498443,14.462421576756729,13.714586062307658,14.12771186650155,14.009999999999996,7.589999999999995,0.809999999999993,1.407711866501547,0.8999999999999951,1.4422881334984416,9.089999999999996,1.8899999999999928,1.5877118665015495,1.2899999999999918,1.3824215767567245,1.287578423243262,1.4056166249311437,1.3499999999999943,1.9524215767567263,2.4899999999999936,2.372421576756727,2.249999999999993,9.749999999999998,8.789999999999997,8.849999999999998,9.357578423243266,9.809999999999995,2.8175784232432624,10.082421576756728,3.179999999999993,3.8677118665015495,-3.030000000000008,-9.83771186650156,-2.9400000000000057,-2.8524215767567376,-9.872421576756738,-9.600000000000009,-8.612288133498453,-9.750000000000009,-9.212566233718594,-8.700000000000006,-2.4000000000000057,-1.5643289711018644,-8.732288133498452,-1.6500000000000057,-1.3222881334984518,-1.770000000000005,5.84771186650155,6.260435922527788,6.3278355144490686,5.759999999999996,5.697711866501551,5.282421576756727,5.009999999999996,-1.4143289711018674,-7.680000000000007,-7.707578423243276,-7.832164485550936,-7.470000000000006,-6.445290289744829,-6.240000000000006,-6.0024215767567375,-6.600000000000006,-5.940000000000007,-5.847835514449077,-6.210000000000005,-6.150000000000005,-7.140000000000004,-7.562421576756737,-6.632566233718593,-7.050000000000006,-6.597578423243276,-6.120000000000007,-6.060000000000006,-6.540000000000005,0.8195840478300898,0.8195840478300898
9,0.0199999999999995,0.0049999999999998,0.4,400,1.0036231884057971,23.61478260869565,23.529530685920577,23.610869565217392,0.0,99.69565217391305,0.2463768115942029,5.90264233498008,7.155512997786107,7.019999999999995,7.3220408376034065,7.20181834041515,7.292342991342716,6.9948543672170285,6.632049440489081,7.2642499318105616,6.629999999999996,5.252164485550923,6.066502059538453,5.155338684219747,5.342049440489079,4.802049440489079,4.3179505595109084,4.022421576756724,3.2999999999999945,2.762421576756724,2.849999999999992,2.579999999999992,1.2899999999999907,1.0180580116373183,0.7199999999999914,0.660257091205795,1.6799999999999906,2.13409888097816,1.4699999999999915,0.7738440855973053,0.3599999999999898,-6.990000000000006,0.1778355144490655,-0.810000000000009,-1.4397429087942066,-1.2900000000000074,-2.517950559510924,-2.790000000000008,-3.539899279503034,-3.145586096004526,-4.320000000000005,-11.490000000000004,-11.222288133498452,-12.480000000000008,-12.844586062307666,-12.57228813349845,-5.940123647947522,-7.020000000000006,-7.077578423243274,-6.420000000000004,-7.65445261904938,-0.4221644855509311,-7.350000000000005,-6.990000000000005,-0.8978355144490755,-0.6602570912058061,-0.9900000000000042,-0.237835514449074,-0.3600000000000031,-0.5378355144490737,-0.3900000000000035,-1.3800000000000034,-0.5743289711018619,0.0299999999999968,-0.6922881334984495,-0.4175784232432727,-0.510000000000003,-0.0900000000000035,-0.3300000000000034,-0.83795055951092,-0.1200000000000035,0.0322881334984424,-0.2100000000000036,6.509999999999998,6.719999999999998,6.657968957707353,6.869999999999997,6.842164485550925,6.9899999999999975,6.752288133498444,6.6599999999999975,6.267835514449068,6.599999999999998,6.119884954938154,6.117835514449069,6.149999999999998,6.029999999999998,6.689999999999998,6.902288133498444,6.689999999999998,6.987835514449069,6.779999999999998,6.835980357920871,6.929999999999998,6.629999999999998,-0.3621644855509353,-7.650000000000007,-0.3300000000000059,-0.2078355144490788,-7.052164485550934,-6.870000000000005,-7.08025709120581,-7.200000000000006,-7.135662426012475,-6.600000000000006,-0.240000000000003,-0.1800000000000036,-7.140123647947524,-0.4800000000000034,-0.362164485550933,-0.3900000000000059,-0.1200000000000059,-0.62771186650156,-0.2978355144490754,-0.6022881334984522,-0.7500000000000034,0.0622881334984423,-0.5377118665015579,-7.587835514449077,-7.830000000000005,-7.890000000000006,-8.280000000000006,-8.190000000000005,-8.640000000000006,-8.702164485550936,-8.820000000000006,-8.400000000000006,-8.757835514449077,-8.880000000000006,-8.787835514449078,-8.220000000000004,-8.790000000000006,-8.967711866501558,-9.270000000000003,-9.322868712988097,-8.130000000000006,-8.727711866501558,-9.212164485550936,-8.700000000000006,-0.8396772251173418,0.8396772251173418
10,0.0449999999999995,0.0049999999999998,0.4,400,1.0036231884057971,26.074782608695653,25.980649819494584,26.071014492753623,0.0,99.71014492753623,0.2318840579710145,4.308270582623392,4.107761557806477,4.61554738095062,4.913306565391743,3.869999999999991,2.7281587321342915,1.4433748763084446,2.130085586915555,2.9399999999999915,2.669999999999991,2.5799999999999907,3.448158732134292,3.14999999999999,3.6599999999999904,3.659999999999991,3.479999999999991,2.761746539752329,2.159791827376606,2.191941988362664,1.589999999999992,0.8118310580129489,2.12999999999999,1.3499999999999912,2.249999999999991,1.9499999999999915,2.129999999999991,2.39999999999999,3.0599999999999907,3.029999999999991,2.9083428342499413,1.9517465397523304,1.4718412678656907,1.4981716449461575,1.440123647947509,1.2234368794959078,2.1299999999999915,1.888342834249942,2.1284274083129784,2.639999999999991,1.6199999999999914,1.5599999999999905,1.9499999999999909,1.705750068189427,0.963706606239124,0.5917473208960479,0.0268548166259643,0.2066856684998929,1.525338684219742,1.082049440489074,1.292049440489074,0.7236825357313887,0.7182534602476504,2.0394428933929807,2.3962040197585703,3.809999999999997,4.408427408312985,4.412049440489082,4.619999999999997,4.259999999999996,3.451841267865691,2.845156846486526,1.46631147188498,0.4834037055023795,-0.999247652509446,-1.1715725916870203,-1.119715743322654,-1.289791827376622,-1.0619179955520806,-0.8719419883626798,0.240094728113353,0.418158732134293,0.4499999999999927,0.2379505595109094,-0.2745860623076704,-0.2383643905973836,-0.0619419883626791,-0.0263970588005591,-0.1200000000000066,0.0599999999999937,-0.0900000000000062,-6.252776074688882e-15,0.0899999999999926,0.0599999999999917,-0.1800000000000056,0.0299999999999931,-7.531752999057062e-15,0.3299999999999939,1.5599999999999914,0.1497849900109668,0.2999999999999933,0.0278355144490643,-0.2440196420791336,-0.0600000000000073,0.0299999999999931,-0.1800000000000073,0.1199999999999931,0.179999999999993,0.149999999999993,0.1199999999999937,0.2399999999999927,0.029999999999992,0.1479505595109086,-0.0620494404890906,0.029999999999993,0.0599999999999923,-0.0600000000000076,0.0299999999999924,-0.0300000000000068,-0.1500000000000069,-0.1200000000000082,0.239999999999992,0.179999999999992,-0.1498849549381637,-0.0300000000000082,-0.0878355144490794,-0.1200000000000082,0.0022881334984376,0.0299999999999917,-8.242295734817162e-15,-0.0900000000000081,-8.242295734817162e-15,-0.1800000000000079,0.2999999999999918,0.0920494404890749,0.0599999999999917,0.0899999999999916,-0.1800000000000093,-0.2122881334984552,-9.663381206337363e-15,-9.521272659185343e-15,-0.1800000000000105,0.0299999999999906,-0.0900000000000096,0.2399999999999909,-0.0277118665015621,-9.521272659185343e-15,-0.1800000000000093,-0.2122881334984566,1.051912472849959,1.051912472849959
11,0.0199999999999995,0.0099999999999998,0.4,400,1.00231884057971,22.58652173913044,22.53426836321573,22.58405797101449,0.0,99.78260869565216,0.2028985507246377,19.16789368545676,6.644953537121597,-1.7400000000000058,-2.067433766281423,-3.087711866501561,3.899999999999992,4.41470971025517,3.5353386842197434,-3.7500000000000058,-3.359653854864232,-3.512164485550935,-4.020123647947523,-3.5100000000000047,-3.542421576756737,-2.88204944048909,3.3599999999999928,-4.802049440489089,-5.760000000000004,-6.030000000000007,-5.850000000000007,-5.547835514449077,-6.150000000000005,-5.911925792541574,-4.680000000000006,-4.590000000000004,-4.380000000000005,-4.465671028898148,-4.650000000000005,-4.800000000000004,-3.447835514449078,-3.7200000000000046,-2.967835514449078,-2.1874208516802747,-2.4325662337185934,-1.3522881334984531,-0.5424215767567404,-0.4222881334984527,-1.8900000000000077,-1.1444526190493816,-1.625011938780039,-0.9600000000000084,-1.080123647947525,-1.9500000000000075,-1.6475784232432773,-1.1100000000000068,-0.3600000000000073,0.775290289744815,1.23514538203831,0.6924215767567224,0.9925564384078112,0.3899999999999914,1.0499999999999927,1.3799999999999903,1.4697429087941898,1.613585582638499,2.099999999999992,2.3377118665015466,2.3699999999999943,2.7299999999999933,2.069999999999994,2.8198424284369934,2.404452619049367,2.279999999999992,2.5777118665015477,2.6699999999999933,2.072421576756723,2.097835514449066,1.8899999999999932,2.009999999999992,2.099999999999993,2.55228813349844,2.097433766281408,2.5777118665015477,3.207433766281408,2.3077118665015472,2.609999999999993,3.0022881334984377,2.2199999999999926,2.759999999999993,2.669999999999992,2.517433766281407,2.222421576756725,2.0699999999999936,2.219999999999993,2.37272380528158,2.0099999999999927,2.159999999999994,2.192723805281579,2.277578423243262,2.582288133498439,2.369999999999994,2.127711866501546,1.9499999999999935,2.2499999999999925,2.099999999999993,2.8499999999999925,2.7899999999999943,3.2099999999999933,3.269999999999994,3.179999999999991,3.419999999999994,2.7624215767567257,3.182164485550922,2.8827238052815813,2.822421576756723,3.087578423243261,3.5399999999999943,3.5099999999999936,3.207578423243261,3.1799999999999944,3.202699927721514,3.239999999999995,3.059999999999994,3.629999999999996,3.962566233718581,3.6022881334984413,3.3275784232432635,3.2399999999999936,3.237578423243262,3.389999999999995,3.30228813349844,3.029999999999995,3.087578423243262,3.5099999999999936,3.112887441007766,3.4199999999999955,3.5954237330031025,3.8124215767567273,4.015235431900545,4.289999999999996,4.652421576756728,4.472421576756726,4.70743376628141,4.832288133498442,4.834709710255172,5.162421576756729,4.744987810475311,5.279999999999997,1.2413088253416191,1.2413088253416191
12,0.0499999999999996,0.0099999999999998,0.4,400,1.0030434782608697,25.44768115942029,25.370466695564225,25.444492753623187,0.0,99.76811594202898,0.1594202898550724,3.231370606863933,2.9603332753501324,2.849999999999992,2.547331127348225,2.1336879868979324,2.219899279503017,2.4618412678656902,2.671841267865691,2.821841267865691,3.0318412678656905,3.838253460247652,4.409999999999991,3.451746539752329,3.359999999999991,3.8099999999999903,3.6599999999999904,3.239999999999991,2.6679505595109068,1.499999999999992,1.799999999999992,2.876506920495313,3.1799999999999904,2.5799999999999903,2.821746539752329,2.699999999999991,2.6999999999999904,2.5499999999999905,2.519999999999991,3.508342834249942,3.2399999999999904,3.300107452126404,3.872049440489076,3.929999999999992,4.737433766281406,3.143108163945937,2.3999999999999915,2.491572591687005,1.6199999999999892,1.1732297574370512,1.018058011637316,1.4399999999999888,2.27834283424994,2.4299999999999917,2.3699999999999903,2.4280580116373165,2.096854816625964,2.4316571657500385,3.1753386842197413,2.27514563278296,2.3272774538609484,1.4700893740022798,2.1012877690743803,1.919408106136076,1.528227789188097,2.0384274083129785,1.5599999999999914,0.299999999999992,0.1515725916870059,-0.6917465397523466,-1.7700000000000058,-1.6617569512430748,-2.125797329520567,-1.6184425113163303,-0.8742139260400217,-0.0936220321761055,0.1818412678656915,1.106397058800544,1.5920494404890764,1.91620401975857,2.101941988362667,2.482983733270032,2.394249671187912,2.579999999999996,2.07587827147488,2.63611602327465,2.3099999999999934,2.129999999999993,2.0999999999999925,2.2779505595109075,1.979999999999993,2.129999999999992,2.039999999999992,1.6520494404890764,1.7699999999999931,1.4620693834427465,0.6993608298762821,0.2889678722359068,-0.654867532562838,0.1450519265586939,-0.1800000000000078,0.0299999999999913,-0.2700000000000081,-0.0600000000000082,0.0599999999999917,0.0899999999999909,0.089999999999991,0.2699999999999909,-0.0600000000000079,0.0899999999999914,-0.1500000000000086,0.0899999999999911,-9.094947017729284e-15,-0.0321644855509383,-0.0600000000000082,0.0299999999999909,0.059999999999991,-0.2120494404890935,-0.2077118665015635,0.059999999999991,-0.0878355144490819,0.0599999999999909,0.0299999999999909,-0.0900000000000102,-0.0900000000000096,-0.1500000000000099,-9.663381206337363e-15,0.0322881334984367,-0.0900000000000102,0.2099999999999909,-0.0900000000000102,0.2099999999999892,0.0899999999999897,0.1499999999999907,-1.0231815394945442e-14,0.26999999999999,-0.1200000000000099,0.1199999999999903,0.4499999999999903,-0.1200000000000099,0.1244526190493638,-8.810729923425242e-15,0.0621644855509197,0.2099999999999897,0.2422881334984373,0.1799999999999912,-0.0300000000000096,0.0599999999999911,-0.2122881334984543,1.3114028233163786,1.3114028233163786
13,0.0799999999999996,0.0249999999999998,0.4,400,1.0042028985507243,25.391014492753623,25.28474527348824,25.3868115942029,0.0,99.6231884057971,0.3333333333333333,-1.1482843464434405,-0.9298587369127282,-0.3036595741660985,-0.3167593136158687,0.2829173360579848,0.3599999999999907,0.3615725916870038,0.1482534602476519,0.0299999999999905,-0.2700000000000094,-0.2416571657500585,0.1199999999999906,-0.3900000000000094,-0.1800000000000094,0.0899999999999905,0.1199999999999907,0.2099999999999907,-0.7478355144490797,-2.824204130729252,-2.7930863794402137,-2.3049597356480014,-2.4813120085269103,-1.5896171066895064,-0.7800000000000082,-0.5100000000000088,-0.7200000000000082,-0.4800000000000091,-0.628427408312996,-0.9600000000000084,-0.4800000000000091,0.5999052718866308,1.6419889290691074,4.183406302458092,4.603367207605823,2.227198158512148,0.8399999999999908,1.16999999999999,1.7699999999999891,1.9799999999999904,2.0699999999999896,2.33999999999999,2.57999999999999,2.909999999999992,2.15999999999999,2.63999999999999,1.8299999999999903,1.4699999999999898,1.3875130677848324,1.4704457103506394,2.095864938337945,3.0299999999999945,3.4710819789382965,3.6285076661179256,3.9899999999999967,3.86739632600413,4.169999999999996,4.379999999999996,4.137950559510911,4.408584031916733,4.439999999999997,5.33912291146616,4.902075589226144,5.401492333882065,6.059999999999995,5.699999999999996,5.459999999999995,5.489999999999994,5.669999999999995,5.579999999999996,5.608584031916732,5.729999999999995,5.909999999999996,5.969999999999995,7.206561731564683,4.693412105586743,4.160139541611464,3.515701597237625,3.1158162967469227,3.2399999999999944,3.629999999999993,2.7299999999999933,3.448507666117922,3.953131419427377,3.873234428474232,3.329999999999992,2.288308443343128,1.766031306735946,0.7071475201446166,0.5948776398151019,0.089999999999991,0.3899999999999899,0.3867655715257514,0.8908056877893052,1.1699999999999895,1.049999999999991,1.0499999999999912,0.8999999999999899,0.3879505595109056,0.0976201434035354,0.0899999999999899,0.1499999999999899,0.0899999999999899,-0.12000000000001,0.0299999999999899,0.0899999999999899,0.0899999999999899,-0.03000000000001,-0.1500000000000099,0.0622881334984363,0.1199999999999904,0.1799999999999904,0.0021644855509181,0.0299999999999899,-0.2400000000000093,0.1821644855509198,0.1199999999999904,-9.094947017729284e-15,0.1199999999999909,0.2999999999999905,0.062164485550921,0.0599999999999904,-9.521272659185343e-15,0.0599999999999911,-0.0900000000000089,0.0599999999999904,0.1248431535134561,-0.0600000000000079,-0.0900000000000071,0.0575784232432617,-0.1800000000000073,0.0599999999999937,-0.0300000000000081,0.119999999999994,0.0624215767567238,-0.0900000000000074,-0.2400000000000088,0.0299999999999916,0.1199999999999919,1.411429010036175,1.411429010036175
14,0.0699999999999996,0.0049999999999998,0.4,400,1.0043478260869565,29.02231884057971,28.896681096681096,29.017971014492755,0.0,99.6086956521739,0.3478260869565217,0.1727640637977759,1.2761176281479871,1.2299999999999915,2.1259385056376896,2.7278009347432755,-4.135197650875934,-3.27000000000001,-2.790000000000009,-3.150000000000009,-3.330000000000009,-3.510000000000009,-3.7200000000000086,-3.7800000000000087,-3.5700000000000087,-3.658507666117938,-3.3600000000000096,-3.390000000000009,-2.700094728113369,-1.8900000000000088,-2.100000000000008,-3.27000000000001,-3.630000000000009,3.449999999999991,3.479999999999991,3.719999999999991,3.179999999999991,3.089999999999991,2.939999999999991,3.629999999999991,3.2985840319167288,4.258427408312979,4.4984274083129785,4.97566242601246,4.169999999999992,3.895992176600519,4.528584031916731,4.472421576756724,4.229999999999991,4.289999999999991,-2.4600000000000084,-3.030000000000008,-2.9681587321343086,-2.7300000000000075,-2.0700000000000074,-2.6386568795858905,-2.370000000000008,-1.9200000000000088,-0.6945193364978894,-0.0342403534503728,-2.022802849861396,-2.5200000000000107,-2.6400000000000112,-2.340000000000011,-2.217383419671805,3.989999999999989,-2.578656879585893,-2.4000000000000115,-2.430000000000011,-2.2200000000000117,-2.552770325804998,-1.9708714398425304,-1.6003570581384412,-0.4512734599140895,0.4799999999999983,0.1787265400859098,0.1199999999999988,-0.5100000000000011,-0.2400000000000017,0.0599999999999988,0.3587265400859104,-0.3600000000000022,-0.0300000000000011,-0.0600000000000011,-1.3078845293842938,-1.4264918956065216,-2.19006966050004,-2.3329780987417426,-2.5200000000000107,-3.090000000000009,-3.4500000000000104,-3.660000000000009,-3.0900000000000114,-2.851343120414128,-2.850000000000011,-3.483599154112733,-3.4212734599140986,-2.6400000000000103,-1.2718113599708911,-0.2251824207545382,0.616793707049485,1.8834168513757836,2.462062647299699,3.05501903177342,3.360598867948552,2.9995231511979257,2.4032224807427656,3.3936490603408007,3.774780106876153,3.303229518756309,3.0588304379931923,3.98676557152576,3.954531972861144,4.07425345827464,4.741572591687011,5.098342834249947,5.198696150655101,5.249999999999997,5.789999999999997,6.366396611883294,6.359999999999998,6.509999999999998,6.509999999999998,6.479999999999998,6.299999999999998,6.357950559510914,6.509999999999998,6.479999999999998,6.599999999999998,6.389999999999998,6.539999999999997,6.899999999999998,6.842049440489081,6.599999999999998,6.932049440489082,6.9899999999999975,7.047835514449068,6.9899999999999975,6.9899999999999975,6.897835514449068,7.049999999999998,6.689999999999998,6.629999999999998,6.689999999999998,6.629999999999998,6.809999999999998,6.962164485550925,7.019999999999998,6.994328971101855,1.4723184621149585,1.4723184621149585
15,0.0649999999999996,0.0099999999999998,0.4,400,1.0042028985507243,27.407971014492755,27.293260210708617,27.40376811594203,0.0,99.6376811594203,0.3188405797101449,-4.576676616578842,-3.930577633932111,-3.120000000000009,-2.7273743242514628,-2.1652551686714743,-2.0151598652828637,-0.7796749746202205,-0.3316571657500583,-0.3000000000000092,-0.0600000000000092,0.1799999999999909,-0.2400000000000091,0.2699999999999909,0.1199999999999909,0.6599999999999909,0.1799999999999908,-0.2400000000000089,0.6562167437716194,0.3320494404890761,0.2099999999999913,0.3878447937644791,-0.060000000000009,0.4199999999999909,0.0599999999999909,-0.1531451833740351,0.1499999999999909,-0.0900000000000091,-0.150000000000009,0.2699999999999908,0.2099999999999909,0.9899999999999912,2.633003132768493,2.569221207176602,2.5222881334984377,0.5766866540919007,-0.3300000000000089,-0.5100000000000088,-0.7800000000000086,-1.3500000000000094,-1.5300000000000102,-1.2000000000000084,-1.0500000000000085,-0.8700000000000084,-0.7485840319167459,-0.9600000000000084,-1.1100000000000083,-1.3200000000000096,-0.8125662337185944,-1.8024215767567395,-2.854165113885796,-2.103968693264055,-2.371415968083271,-2.3700000000000085,-1.5266420435540753,-1.710000000000011,-1.5900000000000098,-2.100000000000009,-2.5813431204141257,-2.3400000000000096,-1.2580580116373363,-0.7792725639350837,-2.431746539752347,-4.230000000000008,-5.250000000000009,-6.298158732134304,-6.810000000000005,-6.150000000000005,-6.118058011637332,-5.7900000000000045,-5.520000000000009,-5.159401132051453,-4.52815873213431,-4.710000000000009,-2.199923956840771,0.1031519774316532,2.002891456253958,5.7340248576055615,7.969002231080482,8.909999999999998,9.24157259168701,9.51199735744725,9.449999999999998,9.986765571525758,10.853765078226038,10.918507666117923,11.275748549963362,10.952900262915014,11.547433766281411,9.523948439187013,7.987386197427818,6.289869701740981,5.429999999999998,5.129999999999998,5.008258409200669,4.562140366804008,4.289999999999997,4.439999999999997,4.499999999999997,4.349999999999997,4.559999999999998,4.4099999999999975,4.259999999999998,4.319999999999998,4.4999999999999964,4.319999999999997,4.379999999999996,4.229999999999997,4.077950559510913,4.259999999999998,4.049999999999998,4.409999999999997,4.2899999999999965,4.4099999999999975,4.229999999999997,4.469999999999996,4.4999999999999964,4.467835514449068,4.2020494404890805,4.4121644855509246,4.139999999999997,4.319999999999997,4.559999999999997,4.557835514449066,4.649999999999997,4.559999999999997,4.439999999999995,4.529999999999997,4.497711866501549,4.469999999999996,4.739999999999996,4.349999999999995,4.439999999999997,4.559999999999995,4.467711866501549,4.379999999999996,4.502288133498442,4.322288133498441,4.497711866501549,1.7465131635741251,1.7465131635741251
16,0.0249999999999995,0.0099999999999998,0.4,400,1.0030434782608697,23.07913043478261,23.009102730819247,23.07594202898551,0.0,99.7536231884058,0.1884057971014492,8.177602894486817,2.5417906959808656,-3.9300000000000046,-3.842421576756737,-3.480000000000006,4.649999999999992,4.739607436256172,4.919999999999991,-2.9700000000000046,-3.210000000000006,-3.50988495493816,-3.6600000000000046,-3.960000000000005,-4.170000000000005,-4.230115045061851,3.2699999999999907,-3.9300000000000046,-4.83025709120581,-5.757578423243274,-5.010000000000008,-4.560000000000006,-5.190000000000005,-5.07204944048909,-4.4998925478735945,-3.5100000000000047,-4.257950559510921,-3.720000000000005,-4.590000000000006,-4.056502059538465,-4.979876352052488,-3.422164485550934,-3.962506625540096,-2.8450121895246885,-2.7300000000000075,-1.5647097102551846,-1.2321644855509368,-0.870000000000008,-0.6600000000000086,-1.041487325645079,-0.3947732457706803,0.2079505595109063,0.2099999999999903,1.0199999999999911,-0.1222881334984549,0.0898763520524738,0.8099999999999921,1.109999999999992,0.8727238052815781,0.5974337662814045,1.5025662337185783,1.6799999999999906,1.6799999999999913,2.0399999999999903,2.1899999999999906,3.2379505595109084,3.50578607395998,3.932164485550922,4.229999999999993,4.589999999999993,4.439999999999994,4.08256623371858,4.199999999999994,5.039999999999995,4.319999999999993,4.44228813349844,4.079999999999993,4.529999999999995,4.564452619049368,4.5899999999999945,4.199999999999993,4.439999999999994,4.322164485550924,4.559999999999995,4.898299848231614,4.290257091205796,4.982164485550923,4.769999999999995,4.709999999999993,4.592164485550922,4.587711866501547,4.739999999999994,4.439999999999994,4.409999999999994,4.139999999999995,4.2927238052815815,4.319999999999994,4.199999999999994,3.359999999999994,4.559999999999994,4.38228813349844,4.379999999999995,4.287711866501549,3.7799999999999945,3.752288133498441,3.1197775028117367,2.9699999999999944,3.149999999999993,2.7899999999999943,2.639999999999993,2.759999999999993,2.879999999999994,3.0621644855509227,2.759999999999993,2.7899999999999943,2.5199999999999947,2.7899999999999943,2.879876352052477,2.942421576756725,2.819999999999995,2.669999999999994,2.997835514449065,2.6999999999999944,2.909999999999993,2.8822881334984403,3.4521644855509237,2.9699999999999944,3.0622881334984418,3.1799999999999944,3.329999999999993,3.002288133498441,3.0321644855509224,3.059999999999994,3.179999999999995,3.2099999999999937,3.059999999999992,3.630278100220134,3.235290289744816,3.777578423243265,3.8052902897448178,4.1447097102551735,4.105502555343826,4.439999999999997,4.349999999999997,4.439999999999995,4.589999999999996,4.7323606578194894,4.799999999999996,4.952421576756729,1.7557797116273055,1.7557797116273055
17,0.0399999999999995,0.0099999999999998,0.4,400,1.0042028985507243,24.557391304347828,24.45461105498629,24.553043478260868,0.0,99.65217391304348,0.2898550724637681,-0.4092926198704434,-0.6440160912682438,0.3277118665015446,0.0301334432582785,-0.6919419883626814,-0.750000000000008,-0.6339686932640548,-0.8979505595109234,-0.9000000000000078,-0.3900000000000079,-0.3000000000000086,0.4499999999999921,0.0599999999999913,0.4499999999999912,0.3882534602476526,0.2699999999999911,0.5399999999999916,1.0799999999999912,0.8145762669968842,0.5099999999999905,0.3524368687110805,0.3899999999999917,0.6599999999999915,0.5099999999999913,0.3899999999999912,0.2699999999999909,0.0599999999999909,0.2999999999999914,0.2681587321342916,0.2399999999999911,0.9899999999999922,2.395893526086389,0.9024215767567229,0.874843153513454,1.7399999999999909,1.5299999999999907,1.5581587321342925,1.589999999999992,1.9799999999999929,2.5199999999999942,2.7899999999999943,4.289999999999996,5.189999999999997,4.319999999999996,3.419999999999994,2.849999999999996,3.3341064739135984,3.36256623371858,2.847433766281409,3.1445811279537508,3.7757698781388775,4.7381587321342975,4.708058011637324,4.589999999999996,5.009999999999996,4.3220494404890815,3.4799999999999964,3.5438045533626816,3.0899999999999967,3.2999999999999967,2.8199999999999945,2.79885909874456,3.119999999999996,3.0899999999999967,3.329999999999996,3.2699999999999965,3.059999999999996,2.7297918273766117,2.5499999999999954,2.492049440489079,2.2199999999999966,2.309999999999996,1.9799999999999969,2.3948546179616765,2.39988495493815,2.2521644855509235,2.067835514449067,2.099999999999996,2.187950559510912,2.1599999999999957,2.1299999999999955,2.039999999999996,2.097835514449066,2.1299999999999955,2.307835514449067,2.1599999999999957,2.427835514449066,1.9199999999999957,2.162164485550924,2.3399999999999954,2.099999999999996,2.1599999999999957,2.309999999999996,2.279999999999996,2.0121644855509246,2.1599999999999957,2.519999999999996,2.369999999999996,2.099999999999996,2.309999999999996,2.099999999999996,1.9822881334984408,2.2199999999999958,2.007835514449066,2.039999999999996,2.309999999999996,2.3399999999999954,2.039999999999996,2.099999999999996,2.0999999999999965,2.2199999999999958,2.009999999999996,2.3399999999999954,2.309999999999996,2.4899999999999958,2.2199999999999958,2.1599999999999957,2.037835514449066,1.9499999999999955,2.609999999999994,2.3999999999999955,1.9199999999999968,2.2199999999999958,2.1622881334984414,2.369999999999996,2.249999999999996,2.1899999999999955,2.1899999999999964,2.2199999999999958,2.4599999999999964,2.2799999999999967,2.3725662337185813,2.547578423243264,2.2199999999999966,2.4299999999999957,1.949999999999996,2.6099999999999954,2.279999999999996,1.9924895931740592,1.9924895931740592
18,0.0749999999999996,0.0149999999999998,0.4,400,1.0042028985507243,27.52130434782609,27.406119209121087,27.5168115942029,0.0,99.6376811594203,0.3188405797101449,-2.457289266058149,-1.1348546179616898,-0.5777116157569138,-1.393932709205116,-1.216505848254816,-0.3300000000000091,-0.2100000000000091,0.0899999999999907,0.1199999999999908,-0.2100000000000091,-0.5100000000000093,0.0915725916870038,-0.120000000000009,-0.2684274083129959,-0.2700000000000092,-0.1500000000000091,-0.270000000000009,0.3896843752501951,0.4861256916157361,0.0322881334984371,-0.0620957845315568,-0.060000000000009,0.059999999999991,0.2999999999999909,0.239999999999991,-0.150000000000009,-0.030000000000009,-0.2400000000000089,-0.2400000000000089,-0.5100000000000091,-0.7500000000000088,-0.4482534602476697,-1.017578423243276,0.2699999999999907,1.3097340565911293,1.018507666117921,0.5999999999999905,0.8999999999999928,0.9899999999999928,1.2299999999999929,1.4999999999999878,1.229999999999992,0.8999999999999928,1.0799999999999896,0.7499999999999925,0.6599999999999908,0.661492333882063,1.4096977714751366,1.737433766281405,0.1146928551572366,0.2999999999999905,0.2399999999999889,0.0014159680832514,0.1499999999999885,-0.028584031916748,0.0899999999999894,-0.0913431204141292,-0.3900000000000105,-0.541343120414128,-0.8700000000000113,-1.7126256079971571,-0.7529774108220342,-1.34865687958589,-1.0800000000000085,-0.930000000000009,-0.991273459914096,-0.6000000000000101,-0.7186568795858913,-0.8100000000000075,-1.1700000000000077,-1.5600000000000092,-1.2600000000000076,-1.080000000000008,-2.169703572264856,-2.4530188606532546,-4.154733590042647,-4.2850734077900645,-4.228656879585889,-4.440000000000007,-3.960000000000006,-3.961841267865705,-3.7736033881167095,-3.9000000000000057,-3.893867971031109,-3.871492333882076,-3.989501852548424,-3.346746258635042,-4.05298758916762,-3.25315464012966,-3.593754033386175,-4.643131419427392,-5.24455579093486,-5.115402782427266,-5.098054224550607,-4.500000000000007,-4.207938647320336,-4.014417302648525,-4.051657165750056,-3.3352491872085763,-3.512049440489091,-3.4500000000000086,-3.810000000000009,-4.140000000000009,-4.290000000000007,-4.530000000000008,-4.440000000000008,-4.530000000000008,-4.500000000000008,-4.11000000000001,-4.440000000000008,-4.620000000000008,-4.470000000000009,-4.29000000000001,-4.67783551444908,-4.4700000000000095,-4.440000000000009,-4.350000000000009,-4.497950559510925,-4.3500000000000085,-4.4700000000000095,-4.4700000000000095,-4.320000000000011,-4.53000000000001,-4.530000000000009,-4.557711866501564,-4.34766704089477,-4.650000000000009,-4.26000000000001,-4.6800000000000095,-4.62000000000001,-4.47000000000001,-4.62000000000001,-4.740000000000008,-4.50000000000001,-4.620000000000009,-4.3500000000000085,-4.472288133498455,-4.620000000000008,-2.064445718516624,2.064445718516624
19,0.0549999999999996,0.0199999999999998,0.4,400,1.003768115942029,23.88608695652174,23.796419289633267,23.88217391304348,0.0,99.71014492753623,0.217391304347826,-3.67699426002965,-4.2956152888565695,-3.4222640051937403,-2.520392826325732,-2.982353050083048,-1.1037668562578518,-0.688158732134309,-0.0239257019053583,0.1499999999999917,-0.1200000000000088,-0.5700000000000089,0.1799999999999911,-0.1500000000000088,0.1217465397523299,0.3899999999999911,-0.0600000000000091,-0.030000000000009,-0.9320494404890928,-0.9322881334984544,-1.0828963492352743,-0.2380580116373354,0.179999999999991,0.2399999999999919,-9.2192919964873e-15,-0.1218412678657081,-0.0600000000000092,-8.757439218243234e-15,0.3899999999999917,-0.0300000000000083,-0.1800000000000094,0.6642139260400044,0.8699999999999922,0.7258101847217837,-0.3000000000000089,-2.606031306735961,-4.110000000000007,-4.768342834249958,-4.07783551444908,-4.67642240223471,-4.110000000000008,-3.662164485550936,-4.437950559510922,-4.284233818168542,-5.192164485550934,-6.062582431349524,-5.822164485550933,-5.123782443001852,-5.06928445700897,-4.532913835486535,-3.2568570716271403,-2.9097310842037043,-2.183297962506082,-1.982164485550935,-1.4400000000000086,-1.7100000000000062,-2.1000000000000094,-1.8000000000000094,-1.712049440489091,-1.534019642079136,-1.350000000000008,-2.846913620559802,-1.853174198668832,-1.680000000000009,-2.070000000000009,-2.100000000000008,-2.042288133498456,-2.370000000000009,-2.190000000000008,-2.3400000000000083,-2.280000000000009,-2.370000000000009,-2.1900000000000106,-2.0400000000000107,-2.280000000000009,-2.203222596994129,-2.130000000000009,-2.190000000000009,-2.3100000000000094,-2.3100000000000094,-2.2500000000000107,-2.340000000000009,-2.3100000000000094,-2.1320494404890944,-2.2500000000000107,-2.3700000000000103,-2.3100000000000107,-2.1000000000000103,-2.419057423394476,-2.2201334432582955,-2.2800000000000105,-2.1900000000000106,-2.3100000000000107,-2.1300000000000106,-2.2500000000000107,-2.2500000000000093,-2.0400000000000107,-2.2500000000000093,-2.247835514449081,-2.2200000000000104,-2.1300000000000106,-2.4022881334984563,-2.370000000000009,-2.370000000000009,-2.282288133498456,-2.370000000000009,-2.1000000000000094,-2.4600000000000093,-2.340000000000009,-2.552288133498454,-2.430000000000009,-2.1000000000000094,-2.3100000000000094,-2.4600000000000093,-2.252421576756741,-2.490000000000008,-2.3100000000000094,-2.4300000000000077,-2.3400000000000083,-2.430000000000008,-2.280000000000008,-2.4600000000000084,-2.160000000000009,-2.400000000000007,-2.220000000000008,-2.4900000000000078,-2.2475784232432776,-2.550000000000007,-2.4900000000000078,-2.160000000000008,-2.280000000000008,-2.1600000000000072,-2.4600000000000093,-2.3725662337185933,-2.5200000000000085,-2.337276194718421,-2.4000000000000083,-2.310000000000008,-2.397578423243277,-2.0899404756651556,2.0899404756651556
20,0.0349999999999995,0.0049999999999998,0.4,400,1.0030434782608697,24.966521739130435,24.89076723016905,24.9631884057971,0.0,99.7536231884058,0.2028985507246377,-4.45320172325176,-3.079696318732577,-2.760000000000007,-2.6397913032691305,-1.7376699617510132,-1.1655860960045243,-1.197835514449078,-0.1762040197585827,-0.7200000000000045,-1.2937871546834605,-0.8100000000000034,-0.2400000000000028,-0.2700000000000028,-0.0581587321343039,-0.3282534602476636,-2.842170943040401e-15,0.2399999999999943,0.8039591306591501,0.687835514449063,0.212164485550922,-0.1479505595109191,-0.780000000000004,-0.6318412678657029,-0.8400000000000023,-0.777578423243271,-0.7800000000000034,-0.4481587321343033,-0.4500000000000028,-0.3865069204953255,0.2399999999999965,1.4118412678656902,2.159999999999994,1.980257091205796,2.3449283238596106,3.153577597765288,3.5999999999999925,4.199999999999992,3.842049440489077,3.839999999999993,11.30467586248236,4.829999999999992,5.431572591687005,5.102049440489076,5.427578423243261,5.429999999999992,5.123603388116696,4.375786073959979,4.829999999999993,4.229999999999993,4.378389741568001,12.539999999999996,6.089791827376607,5.099999999999994,11.425586096004515,10.435844607503975,9.779999999999998,8.911657165750043,8.129999999999997,7.318058011637325,6.69194198836267,7.169999999999996,6.812164485550926,5.677695261717465,5.305816296746925,5.125816296746925,4.859999999999998,4.289999999999996,4.139999999999995,4.7399999999999975,4.469999999999998,4.647950559510913,4.439999999999997,4.349999999999995,4.4678355144490665,3.998683678291728,4.437950559510912,4.469999999999996,4.649999999999997,4.349999999999994,4.318058011637325,4.647950559510912,4.409999999999994,4.139999999999997,4.499999999999996,4.139999999999995,4.109999999999996,4.229999999999997,4.4999999999999964,4.649999999999997,4.379999999999996,4.709999999999997,4.6199999999999966,4.739999999999996,4.799999999999995,-2.6700000000000057,-2.457950559510923,4.379999999999996,4.589999999999998,-2.490000000000006,-2.2500000000000084,-2.190000000000007,-2.4900000000000078,-2.4300000000000064,-2.490000000000007,4.949999999999997,4.649999999999995,-2.340000000000007,4.349999999999995,4.892164485550925,4.649876352052477,4.109999999999996,4.379999999999995,4.557835514449066,4.287950559510911,4.709999999999995,4.562164485550924,4.649999999999994,-2.220000000000008,-2.1300000000000083,-2.39566242601248,-2.522164485550937,-2.580000000000008,-2.217950559510923,-1.9800000000000093,-1.980000000000008,-2.134452619049385,-2.280000000000008,-2.5821644855509374,-2.3380742074584417,-2.1900000000000075,-2.2500000000000084,-2.42783551444908,-2.340000000000007,-2.310000000000008,-2.310000000000008,-2.0721644855509376,-1.9177118665015624,-1.8322881334984555,2.2002349359466473,2.2002349359466473
21,0.0149999999999995,0.0049999999999998,0.4,400,1.0026086956521738,23.149420289855072,23.08918762648164,23.14666666666667,0.0,99.7536231884058,0.2318840579710145,19.57743828824665,12.020239357271358,11.722657724395578,12.089999999999998,11.042288133498444,11.395413937692338,11.190123647947514,11.60771186650155,10.735413937692336,9.08783551444907,8.579999999999995,9.420123647947516,8.729999999999997,9.15,8.462288133498443,7.769999999999995,7.559999999999997,7.7078355144490684,7.947578423243264,7.199999999999996,7.405671028898137,5.907711866501547,12.599999999999996,5.429999999999995,4.954586062307652,3.989999999999991,4.382040837603403,5.642049440489077,4.407578423243262,3.177950559510906,-4.647578423243274,2.309999999999992,2.609999999999991,2.6124215767567227,2.0052902897448144,1.47650205953845,0.7543289711018497,0.8724215767567233,0.3320494404890769,1.174452619049367,-6.630000000000004,-7.110000000000007,-6.537711866501558,-5.84591951721828,-6.034213926040019,0.1799999999999909,-0.237959162396597,-0.627578423243277,-0.9924215767567408,-2.1300000000000083,5.725290289744818,-1.832566233718594,-2.250000000000009,4.679999999999995,4.107578423243265,4.107835514449066,4.559999999999994,4.259999999999995,4.4678355144490665,5.189999999999993,5.789999999999996,5.102164485550921,5.189999999999995,4.975423733003103,4.322421576756727,4.077711866501548,4.469999999999995,4.349999999999995,4.382288133498442,5.042288133498442,5.102288133498444,5.337711866501549,4.889999999999995,5.432288133498443,5.511124758179733,5.901124758179733,6.329999999999996,6.122421576756729,6.179999999999995,5.759999999999995,6.0044526190493706,5.607711866501549,5.789876352052479,6.449999999999996,5.729999999999995,6.209999999999996,5.999999999999996,5.612566233718581,5.999999999999996,6.837711866501549,6.419999999999996,6.419999999999996,6.689999999999995,6.389999999999995,0.2699999999999903,-6.627711866501562,0.1199999999999916,0.1199999999999917,-7.080000000000008,-6.962421576756741,-6.780000000000008,-7.197835514449079,-7.382566233718595,-7.437835514449078,-0.6300000000000071,0.3599999999999926,-7.050000000000008,-0.0300000000000059,-0.0345762669969001,0.2099999999999914,7.319999999999996,6.929999999999995,6.869999999999996,6.749999999999993,6.869999999999996,6.509999999999994,6.359999999999996,-0.2744526190493858,-7.200000000000008,-6.66000000000001,-6.870000000000009,-6.780000000000009,-6.660000000000007,-7.110000000000009,-7.167835514449081,-7.110000000000006,-6.000000000000007,-6.302288133498454,-6.413338069792911,-6.240000000000008,-6.600000000000007,-6.597578423243276,-6.570000000000008,-6.480000000000007,-7.380000000000009,-6.480000000000008,-7.202421576756739,-6.83783551444908,2.2783874837733924,2.2783874837733924
22,0.0599999999999996,0.0049999999999998,0.4,400,1.0047826086956522,27.98594202898551,27.852733304485792,27.98086956521739,0.0,99.65217391304348,0.2318840579710145,-0.2017718859255973,-0.2379505595109247,-0.0900000000000079,1.38216448555092,1.7424758569037422,2.2900255701234022,2.7934037055023784,2.72999999999999,3.059999999999992,2.88184126786569,2.669999999999991,3.479999999999991,2.699999999999991,2.87999999999999,3.149999999999991,3.2999999999999914,2.819999999999991,1.6781587321342926,1.8338839767253377,1.8921644855509208,1.4131451833740174,1.9199999999999908,1.9852491872085585,1.4336874760691558,0.6617465397523296,1.259999999999991,0.9599999999999907,0.6599999999999909,0.1183428342499415,0.3299999999999909,0.3899999999999909,1.0815725916870045,2.13216448555092,1.8599999999999903,1.1099999999999908,1.2899999999999912,1.0499999999999907,0.4799999999999907,0.2399999999999907,-0.1817465397523482,0.599999999999991,0.1499999999999907,0.689999999999991,1.1114159680832532,0.6914159680832535,0.7799999999999908,0.7199999999999906,-0.6279241321005701,-0.4566619302071075,-0.3018116619745005,-0.4800000000000108,-0.7214159680832739,0.6599999999999905,-0.1800000000000083,-8.242295734817162e-15,0.389999999999991,0.1499999999999914,-0.2686568795858914,0.299999999999991,0.1199999999999919,-0.3506383928160389,-0.929834941896258,-1.9500000000000088,-2.730000000000006,-3.5114159680832686,-3.0900000000000074,-2.5800000000000067,-2.5200000000000093,-2.490000000000008,-2.4600000000000093,-2.341343120414127,-2.490000000000008,-2.850000000000008,-2.498581111094715,-3.0377859440127595,-1.9837731022159952,-1.441898363416845,-1.1132791163931857,-0.4806289910551992,-0.958707559888442,-0.9930649255690904,-0.9301490387810644,-0.2698925478735928,-0.1097432631631309,0.0527513711778397,0.1185076661179252,0.8056368467547181,1.8326401903611664,3.530237922149595,4.859999999999997,5.485153518260802,5.731841267865698,6.029999999999998,5.9099999999999975,5.999999999999997,5.639999999999998,5.487950559510913,5.638253460247658,6.114719748877568,6.775174703415936,6.599999999999998,6.4868685805726125,6.4480580116373245,6.509999999999998,6.328058011637324,6.5419419883626695,6.719999999999998,6.4480580116373245,6.389999999999998,6.299999999999998,6.389999999999998,6.359999999999998,6.389999999999998,6.6599999999999975,6.567950559510912,6.569999999999997,6.389999999999998,6.449999999999997,6.479999999999997,6.689999999999998,6.479999999999998,6.4499999999999975,6.542164485550926,6.629999999999998,6.509999999999998,6.419999999999996,6.7821644855509255,6.7499999999999964,6.569999999999997,6.599999999999997,6.599999999999997,6.509999999999996,6.807835514449068,6.632164485550925,6.659999999999997,6.599999999999998,6.842164485550925,6.717950559510912,2.471032092788858,2.471032092788858
23,0.0699999999999996,0.0199999999999998,0.4,400,1.0044927536231885,25.43449275362319,25.320732938969847,25.429855072463766,0.0,99.65217391304348,0.2753623188405797,-0.0019881946514873,-0.2694195058631177,-0.5400000000000093,-0.1800836149204233,-1.822225237092305,-0.8116518116389877,-0.4800000000000092,0.0582534602476519,-0.2100000000000093,0.1199999999999906,-0.2400000000000093,-0.1800000000000094,-0.2100000000000092,-0.0900000000000094,0.0899999999999905,0.1499999999999905,0.0299999999999907,-1.251520598280086,-0.9300000000000076,-1.1100000000000083,-0.5062528363848411,-0.120000000000009,0.0899999999999908,0.0314923338820619,0.0299999999999908,0.3599999999999907,-0.2400000000000089,0.2699999999999909,0.3299999999999909,0.0899999999999908,-0.5682534602476693,-2.1876355364936124,-3.3696032747918987,-2.9370861645134814,-3.3568118418348885,-2.2500000000000084,-1.8600000000000076,-1.7700000000000096,-1.3200000000000076,-2.160000000000008,-1.8000000000000056,-1.8900000000000083,-1.5300000000000074,-1.5900000000000076,-2.038507666117934,-1.8315725916870187,-2.5500000000000056,-1.7463403622410638,-1.8600000000000068,-1.7305168123272685,-2.2498992795030337,-1.8858162967469352,-1.9500000000000064,-1.500000000000007,-1.0500000000000056,-1.528584031916744,-1.0800000000000065,-1.5300000000000065,-1.531492333882077,-1.0800000000000065,-1.211584009939282,-1.3701014890035352,-1.260000000000007,-1.171941988362679,-1.2000000000000073,-1.3500000000000072,-1.526195446637322,-1.6763114718849943,-1.4100000000000066,-1.4079505595109216,-1.3800000000000066,-1.140000000000006,-1.250948719736128,-0.0442415522431598,-2.518027077977606,-2.5764902302829613,-1.8926886548610529,-1.94623284895252,-2.639892547873595,-3.120000000000006,-3.210000000000006,-3.5744974446561777,-4.410208172623392,-5.30633740936815,-5.402164485550935,-5.340000000000006,-5.406806264297167,-5.511180798501398,-4.606629676864051,-4.410000000000007,-4.380000000000007,-4.260000000000007,-4.380000000000007,-4.140000000000008,-4.560000000000007,-4.380000000000007,-4.530000000000008,-4.440000000000007,-4.470000000000007,-4.470000000000008,-4.590000000000007,-4.710000000000007,-4.530000000000007,-4.260000000000008,-4.410000000000007,-4.470000000000008,-4.500000000000008,-4.320000000000008,-4.560000000000008,-4.410000000000008,-4.410000000000008,-4.827711866501561,-4.740000000000008,-4.650000000000008,-4.560000000000008,-4.470000000000008,-4.350000000000008,-4.260000000000008,-4.350000000000007,-4.590000000000008,-4.557711866501561,-4.500000000000008,-4.350000000000007,-4.590000000000007,-4.590000000000007,-4.680000000000007,-4.770000000000006,-4.7124215767567375,-4.262288133498454,-4.620000000000007,-4.680000000000006,-4.530000000000006,-4.620000000000005,-4.710000000000005,-4.737433766281418,-4.6200000000000045,-4.590000000000004,-4.919855343038152,-2.6055316598457297,2.6055316598457297
24,0.0749999999999996,0.0099999999999998,0.4,400,1.0039130434782608,28.89710144927536,28.784466580049084,28.893043478260868,0.0,99.66666666666669,0.2753623188405797,-2.211925163453698,-2.6767193858523943,-2.5500000000000087,-1.7073610843429,-1.2248498105476988,-0.7383455344554889,-0.060000000000009,0.149999999999991,0.1214923338820618,-0.0600000000000089,0.1199999999999909,0.0899999999999909,-0.090000000000009,-0.0600000000000089,-0.240000000000009,-0.4500000000000089,0.211572591687004,0.0619419883626644,-0.5082594526312816,-0.3920494404890922,-0.4214237678770826,-0.0014159680832715,0.209999999999991,-0.2100000000000091,0.359999999999991,-0.120000000000009,-0.270000000000009,-0.088507666117938,-0.0300000000000091,0.2099999999999906,1.1699999999999913,1.4099999999999906,1.0111735842419638,1.322421576756723,0.2166310660867822,0.811492333882062,0.7199999999999906,0.9299999999999912,0.7799999999999909,0.7199999999999909,0.5699999999999905,0.899999999999991,1.1714159680832532,0.8399999999999911,1.079999999999991,0.7199999999999911,0.6899999999999911,1.650401748167649,2.395290289744813,2.1024564495071014,1.0513431204141086,0.6599999999999909,0.9899999999999912,1.319999999999991,0.8999999999999909,1.1399999999999908,1.4686568795858728,1.2299999999999909,0.8999999999999911,0.0899999999999912,-0.416806666588399,-0.4631567106706461,0.2399999999999908,0.119432192048381,0.1495269201617418,0.6299999999999912,-0.1200000000000084,-0.0900000000000098,-0.3300000000000083,0.2687265400859036,0.029999999999992,0.4499999999999919,0.1799999999999919,-0.1602233628931025,0.5755176687352183,0.6926165803281958,1.43999999999999,1.79999999999999,2.0399999999999894,1.261273459914079,0.9299999999999912,1.2287265400859029,0.7799999999999911,0.5999999999999904,0.4199999999999905,-0.4530199996664364,-0.9378505302597376,-1.80765077940448,-3.770247333927754,-5.502458445476925,-5.688360796623362,-6.030000000000001,-5.973413325530515,-6.870000000000002,-6.631746539752341,-7.085396921763402,-8.159401645296828,-9.38270497241706,-9.933783256228374,-9.930696176387077,-10.65450459766103,-11.281941988362671,-10.7735775977653,-9.873968693264048,-9.536195446637317,-8.959796964043374,-8.7869348594598,-8.850208172623386,-8.63795055951092,-8.610000000000003,-8.700000000000003,-8.790000000000004,-8.640000000000002,-8.760000000000002,-8.730000000000002,-8.490000000000002,-8.580000000000002,-8.700000000000003,-8.820000000000002,-8.670000000000002,-8.640000000000002,-9.002049440489087,-8.760000000000002,-8.760000000000002,-8.760000000000002,-8.910000000000002,-8.730000000000002,-9.000000000000002,-8.850000000000001,-8.910000000000002,-9.060000000000002,-8.760000000000002,-9.090000000000002,-8.910000000000002,-8.820000000000002,-8.940000000000003,-9.152164485550932,-8.940000000000003,-2.9011228819590165,2.9011228819590165
25,0.0599999999999996,0.0199999999999998,0.4,400,1.0044927536231885,24.32623188405797,24.217428942432548,24.321159420289856,0.0,99.6231884057971,0.3188405797101449,-0.8526342954333677,-2.4805270413759617,-1.1974337662814218,-1.0220914612400611,-0.2379664577329945,-0.2700000000000081,0.0599999999999921,-8.064660050877137e-15,0.2680580116373185,0.3583428342499416,-0.3917465397523479,-0.120000000000009,0.2399999999999908,0.1799999999999907,0.299999999999991,-0.0900000000000092,-0.4500000000000094,0.3644974446561616,1.7794195420731476,1.769999999999991,0.5100893740022805,0.0599999999999909,0.4499999999999907,-0.150000000000009,0.5699999999999905,0.6882534602476525,0.1199999999999908,0.2999999999999906,-0.2400000000000091,0.1199999999999908,-0.1839914288517641,-0.0553452006198329,0.8728963492352587,2.69727619471841,3.055980357920871,3.7538839767253434,3.869999999999998,4.017950559510915,3.872049440489082,4.349999999999999,4.473821651300977,4.859999999999999,5.369999999999999,5.341657165750048,5.459999999999999,5.399999999999999,4.983403705502386,4.32712725246493,3.3272761947184115,3.1580430791327045,2.4859942465833686,2.6079505595109125,1.049999999999997,1.0199999999999962,0.9020494404890802,0.8999999999999969,0.839999999999997,1.0199999999999962,1.1999999999999955,0.7480580116373235,-0.3937932339066561,1.0728846002139063,2.4539309174317854,3.001941988362668,3.897950559510914,4.227950559510914,4.1999999999999975,4.679999999999999,4.647835514449068,4.379999999999998,4.835577811081441,5.041746539752337,4.988363476352349,4.677103650764732,4.301224481928467,4.439999999999998,4.319999999999998,4.4099999999999975,4.4099999999999975,4.439999999999998,4.289999999999997,4.499999999999997,4.407835514449069,4.379999999999998,4.439999999999998,4.499999999999997,4.559999999999998,5.039827456046318,4.292288133498444,4.349999999999998,4.529999999999998,4.499999999999997,4.4099999999999975,4.259999999999998,4.619999999999997,4.439999999999998,4.379999999999998,4.4099999999999975,4.649999999999998,4.319999999999998,4.319999999999998,4.379999999999998,4.619999999999997,4.499999999999997,4.439999999999998,4.439999999999998,4.349999999999998,4.4099999999999975,4.649999999999998,4.679999999999998,4.529999999999998,4.379999999999998,4.439999999999998,4.379999999999998,4.529999999999998,4.649999999999998,4.502288133498444,4.709999999999997,4.7399999999999975,4.439999999999998,4.859999999999999,4.7399999999999975,4.497578423243266,4.589999999999998,4.469999999999998,4.74242157675673,4.559999999999998,4.259999999999998,4.7399999999999975,4.769999999999998,4.712288133498444,4.649999999999998,4.7399999999999975,4.649999999999998,4.652566233718584,4.619999999999997,4.709999999999997,4.9499999999999975,3.0991460371842723,3.0991460371842723
26,0.0099999999999995,0.0099999999999998,0.4,400,1.0034782608695652,21.64333333333333,21.568313113807047,21.63927536231884,0.0,99.66666666666669,0.3188405797101449,28.891528482150253,15.278997680144904,8.67242157675673,7.834843153513459,7.565054142105969,15.32743376628141,15.267433766281412,14.912421576756728,7.4999999999999964,6.685671028898138,6.544709710255172,6.927578423243264,6.299999999999995,5.004782234576218,3.0899999999999936,10.859999999999996,4.262288133498439,3.2102910148212747,2.7598553430381365,2.9099999999999886,2.457433766281405,8.884764568099445,1.532421576756724,1.409999999999992,1.9527238052815807,1.1399999999999904,0.0277118665015456,0.3048431535134546,1.1101334432582783,0.5999999999999909,0.6899999999999906,1.3199999999999903,0.6625662337185765,1.1999999999999906,1.1674337662814065,2.009999999999992,3.2075784232432607,3.0275784232432583,2.192421576756722,2.817276194718405,1.6799999999999888,0.5375784232432613,0.6898553430381372,0.7799999999999898,0.2124215767567224,0.7499999999999915,1.3799999999999912,2.3478562727187504,2.3072761947184035,2.767409387232041,3.207578423243259,3.749999999999993,3.5699999999999914,2.5174337662814064,2.825145382038309,2.4299999999999917,3.059999999999992,2.7599999999999927,3.269999999999992,1.859999999999992,2.402566233718577,2.639842428436993,2.2451568464865286,2.5199999999999942,2.70498781047531,3.935011938780028,3.272421576756727,3.659999999999993,3.959999999999993,3.8699999999999934,4.285156846486532,3.865012189524677,4.979855343038141,5.279999999999996,-2.250000000000004,-2.7300000000000035,-2.0700000000000047,-2.6773499006163552,-8.550278100220146,-2.1549458578940364,-2.4278016656191403,5.159999999999994,-2.877578423243276,-2.3050121895246853,-1.9172761947184156,-2.0700000000000056,-2.370000000000005,4.22486753256282,4.917578423243262,5.162421576756726,4.377578423243262,4.135290289744816,3.929999999999993,11.339999999999998,4.017711866501551,-2.370000000000005,-1.8325662337185893,-1.977070368074676,4.857433766281407,4.617578423243263,4.409999999999996,5.007578423243261,4.589999999999995,4.710302228524851,4.922421576756726,4.682421576756727,5.249999999999995,4.709999999999995,5.247578423243263,4.979999999999997,4.557276194718408,4.979999999999995,5.279999999999997,5.54985534303814,5.432566233718583,5.639999999999998,-2.494843153513466,-2.070000000000005,-2.190000000000006,-2.187578423243276,-1.5000000000000069,-1.1700000000000046,-1.4971036507647393,-0.8400000000000051,-0.8625906127679565,-0.4427352697298107,-0.2700000000000068,0.2072761947184073,7.197420851680264,7.052566233718583,7.139999999999998,7.1724215767567285,6.567433766281408,7.469999999999995,7.77513246743717,7.917433766281411,8.939999999999998,8.637578423243266,3.3804764952970627,3.3804764952970627
27,0.0049999999999995,0.0049999999999998,0.4,400,1.0021739130434784,22.35231884057971,22.30383224873464,22.35014492753623,0.0,99.79710144927536,0.1884057971014492,20.849802252159893,15.20771186650155,7.402657724395576,22.169999999999995,21.51470971025517,14.702793713024375,13.649999999999997,12.966740752547816,20.34,14.194576266996886,21.899999999999995,15.179999999999998,15.087578423243269,15.449999999999998,15.992566233718582,16.412288133498443,15.902164485550925,14.635145632782963,6.9878806517681165,6.479999999999995,-1.3477118665015655,6.625290289744816,14.369999999999996,7.232288133498442,7.234709710255172,6.990144656961848,6.932288133498441,8.102288133498444,7.169866556741709,6.5950121895246765,-0.8121644855509385,12.659999999999998,13.38485436721703,6.604586062307651,6.3530021562463705,5.877578423243261,5.404586062307653,5.074843153513457,5.5799999999999965,5.96986655674171,-0.6600000000000051,-0.9900000000000057,-1.257711866501561,5.96986655674171,5.792421576756724,4.529999999999995,2.8199999999999945,2.7299999999999933,2.639866556741707,2.4899999999999936,8.87771186650155,-11.910000000000007,-13.25985534303815,7.379999999999998,7.167321332037464,-0.927711866501559,5.822723805281584,5.399999999999998,5.669999999999993,4.324452619049366,4.56498781047531,-2.4022881334984585,18.39,16.95,16.682421576756727,16.53242157675673,23.61013344325828,24.0,16.562288133498445,10.139999999999995,9.689999999999996,9.59771186650155,10.497578423243262,17.54743376628141,10.142421576756728,9.177578423243263,9.777835514449066,9.514709710255172,10.979999999999997,4.675290289744817,11.882421576756728,11.969721899779854,-2.310000000000009,-3.540144656961861,-3.36000000000001,3.5399999999999947,4.139999999999998,3.872421576756725,4.287578423243263,4.952421576756727,4.979999999999995,4.889999999999995,-2.0100000000000104,5.579999999999996,-1.1100000000000096,-8.432164485550937,-1.7400000000000082,-2.4600000000000084,-9.21699784375363,-8.912844333938736,-8.072288133498455,-8.340000000000007,-7.382566233718594,-6.930000000000006,0.2399999999999909,1.6799999999999913,-6.060000000000006,1.2899999999999932,8.429999999999998,8.464843153513456,8.067711866501547,8.037567209539695,0.5699999999999905,0.0001334432582774,6.959855343038144,0.1478355144490616,7.557578423243264,-0.1824215767567409,-6.507711866501561,-7.437433766281422,-7.40771186650156,-6.782566233718594,-7.167578423243274,-7.590000000000007,-6.693095941549242,-7.4101334432582915,-7.022164485550934,-7.197578423243274,-6.842164485550935,-7.140000000000004,-6.717578423243275,-6.600000000000007,-6.632566233718593,-6.665145382038325,-13.354843153513473,-12.18013344325829,-11.790000000000004,-11.730000000000004,4.368694278738907,4.368694278738907
28,0.0799999999999996,0.0299999999999998,0.4,400,1.0027536231884058,24.11550724637681,24.049284578696344,24.112753623188407,0.0,99.78260869565216,0.1739130434782608,-0.6816122188135396,-0.984128945860651,0.3899999999999893,-0.1475459646013376,-0.8770092387759378,-0.3057721671146013,-0.1181587321343099,0.0599999999999907,0.4199999999999905,-0.2400000000000092,0.3599999999999906,0.1499999999999905,0.0899999999999907,-9.386168339666241e-15,0.2999999999999906,0.2399999999999909,-0.0600000000000093,0.4751358374721917,1.1480297490041396,0.6569136205597842,0.2935288923141168,0.3601841021156407,-0.0600000000000086,-0.1800000000000086,-0.6300000000000091,-0.1520494404890922,-0.0283428342499589,-0.2700000000000084,-0.6000000000000092,-0.0900000000000085,-0.8084041567731087,-1.468848943087903,-0.9659464171952336,-0.8092898187693613,-0.7743395504747338,-2.310000000000004,-1.8278355144490768,-2.0700000000000043,-2.667950559510921,-3.0300000000000025,-3.0600000000000023,-2.3977118665015555,-3.4500000000000024,-3.570000000000002,-2.940000000000002,-3.2700000000000022,-3.776195446637317,-1.9817126249270924,-1.9973488548986051,-3.220360841302877,-3.870000000000001,-4.317711866501557,-3.6600000000000015,-3.9900000000000015,-4.440000000000001,-4.587835514449073,-4.230000000000002,-4.442164485550932,-4.980000000000002,-4.61842740831299,-5.386982464186206,-6.016912069098208,-6.478565331438209,-7.173882166274117,-7.770000000000002,-8.100000000000001,-7.740000000000002,-7.710000000000003,-7.860000000000001,-7.890000000000002,-8.100000000000001,-7.530000000000002,-7.920000000000003,-6.896309324698051,-4.61218181948939,-3.4758162967469377,-3.390000000000008,-3.961746539752347,-4.410000000000008,-4.680000000000008,-4.590000000000008,-4.200000000000008,-4.711657165750057,-5.546770481243697,-6.403702250306635,-6.8700000000000045,-6.660000000000005,-7.802502596770207,-6.625263490246316,-6.660000000000005,-6.810000000000005,-6.840000000000004,-6.690000000000005,-6.660000000000005,-6.840000000000004,-6.690000000000005,-6.630000000000004,-6.7478355144490765,-6.660000000000005,-6.720000000000004,-6.720000000000004,-6.780000000000005,-6.930000000000004,-6.810000000000005,-6.930000000000004,-6.8700000000000045,-6.930000000000003,-6.900000000000003,-7.050000000000003,-6.780000000000005,-6.780000000000005,-6.870000000000004,-7.050000000000003,-6.630000000000004,-6.750000000000004,-7.080000000000004,-6.990000000000005,-6.960000000000003,-6.960000000000004,-6.960000000000003,-6.660000000000004,-6.990000000000002,-7.142421576756735,-6.990000000000002,-7.020000000000002,-7.202566233718589,-7.020000000000003,-7.020000000000003,-7.200000000000005,-7.0800000000000045,-7.230000000000003,-7.140000000000003,-7.320000000000004,-7.080000000000004,-7.257433766281418,-7.170000000000004,-7.260000000000003,-7.080000000000004,-4.420764205051615,4.420764205051615
29,0.0499999999999996,0.0049999999999998,0.4,400,1.0044927536231885,26.52115942028985,26.402539316116,26.51652173913044,0.0,99.6376811594203,0.2753623188405797,2.219399776629829,2.151485300445664,2.4899999999999927,3.0879505595109067,2.312026506623285,3.0597151773873685,3.4179505595109068,3.8365015663842432,3.5134930795046686,3.5399999999999907,3.4499999999999904,3.119999999999991,3.0299999999999905,3.4499999999999904,3.3299999999999907,2.609999999999991,2.818342834249941,4.017950559510907,4.141941988362663,3.537711866501545,3.365488003193343,2.5199999999999902,2.7899999999999903,3.001572591687004,2.939999999999991,2.819999999999991,3.029999999999991,3.149999999999991,3.479999999999991,3.47999999999999,4.0517465397523305,4.736506920495312,5.339999999999991,4.887835514449063,3.865188319707447,3.9899999999999887,2.8199999999999874,3.869999999999988,3.059999999999988,3.779999999999988,4.259999999999987,3.7814159680832513,2.6595996324992885,2.82598649568248,2.550532286922954,2.935816296746917,2.631230275257713,2.418122226861676,2.425547380950616,2.38600579608171,2.4915725916870035,3.80805801163732,4.079999999999992,4.199999999999993,4.019999999999993,4.081572591687007,3.869999999999993,4.319999999999992,4.171841267865693,3.239999999999992,3.265290289744812,2.609999999999991,1.8901007204969635,0.6320308835346254,0.5132297574370547,0.2981587321342933,0.9632572359489556,1.0180512800078814,1.5299999999999938,2.1882534602476547,2.369999999999993,2.4096621057126804,1.919999999999994,3.1895694990011942,3.098910561270703,2.5148779591797177,2.183348589861928,2.1580580116373214,2.699999999999993,3.3299999999999943,3.933968693264041,4.918158732134296,5.4920494404890805,5.9999999999999964,6.543991428851752,7.019999999999997,7.4999999999999964,8.014709710255174,7.319999999999997,6.929999999999996,7.139999999999997,6.421841267865696,6.3299999999999965,6.449999999999997,6.269999999999997,6.509999999999996,6.719999999999998,6.569999999999997,6.359999999999997,6.3299999999999965,6.509999999999996,6.449999999999997,6.602288133498442,6.272049440489082,6.599999999999997,6.479999999999997,6.479999999999997,6.569999999999997,6.3299999999999965,6.299999999999996,6.359999999999997,6.477950559510912,6.419999999999996,6.359999999999997,6.329999999999996,6.5399999999999965,6.509999999999995,6.842049440489079,6.629999999999996,6.509999999999996,6.509999999999995,6.47795055951091,6.509999999999995,6.509999999999995,6.629999999999996,6.779999999999996,6.749999999999996,6.719999999999995,6.692164485550924,6.269999999999995,6.539999999999995,6.752288133498442,6.659999999999996,6.449999999999996,6.659999999999996,6.779999999999996,6.719999999999995,6.689999999999995,4.489162084039806,4.489162084039806
30,0.0599999999999996,0.0099999999999998,0.4,400,1.0042028985507243,26.87623188405797,26.763746572376967,26.871739130434783,0.0,99.6376811594203,0.3043478260869565,-1.6430953226163982,-2.179723584471485,-1.7955473809506342,-2.012164485550937,-1.4261901588448114,-0.3263114718849973,-9.281464485866308e-15,0.3315725916870037,0.4499999999999907,-9.272582701669309e-15,-0.0600000000000092,0.1799999999999908,-0.0900000000000093,0.1199999999999907,-0.0600000000000093,-0.0300000000000091,-0.3600000000000092,-0.0581587321343088,-0.7200000000000075,-0.7822881334984548,-0.4308263599711263,-9.139355938714288e-15,-0.3300000000000091,0.3599999999999907,0.5699999999999911,-9.166001291305291e-15,-0.8400000000000089,-0.120000000000009,-0.0900000000000091,-0.210000000000009,0.8699052718866317,0.4798007643029319,0.3325662337185776,0.5652902897448141,1.533653963564096,1.768342834249942,1.6515725916870048,2.041492333882061,2.30999999999999,2.429999999999989,2.3399999999999896,2.3399999999999896,2.2799999999999905,2.2799999999999905,2.641492333882061,2.489999999999989,2.309999999999991,3.0364694586829923,2.969999999999992,3.0819055860890447,2.762049440489073,1.619999999999991,2.0999999999999908,2.309999999999991,2.9985840319167285,2.158584031916729,1.8585076661179207,2.249999999999991,2.5499999999999896,2.9399999999999915,3.0449418271357644,3.6547065677237858,4.770184102115642,5.189999999999991,5.369999999999992,6.091343120414112,6.178253460247654,6.182049440489077,6.841492333882067,6.959999999999996,6.654719748877565,7.771831058012956,8.574570924516259,8.670302228524854,10.251910681206716,11.072871572935364,11.701841267865696,11.707429332864638,11.411064554525955,10.58040292998793,10.529999999999998,10.748561922987523,10.949999999999998,11.068058011637325,11.486397058800549,10.74638461003128,10.27677189274484,10.372977076989573,9.327545323422862,8.603925701905348,7.769999999999998,7.229999999999998,7.348427408312984,6.749999999999997,6.628058011637322,6.479999999999997,6.779999999999997,6.719999999999995,6.509999999999995,6.539999999999996,6.5399999999999965,6.507835514449067,6.329999999999995,6.869999999999994,6.539999999999996,6.449999999999997,6.839999999999995,6.599999999999994,6.749999999999995,6.599999999999995,6.419999999999995,6.479999999999995,6.449999999999994,6.689999999999994,6.809999999999994,6.539999999999995,6.689999999999994,6.694213926040006,6.659999999999994,6.779999999999994,6.689999999999994,6.479999999999994,6.659999999999994,6.659999999999994,6.689999999999994,6.719999999999994,6.749999999999995,6.687711866501547,6.599999999999994,6.747835514449065,6.959999999999995,6.719999999999994,6.7199999999999935,6.899999999999994,6.899999999999993,6.749999999999995,6.659999999999994,6.992164485550923,4.571190342541161,4.571190342541161
31,0.0549999999999996,0.0049999999999998,0.4,400,1.0046376811594202,27.18173913043478,27.056260819388346,27.17710144927536,0.0,99.66666666666669,0.2028985507246377,1.43421826483506,2.383354796968733,2.0999999999999903,2.1327270309717195,2.55165716575004,2.850099677066363,2.752407145021099,3.031831058012949,3.239999999999991,3.7799999999999914,3.2699999999999902,3.959999999999991,3.718342834249941,3.2699999999999902,2.429999999999991,2.729999999999991,2.489999999999991,1.1699999999999915,0.688058011637319,1.4699999999999915,2.013145183374017,2.279999999999991,2.5178355144490627,2.1339686932640363,1.3796300367624428,0.6672715701919817,1.109999999999991,0.8699999999999909,1.0199999999999907,1.0499999999999907,2.19165716575004,2.458158732134292,3.659999999999991,3.179999999999991,2.7852781473616086,2.2214923338820616,1.109999999999991,0.931572591687004,0.9899999999999908,0.6915725916870039,0.4485076661179197,0.5385076661179196,0.8099999999999907,0.7199999999999906,-0.0900000000000088,0.0599999999999914,-0.3000000000000088,0.1753167171551683,-0.8096542911427149,-1.7533739144273952,-2.880000000000006,-3.721492333882078,-4.318058011637333,-5.158584031916741,-5.160000000000002,-5.703235110399167,-5.070000000000002,-5.040000000000003,-4.740000000000002,-5.751190210023851,-6.789262012755623,-7.185437324476031,-8.27437547590593,-9.243883976725346,-9.50858403191674,-10.01574077782674,-9.480000000000002,-8.700000000000003,-8.010000000000002,-7.980000000000002,-7.4700000000000015,-7.404930068352634,-7.410000000000002,-7.37490878430749,-7.398070398211531,-7.381396651911261,-6.5100000000000025,-6.656485419950315,-7.618434173318395,-8.696661737240246,-9.478158732134304,-9.505004193976024,-9.030000000000005,-9.326397058800556,-10.10938260480881,-9.630000000000004,-9.90351458004969,-9.567433766281418,-10.247412503817475,-10.290000000000004,-9.720000000000002,-9.540000000000004,-9.537950559510918,-9.812049440489089,-9.630000000000004,-9.240000000000002,-9.08805801163733,-8.640000000000002,-8.550000000000002,-8.54805801163733,-8.700000000000003,-8.700000000000003,-8.700000000000003,-8.520000000000003,-8.550000000000002,-8.640000000000002,-8.670000000000002,-8.432049440489088,-8.910000000000002,-8.640000000000002,-8.700000000000003,-8.640000000000002,-8.700000000000003,-8.850000000000001,-8.672049440489086,-8.610000000000003,-8.640000000000002,-8.640000000000002,-8.670000000000002,-8.970000000000002,-8.700000000000003,-8.730000000000002,-9.000000000000002,-8.880000000000003,-8.640000000000002,-8.940000000000003,-8.580000000000004,-8.970000000000004,-8.970000000000002,-9.027835514449071,-8.730000000000004,-8.670000000000003,-8.730000000000002,-8.880000000000003,-8.820000000000004,-9.000000000000004,-8.760000000000003,-9.06228813349845,-4.653440508217021,4.653440508217021
32,0.0249999999999995,0.0049999999999998,0.4,400,1.0031884057971014,24.05014492753623,23.97370702109217,24.0468115942029,0.0,99.7391304347826,0.2028985507246377,3.0387404752299894,4.042350144740262,2.9399999999999937,3.6922881334984425,4.2020494404890805,4.47445261904937,4.86228813349844,4.410115045061838,5.069999999999993,5.614328971101851,6.092049440489077,5.759999999999991,5.309999999999991,5.999999999999992,4.799999999999992,4.949999999999991,3.721941988362666,2.279999999999993,2.247750581555441,3.24228813349844,2.309999999999992,2.519999999999993,2.3399999999999928,2.579999999999994,2.3124215767567247,2.459999999999992,3.0613616794716334,3.2999999999999927,3.5399999999999934,3.507711866501546,4.684452619049368,5.965671028898134,5.37216448555092,5.249999999999992,5.069999999999993,5.669999999999993,5.969884954938148,6.899999999999993,6.7220494404890765,14.19421392604001,0.2720494404890797,-0.2100000000000028,7.351703295353306,0.449627863732349,7.740115045061839,6.599999999999993,5.00795055951091,3.754709710255169,4.200133443258277,3.663804553362679,10.744612489718014,3.273890708354776,2.222164485550921,9.422164485550928,9.599742908794196,8.612049440489084,8.759999999999998,7.949999999999999,8.729999999999999,8.309999999999997,9.537433766281412,9.032288133498446,8.727711866501553,8.639999999999999,9.209999999999996,8.937711866501552,8.249999999999998,8.427950559510915,9.06,8.97,9.03,9.089999999999998,8.759999999999998,8.942506747102886,8.819999999999999,8.909999999999998,9.242164485550926,8.817835514449069,8.93783551444907,8.639999999999999,8.819999999999999,8.819999999999999,8.639999999999999,8.85,8.43,8.459999999999997,8.307950559510914,8.857275943973761,8.757711866501552,8.700123647947516,8.729999999999997,8.219999999999999,8.849999999999996,8.93987635205248,1.769999999999992,1.7399999999999909,9.177835514449068,9.092164485550926,1.979999999999992,2.1599999999999917,2.279999999999991,2.462288133498438,2.039999999999992,-4.710000000000004,2.3399999999999896,2.48999999999999,-4.710000000000003,2.0099999999999896,2.039999999999992,2.54999999999999,2.54999999999999,2.30999999999999,2.24999999999999,2.729999999999991,2.0999999999999903,2.57999999999999,2.100123647947507,-4.800000000000003,-4.830000000000004,-4.5900000000000025,2.337835514449062,-4.5900000000000025,-4.650000000000002,-4.800000000000003,2.369999999999992,2.48999999999999,2.429999999999992,2.729999999999992,-4.472288133498449,-4.500000000000003,2.822421576756724,2.222164485550921,2.669999999999992,2.1277118665015458,2.369999999999992,2.6375784232432604,2.6144526190493678,2.39999999999999,4.656695348341174,4.656695348341174
33,0.0799999999999996,0.0099999999999998,0.4,400,1.0052173913043478,29.36246376811594,29.21006343713956,29.357246376811595,0.0,99.6086956521739,0.3043478260869565,-0.8319166041441405,-0.352259137731417,-0.0600000000000082,0.6222537164052302,0.5621006961238069,0.2262371439910932,0.0899999999999909,0.0899999999999909,0.3599999999999912,-0.2100000000000089,-0.330000000000009,-0.3000000000000088,-0.0300000000000088,-0.270000000000009,-0.0600000000000089,-0.210000000000009,0.509999999999991,0.7164121923819536,0.9899999999999922,1.169999999999992,-0.0851852753673703,-0.1200000000000091,0.1799999999999909,0.2414159680832533,-0.0300000000000091,0.2999999999999909,0.2399999999999908,-0.180000000000009,0.0299999999999908,0.0599999999999908,-0.2084274083129961,0.5999999999999907,0.9045434942135776,0.4847097102551676,0.6518951916023474,0.5099999999999908,0.5699999999999905,0.449999999999992,0.4199999999999911,0.7799999999999925,0.8999999999999928,1.2882534602476527,0.9899999999999928,0.8699999999999929,1.4099999999999873,1.0799999999999927,1.2299999999999929,2.097979060898676,2.822421576756725,2.096042873541854,2.789999999999992,3.749999999999998,3.5399999999999983,4.139999999999998,4.259999999999998,4.439999999999998,3.809999999999998,3.8399999999999976,4.049999999999998,3.7199999999999975,4.835532216564276,3.222642925071857,2.704043785719068,1.9259349087729132,2.249999999999992,1.979999999999991,2.2799999999999905,1.8899999999999912,1.7699999999999916,2.311273459914081,1.9199999999999915,2.2199999999999918,2.309999999999991,2.8991968440598326,4.869192019849132,5.791941988362671,5.996930401418679,6.178793307645976,6.149999999999999,6.662546919828174,5.969999999999999,6.029999999999999,6.149999999999999,6.181206692354019,6.719999999999999,6.299999999999999,6.509999999999998,6.763499946503134,5.874662020962741,5.013280772954574,3.970362913017876,4.468284900143811,5.0353945510966005,5.366397058800549,5.846931083253661,6.23865687958588,5.969999999999999,6.410955695317018,8.006601243450621,9.055351110099734,9.715019421320402,9.628726540085909,8.813119087584017,8.640963039036047,9.192587790207526,9.179999999999998,8.669999999999998,8.205697682371328,8.81958329912032,9.068488229681398,9.601841267865698,9.779999999999998,9.749999999999998,10.441746539752335,10.829999999999998,11.039999999999996,10.919999999999998,11.07,10.979999999999997,10.919999999999998,10.829999999999998,10.977835514449067,10.889999999999995,11.099999999999998,11.09783551444907,10.829999999999998,11.132164485550929,10.769999999999998,11.159999999999998,11.189999999999998,11.159999999999998,11.247835514449068,11.277835514449068,11.039999999999996,11.07,10.949999999999998,11.369999999999996,11.4,4.698676592348289,4.698676592348289
34,0.0399999999999995,0.0149999999999998,0.4,400,1.0039130434782608,23.562753623188406,23.47091092825177,23.558840579710147,0.0,99.71014492753623,0.2028985507246377,-1.7192427983945646,-1.5031413733085384,-1.947433766281423,-1.3144749362407877,-1.5901007204969813,-1.079646261928802,-8.5087492607272e-15,-0.2100000000000081,0.1780580116373187,-1.0519419883626804,-0.1520494404890925,-0.1219419883626808,0.059999999999992,-0.4500000000000082,-0.2100000000000085,-0.3000000000000087,-0.8080580116373351,0.2699999999999914,-1.1377118665015622,-0.5072891093195675,-0.7219419883626808,-1.2600000000000091,-0.0881587321343088,-0.4800000000000077,-0.330000000000008,-0.4800000000000073,-0.4500000000000074,-0.5400000000000077,-1.3781587321343105,-1.5881587321343096,-2.759884954938162,-3.122403178560296,-2.547103650764741,-0.8400000000000096,-0.6298925478735974,-0.9900000000000064,-1.859324962995613,-1.3763970588005594,-0.5118412678657073,-0.7520494404890937,-1.0159942465833809,-1.7720494404890936,-1.620000000000009,-2.759905271886648,-2.4600000000000084,-4.288058011637335,-5.222164485550937,-5.250172543953687,-4.647606310235101,-5.940000000000007,-6.175662426012476,-6.839777502811751,-7.440000000000007,-7.41445261904938,-7.410000000000005,-7.292288133498452,-7.137835514449077,-7.410000000000005,-7.290000000000005,-7.680000000000007,-8.340157571563005,-7.470000000000007,-7.200000000000006,-6.9900000000000055,-6.720000000000006,-6.720000000000007,-6.750000000000007,-6.210000000000007,-6.837835514449079,-6.660000000000007,-6.660000000000008,-6.480000000000007,-6.480000000000008,-6.297448738672099,-6.74771186650156,-6.810000000000007,-6.717835514449079,-6.780000000000007,-6.720000000000007,-6.717835514449079,-6.930000000000007,-6.660000000000008,-6.510000000000008,-6.600000000000008,-6.750000000000007,-6.780000000000007,-6.720000000000007,-6.392723805281594,-6.694730719269521,-6.660000000000008,-6.810000000000007,-6.930000000000007,-6.540000000000008,-7.140000000000007,-6.930000000000007,-6.600000000000008,-6.540000000000008,-6.870000000000008,-6.870000000000008,-6.780000000000008,-6.900000000000007,-6.780000000000007,-6.900000000000006,-6.630000000000007,-6.930000000000007,-6.870000000000007,-6.930000000000007,-6.6600000000000055,-7.022288133498453,-6.927578423243276,-6.900000000000007,-6.930000000000006,-6.960000000000007,-6.812288133498454,-6.840000000000004,-6.840000000000006,-6.83771186650156,-6.750000000000007,-6.987711866501561,-6.930000000000007,-6.780000000000007,-6.960000000000004,-6.934843153513469,-7.1075784232432735,-7.260000000000004,-7.1075784232432735,-6.870000000000005,-7.020000000000006,-6.780000000000005,-7.082566233718593,-6.900000000000005,-7.230000000000007,-6.992566233718593,-6.960000000000005,-6.83771186650156,-7.204843153513469,-7.200000000000006,-7.440000000000005,-4.915853631581366,4.915853631581366
35,0.0449999999999995,0.0099999999999998,0.4,400,1.0040579710144928,24.937246376811597,24.836460739030024,24.93231884057971,0.0,99.69565217391305,0.217391304347826,0.4277915445431119,-0.1600750202923676,-0.8078453097598457,-0.0016138434914969,-0.412285844522742,0.293971854672201,0.6577582851095927,0.4238045533626764,0.4199999999999912,0.0899999999999911,-0.6600000000000088,-0.3300000000000089,-0.330000000000009,-0.4200000000000091,-0.4500000000000089,-0.7800000000000091,-0.4500000000000094,0.1176130172608069,-0.0900000000000079,0.7498665567417062,0.5699999999999913,0.9599999999999912,0.4781587321342911,-0.0600000000000089,0.5399999999999908,0.6599999999999908,0.4799999999999909,0.5399999999999907,0.4817465397523293,1.1399999999999908,1.2599999999999911,2.2260484622762657,2.5822881334984387,2.879999999999993,3.3864224022346967,4.077950559510913,4.620107452126408,4.8299999999999965,5.072049440489081,5.189999999999997,5.431746539752335,5.5240988809781655,5.699999999999997,5.339999999999996,5.909999999999997,6.209999999999996,5.938058011637323,5.799529136198896,5.042566233718583,4.885546443569383,4.351841267865695,4.199630603324338,5.219999999999998,5.427950559510913,5.608342834249948,5.366311471884985,5.22194198836267,5.340100720496971,6.509999999999996,7.109999999999998,6.957433766281408,7.432172595282391,8.22205703342451,7.889999999999995,8.189999999999996,7.917950559510911,7.409999999999993,7.469999999999994,7.409999999999996,7.015975142394428,6.566008571148237,6.569999999999994,6.599999999999994,6.899999999999994,6.749752588215224,6.419999999999995,6.749999999999995,6.7199999999999935,6.419999999999993,6.329999999999995,6.752049440489077,6.599999999999994,6.539999999999993,6.569999999999993,6.842049440489078,6.539999999999993,6.627711866501548,5.975132467437164,6.392134589638651,6.604413903995472,6.749999999999993,6.659999999999993,6.662049440489077,6.569999999999993,6.629999999999993,6.629999999999993,6.689999999999993,6.749999999999993,6.599999999999993,6.3899999999999935,6.509999999999992,6.569999999999993,6.7199999999999935,6.599999999999993,6.779999999999993,6.809999999999993,6.839999999999993,6.749999999999993,6.809999999999993,6.599999999999992,6.779999999999992,6.632164485550922,6.629999999999993,6.869999999999993,6.779999999999993,6.779999999999992,6.839999999999992,6.809999999999993,6.779999999999992,6.629999999999992,6.419999999999993,6.689999999999993,6.779999999999992,7.022164485550921,6.69012364794751,6.692288133498439,6.869999999999992,6.719999999999992,6.779999999999993,6.720123647947508,6.899999999999991,6.989999999999992,6.959999999999993,6.629999999999993,6.657711866501546,6.749999999999993,6.959999999999992,6.957711866501546,4.933120302507183,4.933120302507183
36,0.0749999999999996,0.0249999999999998,0.4,400,1.0034782608695652,24.91130434782609,24.824956672443676,24.90782608695652,0.0,99.72463768115942,0.217391304347826,0.6081784609380617,0.6624656335002392,0.5128963492352575,0.1551453820383103,-1.0579601221158106,-1.4023221369617684,-0.4500000000000094,-0.1800000000000092,0.0599999999999905,0.1199999999999905,0.1499999999999908,-0.1200000000000092,0.0599999999999904,0.2999999999999908,-0.4816571657500587,-0.4200000000000095,-0.1500000000000092,1.526269295406074,3.113145883598807,2.7899999999999907,1.722929587002479,1.768437562363302,1.109999999999991,0.8099999999999907,0.8399999999999914,0.0899999999999908,0.6599999999999911,1.1099999999999923,1.1699999999999926,0.6299999999999916,0.0019419883626649,-0.8362167437716362,1.3209614251971902,1.1999999999999955,2.6494711378199742,3.4799999999999978,3.631572591687011,3.329999999999996,3.8719419883626665,4.408427408312982,4.829999999999996,4.919999999999998,4.379999999999998,4.499999999999997,4.349999999999998,4.589999999999998,4.349999999999998,5.896660954355244,4.889999999999995,2.236281312604537,0.8399999999999906,0.9299999999999912,1.3821644855509212,0.8999999999999929,1.6199999999999934,1.4399999999999928,1.287835514449064,1.1999999999999915,0.7799999999999915,0.8699999999999912,2.831458272386121,3.8192302229190704,4.808078454399329,4.619999999999993,4.857711866501549,4.529999999999994,4.709999999999995,4.289999999999995,4.559999999999993,4.6799999999999935,4.649999999999994,5.282049440489077,5.238547407186883,5.9477733953514935,6.86346849651989,7.801956572410105,8.607019095471099,8.849999999999996,8.849999999999996,8.579999999999997,8.549999999999997,8.551492333882067,8.038058011637322,7.557835514449066,7.796400845887271,8.824928323859613,8.969999999999994,8.669961923386408,8.831867647438475,8.879999999999994,8.939999999999992,9.029999999999994,8.88228813349844,8.759999999999993,9.179999999999993,8.819999999999993,8.999999999999993,8.819999999999993,9.179999999999993,9.029999999999994,8.909999999999993,8.999999999999993,8.997711866501547,8.759999999999993,8.939999999999992,9.057711866501547,9.059999999999992,9.149999999999991,9.059999999999992,9.059999999999992,9.06228813349844,9.059999999999992,8.999999999999993,9.029999999999994,9.239999999999991,9.149999999999991,9.179999999999993,9.389999999999992,9.30228813349844,9.059999999999992,9.329999999999991,9.269999999999992,9.387578423243262,9.392421576756725,9.212421576756723,9.329999999999991,9.389999999999992,9.119999999999994,9.419999999999993,9.419999999999993,9.302421576756725,9.479999999999992,9.569999999999997,9.209999999999994,9.687433766281409,9.749999999999991,9.389999999999992,9.602421576756726,5.321618806133403,5.321618806133403
37,0.0749999999999996,0.0199999999999998,0.4,400,1.0047826086956522,25.969710144927536,25.846098370113943,25.964202898550724,0.0,99.6086956521739,0.3043478260869565,-4.378558824815874,-4.094719916745735,-3.930000000000009,-2.873050550721313,-2.6161272911197115,-1.489045887221761,-0.2364224022347123,-0.0300000000000093,-0.1500000000000092,-0.0300000000000093,-0.2700000000000097,-0.0600000000000093,0.0599999999999908,-0.0900000000000091,-0.2400000000000091,0.0599999999999908,-0.270000000000009,-0.1122984837467731,-0.4200000000000078,-0.634854367217041,0.375637632510097,0.2399154259369549,-0.2400000000000091,0.0599999999999909,-0.1200000000000089,-0.1200000000000091,-0.060000000000009,0.0299999999999909,-9.121592370320286e-15,-9.139355938714288e-15,-8.473222123939194e-15,-0.0600000000000084,-0.8703301155166883,-0.5128963492352743,0.3369441558343861,0.6633987565493675,0.4499999999999902,-0.0300000000000085,0.3299999999999912,-0.0900000000000095,0.029999999999991,0.6899999999999903,0.8385840319167288,1.1080580116373175,1.1699999999999908,1.2599999999999898,1.0183428342499423,1.935529220874296,2.460172543953669,4.37377944276357,4.799999999999994,5.459999999999993,6.240107452126406,6.449999999999994,6.571415968083256,6.749999999999995,6.568584031916732,6.209999999999995,5.788584031916731,5.969999999999994,7.132506677112126,6.285821878128194,6.208291889606586,6.232067929135887,6.899999999999993,7.349999999999994,7.409999999999994,7.349999999999993,7.4699999999999935,7.529999999999994,7.619999999999993,7.439999999999994,7.919999999999993,7.401795384416749,8.086660500531247,8.285866125471259,8.311840733843495,8.491941988362667,8.789999999999994,9.230044421374116,10.043510414210608,10.016397058800546,10.35204944048908,10.859999999999996,10.559999999999995,10.354995806023975,9.7393314977776,9.806702999992524,8.96149341785975,8.30156597958635,7.98683650628815,7.889999999999994,7.772049440489078,7.949999999999993,8.101862297119613,8.701941988362668,8.969999999999994,8.699999999999994,8.999999999999995,8.849999999999994,8.849999999999994,8.729999999999995,8.969999999999994,8.909999999999995,8.849999999999994,9.089999999999996,9.092164485550922,8.819999999999995,9.089999999999996,8.969999999999994,8.967835514449066,8.969999999999994,8.969999999999994,9.179999999999993,9.089999999999996,8.879999999999994,9.299999999999994,8.969999999999994,9.089999999999996,9.059999999999995,9.059999999999995,9.24228813349844,9.179999999999993,9.239999999999991,9.059999999999995,9.209999999999994,9.119999999999994,9.269999999999992,9.147835514449064,9.299999999999994,9.389999999999992,9.359999999999992,9.447578423243264,9.209999999999994,9.449999999999994,9.269999999999992,9.329999999999991,9.209999999999994,5.325971201433817,5.325971201433817
38,0.0299999999999995,0.0049999999999998,0.4,400,1.0042028985507243,24.547971014492752,24.44523019194689,24.5431884057971,0.0,99.69565217391305,0.2028985507246377,0.3145549570654992,1.854675109045517,1.1421644855509192,1.407711866501546,1.203811566985416,0.7455289827541759,-0.1180580116373363,1.2321644855509195,1.5899999999999903,1.9198849549381465,1.8599999999999888,1.2617465397523306,1.0199999999999916,0.8996767823147607,0.5999999999999943,0.119999999999996,-0.1200000000000039,-0.0315164198642418,-0.604213926040016,-1.3222881334984486,-1.561841267865703,-1.4400000000000035,-1.2000000000000035,-1.2300000000000022,-1.887578423243271,-1.5300000000000034,-0.7200000000000029,-1.3800000000000028,-0.5099204054680535,-1.0818412678657028,-1.557950559510919,-2.2819419883626764,-2.912421576756736,-1.869028886046271,-2.9680580116373307,-3.658158732134304,-4.798253460247665,-4.678058011637332,-6.150000000000002,0.0282534602476528,-7.530000000000005,-8.190000000000003,-8.490000000000004,-9.062421576756735,-9.390000000000004,-10.380000000000004,-11.640000000000002,-11.792288133498449,-11.640000000000002,-12.310170270704988,-5.854413903995485,-13.348058011637333,-13.648065604572764,-6.152164485550933,-6.570372136267651,-6.122049440489088,-5.790000000000005,-5.520000000000005,-5.220000000000004,-4.770000000000006,-4.622566233718594,-4.0178193186279705,-4.380000000000003,-4.4100000000000055,-3.9300000000000046,-3.9600000000000057,-4.293991428851764,-4.260000000000007,-4.080000000000005,-4.4100000000000055,-3.7800000000000034,-4.022164485550934,-4.11204944048909,-4.617845309759844,-4.28771186650156,-4.4420494404890905,-4.140000000000006,-4.0800000000000045,-4.470000000000004,-4.500000000000004,-4.080000000000005,-4.290000000000005,-4.2000000000000055,-4.407950559510921,-4.530115045061851,-4.410000000000005,-4.587835514449077,-4.07031369297308,-4.440000000000006,-4.382164485550934,-4.140000000000006,-4.230000000000007,-4.170000000000007,-4.472164485550935,-11.430000000000003,-11.337835514449075,-4.050000000000007,-4.170000000000005,-11.040000000000004,-11.1,-11.370000000000005,-10.890000000000002,-11.160000000000004,-11.222164485550934,-4.140000000000006,-4.110000000000007,-11.220000000000004,-4.470000000000006,-4.410000000000007,-4.380000000000007,-4.260000000000007,-4.290000000000007,-4.31771186650156,-4.500000000000007,-4.170000000000007,-4.287835514449077,-4.22771186650156,-11.280000000000005,-11.010000000000003,-11.307711866501558,-11.25445261904938,-11.280000000000005,-11.367835514449077,-10.860000000000005,-11.130000000000004,-11.340000000000003,-11.220000000000002,-11.28216448555093,-11.280000000000005,-11.370000000000005,-10.977835514449072,-11.400000000000002,-11.310000000000002,-11.222288133498449,-11.400000000000002,-11.12542373300311,-11.457711866501556,-11.282288133498447,-5.389628057069728,5.389628057069728
39,0.0799999999999996,0.0199999999999998,0.4,400,1.0039130434782608,27.10260869565217,26.996968384582072,27.098115942028983,0.0,99.66666666666669,0.2753623188405797,-6.734664050070803,-7.04407932892173,-6.090000000000006,-4.735156846486543,-2.517411961391647,-1.0813183858167543,-0.3600000000000092,-0.0616571657500585,-0.0900000000000092,-0.1200000000000093,0.5399999999999906,0.0299999999999907,0.1499999999999907,-0.1800000000000091,0.1799999999999909,0.3899999999999908,-0.2400000000000089,0.631473063861832,0.5399999999999919,0.2099999999999915,0.0593593064790803,-0.3015725916870221,0.1499999999999912,0.1499999999999909,-8.958547541401681e-15,0.0899999999999909,0.269999999999991,0.0599999999999909,-0.2400000000000089,-0.150000000000009,0.2717465397523297,1.0199999999999916,0.4499128881390828,-0.0572761947184218,0.8388209243561634,0.5699999999999913,0.5099999999999915,0.4499999999999914,1.1999999999999909,0.8699999999999903,0.5685840319167287,0.7799999999999909,0.5399999999999909,1.051492333882062,1.1685840319167289,0.7199999999999903,1.3784274083129768,2.884929945784665,3.627448738672088,4.401058362275525,3.2065866744694795,3.091941988362666,3.1799999999999944,2.938058011637321,2.879999999999994,3.7199999999999935,2.939999999999994,2.7599999999999945,2.669999999999994,2.6714159680832563,6.044667479342292,3.894903979996374,3.2999999999999927,2.549999999999991,2.0999999999999908,2.2513431204141074,2.6099999999999914,2.5499999999999905,2.4899999999999904,2.3399999999999896,2.0399999999999907,1.589999999999991,2.399999999999991,3.9363984797940064,5.232870124997999,7.288058011637324,7.888253460247658,8.073804553362683,7.561363885041427,7.439999999999998,7.439999999999998,6.929999999999998,6.7800696605000255,6.4496970992632505,7.197248362379201,8.94724976534972,10.763885610213435,10.002619964978727,11.242922617434813,10.625690539335045,11.372214013001315,11.296299123857594,12.163468465807506,12.539999999999996,12.749999999999998,13.79978499001097,14.398058011637325,13.831572591687012,13.289999999999996,13.259999999999998,13.199999999999998,13.409999999999998,13.349999999999998,13.259999999999998,13.379999999999995,13.32,13.199999999999998,13.379999999999995,13.289999999999996,13.349999999999998,13.619999999999996,13.469999999999995,13.409999999999998,13.679999999999998,13.499999999999998,13.619999999999996,13.412164485550925,13.497835514449068,13.65,13.499999999999998,13.499999999999998,13.259999999999998,13.559999999999995,13.469999999999995,13.499999999999998,13.617711866501551,13.499999999999998,13.589999999999998,13.827835514449069,13.769999999999998,13.739999999999998,13.829999999999998,13.889999999999995,13.859999999999998,14.072421576756728,14.039999999999996,14.037578423243268,14.007578423243269,6.094509227590885,6.094509227590885
40,0.0149999999999995,0.0099999999999998,0.4,400,1.0021739130434784,22.060144927536232,22.012292118582792,22.05782608695652,0.0,99.78260869565216,0.217391304347826,21.58665577534128,9.053512169757823,1.3499999999999914,0.3327238052815812,-0.7774337662814185,5.999999999999995,4.827578423243264,5.395528982754179,-2.660837670695455,-2.577711866501561,-3.270000000000008,-3.900000000000004,-3.900000000000005,-4.712049440489092,-4.920000000000006,2.879999999999993,-5.432699676976876,-5.340000000000007,-5.790000000000007,-5.730000000000005,-6.025423733003112,-0.3300000000000057,-7.705290289744828,-8.28242157675674,-9.084854617961684,-8.157578423243276,-7.772421576756738,-7.260000000000004,-7.227578423243273,-7.740000000000006,-7.2574337662814195,-7.440000000000007,-7.562421576756737,-8.462421576756737,-9.27014465696186,-9.355750068189444,-9.332421576756737,-9.630000000000006,-9.840000000000003,-9.122723805281591,-9.270000000000008,-9.507711866501555,-9.720000000000006,-10.707578423243277,-9.150000000000007,-8.790000000000006,-8.759866556741722,-8.337578423243276,-9.900000000000007,-9.80743376628142,-10.52771186650156,-9.930000000000009,-10.202288133498453,-10.23013344325829,-10.860000000000008,-11.250000000000009,-10.770000000000008,-10.40771186650156,-10.800000000000006,-11.06771186650156,-10.88727619471842,-10.500435671783146,-10.892421576756735,-9.870144656961862,-10.650000000000004,-11.190000000000005,-11.460000000000006,-11.27771186650156,-11.03771186650156,-10.502288133498451,-10.860000000000008,-10.772566233718594,-11.220000000000006,-11.250000000000009,-18.03228813349845,-16.920000000000005,-17.28000000000001,-18.004497444656177,-17.495011938780035,-16.97526928073049,-18.00256623371859,-10.650000000000004,-10.982421576756735,-11.367711866501558,-11.694709960999832,-11.760000000000003,-11.700000000000005,-12.570000000000007,-11.610000000000005,-11.610000000000005,-11.160000000000007,-11.520000000000008,-11.850000000000003,-4.920000000000005,-11.760000000000003,-11.700000000000005,-11.160000000000004,-4.0800000000000045,-3.662421576756738,-4.292288133498453,-4.737578423243274,-4.767578423243275,-4.770000000000008,-4.647276194718419,-4.380000000000005,-4.6454237330031125,-4.200000000000005,-4.380000000000007,-3.717578423243276,-4.2900000000000045,-4.415145382038324,-4.710000000000006,-4.2000000000000055,-4.170000000000004,-4.10743376628142,-4.260000000000004,-4.500000000000004,-4.232421576756737,-4.527578423243273,-5.127578423243274,-4.707433766281419,-4.470000000000004,-4.262288133498452,-3.6600000000000072,-3.837711866501558,-4.230000000000005,-3.807578423243273,-3.4500000000000024,-3.0301575715630054,-3.237578423243272,-3.867276194718418,-3.417276194718418,-3.004854367217038,-2.910000000000003,-2.9100000000000064,-3.180000000000005,-2.935012189524688,-2.460000000000002,-7.041535126017351,7.041535126017351
41,0.0299999999999995,0.0099999999999998,0.4,400,1.0040579710144928,23.57130434782609,23.476039260969976,23.5668115942029,0.0,99.69565217391305,0.2028985507246377,3.9958228533829288,-1.3703694354530325,-1.2077357440616263,-0.1475784232432761,-0.2146232671431107,-0.6254139376923455,-0.3879505595109208,-0.8465020595384647,-1.6200000000000057,-0.4761160232746613,-0.6258935260864029,-0.3578355144490763,0.510107452126407,0.6899999999999948,-0.1219419883626773,0.38795055951091,0.119999999999996,0.0855473809506173,0.5099999999999915,0.5399999999999892,0.2099999999999903,0.598058011637317,-7.958078640513123e-15,-0.4518412678657046,-0.3879505595109196,-0.6280580116373335,-0.4800000000000045,0.2061160232746465,-0.3279505595109202,-1.7679505595109208,-2.7042139260400178,-3.210000000000006,-3.632421576756737,-3.660000000000004,-4.350107452126416,-5.762049440489091,-6.119676782314777,-6.210000000000004,-6.572164485550934,-5.880000000000004,-6.927950559510921,-6.415547380950629,-7.350000000000005,-8.342200491321485,-8.727835514449076,-8.157835514449078,-8.702164485550934,-7.799842428437005,-7.442421576756735,-8.547578423243271,-8.730238693009364,-9.567835514449076,-9.235287580769407,-8.669573005888083,-8.247835514449076,-8.280000000000005,-8.340000000000005,-8.880000000000004,-8.700000000000005,-9.09228813349845,-9.092566233718587,-8.190000000000005,-8.607950559510918,-9.237835514449076,-9.180000000000003,-9.030000000000005,-8.790000000000004,-9.270000000000003,-9.057711866501556,-9.240000000000004,-8.757711866501557,-9.120000000000005,-9.030000000000005,-9.600144656961856,-8.940000000000005,-9.180000000000003,-8.940000000000005,-8.970000000000004,-9.090000000000003,-9.000000000000005,-9.270000000000003,-9.150000000000004,-9.300000000000004,-9.480000000000004,-9.807276194718415,-9.810000000000004,-9.750000000000004,-10.58743376628142,-9.570154452272629,-9.997301886532878,-10.59228813349845,-10.73771186650156,-11.190000000000005,-11.040000000000004,-11.100000000000003,-11.157835514449076,-11.190000000000005,-11.460000000000004,-11.220000000000004,-11.310000000000004,-11.490000000000004,-11.007835514449075,-11.370000000000005,-11.520000000000003,-11.370000000000005,-11.010000000000003,-11.400000000000004,-11.550000000000004,-11.400000000000004,-11.370000000000005,-11.250000000000004,-11.1,-11.580000000000004,-11.460000000000004,-11.520000000000003,-11.340000000000003,-11.400000000000004,-11.25445261904938,-11.430000000000003,-11.520000000000003,-11.280000000000005,-11.370000000000005,-11.457711866501558,-11.550000000000002,-11.820000000000004,-11.730000000000004,-11.58228813349845,-11.430000000000003,-11.522421576756734,-11.550000000000004,-11.520000000000003,-11.310000000000004,-11.607578423243272,-11.400000000000004,-11.490000000000004,-11.610000000000005,-11.607578423243272,-11.610000000000005,-7.545528744236369,7.545528744236369
42,0.0549999999999996,0.0149999999999998,0.4,400,1.0039130434782608,24.87710144927536,24.780135700880614,24.87231884057971,0.0,99.69565217391305,0.2463768115942029,-2.1328945372211674,-2.7072918845344685,-2.5472761947184224,-3.292932636867385,-2.187475855990707,-1.8600000000000088,-1.803682535731408,-1.2298045513896738,-0.6880580116373366,0.1799999999999909,-0.1817465397523479,-0.1500000000000091,0.1799999999999908,0.2099999999999908,0.5699999999999905,-0.0565069204953316,-0.4217465397523481,-1.8941766896303411,-2.0355473809506344,-1.0501575715630087,0.2139792058796971,0.8644661133438245,0.6899999999999913,0.0617465397523294,-0.5400000000000095,0.629999999999991,0.1799999999999908,0.5999999999999915,-9.112710586123283e-15,0.5099999999999909,2.1018412678656904,3.5057860739599804,2.875357898381965,3.5448431535134546,2.59272451480444,2.999999999999992,3.8080580116373226,4.199999999999996,4.679999999999995,4.707950559510911,5.068427408312982,5.881746539752333,5.459999999999996,6.209999999999996,5.67204944048908,6.359999999999996,7.112288133498441,8.236840773679917,8.549669884483317,9.68065394008395,9.749999999999996,10.647835514449064,11.819999999999997,12.419999999999996,13.16844649928963,13.052164485550923,12.869999999999996,13.587950559510912,13.319999999999997,13.049999999999995,13.317103650764729,13.733022235651292,13.351941988362668,13.439999999999996,13.798158732134295,13.799999999999995,13.829999999999997,13.59020817262338,13.3736033881167,13.018058011637322,12.959999999999996,13.079999999999997,12.721841267865695,13.229999999999997,12.698882945374407,12.389791827376609,12.448253460247656,13.079999999999997,13.19603130673595,13.049999999999995,13.109999999999996,12.959999999999996,13.077835514449069,13.169999999999996,13.349999999999996,13.409999999999997,13.199999999999996,13.797276194718409,13.40776026097648,13.37771186650155,13.229999999999997,13.559999999999995,13.169999999999996,13.289999999999996,13.139999999999995,13.229999999999997,13.349999999999996,13.199999999999996,13.349999999999996,13.469999999999995,13.412164485550925,13.289999999999996,13.469999999999995,13.499999999999996,13.559999999999995,13.559999999999995,13.529999999999996,13.349999999999996,13.439999999999996,13.409999999999997,13.439999999999996,13.619999999999996,13.499999999999996,13.379999999999995,13.559999999999995,13.619999999999996,13.469999999999995,13.619999999999996,13.649999999999997,13.857578423243265,13.469999999999995,13.769999999999996,13.619999999999996,13.709999999999996,13.619999999999996,13.859999999999996,13.499999999999996,13.979999999999997,13.557835514449067,13.709999999999996,13.769999999999996,13.889999999999995,14.069999999999997,13.979999999999997,13.94771186650155,14.009999999999996,13.919999999999996,13.887578423243262,9.09794114640608,9.09794114640608
43,0.0349999999999995,0.0099999999999998,0.4,400,1.003768115942029,24.008115942028983,23.917990181923187,24.004057971014493,0.0,99.69565217391305,0.2463768115942029,3.915681484834636,4.185466400105508,4.647578423243259,4.1171312870119,3.507821625786564,2.968158732134292,2.789999999999992,2.5199999999999925,2.3119419883626646,2.732049440489076,3.2999999999999914,2.9419419883626654,2.731941988362665,3.209999999999992,3.179999999999992,4.023783256228363,3.2663174642685933,3.872288133498437,4.199742908794189,4.107711866501545,4.354413903995472,3.3599999999999914,4.409999999999991,4.258058011637318,5.00999999999999,5.1599999999999895,4.591746539752328,4.111841267865691,4.499899279503018,4.97999999999999,6.295662426012461,8.009999999999993,7.799999999999994,8.037433766281406,9.088058011637322,8.817835514449063,8.91204944048908,10.651746539752333,10.887835514449064,11.457950559510907,12.389999999999995,13.439999999999992,12.54022249718825,11.82400575341662,11.219999999999994,10.557950559510909,11.489999999999991,12.005290039000164,11.877433766281406,11.697835514449064,11.552049440489078,11.36795055951091,11.942164485550926,11.969999999999994,12.089999999999996,12.509999999999993,12.749999999999996,12.325786073959982,12.20578607395998,12.479999999999997,12.387578423243262,12.265338684219744,12.329999999999991,12.779999999999996,12.329999999999991,12.869999999999994,12.899999999999997,12.75011504506184,12.629999999999994,12.777950559510908,13.019999999999992,13.109999999999992,13.109999999999996,14.159999999999997,12.990238693009356,13.349999999999993,12.927835514449066,13.199999999999994,13.529999999999994,13.019999999999992,13.079999999999991,13.229999999999992,12.809999999999995,12.747835514449063,12.84272380528158,12.689999999999992,12.839999999999993,12.239999999999991,12.392421576756728,12.687835514449064,13.017711866501548,12.959999999999994,13.049999999999994,13.319999999999991,13.319999999999991,13.259999999999993,12.989999999999991,13.229999999999992,13.319999999999991,13.109999999999992,13.142164485550923,13.169999999999993,12.989999999999991,13.109999999999992,13.319999999999991,13.529999999999994,13.017711866501548,13.679999999999993,13.317711866501549,13.289999999999994,13.349999999999993,13.409999999999991,13.529999999999994,13.047711866501547,13.41256623371858,12.959999999999994,13.079999999999991,13.107835514449066,13.019999999999992,12.809999999999992,13.019999999999992,13.35228813349844,13.079999999999991,13.169999999999993,13.469999999999994,13.259999999999993,13.019999999999996,13.079999999999997,13.049999999999994,13.497578423243262,13.437578423243265,13.319999999999991,13.682421576756726,13.469999999999994,13.409999999999997,13.555145632782962,13.262421576756726,13.499999999999996,10.615733937123716,10.615733937123716
44,0.0549999999999996,0.0099999999999998,0.4,400,1.0040579710144928,25.997971014492755,25.892898383371826,25.99376811594203,0.0,99.66666666666669,0.2608695652173913,4.249070965727227,4.161852812174312,4.859999999999991,3.8165783895464,2.906232848952504,2.7936461646542887,2.482880068230344,2.823587807618029,2.4917465397523304,2.9699999999999904,2.7335775977652883,3.479999999999991,3.179999999999991,3.7499999999999902,3.6599999999999904,3.3899999999999904,3.359999999999991,4.619999999999991,5.104213926040004,4.259999999999991,2.194352096643972,2.45999999999999,2.5799999999999903,2.5799999999999903,3.089999999999991,3.1199999999999903,3.4499999999999904,3.029999999999991,2.609999999999991,2.969999999999991,3.0299999999999923,3.243587807618029,2.9951568464865286,2.314764568099441,2.4035875396124973,3.271572591687002,3.661572591687003,3.53999999999999,4.469999999999987,4.109999999999986,4.649999999999989,4.498507666117917,3.959999999999988,4.199999999999988,4.291572591687,4.829999999999989,5.759999999999991,6.742669198181955,6.782421576756726,5.963592592916755,4.861941988362663,5.01184126786569,5.159999999999991,4.349999999999991,4.649999999999991,5.098427408312977,5.039999999999991,5.279999999999992,4.559999999999992,4.109999999999992,4.439999999999992,6.412909001425297,7.739999999999993,8.789999999999994,10.588253460247657,11.24527255571876,11.969999999999995,12.388158732134295,12.352670308388484,12.331746539752334,12.72194198836267,12.95981456296432,14.366422402234695,15.327711866501549,16.70152595226874,18.307436356841755,19.740369396675657,20.34194198836267,20.61,21.302164485550925,21.18,20.638253460247658,20.16,19.806104154978456,19.10063991907424,18.14797299025408,17.579999999999995,16.89256623371858,17.039999999999996,17.39795055951091,17.369999999999994,17.099999999999994,17.459999999999994,17.549999999999997,17.219999999999995,17.489999999999995,17.519999999999996,17.639999999999997,17.489999999999995,17.249999999999996,17.759999999999994,17.459999999999994,17.669999999999995,17.489999999999995,17.579999999999995,17.759999999999994,17.369999999999994,17.549999999999997,17.819999999999997,17.552164485550925,17.579999999999995,17.429999999999996,17.729999999999997,17.489999999999995,17.699999999999996,17.729999999999997,17.729999999999997,17.939999999999994,17.849999999999994,18.09,17.969999999999995,17.819999999999997,17.669999999999995,18.029999999999998,17.999999999999996,18.059999999999995,17.849999999999994,18.09,18.00216448555092,18.209999999999997,18.119999999999997,17.909999999999997,18.119999999999997,18.48,18.15228813349844,18.149999999999995,17.969999999999995,18.419999999999995,11.181140575886308,11.181140575886308
