normalizing_factor,h_b,v,beta,avg_number_of_bumps,avg_total_active_neurons,avg_bump_width,avg_largest_bump_width,avg_zero_bump_timestep_percentage,time1_bumpangle,time2_bumpangle,time3_bumpangle,time4_bumpangle,time5_bumpangle,time6_bumpangle,time7_bumpangle,time8_bumpangle,time9_bumpangle,time10_bumpangle,time11_bumpangle,time12_bumpangle,time13_bumpangle,time14_bumpangle,time15_bumpangle,time16_bumpangle,time17_bumpangle,time18_bumpangle,time19_bumpangle,time20_bumpangle,time21_bumpangle,time22_bumpangle,time23_bumpangle,time24_bumpangle,time25_bumpangle,time26_bumpangle,time27_bumpangle,time28_bumpangle,time29_bumpangle,time30_bumpangle,time31_bumpangle,time32_bumpangle,time33_bumpangle,time34_bumpangle,time35_bumpangle,time36_bumpangle,time37_bumpangle,time38_bumpangle,time39_bumpangle,time40_bumpangle,time41_bumpangle,time42_bumpangle,time43_bumpangle,time44_bumpangle,time45_bumpangle,time46_bumpangle,time47_bumpangle,time48_bumpangle,time49_bumpangle,time50_bumpangle,time51_bumpangle,time52_bumpangle,time53_bumpangle,time54_bumpangle,time55_bumpangle,time56_bumpangle,time57_bumpangle,time58_bumpangle,time59_bumpangle,time60_bumpangle,time61_bumpangle,time62_bumpangle,time63_bumpangle,time64_bumpangle,time65_bumpangle,time66_bumpangle,time67_bumpangle,time68_bumpangle,time69_bumpangle,time70_bumpangle,time71_bumpangle,time72_bumpangle,time73_bumpangle,time74_bumpangle,time75_bumpangle,time76_bumpangle,time77_bumpangle,time78_bumpangle,time79_bumpangle,time80_bumpangle,time81_bumpangle,time82_bumpangle,time83_bumpangle,time84_bumpangle,time85_bumpangle,time86_bumpangle,time87_bumpangle,time88_bumpangle,time89_bumpangle,time90_bumpangle,time91_bumpangle,time92_bumpangle,time93_bumpangle,time94_bumpangle,time95_bumpangle,time96_bumpangle,time97_bumpangle,time98_bumpangle,time99_bumpangle,time100_bumpangle,time101_bumpangle,time102_bumpangle,time103_bumpangle,time104_bumpangle,time105_bumpangle,time106_bumpangle,time107_bumpangle,time108_bumpangle,time109_bumpangle,time110_bumpangle,time111_bumpangle,time112_bumpangle,time113_bumpangle,time114_bumpangle,time115_bumpangle,time116_bumpangle,time117_bumpangle,time118_bumpangle,time119_bumpangle,time120_bumpangle,time121_bumpangle,time122_bumpangle,time123_bumpangle,time124_bumpangle,time125_bumpangle,time126_bumpangle,time127_bumpangle,time128_bumpangle,time129_bumpangle,time130_bumpangle,time131_bumpangle,time132_bumpangle,time133_bumpangle,time134_bumpangle,time135_bumpangle,time136_bumpangle,time137_bumpangle,time138_bumpangle,avg_bumpangle,angle_error,bump_error,rank,marker_size
0.4099999999999999,0.0199999999999998,0.4,400,1.3497101449275362,46.240434782608695,34.25952968968109,38.9704347826087,0.0,-0.0912629853146437,-0.0489765018129986,0.1830649255690748,-0.1770838982408647,0.4392607460985544,-0.2100000000000093,-0.0900000000000096,0.0899999999999905,0.0599999999999906,-9.379052275639922e-15,-0.1200000000000091,0.0899999999999907,0.0299999999999908,-0.420000000000009,-0.090000000000009,0.2099999999999909,0.1499999999999909,0.3617617846114744,0.029999999999991,0.0603401628315599,-0.1171419395609758,-0.0300000000000094,0.2999999999999907,0.0599999999999904,-0.2700000000000098,-0.2700000000000097,-9.888499810436366e-15,0.02999999999999,-0.0300000000000099,-1.0013185002519294e-14,-9.216254799873736e-15,-0.0600000000000092,-1.4537153320254133,-1.4682534602476718,-0.1392779392650241,-0.0900000000000096,0.1499999999999902,-0.2100000000000094,-0.0300000000000096,-0.0900000000000096,-9.534595335480844e-15,-0.0300000000000095,0.1199999999999904,-0.0900000000000094,-0.0600000000000093,-0.0300000000000093,0.0599999999999903,-1.7966667286324536,-1.5041164885522864,0.059207785226345,0.330334264882256,0.1199999999999907,-0.0900000000000094,-0.1200000000000094,-0.1500000000000095,-0.0600000000000094,-0.2100000000000094,0.0599999999999904,0.2099999999999908,-0.1800000000000094,3.865267883821982,0.3600116337983119,-0.2397929642490088,-0.1200000000000091,-0.0300000000000091,-0.3900000000000089,-0.3600000000000088,-0.1800000000000088,-0.2700000000000088,0.1202070357509911,0.2399999999999909,0.0599999999999911,0.0299999999999911,16.287873799183206,0.1799194643885205,-0.210165286149274,0.1499999999999911,-0.0900000000000087,-0.4200000000000085,-0.3000000000000085,-0.0600000000000085,-0.2100000000000085,-0.1800000000000085,-0.0900000000000085,-0.5398762342728859,0.0899999999999916,0.0600824160896238,-11.35072047081984,-0.4294230449939242,0.0236754418343353,0.3173885942011917,0.3900124986477667,0.3861933324468185,0.1143575345743826,-0.1702079582671389,-0.2948457060073366,-0.1774633592698123,-0.0405291841408759,0.1066730657575071,0.1910887628287309,-0.0097247898294471,0.1875575836500295,0.0767965804691989,-0.1243424372920616,0.0521931448518331,0.0670336135607386,0.0502752101705518,-0.0167584033901952,0.0335168067803648,0.0205702520878993,0.0167584033901781,0.0167584033901781,-0.0411405041758244,0.0784691596539019,0.0205702520878991,-0.0411405041758246,0.041140504175807,-0.0205702520879167,-8.833690649063258e-15,-0.033697069506277,-0.0249458578940369,0.0498917157880474,0.0997834315761035,-0.1247292894701486,-8.313350008393172e-15,0.0498917157880473,0.139604376390134,-9.334755191048316e-15,-0.1800000000000091,0.0599999999999906,0.0299999999999906,0.0958782714748782,-9.189709331773288e-15,-0.2121933786098951,-0.1076348144246714,-0.2572622991834103,-0.0061143988591977,-0.1498994965253958,0.0002444752216017987,0.0002444752216017987,0.34971014492753616,1,300.0
0.3999999999999999,0.0149999999999998,0.4,400,1.301159420289855,46.78405797101449,35.95566941412341,40.56376811594203,0.0,-0.3523546514880473,0.3348570175177564,0.3314159680832532,-0.0585840319167467,0.1734935252681156,-0.2700000000000093,-9.640052543271061e-15,0.0899999999999905,0.0599999999999904,0.0599999999999905,-0.3000000000000091,0.4499999999999907,0.2099999999999908,0.0899999999999908,0.3299999999999909,-0.0300000000000091,0.1499999999999908,-0.2418158732276293,-0.120000000000009,0.1185648775525355,-1.1337046552186107,0.0299999999999906,0.1799999999999907,0.0299999999999904,0.1199999999999902,0.2099999999999902,-0.1200000000000097,0.0599999999999901,0.05999999999999,0.08999999999999,-0.1200000000000089,-0.0300000000000091,-0.0884082105182907,-9.359522987075236e-15,0.2789853112102246,0.0599999999999902,0.1199999999999903,-0.1800000000000096,-9.673080169308346e-15,-0.0600000000000096,-0.1500000000000095,-0.0900000000000095,0.1499999999999904,-0.1200000000000093,-0.1500000000000093,-0.0900000000000093,-0.0300000000000095,4.287420157265537,3.4820494404890816,0.1264901693920368,0.0299999999999907,0.0899999999999907,-0.1500000000000092,0.0599999999999905,0.0599999999999905,-0.0600000000000095,-0.2100000000000094,0.2699999999999909,0.2699999999999907,-0.0600000000000093,-7.531028545442607,-0.1980256275699988,-0.0424152317614831,0.0299999999999907,0.0899999999999908,-0.1200000000000088,-0.3000000000000089,0.269999999999991,-0.0600000000000087,0.239999999999991,-0.1500000000000086,-0.2100000000000087,-0.3000000000000087,2.5795505952097386,-0.2924470172038912,-0.2700000000000088,0.3899999999999907,0.0899999999999911,0.1199999999999912,-0.6000000000000084,-0.0300000000000086,0.2099999999999913,-0.0600000000000085,-0.1800000000000084,-0.1800000000000085,-0.3000000000000083,-0.4800000000000082,0.722493869077618,-0.1198077897224688,-0.1397434186242502,-0.2731622790828362,-0.2202565813757649,0.1468377209171636,-0.1015189196674702,-0.0033395429316088,-0.2834188604585935,-0.1934188604585935,-0.1868626963454827,-0.2343008395523866,-0.0474637979076142,0.0732415966098052,0.3932178210043179,0.1629025812450583,-0.1486288064164118,0.312306840922125,0.1298312592580864,-0.2155101562249403,0.0530602755715653,-0.0731572347289024,-0.0975034733919995,-0.080200044204765,0.058640538526172,-0.0205702520879165,-0.1122810083516403,0.001710756263715,-0.1028512604395483,0.2236930495313247,-0.1234215125274563,0.0094297479120832,-0.0140278413530927,-0.0660863620698527,0.0947292894701315,0.0654078257699833,-0.1547292894701486,0.11967514736416,-0.0050541421059806,0.0249458578940191,0.0899999999999908,-0.270000000000009,0.3299999999999907,-0.3300000000000092,0.0358782714748782,-0.1076348144246721,-0.2245585641852325,-0.0241217285251211,0.4425319280327187,0.0535130858995415,-0.3234125824249463,0.0015293334878628457,0.0015293334878628457,0.3011594202898551,2,299.2238805970149
0.3999999999999999,0.0199999999999998,0.4,400,1.349855072463768,45.88463768115942,33.992269701524584,38.67565217391304,0.0,0.6323458068255756,0.0124334413561082,-0.240000000000009,-0.0600000000000092,-0.0381067447131065,0.0599999999999905,0.2699999999999909,-0.1500000000000096,-0.0300000000000095,0.2099999999999905,0.2099999999999907,-9.370282327836322e-15,0.1499999999999905,0.4199999999999908,-0.0300000000000091,-9.001688283660769e-15,-9.112710586123283e-15,0.4199999999999916,0.1199999999999911,-0.0358238947201164,-0.1139344510599826,-9.264546096504952e-15,0.0299999999999908,0.3299999999999907,0.1499999999999904,0.2099999999999906,0.4199999999999899,-0.30000000000001,0.05999999999999,0.05999999999999,-0.1500000000000089,0.0299999999999907,0.2396749155567187,0.5734930795046681,-0.1232813959014401,0.26999999999999,-0.0900000000000097,-9.690026558928366e-15,-9.676703882632864e-15,-0.2700000000000095,-0.2400000000000094,-0.1200000000000096,-9.650132819021314e-15,0.0299999999999904,-0.1800000000000094,0.1499999999999905,-0.0900000000000096,1.4035852802146522,1.5536844211664675,-0.0385090401617998,-0.180000000000009,-0.0600000000000092,-0.1200000000000093,-9.228173780684302e-15,-0.1500000000000094,-0.1796657351177439,0.1799999999999905,-0.1500000000000094,-0.0600000000000092,0.0299999999999905,-8.425162121738852,-0.2158595964786536,-0.4205009161919483,-0.2700000000000094,-0.1500000000000093,0.0299999999999908,-0.1200000000000089,-0.2100000000000089,-0.2100000000000089,0.089999999999991,0.029999999999991,0.1799999999999912,0.269999999999991,7.039700374191326,-0.3308075694002372,-0.2100000000000086,0.1604780475781153,0.1095219524218671,-0.2100000000000086,0.1334188604585769,-0.2400000000000087,0.0599999999999912,0.0704780475781152,0.2998347138507259,-0.1665811395414229,-0.0434188604585942,-0.0734188604585943,-1.5163731071486737,-0.2760053667945455,-0.1526085746047545,-0.2739320232101076,-0.0764038756926492,0.0134188604585782,0.0434188604585783,-0.0935168067803808,-0.0155262886949919,-0.0134188604585931,0.13485875430452,-0.1624307168268451,-0.2240672271215019,-0.0732415966098214,0.0479240326562835,0.1066747020627768,0.0342021672177345,0.0299999999999915,0.0907259877623128,0.0984686838058157,-8.606479157980365e-15,0.037328655478086,0.0205702520878992,-0.0617107562637324,0.037328655478086,-0.2262727729669958,0.1645620167032548,0.0822810083516228,-0.0411405041758246,0.020570252087899,-0.0205702520879167,0.020570252087899,-0.2039424689583531,-0.0748375736820929,-0.1247292894701485,-0.0748375736820924,-0.0997834315761208,-0.0748375736820927,0.0249458578940191,-0.0600000000000089,0.2099999999999906,-0.0300000000000093,-0.0900000000000093,-0.0600000000000093,-9.2409089945552e-15,-0.5381740721233228,-0.1735130858995591,0.2450335014650157,0.3229044432739795,0.2065506231251323,0.1209104611555472,-0.0037322257669297,0.0037322257669297,0.3498550724637679,3,298.44776119402985
0.4399999999999999,0.0149999999999998,0.4,400,1.354927536231884,47.72753623188406,35.225157770884586,40.14608695652174,0.0,-0.3285105138098491,-0.929040780411947,-0.6000000000000094,-0.120000000000009,0.0899999999999905,0.2999999999999909,-0.090000000000009,0.0299999999999908,0.1499999999999908,-0.3900000000000091,-0.180000000000009,-0.150000000000009,-0.2400000000000089,-0.1500000000000092,-0.0300000000000093,0.0899999999999905,-0.2700000000000099,0.0584787096280968,0.0299999999999906,0.1226638229450077,-0.3965355796989551,0.0557229153481473,-0.0348339688809908,0.05999999999999,0.14999999999999,-0.1500000000000098,-0.4200000000000099,0.1799999999999902,-0.0900000000000097,0.1199999999999902,0.0299999999999904,0.0599999999999903,-0.0876258519972727,-0.0600000000000093,-0.2474219356725288,0.0910146798226247,0.2099999999999904,-0.2100000000000093,0.0899999999999906,-0.1500000000000093,-0.0600000000000092,0.0599999999999906,-9.312276163564762e-15,-0.0600000000000092,-0.1800000000000091,-0.330000000000009,0.1799999999999905,0.2264106868370446,-0.4221874753085901,0.3465377464370125,0.2099999999999909,-0.2400000000000092,-0.060000000000009,0.0899999999999908,0.0299999999999909,0.0599999999999909,-0.300000000000009,-0.0900000000000089,-9.068301665138281e-15,-0.0300000000000091,-1.922300115889041,-0.2157221585044453,-0.2098347138507435,0.3599999999999908,0.6299999999999908,0.2699999999999911,-0.0600000000000086,-0.1800000000000085,-0.0600000000000084,0.1499999999999915,-0.1200000000000081,-0.2100000000000084,-0.3300000000000084,8.656632946202828,0.2580210429843232,-0.4493437304473742,-0.0600000000000079,-0.0600000000000079,-0.1800000000000077,-7.672785574643626e-15,-0.1800000000000075,0.0899999999999924,0.2099999999999926,0.2399999999999926,0.1799999999999926,0.5399999999999928,0.4799999999999927,-4.158487451630106,0.1815720278905552,0.3469170707938993,-0.1040412065609276,0.3330320442464016,-0.0601291858853237,-0.3671036807216674,-0.1818243678000438,0.1258732035026661,0.0458483154904885,-0.0054727483532717,0.0134188604585794,-6.707562327003852e-15,0.0402565813757505,-0.0939320232101069,-6.7345966938799146e-15,-0.0134188604585924,0.0469356672389524,0.0167584033901799,-0.0502752101705669,-0.0167584033901935,0.1173088237312999,-7.102396535989064e-15,-0.1005504203411282,-0.0502752101705678,0.0837920169509253,-0.0335168067803817,-8.636446136521347e-15,-0.0167584033901953,-0.0205702520879165,0.1439917646153468,0.0411405041758072,0.0411405041758071,0.2262727729669784,0.041140504175807,0.1645620167032546,-8.777064104084671e-15,-0.0411405041758246,-0.199566863152233,-8.341655428489684e-15,-8.882778545334414e-15,0.005054142105963,0.0549458578940191,-0.0900000000000089,0.1199999999999908,0.2099999999999908,0.1199999999999905,-0.0300000000000093,0.0658782714748782,-0.0296230983073028,-0.0717565429497843,0.0050924915909714725,0.0050924915909714725,0.354927536231884,4,297.67164179104475
0.4599999999999999,0.0049999999999998,0.4,400,1.2839130434782609,49.97913043478261,38.92719268540467,43.817536231884056,0.0,-0.3001448599730018,-1.177587169262947,0.4799999999999908,0.0299999999999905,-0.0879960117229419,-0.0300000000000091,-0.0300000000000093,-0.0600000000000092,-0.2706513891436116,-0.4800000000000101,-0.1200000000000095,0.0599999999999902,-9.690026558928366e-15,-0.1800000000000099,-0.2400000000000099,-0.0600000000000099,-0.1800000000000099,0.0907500881213786,0.0299999999999904,-0.1963273937166438,-0.4112915711749417,-0.1500000000000097,0.0599999999999902,-0.1800000000000097,-0.0300000000000096,0.2099999999999906,-0.0900000000000095,0.2099999999999904,-0.1200000000000093,-0.1200000000000094,-0.2700000000000097,0.14999999999999,0.2014438701950476,0.5115725916870041,-0.541561588345427,-0.1515989319711447,-0.0600000000000094,0.0599999999999908,-0.1800000000000092,0.0299999999999905,-0.2100000000000094,0.1199999999999905,-0.0300000000000095,-0.0300000000000094,0.1799999999999906,-0.0600000000000093,-0.2700000000000092,-1.7802146391388205,-3.1500000000000075,-0.4930533737567784,-0.142885480213682,-0.1500000000000088,-0.1500000000000087,-0.0600000000000088,-0.3000000000000087,-8.730793865652231e-15,0.1799999999999913,0.3299999999999912,0.4499999999999908,0.3599999999999908,2.0747857583006866,0.1818254441385337,0.1199999999999916,-0.3000000000000081,-0.1200000000000081,-0.2100000000000079,-0.0900000000000076,-0.2100000000000072,-0.5400000000000074,-0.6300000000000072,-0.0600000000000073,0.0899999999999927,0.3599999999999926,-0.288298899534788,-0.117656649873974,-0.1759265267219275,0.1799999999999928,-0.2400000000000072,-0.0900000000000074,0.0299999999999926,-7.329146478307621e-15,0.0599999999999924,0.0299999999999926,0.0299999999999926,-0.0300000000000073,-7.329146478307621e-15,-7.329146478307621e-15,7.69660739575795,-0.0778322731555417,-0.0062929438019105,-0.0300000000000073,-7.32360040579327e-15,-7.329146478307621e-15,-7.329146478307621e-15,0.0016126061609682,-7.329146478307621e-15,0.0049661757033652,-0.0016078240678614,-0.001174262132562,-0.0683793454167146,0.1213667903764996,0.0305138247005978,0.0053365527986282,0.0753686004378509,0.0909912103296326,0.0641534894124615,0.0805131627515083,-0.0670943022929345,0.0536754418343363,0.0536754418343364,-0.0704338452245363,-6.7466876333351055e-15,0.0570149847659371,0.0636940706291391,-0.1005504203411275,-0.0301772638487796,0.1173088237312996,0.0670336135607389,-0.0335168067803814,-8.463874470631096e-15,0.0167584033901782,0.0039866020689907,0.0205702520878993,0.1028512604395309,0.082281008351623,0.1028512604395308,0.0411405041758069,-0.0455161099819445,-0.1995668631522329,-0.1247292894701485,-0.1995668631522327,0.0700707709740166,0.0798917157880472,0.0549458578940191,-0.030000000000009,-0.3653414815038942,0.0599999999999907,0.2399999999999907,-0.005343600043743243,0.005343600043743243,0.28391304347826085,5,296.8955223880597
0.3849999999999999,0.0049999999999998,0.4,400,1.106666666666667,48.84768115942029,44.139470927187006,46.81913043478261,0.0,0.0444141533483307,-0.500192804348775,-0.2385840319167467,0.0927703258049782,-0.1771045332068372,0.3299999999999904,-0.1500000000000094,-0.0600000000000094,-0.0600000000000093,0.0599999999999907,0.0599999999999908,0.0299999999999908,0.0299999999999909,-0.0600000000000091,0.1199999999999909,-0.0300000000000091,0.0599999999999907,-0.1191987241413827,-0.2700000000000092,0.0848798158112497,-0.300378495717529,0.3651183836258582,-0.0300000000000095,-0.0605568842291479,-0.21000000000001,0.0599999999999901,0.0899999999999901,0.08999999999999,0.1199999999999902,0.05999999999999,0.0006513891435931,-0.2100000000000092,-0.0055418521499396,-0.1500000000000091,-0.0511529168064647,0.0899999999999902,0.1499999999999903,-0.0900000000000096,-0.0900000000000095,-0.1200000000000094,-0.0900000000000094,-0.0600000000000095,0.1804213749180866,0.2399999999999903,0.1499999999999905,-0.3600000000000093,0.0599999999999903,1.7797141458531078,2.3399999999999914,-0.0148830324430254,0.0599999999999906,0.0599999999999906,-0.0300000000000093,0.2099999999999908,-0.0900000000000094,-0.0900000000000094,-0.2100000000000094,0.2999999999999908,-0.0300000000000094,-0.3000000000000095,-7.759265319408707,-0.5148179948017075,-0.0304160788687493,-0.0900000000000091,-0.120000000000009,-0.0900000000000089,0.209999999999991,-8.970602038971265e-15,-0.0300000000000088,0.0299999999999912,0.209999999999991,0.209999999999991,0.0597929642489911,9.00971989755469,0.9216017931051238,-0.0300000000000086,-0.1800000000000087,0.2699999999999911,0.0899999999999912,-0.2700000000000087,-0.0298762342728864,-0.0300000000000086,0.3899999999999916,-0.1800000000000085,-0.0900000000000083,-0.0900000000000085,0.0599999999999915,-6.34416231152,-0.2834346767098666,-0.0300000000000077,-0.3765811395414218,0.2068377209171632,0.3134188604585775,0.2399999999999917,-0.0197434186242508,-0.2265811395414223,-0.1302565813757652,-0.0765811395414224,-0.1800000000000081,0.0734188604585772,-0.1965811395414225,-0.0591891202170327,-0.1632415966098216,0.4193871557875718,0.5156855243880418,0.4332415966098044,0.3751412456954638,0.3405356696124068,-0.1701324944753069,0.2284590124228086,-0.1932415966098219,-0.2232415966098218,-0.6764275546296666,-0.1500000000000088,-0.030000000000009,-0.060000000000009,0.0411405041758068,0.1540711013116298,0.0660082353846355,0.3411405041758067,0.1199999999999907,-0.1200000000000093,-0.2750541421059811,-0.3401082842119528,0.0899999999999907,0.2403775460841026,-0.0498917157880651,-0.0600000000000092,0.0299999999999907,0.2699999999999907,0.2699999999999907,-0.0900000000000093,-0.1500000000000094,-0.0600000000000093,0.0299999999999905,0.0358782714748781,-0.0415204155654836,0.114121728525103,-0.006086892642281,0.006086892642281,0.10666666666666691,6,296.1194029850746
0.4299999999999999,0.0149999999999998,0.4,400,1.3497101449275362,47.42550724637681,35.137549661763124,40.03188405797101,0.0,-0.70705930649528,-1.313540000077215,-1.231415968083271,-0.2945546706743944,-0.2366516158142976,0.1199999999999906,-9.194304988658646e-15,-0.0900000000000092,-0.3900000000000092,-0.0900000000000091,0.0599999999999909,-9.189967775508178e-15,-9.178407122923059e-15,0.1499999999999909,0.1799999999999908,0.2099999999999907,0.0299999999999906,-0.1791461520023363,0.0299999999999907,0.1884485301577246,-0.4711403227851257,-0.0900000000000097,0.0599999999999901,-0.0300000000000098,-0.0600000000000099,0.0299999999999901,0.14999999999999,-0.1800000000000097,-0.1200000000000097,0.2099999999999902,0.1199999999999905,-0.1800000000000095,-0.551382588314864,-0.2700000000000095,0.2809691398812228,-0.0600000000000096,-0.2400000000000093,-0.0900000000000094,-0.1500000000000093,-0.0600000000000093,-0.6300000000000092,0.1499999999999906,-9.239924637283287e-15,0.0599999999999907,0.1199999999999908,0.2996224539158792,-0.1200000000000093,-0.3753480810425805,-0.9300000000000082,0.2507057602711413,-9.476863738200336e-15,-0.1500000000000092,0.1199999999999903,0.1799999999999905,-0.0900000000000091,-0.3300000000000089,-9.068301665138281e-15,-8.997247391562271e-15,0.1799999999999908,0.2699999999999908,-6.843324401889038,-0.1990301021008544,-0.214859690758087,-0.1502070357510087,0.0599999999999911,0.3299999999999907,0.3899999999999912,0.2699999999999911,0.1499999999999913,0.2701237657271135,-0.0300000000000085,-8.695266728864225e-15,0.3299999999999912,-2.364689023333073,0.2175708774435077,0.1142756404454465,0.2099999999999917,0.0899999999999917,0.059999999999992,-0.0300000000000079,-0.4200000000000077,-0.6600000000000076,-7.860379014346108e-15,0.0899999999999923,0.0899999999999924,-0.0600000000000074,0.7499999999999928,11.963753145652312,0.233452484484017,0.0376633711702989,0.3526842315046977,0.0552651393608077,0.3503090810816294,0.3695029118114062,0.339494449596142,0.2255915710963295,-0.1615855308068901,-0.034378012472944,-0.0554710526652849,-0.0770038947009964,0.0435961243073514,-6.742457421875416e-15,0.0134188604585789,-0.0469356672389659,-0.053614753102168,0.0134188604585789,0.0670336135607399,0.1005504203411132,0.0335168067803659,-0.033516806780381,0.0335168067803654,-0.0373286554781028,0.0335168067803649,0.0464633614728305,-0.0038118486977298,0.0539123054969947,-8.64082648644755e-15,-0.0411405041758244,0.2057025208790706,-8.748557434046233e-15,-0.1234215125274563,0.0293214637001393,0.066086362069835,0.0249458578940192,-0.0997834315761209,-0.1496751473641766,0.0498917157880475,0.0249458578940191,0.0849458578940191,-0.0600000000000089,-0.054945857894037,-0.3000000000000092,-0.0900000000000094,-0.1255013697821907,-0.0300000000000093,0.0417565429497658,-0.3229044432739973,-0.1076348144246717,-0.006703112775203919,0.006703112775203919,0.34971014492753616,7,295.34328358208955
0.1199999999999996,0.0049999999999998,0.4,400,1.011304347826087,35.06507246376812,34.67311550587561,35.053333333333335,0.0,-3.2190037839399768,-2.8796557270283665,-2.4600000000000084,-0.8096922993240107,-0.2070838982408647,-9.157119507108292e-15,0.1499999999999908,0.1799999999999909,-0.0300000000000092,0.2699999999999907,-0.0300000000000092,0.1799999999999907,-0.0900000000000092,-0.1200000000000091,0.1499999999999908,-0.0600000000000091,-0.0600000000000093,-9.183764859699296e-15,0.5399999999999907,0.1817616733337403,0.2677809144883282,-0.0300000000000092,-9.413592538165948e-15,0.0599999999999908,-0.030000000000009,-0.1500000000000088,-0.060000000000009,-0.060000000000009,-0.1800000000000086,-0.1800000000000088,0.0599999999999907,0.0299999999999908,-0.6344062004413358,-0.2400000000000083,0.1158353472060978,0.0299999999999915,-0.2100000000000082,0.2699999999999918,0.0299999999999918,-0.4500000000000075,-0.030000000000008,0.0599999999999919,0.0599999999999919,-0.1800000000000082,0.0599999999999918,-0.2700000000000079,-0.0900000000000083,0.5099168360511854,-0.1200000000000078,0.4461834099201571,-0.1500000000000086,-0.0900000000000085,-0.1200000000000087,-0.0600000000000087,0.0299999999999912,0.1199999999999913,-0.2700000000000088,-0.3300000000000087,-0.0600000000000085,0.0599999999999914,1.457823360912469,-0.0396910009256365,-0.1500000000000082,0.2399999999999912,-0.000907936613819,-0.4200000000000086,0.2399999999999911,0.1499999999999911,0.0899999999999911,-0.1200000000000088,-0.2100000000000088,0.2990363141969724,0.3899999999999914,1.87664391569544,1.41878115917729,0.2099999999999911,0.1799999999999911,0.1199999999999911,0.2399999999999911,0.1799999999999911,0.0299999999999911,-0.2100000000000089,0.1799999999999912,-0.0300000000000089,-0.1500000000000089,0.3899999999999917,0.4199999999999914,1.4332653143680232,0.8994883762692183,0.3321262231019392,-0.1500000000000088,-0.0900000000000088,-0.1800000000000087,0.2099999999999912,-0.2700000000000087,-0.5109636858030271,-0.3300000000000082,0.1199999999999912,0.5699999999999922,0.3599999999999914,0.3299999999999917,-0.1500000000000086,0.1499999999999912,0.1499999999999913,-0.2380150608437043,0.0899999999999913,0.0910808126801426,-0.2100000000000086,-0.4500000000000083,-0.2389787466467229,-8.526512829121202e-15,-0.3000000000000083,-0.2089787466467228,0.0299999999999916,-0.6600000000000082,-0.6900000000000078,0.1199999999999914,-0.2700000000000089,-1.0740658633647506,-1.7984274083129994,-0.7800000000000094,-2.269277099391908,-2.364285735258341,-1.426387489848145,0.0781808488153828,0.1448072795434875,0.5060203119312751,-0.8313306766864416,-1.6952386552034375,0.5032136043544146,1.2253489668711317,1.7981587321342951,1.6798925478735829,2.0999999999999943,2.129999999999994,2.161941988362666,2.19204944048908,2.069999999999995,0.007050343211994677,0.007050343211994677,0.011304347826087024,8,294.56716417910445
0.2899999999999998,0.0049999999999998,0.4,400,1.0830434782608696,44.82478260869565,41.387796065837016,43.516666666666666,0.0,-0.0665238262789124,-0.4020118970769999,-0.2700000000000089,-0.0300000000000092,-0.1410569695692772,0.0299999999999909,0.149999999999991,0.1799999999999909,0.0599999999999906,-0.0300000000000093,-0.1800000000000093,-9.467981954003335e-15,-9.428013925116831e-15,-0.0600000000000094,-9.444294768848322e-15,0.0599999999999905,0.1799999999999905,-0.0007653945718446,0.0299999999999916,0.2443204614597764,0.1705557594816061,-0.0907500881213976,0.1799999999999905,0.0899999999999906,-0.1200000000000094,-0.0900000000000093,0.1499999999999906,0.2999999999999909,0.1799999999999909,0.0899999999999908,-0.0600000000000095,-9.352518759442318e-15,0.087212744835202,-0.1200000000000091,0.0191565582206948,0.1199999999999908,0.0593486108563884,-9.268070143925716e-15,0.0899999999999907,-9.27434472537969e-15,0.0299999999999906,0.0599999999999905,-0.1200000000000095,-0.0600000000000096,-9.783285292996882e-15,-0.2100000000000099,-0.0900000000000091,-0.674361593980086,0.1220494404890758,-0.4557319344825598,0.1499999999999901,-0.1200000000000098,0.0299999999999902,-0.0600000000000097,0.1199999999999903,-0.0900000000000097,0.4499999999999901,-0.0300000000000096,0.35999999999999,-0.0300000000000097,8.268725112307504,0.8221456528789567,-0.0600000000000096,-0.2100000000000094,0.1499999999999903,-0.1800000000000093,-0.0600000000000094,-0.1500000000000094,-0.1800000000000093,-0.0600000000000092,-9.272582701669309e-15,-0.1800000000000093,0.0299999999999905,9.717471962119951,0.7024094076894827,-0.0900000000000092,0.2699999999999906,0.1499999999999907,0.0899999999999908,0.0299999999999906,0.0899999999999909,-0.1200000000000092,-9.063860773039778e-15,-0.0900000000000092,0.0899999999999908,0.1199999999999908,-0.1800000000000091,-1.6482899528339974,0.3085899365236393,-0.1237136954626241,-0.0056450999430077,-0.1196475329839605,0.4613399256435711,0.7367593593743446,0.0579276348268055,0.4224769151003308,0.1199999999999911,-0.3028975317177138,-0.0782400065889987,0.5986169271189442,0.3089079333717468,0.4161033138936973,0.091874256101956,-0.0015545943634893,-0.2556758921249659,-0.1467100895609747,-0.6506897620003766,-0.3677823119542879,-0.076143325223802,-0.1292902058631947,-0.1941919009620527,-0.5642121458414959,0.4340634706966423,-0.0521453758226325,-0.2677385396787722,-0.1832903596276187,-0.226332818538268,-0.2743654258786919,-0.5119356010146752,-0.6074007814716549,-0.4922289786031681,-0.4145225139444332,0.0943134981961946,-0.1553635815523638,-0.542723591064765,-0.379434210167097,-0.3113425891792379,-1.4002845648216349,-0.5305541035250446,-0.2292610420021499,-1.199013185868866,-1.1314288551229623,-1.7022070817955228,-1.4240209952842515,-1.1173722404738151,-1.212008585812092,-1.4352614541991318,-1.6800000000000108,0.007740917784282244,0.007740917784282244,0.08304347826086955,9,293.7910447761194
0.3449999999999998,0.0049999999999998,0.4,400,1.0882608695652174,47.32173913043479,43.48381941669996,45.72492753623188,0.0,-0.7709580647069921,-0.9222676866915082,-0.720000000000009,-0.1800000000000089,-0.360052572139056,-0.2100000000000092,-9.441336601412332e-15,0.0599999999999905,0.0899999999999906,0.0599999999999905,-0.0600000000000094,0.0299999999999906,0.1799999999999904,0.0899999999999905,-0.1200000000000093,0.1199999999999907,-0.0300000000000092,0.2999999999999911,0.1199999999999911,0.0042325226258873,-0.1842317886313425,0.3899999999999904,0.0299999999999908,0.149999999999991,0.1799999999999907,0.1199999999999908,-0.2400000000000093,0.1799999999999907,0.0599999999999904,-0.1800000000000094,-0.3000000000000088,0.1499999999999909,-0.1326637610189338,0.2999999999999907,0.04679921697524,-0.27000000000001,-0.09000000000001,0.05999999999999,-0.1500000000000098,0.2699999999999901,0.0599999999999902,0.0299999999999902,-0.1800000000000097,-0.0900000000000096,-9.676778171612315e-15,0.0899999999999903,-0.0300000000000098,-1.4841082563002133,-1.349899279503036,-0.5102983457780187,-0.2100000000000094,-0.0300000000000094,-0.0300000000000093,-0.1800000000000091,0.1199999999999908,0.1499999999999908,0.0899999999999906,-0.120000000000009,-0.1200000000000092,-0.1500000000000093,4.823045501489105,0.2529506291610675,-0.1500000000000092,-0.0900000000000093,-9.476863738200336e-15,-0.0300000000000094,0.2999999999999906,0.1499999999999907,0.0899999999999905,-9.50794998288984e-15,-0.0900000000000093,-0.2700000000000092,0.1499999999999903,1.33779311812992,0.1654526609869938,0.2399999999999908,0.1499999999999907,0.0899999999999908,-0.0300000000000089,-0.0300000000000089,-9.0367146424097e-15,-0.060000000000009,-8.908822219733301e-15,0.0599999999999909,-0.0900000000000089,-0.1200000000000087,-0.2100000000000088,-0.0735693855094194,-0.3060787418365963,-0.1565040668164977,-0.2100000000000083,-0.2700000000000084,-0.2100000000000084,-0.0300000000000085,-0.1067584033901952,0.0335168067803649,-0.063516806780382,-0.2567584033901954,-0.2400000000000085,-0.0638118486977304,0.059999999999991,-0.2637920169509424,0.1764831932196176,0.3167584033901778,-0.0038118486977303,-0.020570252087917,0.0299999999999908,-0.1500000000000092,0.2399999999999908,0.0317107562637144,0.1988594958241746,0.1365098652081299,-0.1594297479121011,0.2494297479120829,-0.0900000000000092,-0.1800000000000092,0.0761946462817786,0.2077215358561619,-0.0650541421059809,0.2750541421059627,0.0148375736820751,0.0299999999999908,0.0701082842119347,0.2999999999999905,0.4149458578940184,0.2349458578940186,-0.0300000000000094,-0.4643418748870154,0.2668701147963894,-0.329836068015933,0.2728020212354386,-0.089348869303312,0.0785176860542064,0.1923651855753277,0.1084795844345162,0.0976687166859985,0.0553593028949129,0.0863844285048254,0.008609671195088302,0.008609671195088302,0.08826086956521739,10,293.0149253731343
0.495,0.0099999999999998,0.4,400,1.279130434782609,50.58376811594203,39.54543394516202,44.59289855072464,0.0,-0.6691624068492622,-0.6613265735632463,-9.063154747490821e-15,0.1199999999999905,0.0515986382479781,-0.1500000000000092,0.0299999999999904,-9.405809464624326e-15,0.1199999999999903,0.0599999999999903,0.2099999999999899,0.14999999999999,0.11999999999999,0.2399999999999897,-0.1200000000000099,0.0299999999999901,0.5099999999999899,-0.3020190764474261,0.0599999999999905,0.266147125043715,-0.0152780364366888,0.1499999999999902,-0.0900000000000096,0.2999999999999902,-9.476863738200336e-15,0.2099999999999904,0.2099999999999904,0.2699999999999904,0.1499999999999907,-0.0600000000000092,-0.2400000000000097,-0.3000000000000096,-0.3288365515354863,-0.1200000000000089,0.0750389218973521,0.0920036295322821,-0.1500000000000093,0.0599999999999905,-9.466695835682171e-15,-0.0900000000000095,0.0599999999999905,0.1499999999999905,0.0899999999999906,0.0899999999999909,-0.060000000000009,-0.0300000000000089,0.0599999999999904,-4.434787818861946,-4.980195448610342,-0.12545657060805,-0.1200000000000088,0.0899999999999911,-0.1500000000000087,-0.0900000000000084,-0.0900000000000083,0.1501237657271137,-0.0901237657271302,-0.030000000000008,0.3599999999999915,-0.0300000000000084,-8.406711353301205,0.141984144299659,0.4799999999999923,0.2699999999999927,-0.1200000000000074,-0.4200000000000072,0.1799999999999927,0.2699999999999928,-0.0300000000000072,0.0599999999999926,-7.425272059639942e-15,-0.0900000000000074,-0.1800000000000072,8.55033169032911,0.0252781858586131,-7.329146478307621e-15,-7.329146478307621e-15,-7.329146478307621e-15,-7.329146478307621e-15,-7.329146478307621e-15,-7.329146478307621e-15,0.0299999999999926,-7.329146478307621e-15,-7.329146478307621e-15,-7.329146478307621e-15,-7.329146478307621e-15,-7.329146478307621e-15,9.475239820608603,0.1705884141411937,-7.329146478307621e-15,-7.329146478307621e-15,-7.329146478307621e-15,-7.329146478307621e-15,-7.329146478307621e-15,-7.329146478307621e-15,-7.329146478307621e-15,-7.329146478307621e-15,-7.329146478307621e-15,-0.003220430228837,-0.0043172123328593,0.0077007127726898,-0.0333362112066655,-0.047287589819949,-0.0054014910876859,-0.0027314996440425,-4.866655617804192e-15,0.1073508836686805,0.0268377209171663,-0.1207697441272777,-6.012967901369848e-15,-0.026837720917178,0.1073508836686791,-0.0268377209171781,-0.0435961243073649,-0.0970717906397736,-0.0837920169509405,0.0467965804691995,0.033516806780366,-7.386613630293104e-15,0.0670336135607389,-0.0502752101705681,-0.0167584033901953,0.0335168067803648,-0.0617107562637323,-0.0411405041758245,0.0411405041758071,0.1439917646153466,-0.0498917157880648,-0.0997834315761209,-0.1496751473641769,0.0249458578940194,-0.0997834315761204,0.0249458578940192,-8.881784197001252e-15,0.065054142105963,0.059999999999991,0.0599999999999908,-9.192646643896296e-15,0.00869855591712031,0.00869855591712031,0.2791304347826089,11,292.23880597014926
0.4199999999999999,0.0099999999999998,0.4,400,1.3046376811594202,47.98782608695653,36.78249277938236,41.64884057971015,0.0,-0.7267528207311338,-0.0803863769511329,0.0314159680832532,0.0285840319167283,-0.2980617468680869,0.0899999999999905,0.209999999999991,0.1799999999999909,0.1499999999999909,0.2099999999999909,0.1499999999999908,-0.180000000000009,-0.0300000000000091,-0.1200000000000092,-9.286750556997455e-15,0.4199999999999905,-0.1200000000000094,-0.1216551238563086,-0.2400000000000092,-0.1261581442027288,-0.0714013096803907,-0.1187094681133906,0.05999999999999,0.0599999999999899,-0.1800000000000099,-0.0900000000000099,-0.0600000000000098,-0.0300000000000097,0.0599999999999902,-0.3900000000000097,-0.2100000000000095,-0.0900000000000095,0.4817820877116955,-0.180000000000009,0.3527964364052109,0.1194890336998396,0.5099999999999901,-0.0600000000000094,0.0599999999999905,-0.2100000000000093,-0.3600000000000092,-0.0300000000000093,-0.090000000000009,-0.0300000000000089,0.0899999999999907,0.1796224539158793,0.1199999999999905,-3.174230100527089,-3.5078398954769487,-0.7353138063406439,-0.4200000000000092,-0.0600000000000093,0.0899999999999906,0.2399999999999907,-0.300000000000009,0.1199999999999908,0.0599999999999909,0.2399999999999909,0.3599999999999906,0.0599999999999906,-6.075907370498666,-0.7007266700082098,-0.360000000000009,-0.2100000000000086,0.1199999999999911,0.3599999999999908,-0.3300000000000087,-0.150165286149274,-0.0300000000000087,-0.1198347138507432,0.2699999999999913,0.569999999999991,-0.0300000000000087,4.940563120730067,0.019151328458496,-0.330000000000008,0.0899999999999917,0.0899999999999917,-8.241608964024819e-05,0.1199999999999918,-0.7200000000000075,-0.090000000000008,-0.2700000000000073,-0.0300000000000079,-0.0900000000000077,0.1199999999999922,0.1799999999999924,7.543829174440751,0.3185685960679014,0.2184859000112175,-0.4963596733390544,-0.2975834362219307,0.0757748212050924,-0.2789561223954313,-0.1200000000000071,0.5181675783076798,0.2188383517933192,-0.3317408115880708,0.1960373616932831,0.1459585767774846,0.2936754418343349,0.2333982954813656,0.1636106979193902,0.0511724897799743,-0.0401833659143703,0.0053272107625003,-0.116866501116312,-0.1067584033901938,0.1283858221809413,-0.0586553386660799,-0.0861098556525944,-0.0167584033901945,0.0502752101705518,0.0167584033901783,0.0129465546924569,0.0243821007856204,-0.0205702520879165,0.0411405041758072,0.0205702520878993,0.1234215125274388,0.2057025208790705,0.0041531181712394,0.0617107562637149,-0.0704619678759727,0.0249458578940192,0.0249458578940195,0.1496751473641598,0.0498917157880472,0.005054142105963,-0.0900000000000089,0.0549458578940191,0.4199999999999906,-0.1200000000000093,-0.0600000000000093,0.0358782714748782,0.0303769016926969,-0.2152696288493345,0.1435130858995412,-0.009265046808005332,0.009265046808005332,0.30463768115942025,12,291.46268656716416
0.3399999999999998,0.0099999999999998,0.4,400,1.1686956521739131,46.03521739130435,39.39025297619048,42.76869565217391,0.0,-0.67000988761235,-1.5030649255690929,-0.93149233388208,0.0552745990357475,-0.3040720483238011,0.1499999999999904,-0.0300000000000094,0.2099999999999906,0.2099999999999906,0.0899999999999905,-0.1500000000000094,0.0299999999999903,-9.432454817215331e-15,0.1199999999999906,-0.0900000000000095,0.0899999999999905,0.0899999999999905,0.0017347742307479,-0.0600000000000088,-0.1470955066234859,-0.6057196777772209,0.0599999999999908,-0.030000000000009,-0.1500000000000089,-0.150000000000009,-0.1500000000000092,0.1499999999999909,-9.149082901943937e-15,-0.1500000000000091,-0.1800000000000092,0.2399999999999908,0.1799999999999906,-0.8379334634982329,-0.3644748632188554,-0.0160461250751891,-0.0600000000000097,0.05999999999999,0.1499999999999901,-0.1200000000000098,-0.0300000000000099,-0.0300000000000098,0.05999999999999,-0.1200000000000098,0.0899999999999902,0.1499999999999901,-0.1800000000000096,-0.3000000000000103,3.791234994750945,4.093486970480678,0.4777208801770489,0.1274456882091251,-9.561314977051302e-15,0.0599999999999905,-0.0600000000000093,-0.1800000000000093,-0.0300000000000095,-0.0300000000000092,0.0599999999999907,0.1499999999999903,-0.2700000000000094,0.1886616284439102,0.0677697341475333,0.0002585898075916,-0.0905009161919477,-0.2100000000000091,0.0599999999999906,-0.0596657351177439,-0.1200000000000093,-0.0900000000000094,0.1199999999999904,0.1499999999999905,-0.2100000000000093,-0.0300000000000094,3.305457228949082,1.3847342266155254,0.3232459954401634,0.1799999999999904,0.0899999999999904,-0.1500000000000094,-0.0300000000000093,0.0899999999999907,-0.3000000000000095,-0.270000000000009,0.0899999999999907,0.1499999999999908,-0.3300000000000092,-0.0600000000000091,-3.2119056373348998,0.8423225799982806,0.4568365615126086,0.3767584033901779,-0.0997247898294482,-0.0732415966098215,0.1367584033901781,0.1199999999999914,0.1102752101705512,0.1235168067803647,0.0370336135607381,-0.0467584033901956,0.2494297479120831,0.1314102724959191,-0.180000000000009,-0.1311405041758249,-0.0300000000000091,0.0974492233282468,-0.3411405041758251,0.2211405041758067,-0.1611405041758249,-0.1260082353846536,-0.1608707358557126,-0.140570252087917,-0.140570252087917,0.2364341265228709,-0.1105702520879169,-0.0950541421059808,0.18227846414382,-0.139891715788065,0.0249458578940191,0.0664456616788032,0.0854995096660636,0.1595314469885239,0.0873619070573208,-0.0849458578940372,-0.1852761858853492,0.1150535021052804,-0.6896721360318562,0.2288292847457713,0.1528538747549113,-0.0179173745267701,-0.0112378418725948,-0.047969228046243,0.0640550882105466,-0.4885661025063849,-0.6384918937121544,-0.9846912015140642,-1.431720720777135,-2.0312538551385195,-1.1040865274347695,-0.00964671429383715,0.00964671429383715,0.16869565217391314,13,290.6865671641791
0.48,0.0199999999999998,0.4,400,1.3571014492753624,48.50594202898551,35.74231097821444,40.80695652173913,0.0,-0.4469486798307684,-0.6479875975959376,-0.0300000000000091,-0.0900000000000091,0.0849675560698875,-9.073587736269424e-15,-9.231697828105064e-15,0.0299999999999909,-0.0900000000000092,-0.0900000000000091,0.2099999999999908,-9.432454817215331e-15,-0.1800000000000095,-0.0900000000000095,0.0299999999999904,-0.2100000000000099,-0.0300000000000098,-0.029198724141383,-0.0900000000000094,-0.0244318078365806,-0.2600271708687147,-0.0900000000000097,-0.2700000000000097,0.0299999999999902,0.0299999999999903,-0.0600000000000097,0.1199999999999903,0.0299999999999903,0.1199999999999904,0.1799999999999904,-0.0900000000000098,0.0899999999999901,0.458071730527454,0.3293965733161101,-0.0578229796938958,-0.0900000000000092,-0.300000000000009,-0.0600000000000092,-0.0900000000000092,-0.0600000000000092,0.1199999999999906,-0.1500000000000091,0.0299999999999904,0.0299999999999904,-0.0600000000000094,0.1199999999999904,-0.1500000000000091,-4.41946165277769,-3.353003869531358,0.4240302420451541,-0.0903319426751953,0.149999999999991,-0.0900000000000088,-0.0300000000000087,0.4499999999999907,0.0899999999999911,-0.0600000000000087,-8.775595456778282e-15,-0.1800000000000086,-8.810729923425242e-15,7.612209142574158,0.9968199146351712,-0.0900000000000086,0.1799999999999915,-0.3000824160896405,0.4799999999999921,-0.3600000000000076,-0.1200000000000076,0.2699999999999924,-0.0300000000000072,0.0599999999999925,0.2399999999999923,0.4799999999999925,-1.7193157422003955,0.5289420798198701,0.2085193797374256,-0.0300000000000071,0.0299999999999927,-7.296452698467791e-15,0.0899999999999927,-7.319059042747875e-15,0.0299999999999927,0.0299999999999926,-7.323232012321322e-15,-0.0600000000000073,-7.329146478307621e-15,-0.0600000000000073,-1.3347927100819996,-0.0555100368238635,-0.0642879931583743,-0.0330860037052006,-0.0088215018777093,0.0452696699521578,0.0063009482112664,0.058314557771133,-0.0448530031929626,0.0209560951562432,0.0134188604585807,-0.0134188604585906,0.0939320232100938,0.1207697441272653,-0.0909912103296443,-6.5347727229436705e-15,-0.0939320232101068,0.0134188604585789,0.0134188604585789,-0.0134188604585924,-6.748519065099292e-15,-0.0335168067803802,0.020097946321781,-0.0837920169509406,-0.0502752101705669,-7.305267502033531e-15,-0.0837920169509409,-0.0167584033901949,-8.553981020428164e-15,0.0167584033901782,-0.0205702520879165,-0.0038118486977297,-0.0205702520879165,-0.0411405041758243,-0.0411405041758245,0.0205702520878992,0.0822810083516228,-0.0822810083516405,-0.0864341265228888,-8.582402112925216e-15,0.0249458578940195,0.1496751473641597,-8.808736996333566e-15,0.0498917157880473,-8.95005764598427e-15,-0.2100000000000091,-0.0600000000000091,0.0599999999999905,0.4010027395643529,0.0599999999999906,0.0655013697821718,-0.012219761288468793,0.012219761288468793,0.35710144927536236,14,289.910447761194
0.48,0.0049999999999998,0.4,400,1.2666666666666666,50.70231884057971,40.02814645308924,44.92956521739131,0.0,-0.655658937457165,-1.3891001344705884,-0.4187265400859206,0.0899999999999905,0.16992896403188,0.1199999999999906,-0.0900000000000095,-0.1800000000000095,0.2099999999999903,0.0899999999999904,0.2399999999999899,0.1499999999999901,0.17999999999999,0.08999999999999,-0.1200000000000099,-0.1800000000000097,0.4199999999999898,-0.3607001632817618,-0.0600000000000095,0.0964598200858747,-0.182785920957223,-0.0600000000000096,-0.1200000000000097,0.2099999999999904,0.1499999999999904,0.0299999999999905,-0.3900000000000094,0.1799999999999905,0.0299999999999906,-0.1500000000000091,-0.1800000000000096,-0.4200000000000099,-0.4296582186181238,-0.2400000000000089,-0.3011538618051646,-0.1500000000000093,-0.1800000000000095,-0.0600000000000094,0.3299999999999907,0.0899999999999904,0.0299999999999906,0.2399999999999906,0.2099999999999908,-0.1200000000000092,0.2099999999999909,-0.2100000000000089,-0.0300000000000093,-5.5264040798033625,-6.024452125895175,-0.7717812505959326,-0.2700000000000088,0.0899999999999911,-0.3300000000000087,0.0899999999999913,0.3899999999999914,0.2099999999999914,0.4799999999999916,0.3299999999999916,0.0299999999999914,0.2999999999999911,-0.6823993643094249,-0.4201431336208447,-0.4200000000000075,-0.3900000000000076,-0.2100000000000075,0.3899999999999927,0.1799999999999928,0.2099999999999928,0.3299999999999928,0.0299999999999926,0.0599999999999927,-0.1200000000000072,-0.0300000000000071,6.092280463493894,-0.0068886629331721,-7.329146478307621e-15,-7.329146478307621e-15,-7.329146478307621e-15,-7.329146478307621e-15,-7.329146478307621e-15,-7.329146478307621e-15,-7.329146478307621e-15,-7.329146478307621e-15,-7.329146478307621e-15,-7.329146478307621e-15,-7.329146478307621e-15,-7.329146478307621e-15,10.851751172970044,0.0974373047389572,-7.329146478307621e-15,-7.329146478307621e-15,-7.329146478307621e-15,-7.329146478307621e-15,-7.329146478307621e-15,-7.329146478307621e-15,-7.329146478307621e-15,-7.329146478307621e-15,-7.329146478307621e-15,-7.329146478307621e-15,-7.312956525690622e-15,0.0113974894102256,0.0201869446940242,-0.0191286270744852,0.0093673135346446,0.0646281380997844,0.009830598488319,0.1097776970800529,0.0134188604585807,-0.1744451859616203,-5.752800965505898e-15,0.0134188604585792,-6.605826996519682e-15,0.0268377209171647,0.0268377209171647,-0.0333777200106274,-0.0837920169509404,0.0300381770790128,0.0368563497119671,0.1173088237312997,-8.155232469785302e-15,0.1005504203411124,-0.0502752101705685,0.0708454622584597,-0.0411405041758244,0.0411405041758073,-0.0822810083516403,0.0617107562637149,0.0043756058061113,-0.0748375736820929,-0.1496751473641768,0.1203536836640114,-0.2494585789402887,0.0249458578940193,0.0249458578940192,-8.953377780995285e-15,-0.0549458578940369,0.0899999999999909,-9.106318903184543e-15,0.0135030488680277,0.0135030488680277,0.2666666666666666,15,289.13432835820896
0.4599999999999999,0.0199999999999998,0.4,400,1.3708695652173912,47.7572463768116,34.83719209218734,39.80536231884058,0.0,-0.5116650467401417,-0.1791170558387833,-0.570000000000009,-0.0300000000000091,-0.1519376242084638,-0.0600000000000092,0.0899999999999909,-0.3600000000000092,-0.2100000000000089,-0.270000000000009,-0.030000000000009,0.1199999999999908,0.0299999999999907,-0.1200000000000093,0.2999999999999907,0.2399999999999905,-0.0600000000000095,0.1199999999999907,0.0899999999999905,-0.1643909772685804,0.1693009079060896,-0.0300000000000099,-0.09000000000001,0.08999999999999,0.1199999999999902,0.3599999999999899,0.2399999999999903,-0.0600000000000097,0.1199999999999903,0.1799999999999907,-0.3300000000000102,-0.0300000000000098,0.4857866455691789,0.4483428342499407,0.3115374722947022,0.1499999999999905,-0.0600000000000093,-0.1200000000000093,0.0899999999999907,0.1499999999999909,-0.0900000000000091,0.1199999999999909,0.1799999999999907,-9.373151400238303e-15,0.0299999999999907,-0.0600000000000094,-0.1800000000000091,-1.9630775089037544,-1.0820494404890904,-0.614815495357353,-0.1202490742066566,-0.1500000000000092,-0.0600000000000091,-0.1200000000000089,0.1199999999999911,0.359999999999991,0.2999999999999911,0.0599999999999911,-0.1500000000000089,0.0899999999999911,0.9957027615444364,-0.509252568544169,0.0299999999999911,0.0599999999999911,0.2399999999999912,-0.1200000000000085,0.1199999999999914,0.0599999999999916,0.0899999999999917,-0.2400000000000077,0.0299999999999919,0.389999999999992,-0.0300000000000083,-7.726808452435077,-0.5274884078745811,0.0599999999999924,-0.0300000000000073,0.2699999999999924,0.1199999999999926,0.2999999999999928,0.2099999999999927,-7.340794638821536e-15,0.0599999999999927,-0.3000000000000071,-7.194312180202278e-15,0.1403625849082233,0.1101850589244985,6.653471486529663,-0.1718344984340291,0.2419378070316583,-0.0120400182952116,0.0536712083678485,0.0383530375933911,0.0218324216923079,-0.0163596733390523,-0.0536754418343483,0.0939320232100948,0.0670943022929228,0.1073508836686799,0.013418860458579,0.013418860458579,-0.1341886045858642,-0.0268377209171781,-6.74932944066198e-15,0.0603545276975382,0.0134188604585789,-0.0167584033901935,-6.819978526456646e-15,0.0502752101705532,-0.0167584033901937,-0.1699018726035277,0.033516806780366,0.0670336135607386,0.0167584033901783,0.016758403390178,-8.636446136521347e-15,-0.0205702520879165,0.102851260439531,-0.0373286554781032,-0.0617107562637324,-0.1439917646153641,0.0617107562637149,0.1851322687911625,-8.777064104084671e-15,-0.0161946462817965,-0.0997834315761208,-0.0249458578940363,-0.0249458578940368,-8.838744620187024e-15,0.0198917157880472,0.029999999999991,-0.030000000000009,0.2399999999999907,-0.0300000000000094,-0.0300000000000093,0.065878271474878,0.1076348144246535,-0.107634814424672,-0.013981146781462412,0.013981146781462412,0.37086956521739123,16,288.35820895522386
0.2999999999999998,0.0099999999999998,0.4,400,1.1486956521739131,44.26231884057971,38.532677264698464,41.76173913043478,0.0,-0.0264034367811466,-0.6102283251132661,-1.140000000000008,-0.3269310832536712,-0.1408662036675216,-9.059419880941275e-15,0.1199999999999909,-0.3300000000000091,0.0599999999999907,-9.325873406851317e-15,-0.0900000000000093,-0.1500000000000094,-0.2400000000000095,-0.0300000000000095,-0.0600000000000095,0.1799999999999906,-0.3000000000000091,-0.3020425067065792,-0.0600000000000082,0.029923326384345,-0.3848593788227685,-0.0300000000000094,-9.479056225151235e-15,0.0599999999999905,-0.0300000000000092,-9.489062211922038e-15,-9.176541420264643e-15,0.2699999999999908,0.2099999999999909,0.2099999999999909,0.1199999999999904,0.5699999999999901,-0.2738938621712098,-0.1800000000000092,-0.4690918297721736,-0.0300000000000092,-9.20329045180368e-15,0.0299999999999907,0.1499999999999908,-0.0900000000000091,-0.1500000000000094,0.2699999999999907,-0.1500000000000095,-0.3900000000000099,0.20999999999999,-0.1200000000000097,0.0299999999999907,0.4839342325379393,1.5043375739875222,0.254689384299934,0.3005109663001405,-9.885425811262396e-15,-0.3000000000000099,-0.0900000000000097,-0.0600000000000096,0.3299999999999903,0.2399999999999904,-0.2100000000000096,0.2099999999999902,0.2699999999999901,9.651727065067451,0.5863986778336683,0.1799999999999906,-0.0300000000000095,-0.0900000000000095,0.2099999999999904,0.0299999999999905,-0.1200000000000093,-0.0300000000000093,0.0299999999999906,0.1199999999999906,0.2099999999999904,-0.0900000000000093,8.947613096212134,0.8143389677965434,-0.0600000000000092,0.1199999999999906,0.0299999999999908,-0.0900000000000092,0.1199999999999908,-0.0600000000000091,-9.361400543639319e-15,-0.1200000000000092,-0.1500000000000092,-0.1200000000000089,-0.0600000000000092,-0.4500000000000096,-1.477167739702049,-0.492797007522366,-0.5118766027451978,0.0699951453784298,0.4848991895818899,0.5330727200895665,0.4367056515238356,-0.1730771397105535,-0.0299744470986819,0.17826369083494,0.2848707524512575,0.3292047243379519,0.1050222135909789,-0.1676553640042897,-0.0255824327170614,-0.2079063691634369,-0.1164344551505378,-0.3076610766260476,-0.0821211031617012,0.469442283951213,0.0586489803689165,-0.2619462544837899,-0.588738875310012,-0.2079020931963065,-0.108820330582091,0.5825935339867256,-0.0841824111103467,0.7242125646449018,1.0335243971698516,0.3574815091144688,0.5218911310328367,0.3263080228330641,-0.0778710067526913,-0.9197094731190972,-0.2302463643934632,-0.6061481967723426,-0.531736146392959,-0.1804410843808185,-0.724348718722696,-0.5627349063635169,-1.309225879582361,-0.9958137339406704,-0.8918704559757942,-1.195642416092059,-1.25976955875648,-0.9656598438125272,-1.4745815603810923,-2.709083016092789,-2.433197788400693,-2.6916268815547584,-2.8120487492433064,-0.014422509478210636,0.014422509478210636,0.14869565217391312,17,287.5820895522388
0.3299999999999998,0.0099999999999998,0.4,400,1.153333333333333,45.69942028985507,39.62377481779342,42.8,0.0,-0.90958043075542,-0.671987155973906,-0.3270916980346758,-0.1200000000000092,0.2060642846772286,0.0299999999999905,-0.0300000000000094,-0.0300000000000094,0.1191987241413641,0.1199999999999905,0.3899999999999904,-0.2700000000000094,-0.4200000000000098,0.0899999999999905,0.0599999999999905,0.0899999999999904,-0.0300000000000093,0.0899999999999913,0.0599999999999913,0.2157898590174529,-0.1742884355520964,0.2099999999999907,-0.240000000000009,-9.143796830812788e-15,0.1799999999999909,-0.270000000000009,-0.090000000000009,-0.1800000000000091,0.0299999999999908,0.0299999999999909,0.2107001632817423,0.2099999999999906,-0.462162759061779,0.0599999999999908,0.3553712506614785,-0.0370509474182395,-0.2700000000000099,-0.2100000000000098,-0.21000000000001,-0.0600000000000098,0.0299999999999899,-0.0600000000000101,-0.1800000000000098,0.0899999999999901,0.2099999999999899,0.1199999999999901,-0.1500000000000099,-2.4491567644732197,-2.8800000000000074,-0.6501465392254961,-0.0900000000000096,-0.1200000000000096,0.0899999999999903,0.3299999999999902,-0.0600000000000093,-0.2700000000000094,-0.3300000000000092,-0.2400000000000093,0.0299999999999904,-9.50794998288984e-15,-3.993930396793552,-0.0566446178738909,-9.301822559671244e-15,0.0299999999999907,-9.247982720507132e-15,0.2099999999999907,0.2699999999999908,0.2099999999999907,-0.1200000000000093,-0.2100000000000091,0.0299999999999905,0.1199999999999908,-9.183764859699296e-15,7.328118378333071,0.7567853262290258,-0.2481041740957884,0.2399999999999906,-0.0900000000000094,0.0299999999999905,0.1799999999999905,-0.2400000000000094,-9.356959651540821e-15,0.1199999999999906,0.3899999999999906,0.2399999999999908,-0.0300000000000093,0.4499999999999906,6.707011812670202,0.5013702643938622,0.2383118411486628,0.0634610947270638,-0.0767584033901955,-0.0467584033901955,-0.2364831932196353,-0.2302752101705689,0.1932415966098042,0.1367584033901777,0.0132415966098042,0.1199999999999908,0.0230903133119595,0.2080194754161548,0.1199999999999908,0.0244773950385458,0.0376794094487341,-0.2471127933750165,0.1591599795919706,-0.221205000737978,0.0317107562637146,0.3017107562637147,-0.180000000000009,-0.0858881076706385,-0.2379028583377179,0.0350541421059628,-0.080570252087917,-0.1884993950689197,0.1624279135090977,0.1772243220378481,0.0124447099701396,0.2427756779621337,0.1423077649513488,0.2872536228453768,0.1199999999999906,0.0778025980809488,0.0197773162199402,0.2923149487746019,0.0983074310321019,0.610390210157388,-0.2688310041669547,-0.448968117465456,-0.2635837859426604,0.1470448271965248,-0.4511848521604109,-0.4924078104411227,-0.1854299307616617,-0.3240821981805467,-0.1676279991392998,-0.8782489310673474,-0.7448824384224418,0.014706909866766048,0.014706909866766048,0.1533333333333331,18,286.8059701492537
0.3849999999999999,0.0149999999999998,0.4,400,1.2334782608695651,46.814927536231885,37.95358947244742,42.126376811594206,0.0,-0.0973049571315613,-0.0889536386614418,0.539999999999991,-0.1200000000000091,-0.3568764719396043,0.2399999999999908,-0.1500000000000095,-0.0600000000000095,0.1199999999999904,0.1199999999999903,0.2399999999999905,0.0299999999999906,0.2099999999999907,0.1199999999999908,-0.1500000000000092,-0.060000000000009,0.0299999999999908,0.151734774230748,0.1199999999999911,0.2139643130934957,-0.4795094863634777,0.1199999999999908,-0.0300000000000091,0.0299999999999906,-0.0300000000000094,0.2699999999999901,-0.3600000000000098,0.1199999999999904,0.0899999999999903,-9.947598300641402e-15,-0.0300000000000091,0.0299999999999908,-0.7736295176419097,0.1199999999999908,-0.3482527692638635,-0.3300000000000099,0.0299999999999902,0.2699999999999901,0.2399999999999903,0.0299999999999902,-9.610387657073167e-15,-9.605649609056854e-15,-0.0300000000000096,-0.1200000000000096,0.2099999999999904,0.0599999999999905,0.2099999999999903,4.634748362088968,5.097711866501551,-0.0476868621744375,0.4162524810884603,0.1199999999999908,-0.3000000000000092,0.1799999999999908,0.0299999999999906,0.3299999999999907,-0.0600000000000094,-0.1500000000000092,0.0903775460841022,-0.0600000000000091,3.1971392053980128,0.5719145047990846,0.2999999999999907,0.0299999999999904,0.0899999999999906,-0.2100000000000092,-0.0600000000000091,0.2699999999999908,-0.2100000000000088,-0.0900000000000089,-0.0300000000000089,0.0599999999999908,-0.2400000000000088,-11.836149006376829,-0.6453321362879352,-0.5700000000000088,-0.0600000000000087,-0.1200000000000088,-0.1500000000000087,-0.4800000000000091,0.0599999999999911,-0.2100000000000087,-0.0900000000000087,0.149999999999991,0.0299999999999911,0.0599999999999911,-0.3300000000000087,2.0032699224662305,0.4877017834110421,0.1019197461038006,-0.2100000000000079,-0.0434188604585936,0.0308108797829676,-0.0432415966098211,0.0264831932196185,-0.420000000000008,-0.0935168067803815,-0.1235168067803814,-0.0097247898294478,-0.0600000000000083,-0.053792016950942,0.1657051722108083,0.0299999999999914,0.3405504203411117,0.176422924369708,0.1032415966098045,0.0126775732259273,0.0795941806467788,-0.0919884176877219,-0.0024475039455998,-0.00522919572842,-0.1149206545303574,-0.0919475575342558,0.2417107562637149,0.1560863620698349,-0.3138758680240425,0.2211405041758068,-0.0488594958241931,-0.2335570594888479,-0.3441590373822409,-0.0466161023406187,0.030438671381059,-0.0097834315761208,0.1850541421059631,-0.0697834315761209,-0.0401082842119527,0.2999999999999908,0.2358346442306132,0.0299999999999905,-0.1258782714748969,-0.0900000000000093,0.1317565429497658,-0.1676348144246718,-0.180000000000009,0.1076348144246537,0.1590514326101576,-0.1013542209451771,-0.2632769585152585,0.01506233541610105,0.01506233541610105,0.23347826086956514,19,286.02985074626866
0.3599999999999999,0.0049999999999998,0.4,400,1.0946376811594205,47.91623188405797,43.77359989408182,46.13927536231884,0.0,-0.3101194475109182,-1.6001919996804326,-0.6000000000000097,0.0299999999999908,-0.090906483934357,-0.1500000000000093,0.1499999999999907,0.1799999999999904,0.2699999999999905,0.0299999999999903,-9.441336601412332e-15,0.0299999999999906,-0.0300000000000093,0.3299999999999908,-0.2100000000000091,0.029999999999991,0.0899999999999909,-0.0890920633861986,-0.150000000000009,0.0195245818203758,-0.2671606275564033,-0.150000000000009,-0.120000000000009,0.1199999999999906,-9.485745522397336e-15,0.1799999999999907,-0.0900000000000095,0.0299999999999903,-0.0900000000000098,-0.0900000000000098,-0.120000000000009,-0.150000000000009,-0.0502260198312081,0.0299999999999908,-0.5504357966331692,0.1799999999999899,-0.0600000000000097,0.0299999999999902,-0.1200000000000096,0.1199999999999902,-0.1800000000000096,-0.2400000000000095,-0.0600000000000097,-0.0300000000000095,-0.1200000000000095,0.0599999999999903,-0.5100000000000098,-5.55969871253733,-7.256256664125537,-0.5415279358215688,-0.1750466677355141,0.1199999999999907,0.0899999999999907,0.0299999999999906,0.0899999999999907,0.1199999999999907,0.1199999999999906,-0.0300000000000092,0.0599999999999907,-0.1500000000000092,2.3490013260896725,-0.3352815048729317,-0.1200000000000094,0.2699999999999907,-0.0300000000000094,-0.3300000000000095,-0.0300000000000093,-0.0900000000000093,-9.266855691249643e-15,0.1199999999999909,0.1499999999999908,0.0299999999999907,0.1499999999999907,3.0660472280266897,0.5765926066992654,0.0872796684897104,0.2699999999999908,-0.0300000000000089,0.1799999999999909,-0.0900000000000087,0.1199999999999911,-0.2400000000000089,-0.2400000000000086,-0.0002070357510088,-0.1200000000000086,-0.2100000000000087,-0.1800000000000087,6.524380796255314,1.90043173835265,0.5807174841385312,-0.073418860458594,-0.163418860458594,0.1634188604585773,0.2399999999999915,0.2399999999999915,0.0301652861492568,-0.2400000000000082,0.0167584033901783,-0.1332415966098216,-8.659739592076221e-15,-0.0600000000000085,0.0202752101705517,-0.0035168067803821,-0.0167584033901954,0.076758403390178,0.1967584033901778,0.1632415966098042,0.2683736743738463,-0.1726713445219142,-0.0300000000000089,-0.0021524515675044,-0.0694297479121011,-0.0522810083516409,0.1775524960543996,0.2905702520878988,0.0865784874725431,0.0411405041758065,-0.0694297479121013,0.0394297479120827,-0.0549458578940372,0.1250541421059628,0.0748375736820751,-0.3401082842119528,-0.2747292894701492,-0.3701082842119529,-0.0300000000000091,0.4499999999999904,0.3599999999999903,-0.2400000000000093,-0.0600000000000093,-0.5700000000000096,0.3541217285251022,-0.1200000000000096,0.0599999999999904,-0.0782434570502343,0.284832793189205,0.2249697924403231,0.17925573346474,-0.015453162617852205,0.015453162617852205,0.0946376811594205,20,285.25373134328356
0.4399999999999999,0.0099999999999998,0.4,400,1.3308695652173914,48.42884057971015,36.38887073940978,41.32884057971015,0.0,-0.6126255973978392,-0.7785309522595004,-0.6300000000000084,0.4476672489734107,0.2447537060898013,-9.007891199469652e-15,0.2099999999999908,0.2099999999999909,-0.1800000000000091,-9.189050930830442e-15,0.1199999999999909,0.1799999999999908,-0.0600000000000091,0.0599999999999906,-0.3000000000000095,-0.2700000000000097,0.2399999999999901,-0.2715212903719033,-0.1200000000000094,0.3614888157523984,0.3817209901139315,-0.0300000000000099,-0.2700000000000099,0.0599999999999902,0.35999999999999,0.3299999999999899,0.0899999999999902,-0.0900000000000096,-0.0900000000000096,0.1199999999999903,-9.767058724189864e-15,-9.898918594220354e-15,0.2027173178620547,0.1499999999999908,-0.4878296209536214,0.0299999999999905,0.1199999999999907,0.4499999999999902,0.0599999999999907,0.0299999999999908,0.0299999999999907,0.1499999999999909,0.0599999999999906,0.0299999999999906,0.0899999999999907,-9.432454817215331e-15,-0.180000000000009,-1.5653289922230198,-2.626099299504576,-0.45122655782422,0.0299999999999906,-0.1500000000000093,-0.0900000000000091,-0.1802070357510089,0.1199999999999911,-8.908429549592256e-15,-8.801848139228241e-15,-8.829278832101332e-15,-9.023892744153272e-15,0.3299999999999909,-3.7436818285488926,-0.3355132205730769,-0.2668389412847927,-0.1800000000000087,-0.4200000000000086,0.2999999999999913,0.1799999999999915,0.0599999999999916,-0.1800000000000082,0.2999999999999918,0.4799999999999918,0.0599999999999917,0.1499999999999918,6.152256376584562,0.5028846452059539,0.4799999999999925,-0.0600000000000075,-0.0900000000000074,-0.0300000000000074,-0.3600000000000073,-0.2700000000000073,0.0599999999999925,-0.0300000000000072,-0.1200000000000072,0.2099999999999927,-0.0600000000000071,0.0299999999999927,3.1189443217861386,0.1436486487898156,0.0495219524218689,0.3104780475781171,0.0216743649565944,-0.082563919224109,0.2044594570115574,-0.1255412131064784,-0.2314799179198891,-0.1444965814074206,-0.0538425975241057,0.0355793704205787,0.1199999999999934,0.1736754418343361,-0.0324909780482602,0.0111014977258873,0.0134188604585791,-0.0100793175269914,0.0167584033901799,0.0033395429315942,-0.0167584033901935,-0.0335168067803802,0.0670336135607401,-0.1508256305116877,-0.0167584033901937,-0.0502752101705676,-7.462453302419205e-15,0.0502752101705517,0.0167584033901781,-0.0502752101705686,-0.0038118486977298,0.0205702520878993,-0.0617107562637324,0.082281008351623,-0.0411405041758245,0.0411405041758071,0.0822810083516228,-0.0617107562637326,-0.0908097323290089,0.249458578940272,-8.645296158693234e-15,-8.575901952622733e-15,0.0249458578940192,-0.0748375736820929,-0.0549458578940369,0.0299999999999907,0.0299999999999907,-0.1200000000000093,0.0055013697821718,0.0599999999999906,0.0058782714748782,0.015687960383311505,0.015687960383311505,0.3308695652173914,21,284.4776119402985
0.4199999999999999,0.0149999999999998,0.4,400,1.3236231884057972,47.32449275362319,35.75375013686631,40.581739130434784,0.0,-1.0001793695129022,-1.859001910245326,-0.6000000000000093,-0.0900728476691541,0.5126433101570885,-0.0600000000000093,-0.1200000000000093,-0.1200000000000093,0.3599999999999905,0.3599999999999907,-0.2400000000000089,-0.0600000000000091,-0.180000000000009,0.0599999999999908,-0.0300000000000091,0.0299999999999907,-0.0300000000000091,0.3591987241413645,-0.090000000000009,0.2281702003879676,-0.5379150732689848,-0.305118383625878,0.2099999999999903,-0.1800000000000097,-9.989103329114894e-15,-9.9387165164444e-15,-0.1200000000000098,0.02999999999999,-0.2100000000000098,0.1499999999999901,0.2399999999999906,-0.0600000000000094,0.2784289487760409,0.1799999999999908,0.1701354653247306,-0.0300000000000095,0.0299999999999904,-0.2100000000000095,-0.2700000000000094,0.0899999999999904,-0.2400000000000093,-0.2700000000000093,-0.0300000000000093,0.0599999999999907,-9.32272976745828e-15,0.2099999999999908,-0.0300000000000094,0.114769318070236,-0.1843635651194121,-0.151823080962262,-0.2400000000000093,-0.1500000000000095,-0.1200000000000094,0.0899999999999905,0.0897085371819638,-0.1200000000000093,-0.0300000000000091,0.2099999999999908,-0.240000000000009,0.1499999999999905,-3.3357800581542616,-0.9660429896317408,-0.3300000000000088,-0.1500000000000088,-0.3000000000000087,-0.0900000000000087,0.0599999999999911,-0.1800000000000087,-0.0300000000000088,0.1199999999999911,-0.1500000000000087,-0.0600000000000088,-8.819611707622243e-15,4.335750688604354,0.5335567380429481,-8.515906471826072e-15,-0.0600000000000083,-8.393286066166183e-15,0.2099999999999916,0.2999999999999915,0.2699999999999916,0.7199999999999919,0.1799999999999916,0.0599999999999918,0.0899999999999919,-0.6300000000000072,-7.814894121795646e-15,6.594232209939439,-0.1387768475487897,0.3763596733390399,0.0402565813757497,-0.4199175839103752,0.1531622790828209,-0.1378455675629392,-0.6670433241367373,0.003062836675235,0.288172058961135,0.2989139260482479,0.1343844069630173,0.0391482029952503,-0.1632415966098205,-0.0944880268891539,-0.068972817155474,0.116427952324575,0.1340672271214867,-0.0670336135607539,-0.0502752101705677,-0.1843424372920613,-8.195666367782905e-15,-0.0167584033901949,0.0167584033901783,0.0837920169509253,-0.0205702520879165,0.0167584033901781,-0.0411405041758244,0.0411405041758072,-0.0205702520879165,-0.2674132771428117,-0.0411405041758245,-0.0205702520879167,0.0205702520878991,0.0043756058061113,0.0455161099819272,0.1496751473641596,0.1452995415580394,-0.1247292894701486,0.0249458578940192,0.059999999999991,-8.98475474901952e-15,0.0599999999999909,-0.3600000000000094,-0.3000000000000091,-0.0055013697821906,0.0658782714748782,-0.1372579127319657,-0.0358782714748967,-0.0358782714748963,0.1435130858995416,0.016225576973743317,0.016225576973743317,0.3236231884057972,22,283.7014925373134
0.4349999999999999,0.0149999999999998,0.4,400,1.3459420289855073,47.614782608695656,35.37654786260364,40.21173913043478,0.0,-0.4672298951348385,-0.5290922700858036,-0.3900000000000092,-0.1500000000000091,-0.2113918110424956,0.1499999999999907,0.239999999999991,0.3599999999999907,0.1199999999999909,-0.0900000000000091,0.1499999999999908,-9.285833712319721e-15,-9.299228054260312e-15,-0.0300000000000091,-9.295632341194456e-15,0.3599999999999906,-0.1200000000000093,-0.0624803624179122,-0.2400000000000093,0.2575477607615133,0.0628554694515541,-0.0959075835737212,0.1740924164262786,0.0599999999999899,0.0599999999999899,0.02999999999999,-0.0600000000000098,-0.0900000000000097,-0.1500000000000096,0.0299999999999902,-0.1500000000000095,0.2399999999999905,0.6841476361134603,0.2999999999999907,-0.5048350845642098,-0.4204213749181058,0.1499999999999905,0.0599999999999905,0.1199999999999905,-0.2100000000000093,0.0899999999999906,0.1199999999999906,-9.034071781055741e-15,-0.0600000000000092,-0.0600000000000093,0.1499999999999907,-0.2400000000000093,-2.4526931423822225,-2.163746196075799,-0.9090632108466832,-9.370282327836322e-15,-0.0600000000000094,-9.284619259643649e-15,-9.161560399206791e-15,-0.120000000000009,-0.240000000000009,0.179999999999991,0.6599999999999909,-0.1800000000000092,0.2999999999999909,-15.499528335066534,-0.835543226631587,0.1798347138507257,0.0899999999999911,-0.1500000000000087,0.4199999999999909,0.0299999999999912,0.3899999999999912,-0.4500000000000084,-0.1500000000000083,-0.4500000000000081,-0.1800000000000085,-8.588685318500211e-15,7.740850674132317,0.1498463568510382,0.1199999999999918,-0.6900000000000079,-0.4500000000000077,-0.3300000000000077,0.0299999999999921,-0.3300000000000077,-0.0900000000000077,0.1199999999999921,0.2699999999999923,0.3599999999999925,-7.44293515708705e-15,0.1159803557525508,10.958680591177732,0.0826472697608689,-0.0390439048437586,0.6607457153047455,0.1601449315158895,0.1703012880886645,0.0791354386643256,0.1219114417313559,0.1236581493399048,-0.091444651022601,-0.0004633741706982,-0.0194817000343942,0.0134188604585789,0.0134188604585789,-6.742651929017949e-15,-0.0469356672389659,-0.0300381770790264,0.0134188604585789,-0.0033395429316078,-0.0335168067803804,0.0167584033901798,-0.1173088237313146,-0.0167584033901941,-0.050275210170568,0.0335168067803655,0.1005504203411118,0.0670336135607385,-0.0038118486977298,0.0167584033901781,-0.0205702520879165,-0.0205702520879164,0.0617107562637151,-0.0617107562637325,-8.732674486781303e-15,0.0249458578940192,0.0822810083516228,-0.0205702520879167,-0.0205702520879167,-0.1247292894701487,0.0748375736820757,0.0299999999999911,0.1398917157880472,-0.0600000000000089,0.0849458578940191,-9.103828801926284e-15,0.1499999999999905,-0.1200000000000094,0.0658782714748782,-0.0358782714748969,0.0062551731675849,0.2090144556817226,-0.01675315087270533,0.01675315087270533,0.3459420289855073,23,282.92537313432837
0.4549999999999999,0.0149999999999998,0.4,400,1.3557971014492751,48.22695652173913,35.57092463923036,40.58898550724638,0.0,-1.14414388621339,-0.8345291783883816,-0.6913431204141267,-0.1500000000000091,-0.0299955352658306,-0.2400000000000089,0.2099999999999909,0.1799999999999909,-0.0900000000000091,-9.20765967825709e-15,0.1799999999999909,-0.0900000000000093,-0.1200000000000091,0.1199999999999905,0.1199999999999905,0.2099999999999902,0.3299999999999899,0.0599999999999906,-0.2700000000000094,-0.3719409213078281,-0.3373943685767155,0.0299999999999901,-0.2100000000000098,-0.1500000000000098,-0.0600000000000097,-0.0300000000000097,-0.0300000000000097,-0.1500000000000096,0.1199999999999903,-9.606912521707556e-15,0.1205568842291282,-9.921463268037767e-15,-0.1948209439367643,-0.1215725916870227,0.2894206475989805,-9.410250356722827e-15,0.2099999999999907,-9.251675493882271e-15,-0.0600000000000093,0.0899999999999908,-0.1500000000000092,0.0299999999999906,0.2999999999999909,0.1499999999999906,0.35999999999999,-0.1500000000000093,0.2699999999999907,2.848650595229111,2.3911649813562947,0.3269633311622361,0.2705002182599357,-0.2100000000000091,-0.3300000000000094,-0.0600000000000088,-0.1800000000000087,0.0299999999999911,-0.2400000000000087,-0.2100000000000087,-0.390000000000009,-0.1800000000000087,4.254757272362307,0.3562109455350547,-0.2115129254117791,-0.2100000000000087,0.3599999999999913,0.5099999999999913,0.1199999999999915,0.4799999999999917,0.1799999999999918,-8.09130540346814e-15,-0.3900000000000079,0.1499999999999917,0.2099999999999917,-5.735916142697692,0.2919042410048176,-0.0887794947947286,-0.0600000000000075,0.6299999999999927,0.1799999999999927,0.0899999999999927,-0.0300000000000072,-0.0900000000000072,0.0599999999999927,0.2099999999999928,-7.30082660993503e-15,0.2699999999999928,-0.0616126061609829,-0.8885825347019349,0.05926276865107,0.1598428500684019,-0.1071053886438064,0.0150121417813929,-0.2576420384401009,0.0582730013614156,0.0075754033519499,-0.0917824965017038,0.0536754418343379,0.0164717395290015,-0.013418860458591,0.0536754418343364,-0.0402565813757637,-0.013418860458592,0.0536754418343362,-0.0536754418343496,0.0134188604585789,0.0134188604585789,0.013418860458579,-6.752101061146269e-15,-0.0335168067803803,0.0167584033901799,-0.1173088237313143,0.0335168067803663,-0.0335168067803811,0.134067227121486,0.1005504203411119,0.0167584033901781,-8.506885784282811e-15,-0.0784691596539191,-0.0205702520879164,-0.0822810083516403,-0.0411405041758244,-0.1234215125274562,0.0411405041758071,0.020570252087899,-8.844162658354916e-15,-8.695266728864225e-15,-0.0498917157880644,0.0249458578940193,-8.716350432269244e-15,0.0249458578940191,-0.0748375736820929,-0.0300000000000089,0.2699999999999909,-0.1200000000000093,0.0899999999999904,0.0713796412570595,0.024121728525103,0.0955013697821717,0.01780948058093843,0.01780948058093843,0.3557971014492751,24,282.14925373134326
0.2849999999999998,0.0149999999999998,0.4,400,1.1972463768115942,42.32463768115942,35.351652342331434,39.24289855072464,0.0,-0.432491827323454,-0.4483337528205119,0.206596294497603,0.2099999999999911,-0.0579415056655308,0.0299999999999911,-8.871030191743305e-15,0.0599999999999911,0.2699999999999911,-8.877343304902751e-15,0.239999999999991,0.1799999999999909,0.3299999999999909,0.0299999999999907,-0.1500000000000093,0.0299999999999906,0.1199999999999905,0.1489191873198402,0.0599999999999916,-0.1674804378511424,0.1828171839309276,0.3299999999999905,-0.0900000000000093,0.2999999999999906,0.0299999999999905,-9.459100169806334e-15,0.0299999999999905,0.0599999999999903,0.0299999999999906,-0.0600000000000094,-9.467981954003335e-15,0.0299999999999906,-0.4968134783269879,-0.6634389832567383,0.1647380216875732,-0.1200000000000091,-0.180000000000009,0.0299999999999909,-9.127795286129167e-15,-0.0300000000000091,-0.0300000000000091,-0.120000000000009,0.0599999999999908,-9.265462941182688e-15,-0.0600000000000092,0.2399999999999907,-0.3900000000000089,0.8378958329751163,1.2899999999999914,-0.193648450689279,0.2699999999999905,-0.0900000000000098,-9.99508122080038e-15,0.17999999999999,0.17999999999999,0.02999999999999,-0.1500000000000099,-0.2100000000000099,-0.2400000000000101,-0.1800000000000099,1.9682103325512312,1.0631918606488668,0.5701313759972487,-9.707790127322369e-15,0.0599999999999902,0.3599999999999902,-0.0600000000000096,-0.1500000000000095,-9.605872475995212e-15,0.0599999999999903,0.1199999999999902,0.0599999999999903,0.0299999999999904,13.831594745486337,0.5603549140549373,0.2561622826566581,-0.1200000000000094,-0.2100000000000094,-0.0600000000000094,-9.454659277707831e-15,0.2099999999999905,0.1199999999999905,-0.2700000000000094,0.2099999999999904,-0.0600000000000093,-0.1500000000000092,-0.1800000000000094,-2.2726107717506965,-0.7255636272005589,-0.1245549795006963,-0.472395809811201,-0.2805223608962767,-0.0546391940242316,-0.0011182730639593,-0.4845849227683893,0.0150189586732047,0.368067104723848,0.9853048315393544,1.1770001498455742,1.6629408520401534,2.125816063448375,1.6589772745245333,0.8954653457656732,0.588910419225964,1.0935633186606133,0.9737885595105398,0.3686986174909497,0.0821603793497997,-0.1758524768306449,-0.1442949560955191,-0.2755325466842018,-0.1499488942018772,0.3491089447825977,0.1021425696494722,0.396533522963577,-0.2839282683079112,-0.3853644047141418,0.1704146409222159,0.0385462280777174,-0.8507582267663442,-0.0544407352410215,-0.593040112853625,-0.7423221211004954,-0.9741420094161978,-0.6346725820417135,-0.607664176488452,-1.3743510827900465,-0.8789713193498642,-1.373386752723169,-1.152924185401526,-0.7410624368945052,-2.3713994811094694,-2.1768084682533537,-1.862049440489092,-2.1017465397523454,-2.250000000000008,-1.7700000000000071,-2.070000000000008,0.018059929134381612,0.018059929134381612,0.19724637681159418,25,281.3731343283582
0.4549999999999999,0.0049999999999998,0.4,400,1.288405797101449,49.82173913043479,38.669291338582674,43.63913043478261,0.0,0.1119622896808907,-0.6034526707943564,-0.4500000000000093,-0.0900000000000094,-0.0915705580519384,-0.210000000000009,-0.0600000000000091,0.0899999999999907,0.1199999999999906,-0.1500000000000094,-0.2400000000000097,-0.4500000000000101,-0.0300000000000097,0.17999999999999,-0.0600000000000097,0.0599999999999901,-0.0900000000000098,-0.0607500881213976,-0.0900000000000094,0.4263903394227561,0.3320721495679666,-0.2100000000000097,0.0599999999999902,0.1799999999999904,0.1199999999999902,0.0299999999999903,-0.0900000000000095,0.1499999999999903,-0.1800000000000094,0.1199999999999904,-0.0894890336998591,0.11999999999999,-0.1162864203555369,0.2399999999999909,0.3268472226526153,0.0008380117899692,0.2399999999999909,-0.0600000000000092,0.0899999999999905,0.0899999999999906,-9.485745522397336e-15,0.2999999999999906,0.0899999999999905,0.1199999999999904,0.0299999999999905,0.0299999999999905,0.1199999999999907,-2.2459917027595724,-1.5318412678657074,-0.4426409218212355,-0.1193342672228089,0.2099999999999911,-0.1200000000000088,-8.806681701467785e-15,-0.1500000000000087,-0.0300000000000088,-0.2700000000000088,-0.0900000000000088,-0.0900000000000088,-0.3300000000000087,3.507017368349973,-0.2317091857531778,-0.0793610200123864,0.0299999999999916,-8.187280456537027e-15,0.2999999999999921,0.3299999999999919,0.4799999999999925,0.7499999999999928,0.4499999999999928,-0.1800000000000073,-0.2400000000000075,-0.2700000000000075,4.054294770350117,0.0519206742649839,-0.0600000000000072,0.1499999999999928,0.0899999999999927,-0.0300000000000072,-0.0600000000000073,-0.0300000000000073,0.0599999999999926,0.0599999999999925,0.0899999999999926,-0.0300000000000073,-7.329146478307621e-15,-0.0600000000000073,-1.1629333029580398,-0.064588475301374,0.0599999999999925,-7.329146478307621e-15,0.0032204302288224,0.0599999999999926,-7.329146478307621e-15,-7.329146478307621e-15,0.025181292454108,-0.0300000000000073,-0.0016421809034249,-0.0150947617292386,-0.040820265992326,0.1256837042678825,-0.0029631446480958,-0.0645542435329476,0.0250603428463269,0.0164717395290006,0.1207697441272656,-0.1476074650444495,-0.0805131627515209,0.013418860458579,-0.0670943022929354,-0.0670943022929353,0.0134188604585789,0.0603545276975381,-0.0167584033901935,-7.128636700798723e-15,0.0536147531021536,0.0167584033901793,-0.016758403390195,-0.1173088237313154,-0.0205702520879165,-8.554337990033025e-15,0.0411405041758072,-0.0167584033901953,-0.1439917646153642,-0.0822810083516404,0.0617107562637149,-0.0455161099819448,0.0748375736820757,-0.0498917157880645,-0.1746210052582046,0.199566863152216,0.0498917157880473,-0.0600000000000088,-0.0900000000000089,-0.0600000000000091,-0.0300000000000091,-0.1500000000000093,0.0899999999999905,0.01862792944790257,0.01862792944790257,0.2884057971014491,26,280.5970149253731
0.4399999999999999,0.0049999999999998,0.4,400,1.2989855072463767,49.23623188405797,37.903603704116925,42.87724637681159,0.0,-0.8045748482477733,-0.7640111478555163,-0.4800000000000093,0.1799999999999907,0.2662176949973513,0.0599999999999908,-0.0300000000000091,-0.0600000000000092,-9.231697828105064e-15,0.2099999999999909,-0.1200000000000093,-0.2700000000000095,-0.2400000000000095,-0.3000000000000097,-0.0300000000000096,-0.1800000000000098,-0.0600000000000098,0.361551363980005,0.1199999999999906,-0.2726278567166663,-0.1760800183233015,0.0272797327557623,-0.2400000000000097,0.0899999999999902,-0.2100000000000094,-9.738950660991326e-15,-9.645691926922813e-15,-0.0600000000000096,0.0899999999999904,-0.1200000000000096,-0.0600000000000099,0.11999999999999,0.1850498376363503,0.269999999999991,-0.4100646788464782,0.0899999999999906,0.0299999999999908,0.0899999999999908,-0.2100000000000089,0.0299999999999906,-0.2400000000000091,-0.1500000000000092,-0.1500000000000093,0.0599999999999906,-0.2700000000000095,-0.0900000000000095,-0.1496224539158974,-6.380156953878984,-5.671841267865708,-0.8569944802497106,-0.270000000000009,-0.2400000000000089,-0.2700000000000089,-0.0300000000000088,-0.2700000000000087,0.0599999999999911,-8.882176867142296e-15,-0.0300000000000088,-0.1500000000000087,0.0599999999999911,6.740904464232517,0.8798713926637707,0.209999999999991,-0.3600000000000085,0.0599999999999915,-0.2100000000000083,-0.420000000000008,-0.1500000000000081,0.119999999999992,0.5999999999999922,0.299999999999992,0.359999999999992,0.0899999999999919,2.6519590670366373,0.4146652438218282,0.2502661152867144,0.2699999999999927,0.1499999999999926,0.0599999999999927,0.1199999999999928,-0.0600000000000072,-0.3000000000000071,-0.0600000000000072,-0.1200000000000071,0.0599999999999926,0.1799999999999927,-0.1800000000000072,3.718224653002589,-0.1903438533576588,0.039509236325015,-0.1200000000000071,-0.0300000000000071,-0.0195219524218833,0.0357656225561456,0.2156593400322321,-0.1256274683153029,-0.2164867057645295,-0.122564653605534,0.01575446941784,-0.0818750721120398,-0.113199989712809,-0.3294021306437482,-0.0146125365703554,0.0339732312546389,-0.0137013845838938,-0.0290237098973981,0.0103659813881581,0.0268377209171647,0.0268377209171647,-0.0704338452245363,-0.0100793175269915,-0.0033395429316078,0.0167584033901798,-0.0502752101705671,-0.0837920169509414,0.0837920169509256,0.1005504203411123,-8.548747560699856e-15,-0.0335168067803819,-0.0205702520879165,0.0617107562637152,-0.0411405041758244,-0.1645620167032721,0.1028512604395309,0.0205702520878992,-8.807045296472253e-15,-8.815927080669254e-15,0.0748375736820757,-8.286704655802168e-15,0.0748375736820754,-8.576192675957464e-15,-0.0249458578940368,-0.002638092942679,0.1199999999999909,0.2399999999999909,0.4799999999999904,-0.0900000000000093,-0.0600000000000093,-0.02044221363199463,0.02044221363199463,0.29898550724637674,27,279.82089552238807
0.2549999999999998,0.0049999999999998,0.4,400,1.0466666666666666,43.3327536231884,41.40072002215453,42.7568115942029,0.0,0.1738433867140564,0.1426409964034999,-0.0015725916870221,0.0015765828642575,0.2078476960910523,0.0599999999999912,-0.0600000000000088,0.0290363141969723,0.0299999999999911,0.1199999999999911,0.2099999999999911,-9.00908734319526e-15,-0.060000000000009,-0.0300000000000091,-9.094947017729284e-15,-0.0600000000000093,0.269999999999991,-0.0011425550784599,0.2399999999999918,-0.1514923338820803,-0.0580276963899341,-9.499068198692841e-15,-0.2100000000000094,-0.1200000000000092,-0.3000000000000092,0.1499999999999906,0.1799999999999906,-0.0300000000000095,-0.0300000000000095,-0.3000000000000092,0.0899999999999906,-0.0300000000000093,-0.404493973589651,-0.3647274442812446,0.0324488419271441,0.0299999999999906,0.0899999999999908,-9.183764859699296e-15,-0.0600000000000091,0.2399999999999909,0.1199999999999908,-0.1500000000000089,-0.1500000000000089,-0.0600000000000091,0.0899999999999908,-9.198849559705179e-15,-0.0300000000000091,-0.630218613147767,-2.249804551389674,-0.534862616769049,-9.396927680427323e-15,-0.0300000000000095,0.1499999999999904,0.2099999999999902,0.0599999999999901,0.1199999999999901,-0.0300000000000098,-0.1800000000000101,-0.0600000000000097,-0.1200000000000096,0.4367213468623819,0.5455164679807788,-0.0300000000000099,-0.0900000000000099,-0.1800000000000098,0.17999999999999,0.1199999999999901,-0.0600000000000097,0.0299999999999902,0.2999999999999902,-0.0300000000000097,0.1799999999999902,0.1499999999999902,2.421578324995324,0.9077410064956252,0.1799999999999904,0.2699999999999904,0.0899999999999902,-9.610164790134808e-15,0.0899999999999902,-0.0600000000000096,0.2999999999999903,-0.0600000000000096,0.1799999999999908,0.0299999999999904,-0.0600000000000095,0.0299999999999903,3.1621263191544107,-0.5546116237934673,-0.0657614323097441,-0.1825316415631815,-0.460940921549351,-0.2800334307633446,-0.2929958936647093,-0.560066861526679,-0.4449052624726154,-0.4767489215157743,-0.7060166879901897,-0.3980888047009079,-0.2440127451095242,-0.2375293021308731,-0.3340675817623517,-0.0326420136914167,-0.7117443063692491,-0.3916081372483133,-0.615282003736596,-0.7166074884186807,-0.0687240302755322,-0.2846356715894361,0.155213132542318,0.0248591980860018,-0.1801099013237777,0.1420385888085543,-0.3777056032409049,-0.057269082997045,0.2403706730743969,0.2705655677223209,-0.249755886727829,0.0001617311825144,0.0321676494951428,-0.0299822521344922,-0.0809107708247763,0.0653229009057247,-0.124087014875391,-0.2148254217402312,0.1593470144284476,-0.3186206409631489,-0.065771496641725,-0.1955363001920295,0.0299999999999913,-0.121657165750058,0.0307001632817424,-0.0600000000000094,0.3299999999999904,0.1499999999999905,0.329999999999991,-0.2400000000000086,-0.120000000000009,-0.02137902009127728,0.02137902009127728,0.046666666666666634,28,279.04477611940297
0.2949999999999998,0.0049999999999998,0.4,400,1.0610144927536231,45.223333333333336,42.62272913536402,44.27304347826087,0.0,-0.6134733746953952,0.5311530060196323,0.5999999999999907,-0.1200000000000091,-0.3600305089179593,0.2999999999999909,-0.0300000000000091,-0.0600000000000092,-9.339196083146816e-15,0.0599999999999906,0.0299999999999905,0.0299999999999905,0.1199999999999905,0.0899999999999904,-0.1200000000000095,-0.1200000000000093,0.0599999999999904,0.0299999999999915,-0.2700000000000085,-0.116858388777494,-0.1799576234147273,0.0299999999999906,-0.0900000000000095,-0.1200000000000097,0.2099999999999909,0.0899999999999906,0.1499999999999908,-0.030000000000009,-0.030000000000009,-0.060000000000009,0.0599999999999903,-0.0900000000000095,-0.249360627034902,-0.0283428342499599,-0.0426175510423962,0.1199999999999908,-9.189967775508178e-15,-0.0300000000000092,0.0599999999999906,-0.0600000000000094,-0.1800000000000094,0.1499999999999904,-0.1200000000000097,0.2699999999999902,0.1499999999999901,-0.1500000000000098,0.2399999999999907,1.4262777372064943,0.5099999999999916,0.3312254043250814,-0.0300000000000098,0.1799999999999901,0.0599999999999901,-9.765521724602876e-15,0.0299999999999902,0.1799999999999902,0.1799999999999902,0.1499999999999904,-0.0900000000000097,0.0599999999999902,-1.1716060865700766,-0.0863353235097776,0.0899999999999904,-0.1500000000000095,-9.525862129242747e-15,0.0899999999999905,-0.1800000000000093,0.2399999999999904,-0.1200000000000093,-0.2700000000000092,0.0299999999999906,0.0599999999999906,0.0299999999999906,4.271343776248765,0.636063772733171,0.1199999999999908,0.1499999999999907,0.2099999999999907,0.1499999999999908,0.2999999999999906,-0.0600000000000093,0.0899999999999907,-0.2100000000000092,-0.0300000000000093,-0.0600000000000092,0.0899999999999907,-0.3300000000000092,-1.2671669632770917,-0.0946409506381391,-0.0237095647541505,-0.3922528935974451,-0.093692807379753,0.0344880830417739,-0.0885038220138839,-0.0485897275040809,0.3367632580117392,0.1401240825692077,0.0880194754161546,0.0787389279740136,0.2755230984380531,-0.2468041811917435,-0.5402365922177677,0.0299999999999908,0.1649850665853068,-0.1932718150299666,-0.1915241759988643,-0.2251063899118538,0.2305702520878987,-0.0850115213379864,-0.1588188749674304,0.0578985397770524,0.393362922656262,-0.1748679052102992,0.5274083009121372,1.0481439764411402,1.006274934694337,0.224923996629876,0.2319072899577847,-0.5217849552786917,-0.8702622442271206,-0.4125949036824267,-0.459999542772885,-0.6289549795381608,-0.4183413669994498,-0.3619659354921932,-0.2178359839385032,-0.5240055518147227,-0.4865805686122446,-0.4648491139893848,-0.596417292027093,-0.6856808359406331,-0.0223035317657497,-0.6242595828682144,-0.8502562595222988,-0.7446893405034102,-0.8584795499044872,-0.558472852117289,-0.7268360005357652,-0.021754746326439717,0.021754746326439717,0.06101449275362314,29,278.2686567164179
0.1649999999999997,0.0049999999999998,0.4,400,1.0126086956521738,38.5831884057971,38.102762272792326,38.56666666666667,0.0,-1.1613033756960942,-0.8888653183369987,-0.4200000000000082,0.3599999999999908,-0.0600667675600761,-8.970602038971265e-15,-0.0900000000000088,-0.0600000000000088,-0.0900000000000085,0.4199999999999912,-0.0300000000000084,-0.4500000000000075,0.0299999999999917,-0.0300000000000081,0.0899999999999917,-0.2700000000000077,0.149999999999992,0.1185840319167283,0.2099999999999905,0.1868122310936394,0.0253025658612317,-0.1200000000000082,0.1499999999999917,-0.4500000000000077,0.0599999999999914,0.2399999999999914,-0.1200000000000086,-8.558295523787314e-15,-0.0600000000000087,0.3899999999999914,-0.120000000000008,0.5099999999999918,-0.0572460432777639,-0.3281587321343091,-0.0382804857153823,0.1189787466467056,0.0599999999999911,-0.0300000000000088,0.0899999999999911,-0.0900000000000089,0.119999999999991,0.1499999999999911,-0.1200000000000089,-0.1800000000000091,-0.3600000000000091,0.1199999999999909,0.0599999999999912,1.967055632587721,1.5321644855509202,0.0036409295022795,-9.488696407944295e-15,-0.1200000000000095,0.1499999999999905,-0.0891461520023366,0.0599999999999905,-0.0300000000000094,0.0299999999999905,-0.3300000000000092,0.0899999999999904,-0.4200000000000096,-0.7417073891244759,-0.6491340873162694,-9.472422846101836e-15,-0.0300000000000094,0.1199999999999905,-0.0300000000000094,0.0899999999999904,0.1799999999999906,-0.0300000000000093,0.0299999999999903,-0.0300000000000095,0.2099999999999906,0.0899999999999905,0.3309842107334542,0.5401040792638697,0.2692998367182388,-0.0900000000000094,0.1799999999999906,-0.1500000000000096,-0.1200000000000094,-0.0900000000000094,-0.0600000000000093,0.3599999999999908,0.0599999999999905,0.1799999999999904,0.0599999999999905,0.1499999999999902,-0.1306112270466596,0.36528937420385,0.0299500751603541,0.0899999999999904,-0.2100000000000095,-0.0900000000000095,-0.2700000000000094,0.3599999999999905,-0.1200000000000095,0.3899999999999902,0.2999999999999904,0.2399999999999904,0.2099999999999907,0.2699999999999907,0.35999999999999,-0.2400000000000095,-0.42000000000001,-0.57000000000001,-0.2700000000000093,0.2699999999999907,0.0899999999999905,0.2699999999999907,0.1799999999999909,-9.453176553045324e-15,0.1799999999999906,0.0899999999999906,0.2099999999999908,-9.15267861500979e-15,0.0899999999999908,0.0599999999999908,-0.1800000000000091,0.2099999999999909,0.089999999999991,0.2999999999999911,0.3599999999999912,0.2109636858030099,0.2699999999999913,-0.1200000000000086,0.1499999999999912,0.148978746646706,-0.2400595593268741,-0.2654300976847492,1.0157367772285677,1.112437221436538,2.562768976691879,2.7984405337476925,0.7716462155347378,-0.2113418604966015,-2.7425822215576505,-5.7628631942714525,-7.017270254253202,-0.022427017459954415,0.022427017459954415,0.012608695652173818,30,277.4925373134328
0.49,0.0049999999999998,0.4,400,1.2581159420289856,51.06739130434783,40.59036977306762,45.52985507246377,0.0,-0.748550515527821,-0.8661980424256547,-0.3900000000000092,-0.1200000000000095,-0.090438182952214,-0.0600000000000095,0.3299999999999903,0.3299999999999904,0.1499999999999901,-0.1500000000000098,-0.0900000000000098,0.26999999999999,0.02999999999999,-0.2700000000000098,-0.2700000000000098,-0.5100000000000101,-0.1200000000000097,-0.3614188376958276,0.1799999999999904,0.149898026401554,-0.5689107772960995,-0.2100000000000093,-9.610387657073167e-15,0.2099999999999903,0.0899999999999905,0.2699999999999904,0.0299999999999907,0.0899999999999906,0.1199999999999907,0.1499999999999906,0.1799999999999902,-0.0300000000000097,-0.8145050439207553,-0.030000000000009,-0.4728098847878311,-0.0600000000000092,0.1799999999999907,-0.3300000000000094,-0.0600000000000094,-9.402995139879735e-15,0.0299999999999905,-0.0600000000000093,0.0299999999999907,0.2399999999999909,0.1799999999999909,0.179999999999991,0.0599999999999904,-5.977434336097449,-6.378943394606536,-0.2505650699583476,0.4499999999999909,0.0899999999999911,0.2699999999999913,0.6299999999999916,-0.0599175839103761,-0.0900000000000082,-0.300000000000008,0.3599999999999921,0.0299999999999916,0.3599999999999914,10.768837880895887,-0.3046630130098422,-0.1500000000000077,-0.2700000000000073,-0.0900000000000072,-0.2100000000000071,-7.269773855561157e-15,-0.2700000000000071,-0.0900000000000072,-0.0300000000000073,-7.323131541374428e-15,-0.0300000000000073,-0.0600000000000073,0.5716296942220238,-0.016997822806001,-7.329146478307621e-15,-7.329146478307621e-15,-7.329146478307621e-15,-7.329146478307621e-15,-7.329146478307621e-15,-7.329146478307621e-15,-7.329146478307621e-15,-7.329146478307621e-15,-7.329146478307621e-15,-7.329146478307621e-15,-7.329146478307621e-15,-7.329146478307621e-15,6.897542640197469,0.2046519725584552,-7.329146478307621e-15,-7.329146478307621e-15,-7.329146478307621e-15,-7.329146478307621e-15,-7.329146478307621e-15,-7.329146478307621e-15,-7.329146478307621e-15,-7.329146478307621e-15,-7.329146478307621e-15,-7.329146478307621e-15,-7.329146478307621e-15,-0.0016571657500566,-0.0032204302288369,-0.0095448414918192,0.0326456861177244,0.0611801004134268,0.0201000788030199,0.0610938267663789,-0.0416828118356779,-0.0537875080243075,0.0402565813757518,0.1073508836686801,0.0939320232100945,0.0134188604585792,-0.1207697441272782,0.0268377209171647,-0.0134188604585924,0.0033395429315942,-0.0937322477081725,0.0335168067803665,-0.1709235768334759,-0.0502752101705676,-0.0837920169509419,0.0373286554780862,-0.0205702520879165,0.037328655478086,-0.037153902106825,-0.0617107562637325,-0.0411405041758246,0.041140504175807,-8.764400994160108e-15,0.0997834315761034,-0.0249458578940363,-0.0748375736820925,0.2494585789402719,-0.0549458578940369,-0.0498917157880649,0.239999999999991,0.1199999999999909,0.022912455165933227,0.022912455165933227,0.2581159420289856,31,276.7164179104478
0.3699999999999999,0.0149999999999998,0.4,400,1.2144927536231884,46.39376811594203,38.20011933174224,42.060434782608695,0.0,-0.2077303629937251,0.0748401770206701,-0.5684274083129963,-0.2100000000000091,0.1189814806899539,-0.0600000000000095,-0.2700000000000094,-0.0900000000000095,-0.3300000000000091,-0.2100000000000095,0.0299999999999904,-9.421324627870728e-15,0.1799999999999906,-0.0300000000000093,-0.0600000000000093,-0.2100000000000091,-0.0900000000000092,0.0009079366138014,0.0599999999999912,0.3004621377752277,-0.2539254636387628,-9.163322422917176e-15,0.0599999999999907,0.0599999999999908,0.2399999999999908,-9.201528428093295e-15,0.2399999999999906,0.0599999999999905,0.1799999999999904,0.2399999999999905,-0.0900000000000089,-0.0900000000000089,0.3432416394379665,-0.060000000000009,-0.383353024565706,-9.988246756177731e-15,0.1799999999999899,0.02999999999999,0.1499999999999901,0.1799999999999901,-9.72555369571637e-15,0.1199999999999902,0.0299999999999903,-0.0300000000000095,-9.583593726523257e-15,0.0899999999999902,-0.0600000000000097,-3.693771397694054,-3.671788919083636,-0.2016973613249484,0.1140337459365318,0.2699999999999905,-9.331611551655284e-15,-0.0600000000000092,0.0599999999999906,0.0599999999999907,0.1199999999999906,-9.264723603186722e-15,-0.0600000000000091,-0.0900000000000089,3.145226187433739,0.1826686107171902,0.2399999999999905,0.0299999999999905,0.0599999999999904,-0.1200000000000095,-0.2400000000000091,-0.0600000000000094,0.1799999999999908,0.0599999999999907,0.2099999999999908,0.1499999999999907,-9.441336601412332e-15,-0.328431072745189,-0.34309056508496,0.029999999999991,-0.0600000000000091,0.089999999999991,0.059999999999991,-0.3600000000000086,-0.5100000000000089,-0.1200000000000087,-8.793751695313328e-15,0.0599999999999911,-0.3600000000000086,0.1199999999999912,-0.1500000000000087,3.972384514601136,-0.1786690428407147,0.0465811395414064,0.0167584033901789,-0.1967584033901945,-0.0935168067803812,-0.0035168067803813,-0.0900000000000079,0.0202752101705521,-0.1535168067803813,-0.0262142117531054,0.0397247898294317,-0.0467584033901954,-0.2267584033901956,0.0183702688344123,-0.1048679222359665,-0.3138297746844405,-0.1043772327764659,-0.239015447875496,-0.1886131051835256,0.083818077401743,-0.0808459115223945,-0.0307367476818762,-0.030000000000009,-0.2218067375518707,0.0711405041758067,0.0505702520878988,0.0299999999999909,0.1869190632439926,0.0611654048491365,-0.114945857894037,-0.1348375736820931,-0.419350294728345,0.2339356009799616,-0.0249458578940369,-0.0347292894701491,-0.0498917157880651,0.0599999999999909,-0.005054142105981,-0.0600000000000093,0.2726380892513623,0.1499999999999906,0.0112307500184735,-0.1200000000000095,0.1518589649883062,-0.0150689205735246,0.1381739153678089,0.161756542949766,0.0182434570502155,-0.1743575257410438,0.0244636354103763,-0.02307846389980078,0.02307846389980078,0.21449275362318843,32,275.94029850746267
0.3799999999999999,0.0199999999999998,0.4,400,1.3308695652173914,45.32739130434783,34.058477621692255,38.602753623188406,0.0,-0.3096841652985724,-0.2605742223283149,-0.1800000000000091,-0.090000000000009,-0.23820878722997,0.1799999999999905,0.0299999999999905,-9.441336601412332e-15,-0.1500000000000094,-0.0900000000000095,-0.0300000000000094,0.1199999999999903,0.2399999999999908,-9.341388570097717e-15,-0.0900000000000094,0.1199999999999907,0.1499999999999909,-0.1790920633861985,-0.3600000000000086,-0.0959465460654147,-0.1255483840051509,0.1499999999999908,-9.186372062442324e-15,0.089999999999991,0.1199999999999907,0.0899999999999907,-0.2100000000000093,0.1799999999999906,0.0299999999999905,-0.0600000000000095,-0.030000000000009,0.1199999999999909,0.4493655084961835,0.5381587321342917,-0.379832470061786,0.02999999999999,-0.1200000000000098,0.11999999999999,0.14999999999999,0.20999999999999,-0.0300000000000096,0.0299999999999902,0.0599999999999903,0.0299999999999903,0.0299999999999903,0.0299999999999904,-0.1500000000000098,3.777979745171868,4.859999999999997,-0.3408016963970327,0.1799999999999904,0.2699999999999905,0.0899999999999907,-0.0300000000000092,-0.0300000000000093,-0.0300000000000092,0.0899999999999906,0.0599999999999906,0.0599999999999906,-9.313298849279178e-15,-3.298897577258637,-0.7479541590107375,0.2528678978764511,-0.1800000000000094,-0.0600000000000093,-0.1800000000000093,0.0899999999999905,-9.454659277707831e-15,-0.2100000000000093,0.1799999999999907,-0.2400000000000092,0.0899999999999905,0.0899999999999906,-1.3683563174186435,-0.2881571177501459,-0.1366344370701533,-0.2100000000000089,0.0299999999999909,0.329999999999991,-0.4200000000000087,0.0299999999999911,-0.1500000000000087,-8.794537035595416e-15,-0.4800000000000093,-0.1500000000000087,-0.1200000000000087,-0.0600000000000087,0.8302216719928219,0.1599513122142741,0.1264068887009176,-0.0432415966098206,0.0935168067803658,0.1464831932196188,0.1032415966098055,-0.096207983049074,0.037033613560739,0.0635168067803655,-0.1835168067803814,-0.215383903865146,-0.0202370330915492,0.1067584033901779,0.1135230354843956,-0.0338118486977297,-0.0956008092607269,0.059562009141003,0.0432415966098046,-0.0788434730041284,0.0899999999999912,0.0582892437362675,0.2142007544554315,-0.1539776745068798,0.031710756263715,0.2308767090053541,-0.1116263421621445,-0.0444838900180728,0.0849458578940191,0.0249458578940192,0.0249458578940193,0.1348375736820754,-0.1746210052582047,0.0798917157880477,-0.1796751473641769,-0.2096751473641769,0.0674701912692649,-0.0249458578940369,0.0650541421059629,-0.1226380929426793,0.0355013697821719,-0.032535416562666,0.2245585641852139,0.0273006514532576,-0.0242244012138363,0.2056774794530787,-0.0865893361389984,0.064631179460408,-0.3649834937483132,0.4509503554004135,-0.2592773411487705,0.023998786477701983,0.023998786477701983,0.3308695652173914,33,275.1641791044776
0.4499999999999999,0.0099999999999998,0.4,400,1.3294202898550724,48.78942028985507,36.69977106726262,41.6968115942029,0.0,-0.4370057128520085,-0.7818037759978771,-0.1500000000000091,0.5699999999999901,-0.3019137217625251,0.0599999999999909,-0.1200000000000089,0.1499999999999909,-0.0300000000000092,-0.120000000000009,0.2699999999999908,-0.0600000000000094,-0.1500000000000094,-0.1500000000000096,0.0899999999999904,-0.0600000000000097,0.0599999999999902,0.6338438566024045,-0.1500000000000094,0.4001802843730507,0.1554827653450221,-0.1500000000000097,0.0899999999999902,0.1499999999999902,0.0899999999999902,0.3599999999999903,-0.0600000000000096,-0.0900000000000096,0.1199999999999902,-0.2100000000000093,-0.0900000000000099,-0.06000000000001,0.4227085681792506,0.0899999999999908,-0.3600852400402222,0.2999999999999906,-0.0300000000000093,0.1499999999999908,0.0899999999999906,0.0299999999999907,-0.0300000000000093,-0.0600000000000093,0.0299999999999908,-9.466695835682171e-15,-0.0600000000000094,0.0599999999999904,-0.1796224539158975,-5.046753423308341,-6.000000000000004,-0.7755146974307778,-0.1662343318591623,-0.3300000000000093,-0.3000000000000088,-0.1500000000000088,-0.0600000000000087,-0.3000000000000087,0.1199999999999911,0.2099999999999911,-0.0600000000000088,-0.0300000000000088,8.281291292073432,0.0655705368742948,-0.2700000000000087,-0.1200000000000086,0.3599999999999915,0.0899999999999916,0.299999999999992,0.0899999999999918,0.0299999999999918,-0.2400411797884181,0.1199999999999923,0.2999999999999918,0.2699999999999921,-5.010953471456494,-0.2586299751008967,0.2186974733650276,-0.1200000000000075,-0.2100000000000073,0.1199999999999928,0.3599999999999928,0.0299999999999927,-0.3000000000000071,-0.0600000000000072,0.1499999999999927,0.0299999999999926,0.1199999999999928,-0.0600000000000073,5.964488725607933,-0.3040692261041983,-0.102456289610851,-0.0495219524218831,0.084354988811674,-0.1188987206571042,0.0073545403333815,0.1957620072990157,-0.0870483257535049,0.0511684729587665,-0.0221237596845416,0.0058234746149172,-0.0626130525125708,-0.1177168650568564,-0.0343749556148396,-0.0134188604585921,-0.0536754418343493,-0.0134188604585923,0.0369170384441496,-0.0402565813757639,0.0402565813757505,0.0100793175269779,-0.0134188604585924,-0.0670336135607538,-0.0670336135607537,-0.1173088237313142,0.0670336135607397,0.0167584033901785,0.033516806780365,-0.016758403390195,-0.0167584033901953,0.0167584033901782,-0.0205702520879165,-0.0411405041758243,-0.0411405041758245,-0.0822810083516403,0.041140504175807,0.0249458578940192,-0.0409180165409528,-0.0249458578940366,-0.1995668631522328,0.0498917157880476,0.0748375736820754,-0.1048375736820928,-0.0549458578940369,-0.2400000000000089,-9.140185972467043e-15,-0.0900000000000093,0.0958782714748784,0.1499999999999903,0.0713796412570595,-0.024207886347281753,0.024207886347281753,0.32942028985507243,34,274.3880597014925
0.3749999999999999,0.0099999999999998,0.4,400,1.1556521739130434,47.55289855072464,41.14810634562328,44.47246376811594,0.0,0.3948639487874434,-1.0739970481205878,-0.5100000000000093,0.0013431204141081,0.0306434956438489,-0.2100000000000093,0.2099999999999908,-0.2400000000000094,0.2399999999999904,-0.0900000000000095,0.0299999999999904,0.0599999999999907,0.0599999999999906,0.2099999999999909,0.0899999999999907,-0.120000000000009,-9.112710586123283e-15,-8.872902412804251e-15,-0.3000000000000088,-0.4311821929820278,-0.2343586653146449,-0.1500000000000091,-0.0900000000000091,0.0599999999999907,0.1499999999999904,0.3899999999999899,-0.3000000000000099,0.1499999999999902,0.0599999999999901,0.0899999999999901,0.1799999999999908,0.0899999999999909,-0.2053167573262637,-0.2400000000000092,0.0452680994828766,-0.1800000000000098,0.0299999999999902,-0.2100000000000097,-0.0600000000000096,0.0599999999999902,-9.610387657073167e-15,-0.0600000000000097,-0.0900000000000095,-0.1200000000000096,0.0599999999999903,-9.516906056066296e-15,0.0599999999999902,3.934462598572297,4.107835514449065,0.245885773438118,0.1499999999999906,-9.296084414867278e-15,-0.2100000000000088,0.0599999999999907,0.2099999999999906,0.3599999999999907,-0.1800000000000093,-0.240000000000009,0.1799999999999909,0.0599999999999906,-7.393687682848702,-0.0988236328098399,0.301414587568718,0.0299999999999906,0.1499999999999905,-0.1200000000000093,0.0599999999999907,-9.240210338658642e-15,0.0899999999999908,-0.2400000000000088,0.299999999999991,0.0299999999999908,0.0899999999999908,1.7733144383776307,0.1141055398671408,-0.1200000000000089,0.1799999999999911,0.329999999999991,0.3299999999999907,-0.1800000000000087,0.1497929642489911,-0.3000000000000087,0.209999999999991,-0.0600000000000087,0.0299999999999911,-0.1200000000000087,-0.1500000000000087,1.6860669563499395,0.4878602326195351,0.2005131627515062,0.1334188604585776,0.3031622790828202,0.1665811395414061,0.3268377209171631,0.2099999999999918,-0.1067584033901948,-0.4332415966098212,0.1235168067803653,-0.2602752101705682,-0.0564831932196349,-0.1702752101705686,-0.3524009420193155,0.249724789829431,0.0899999999999915,0.1332415966098044,0.1635105780763338,-0.058888699364907,-0.0132415966098219,-0.103241596609822,0.2102490742066383,0.0926342684960215,-0.0694297479121009,0.369429747912083,-0.1236478903367384,-0.0258468818287607,-0.2039917646153645,0.0499401805568305,0.0317107562637146,0.1499999999999907,0.1850541421059627,0.3050541421059631,-0.2497834315761212,0.0752936223470552,-0.060000000000009,-0.1398917157880649,0.0101082842119348,-0.1803775460841206,0.0655013697821717,-0.1200000000000093,0.2699999999999904,-0.3600000000000094,-0.2941217285251217,-0.2276348144246721,-0.0627270446988801,0.0358782714748783,-0.6793559382659561,0.1317565429497657,-0.2309084790345642,0.02591366083784232,0.02591366083784232,0.15565217391304342,35,273.6119402985075
0.4249999999999999,0.0099999999999998,0.4,400,1.312463768115942,48.08536231884058,36.637477915194346,41.469130434782606,0.0,-0.4786226313143064,-0.5837067187835123,-0.3299271523308645,0.089999999999991,0.3571668878406032,-0.0900000000000092,-0.2400000000000089,-0.2400000000000092,-0.030000000000009,-0.090000000000009,-0.0600000000000091,0.0899999999999908,-0.2100000000000089,-0.1200000000000092,0.0599999999999905,0.0299999999999906,-0.1800000000000093,-9.352518759442318e-15,-0.0300000000000094,-0.0505590041093171,0.0961634270236647,-0.1848339688809908,0.0551660311190092,-0.0900000000000099,0.1499999999999901,0.0299999999999901,0.2399999999999901,-9.77884440089838e-15,-0.0300000000000097,-9.690026558928366e-15,-9.601208716958354e-15,0.1799999999999902,-0.5044748800143268,-0.0900000000000093,-0.302397839439406,-0.3000000000000093,-0.0900000000000093,0.1199999999999905,0.2399999999999905,-0.2100000000000092,0.2099999999999907,-9.183839148678748e-15,-0.2400000000000089,-0.3000000000000089,-0.2400000000000091,0.1199999999999908,-0.0600000000000093,-0.963511010902154,-1.410000000000008,-0.0229715180505495,0.0508231807827673,-0.2100000000000094,0.0899999999999906,0.2699999999999907,0.089999999999991,-0.360000000000009,0.239999999999991,0.209999999999991,-0.0900000000000091,0.2099999999999908,-6.923540837561799,-0.3248788023646555,-0.5401652861492741,-0.480000000000009,-0.3300000000000087,-0.0900000000000088,0.1799999999999911,0.2099999999999912,-0.3600000000000085,0.2399999999999915,-0.1500000000000082,-8.695266728864225e-15,-0.1800000000000085,7.398713753354795,0.2819365885764095,-0.3300000000000081,-0.4800000000000077,0.029999999999992,-0.3300000000000074,0.2399999999999923,0.1199999999999923,0.1499999999999924,0.2999999999999923,-0.0300000000000077,0.0599999999999925,-0.1500000000000071,0.4199999999999926,7.718708152291477,0.1534165085350346,0.1860781951295335,0.2162151581532425,0.0332204302288226,0.1764973082627129,0.2927835721876904,-0.1520834477158554,-0.043324358081623,0.0546125292387899,0.1277654806643942,0.4852590074196685,0.1159384176088168,0.0595412636219016,-0.1265386528105611,0.0227554291990584,0.024926127965814,0.1511790772942553,0.0752040908003221,-0.0837920169509405,-0.0670336135607536,-0.0167584033901937,-7.031342262413054e-15,0.1173088237312991,0.0502752101705526,0.0167584033901785,0.0502752101705519,-0.0038118486977298,-0.0167584033901953,-0.0411405041758244,0.0205702520878993,0.0411405041758072,0.061710756263715,0.0617107562637151,0.0617107562637149,0.1439917646153467,-8.777064104084671e-15,-0.0161946462817965,-0.0997834315761207,-0.0748375736820924,-8.794875009620041e-15,-8.838744620187024e-15,0.0549458578940191,-8.926732428404282e-15,0.0299999999999908,0.0599999999999905,-0.0300000000000094,-0.0355013697821906,0.0958782714748781,-0.0655013697821906,-0.0358782714748967,0.02595521465612797,0.02595521465612797,0.3124637681159419,36,272.8358208955224
0.3499999999999998,0.0149999999999998,0.4,400,1.2134782608695651,45.60217391304348,37.579720530275885,41.39840579710145,0.0,-0.524864751131823,-0.6119407299557641,-0.1800000000000091,0.0885076661179197,-0.5913299789543847,0.0599999999999906,-0.2100000000000092,-0.0600000000000094,-0.2100000000000094,-0.0900000000000094,-0.2100000000000093,-0.3900000000000095,-0.1500000000000095,0.0599999999999903,0.0899999999999905,-0.0300000000000094,-0.1500000000000093,0.06096368580301,0.0599999999999913,-0.3668235980840646,-0.0183678896476448,0.269999999999991,0.0899999999999909,0.1799999999999909,0.0599999999999908,0.0599999999999907,0.299999999999991,-0.0600000000000091,0.0599999999999907,-0.0600000000000092,0.1199999999999905,0.2399999999999907,-0.410727508902858,0.059999999999991,0.239852934488231,-0.1800000000000097,-0.1200000000000098,0.02999999999999,-0.0900000000000098,-0.0300000000000099,0.08999999999999,0.05999999999999,0.08999999999999,0.0899999999999902,-9.854339566572892e-15,-0.3000000000000096,-0.3000000000000101,-4.3088798922839,-3.3026342786342275,-0.1178738814796012,0.0899999999999903,-0.0900000000000095,-0.1500000000000094,-0.0900000000000093,0.0899999999999905,0.1799999999999905,-0.2400000000000092,-0.1800000000000091,-0.0300000000000094,-0.2100000000000093,9.084357241017877,0.4663707666556327,0.1199999999999907,0.0299999999999906,0.0899999999999907,-0.150000000000009,-0.1500000000000093,-0.1800000000000094,-0.0600000000000094,-0.2100000000000093,0.2099999999999907,0.1499999999999908,0.0899999999999906,1.1045218258695646,-0.662636277344012,-0.2565139365742651,-0.1767560149788453,-0.0600000000000093,-0.0900000000000093,-0.0600000000000092,-0.2100000000000091,-0.0300000000000091,0.2099999999999907,0.2399999999999908,0.0599999999999908,0.1799999999999908,0.1199999999999909,1.6912577142562304,1.2366360794588642,0.1032415966098053,-0.0467584033901948,-0.1500000000000081,-0.1332415966098215,0.1332415966098047,-0.1737920169509422,-0.1402752101705688,-0.3070336135607555,-0.007587908092021,-0.1667584033901955,-0.2305702520879169,-0.0379854585785397,0.0694297479120831,-0.0868510655056545,0.0177855502882767,-0.0336912808475689,-0.0411405041758248,0.1722810083516228,-0.0428512604395486,-0.1011405041758249,0.0111405041758067,-0.2005702520879169,-0.0094297479121011,-0.150000000000009,-0.005054142105981,-0.0396110703936388,0.035054142105963,-0.0676193670003984,0.0925652248944089,0.0526673937501902,0.4272350031427274,0.1997773162199407,0.0573619070573208,0.4201993311387185,-0.0685388978048449,-0.1147238141146691,0.2973619070573206,0.2943346982337327,0.1343379701453845,-0.1080625677281325,-0.0056421440905957,0.0928020212354389,-0.0080870430974652,0.26543765587314,0.4390964127680234,1.1275097482383083,0.3709628907097579,0.1947512844586181,-0.401182128065521,0.02661953213257265,0.02661953213257265,0.21347826086956512,37,272.05970149253733
0.475,0.0049999999999998,0.4,400,1.2727536231884058,50.54971014492754,39.71680710544295,44.691884057971016,0.0,-0.317179210470863,-0.5891249266206027,-0.1800000000000094,0.0599999999999905,-0.1794462197311755,-9.330314298949816e-15,-0.4500000000000099,-0.1500000000000095,0.2699999999999904,0.1799999999999904,-0.1800000000000101,0.0899999999999899,0.0299999999999901,0.1499999999999897,-0.1500000000000098,-0.0300000000000097,0.0299999999999901,0.2707500881213787,0.1199999999999905,-0.178635785320672,0.1471032957022272,-0.1800000000000093,0.2999999999999904,0.1199999999999902,-0.0600000000000095,-0.0600000000000094,0.0599999999999905,-0.1500000000000094,0.2099999999999906,0.1799999999999906,0.0599999999999902,-0.0300000000000098,-0.0549012838662811,-0.3283428342499598,-0.0258844861930618,-9.273879954374772e-15,0.2699999999999906,-0.3600000000000093,0.0899999999999905,0.2699999999999907,0.2699999999999908,0.1199999999999904,-0.0302914628180361,-0.1500000000000091,0.0299999999999906,0.119999999999991,-0.0900000000000093,-2.8474016880197683,-2.6684274083129957,-0.5183514730404692,-0.0300000000000087,0.149999999999991,0.3299999999999911,0.029834713850726,-0.4800000000000082,0.0299999999999914,-0.0300000000000083,-0.480000000000008,0.1799999999999913,-0.3000000000000086,-3.4037223442026345,0.1594104506206261,0.1199999999999923,-0.0600000000000079,0.1199999999999924,-0.3300000000000073,0.0599999999999926,-0.0600000000000074,-0.3600000000000071,-0.1500000000000073,-0.1800000000000072,-0.2400000000000071,0.0599999999999927,4.6729929881412895,-0.0746082997927786,-7.329146478307621e-15,0.0599999999999925,0.0299999999999926,-7.329146478307621e-15,-7.329146478307621e-15,-7.329146478307621e-15,0.0299999999999926,-7.329146478307621e-15,-7.329146478307621e-15,-7.329146478307621e-15,-7.329146478307621e-15,-7.329146478307621e-15,3.126141252210121,-0.0969702523395707,-7.329146478307621e-15,-7.329146478307621e-15,-7.329146478307621e-15,-7.329146478307621e-15,-7.329146478307621e-15,-7.329146478307621e-15,-7.329146478307621e-15,-7.329146478307621e-15,-7.329146478307621e-15,-7.329146478307621e-15,-0.0356593400322468,0.0613313456786633,0.0004942029107547,0.0144323969296808,-0.0547670061960254,-0.0165896921326173,0.0269593416698008,0.1044100707882186,-0.0104780475781292,-0.0670943022929347,-0.1207697441272777,-0.0939320232101066,0.161026325503022,-0.0402565813757638,-0.0536754418343496,-0.066894526791001,-0.117308823731314,0.0068181726329478,-0.1305885974201475,0.0301772638487651,0.0335168067803654,-0.0167584033901946,0.0038118486977126,0.0540870588682729,-0.0988646583705488,0.0617107562637151,-8.672596399260625e-15,0.1439917646153466,-0.0498917157880648,-0.1702453994520849,-8.612223989509143e-15,0.0748375736820755,-0.1746210052582046,0.0546585184961061,-8.841816168114747e-15,-0.0846585184961238,0.054945857894019,0.1199999999999908,0.1499999999999908,-0.028064488467760048,0.028064488467760048,0.2727536231884058,38,271.2835820895522
0.4099999999999999,0.0149999999999998,0.4,400,1.3214492753623188,46.955652173913045,35.5334503180522,40.26753623188406,0.0,0.2108166844934212,0.0337894293583409,-0.1814159680832718,-9.16923487111062e-15,0.2937683618856442,0.1199999999999905,-0.0900000000000093,0.0299999999999905,0.2399999999999907,0.0599999999999906,0.029999999999991,-0.060000000000009,0.0899999999999909,-0.0300000000000091,-0.0900000000000091,-0.0600000000000092,-0.0300000000000092,-0.0016551238563082,-0.0600000000000091,-0.1174738414636896,-0.4017028220915309,-0.3537270083412619,-0.3000000000000095,0.0899999999999903,-0.0600000000000099,0.1499999999999901,-9.919756161788327e-15,0.08999999999999,0.08999999999999,-0.0600000000000098,-0.0300000000000092,-0.0900000000000092,-0.1333772686544635,-0.2700000000000093,-0.4730329537340773,-9.659014603218317e-15,-0.0300000000000095,-0.0300000000000095,0.0299999999999904,-0.0900000000000093,0.2399999999999904,-9.499142487672291e-15,-0.3900000000000094,-0.2400000000000092,-0.2400000000000092,-9.340218768861232e-15,-0.0900000000000095,-3.4260423525839427,-5.020558115118327,-0.161999066696931,-0.0900000000000091,0.1499999999999906,0.3899999999999901,0.0599999999999905,-0.0300000000000095,-0.0600000000000094,0.1499999999999905,-0.3000000000000093,-0.0900000000000094,0.2099999999999905,-10.832093513101755,-0.7881943690535743,0.1845935990213381,0.0899999999999909,-0.0900000000000089,0.1202490742066383,0.299999999999991,0.0299999999999911,-0.300000000000009,0.0899999999999911,0.1199999999999911,0.209999999999991,-0.3600000000000087,5.385643906610529,0.0470366923379391,0.3599999999999912,0.1799999999999913,0.1799999999999913,0.1199999999999914,0.0299999999999914,-0.4200000000000085,0.2399999999999917,-0.0600000000000083,0.0899999999999915,0.5399586503625018,-0.0600000000000081,-0.1200000000000082,11.70997718280657,0.5133958101299669,0.1261030919632828,0.064025307730888,-0.003162279082836,-0.3608074546597928,0.0134188604585779,0.4334188604585779,-0.1379259342229931,-0.2215390424373019,-0.0709815122731059,0.2200379587393445,-0.1596052710773121,-0.1659598906726339,-0.0162127303627956,-0.172466531473573,-0.1061274186662886,-0.1185141721768711,0.0090140316557612,-0.0087651899993852,-0.030000000000008,0.0167584033901782,0.0470713022193113,-8.548063892576286e-15,-0.0205702520879164,0.0205702520878992,-0.0167584033901953,0.0205702520878992,-0.0617107562637324,-0.2262727729669958,0.0205702520878991,0.0205702520878991,-0.0249458578940368,-0.0411405041758246,-8.818525659291261e-15,0.0498917157880472,0.1496751473641599,-0.0498917157880644,-0.0249458578940365,0.0299999999999911,-0.180000000000009,-0.125341481503894,-0.2400000000000091,0.3599999999999907,-9.36776815057477e-15,-0.0658782714748969,-0.0717565429497844,0.1076348144246537,-0.1497682590671531,0.0717565429497665,-8.824052599720745e-15,-0.029000029482856703,0.029000029482856703,0.3214492753623188,39,270.5074626865672
0.2399999999999997,0.0099999999999998,0.4,400,1.0947826086956522,41.34579710144928,37.76621657400053,40.11608695652174,0.0,-1.1825558792352313,-1.8064374052548875,-1.3499106259977194,-0.0883428342499595,0.3901191883730576,-0.2100000000000084,-0.1200000000000087,-8.588685318500211e-15,-0.1200000000000086,-0.0300000000000087,0.1199999999999911,0.0899999999999911,0.1499999999999911,-8.810729923425242e-15,0.1799999999999911,0.0899999999999911,-0.0900000000000089,0.0611425550784425,-0.0888574449215573,-0.0015725916870225,-0.0251662319935283,-0.0600000000000092,-9.254819133275303e-15,-0.0600000000000094,0.1199999999999907,0.1199999999999905,0.0299999999999905,-9.385073165016272e-15,-0.1200000000000096,0.0899999999999904,-0.1200000000000089,-0.1800000000000089,-0.1221345110186688,-0.5100000000000081,-0.3957608758779788,0.0599999999999905,-0.0300000000000093,-9.411908701485176e-15,-0.1200000000000093,0.0899999999999906,0.0599999999999905,-0.0300000000000094,-0.1200000000000093,-0.1200000000000091,0.2699999999999908,0.0599999999999908,-0.0300000000000094,-1.1498319703382436,-2.8455473809506326,-0.5131268546893919,-0.0654021470117212,0.0299999999999908,0.0299999999999908,0.3599999999999907,-0.1200000000000092,-0.1200000000000092,-0.0600000000000093,-0.0300000000000094,0.0299999999999907,0.2399999999999907,-1.0628493050491563,0.0036965837072008,0.0586139535188462,-0.1200000000000096,-0.0300000000000097,0.0599999999999901,-0.0600000000000099,0.0299999999999901,-0.1200000000000098,-0.0600000000000099,-0.0600000000000099,-0.0300000000000098,0.1199999999999902,7.231081438509596,0.5820758443210399,0.1421504194202299,-0.0900000000000098,-0.0600000000000099,-0.1800000000000098,-0.27000000000001,-0.3300000000000097,-0.0300000000000098,0.3899999999999898,-0.1200000000000098,0.26999999999999,0.1799999999999902,-0.3900000000000099,-1.203925410792038,0.6428635925008631,0.6455910751621176,0.3961595520494812,0.2269893410666486,0.382576621846155,0.4323608044333539,0.5956148759098577,0.4915737280980812,1.151109208627976,1.1978407535453837,0.6802980264293894,0.1750392404555264,-0.5496702414037228,-0.2102118586326609,0.2005973880758166,-0.0383881162093605,0.269924499465737,-0.0111709017584546,0.0165959147284924,0.4153467083157262,0.0197932747426292,-0.1139445480181998,-0.3281514197750635,0.6599767022490769,-0.3825758515419952,-0.1779118946390989,-0.0987115585890996,0.372737049880843,0.1782392518594315,0.0188436009299773,0.5404398836681505,0.4864042374287954,0.3436705387315713,-0.2010975032920678,0.1019823200403555,-0.2752786629904397,0.0821109507661938,0.0599999999999902,-0.0300000000000104,0.0908012758586158,-0.0008012758586364,0.1499999999999898,0.1499999999999898,-0.1200000000000095,0.2399999999999904,0.2099999999999904,-0.3900000000000092,0.1181587321342921,-0.1500000000000082,-0.1200000000000088,0.02922596978370796,0.02922596978370796,0.09478260869565225,40,269.7313432835821
0.3749999999999999,0.0199999999999998,0.4,400,1.3189855072463768,45.23695652173913,34.296780573563346,38.83594202898551,0.0,-0.7984891485808204,-0.5659729958198415,0.0299999999999909,0.0585076661179197,0.1489543929094549,-0.0900000000000095,0.1799999999999907,-0.2400000000000092,-0.1500000000000095,-0.270000000000009,-0.1500000000000095,0.0599999999999905,0.0599999999999906,0.1499999999999905,-0.0900000000000094,-9.380232396410422e-15,-0.1200000000000093,0.00096368580301,-0.2400000000000086,-0.2326105568722772,-0.6238314647618067,0.2999999999999908,0.1799999999999909,-0.0600000000000091,-0.0300000000000092,-0.180000000000009,0.1499999999999907,0.0299999999999906,0.1799999999999905,0.0899999999999904,0.0599999999999908,0.0299999999999908,-1.9373940158185237,-1.772164485550938,0.0995084196255413,-0.2100000000000099,-0.0600000000000099,0.1199999999999899,-0.0300000000000098,0.1499999999999901,0.2699999999999901,-0.0900000000000097,-0.1800000000000096,-9.685659955809318e-15,-0.0300000000000097,0.0599999999999903,0.11999999999999,-0.8503298300788182,-0.5979505595109252,-0.5269679835938877,0.1499999999999905,0.4199999999999904,-9.356959651540821e-15,-0.0300000000000093,0.0599999999999909,-0.090000000000009,0.2399999999999909,-0.030000000000009,-0.1200000000000092,-0.0600000000000092,1.2289530292538406,-0.7948246014874524,-0.0927061312350921,-0.4200000000000096,-0.0600000000000094,-0.1500000000000091,-0.0600000000000095,0.1799999999999905,-0.1800000000000094,0.0899999999999905,0.2999999999999906,0.1199999999999904,0.1799999999999905,1.2008660734439476,0.5529154439429099,-0.0077569548681406,-0.120000000000009,0.1799999999999908,-0.1200000000000088,-8.899547765395254e-15,0.179999999999991,-0.330000000000009,-0.1200000000000088,0.3299999999999909,-0.0600000000000088,-0.0300000000000087,-0.0900000000000087,8.47033952569157,-0.2640920769412098,0.0599999999999923,-0.1702752101705678,0.1402752101705523,0.0662079830490585,0.1605504203411126,-0.00385284308076,-0.2037920169509417,-0.007033613560755,-0.0997247898294481,-0.0397247898294481,0.0732415966098044,-0.274760522461334,0.046758403390178,-0.0805702520879167,0.0061384750934744,-0.0717452800196602,-0.0179002185546621,-0.0846222762869168,-0.0094297479121008,-0.0974005410093135,0.0195856999633865,0.0540500720482349,-0.1073617266443005,-0.0225177539697352,-0.1309946050958234,0.1219019397261463,-0.038444108596138,0.1228841400075772,0.1837870396935302,0.1291048952762517,0.0929068739912827,0.0599999999999915,0.0249458578940193,0.0151624263179071,0.0701082842119349,-0.0600000000000089,0.1799999999999909,0.1499999999999906,-0.0596739174765455,0.0660422034589546,0.0986802927103264,-0.0628020212354575,-0.011992670334085,-0.0297638726157077,0.0866876223762506,-0.2990071619258435,0.2330196868492735,0.386982971341985,0.7518779620645729,0.0324161416565662,0.0324161416565662,0.31898550724637675,41,268.95522388059703
0.2949999999999998,0.0149999999999998,0.4,400,1.213623188405797,42.73072463768116,35.20921901122522,39.1631884057971,0.0,-0.3372923581761101,-0.5182371741739837,-0.3600000000000088,-0.2684274083129956,-0.2410212533532943,-0.0600000000000089,-0.1500000000000089,-0.2400000000000088,-0.1800000000000089,-0.150000000000009,-0.1800000000000091,-0.1200000000000093,-9.318467065427794e-15,0.0299999999999905,-0.0900000000000094,0.0599999999999905,-9.399885847863316e-15,0.1521020660334284,0.1799999999999919,-0.2325416163905085,-0.1607426737043199,-0.2400000000000092,-0.4800000000000098,-0.1500000000000094,-0.2100000000000095,-0.2100000000000094,-9.394623357083023e-15,0.0599999999999905,-9.312550730555813e-15,-0.0600000000000094,-0.1500000000000094,-0.1200000000000094,-1.5083769794547774,-0.7780580116373353,-0.5750083767199111,-0.3000000000000089,-0.2100000000000089,-0.2400000000000091,-9.155285817752821e-15,-0.1800000000000091,0.0899999999999907,-9.197087535994796e-15,0.1199999999999907,0.2099999999999907,0.2999999999999909,0.0599999999999905,-0.270000000000009,-0.6180966663102979,-2.1980702884634784,-0.1054532152639501,0.1799999999999899,0.0599999999999899,-0.1200000000000098,0.1199999999999901,-0.0900000000000097,-0.0900000000000098,0.0899999999999901,-0.0600000000000097,0.11999999999999,-9.934445731008358e-15,-4.361828458366943,-0.5561310894695929,-0.1669259408737038,-0.1800000000000096,-0.1200000000000096,-9.605723898036309e-15,-0.0300000000000095,-0.0600000000000095,0.0599999999999903,0.0599999999999904,0.2099999999999904,0.2099999999999904,0.0899999999999903,12.449811831402291,1.495403333449728,0.20588810767062,0.4799999999999901,0.3899999999999903,-9.374723219934822e-15,-0.2700000000000092,-0.5400000000000094,0.0899999999999906,-0.0600000000000092,0.0899999999999908,0.0599999999999908,-0.1200000000000091,0.0899999999999908,0.3560242172643371,0.0399747196986042,-0.4521766156108117,-0.7479262539969455,-0.8541650263266162,-0.4604036739818025,-0.1350410060562533,-0.664802764212835,-0.1477985564291589,0.1904038796686756,0.2110716434071147,0.2432452462957176,-0.0258819906796578,0.4037770289892076,0.1412247910120375,0.2858614578883388,0.6305479592116375,0.0625008765389464,0.2139664494727509,0.1114346262738134,0.5677081494567049,1.3937905222912073,0.3855852575957825,0.9504221288041202,0.9030460808107508,-0.7263662445560926,-0.3130835813697958,-0.0483242870983367,-0.7938919244347882,-0.4788922820065707,-0.5719910088846815,-0.294011109454866,-0.5585060737623572,-0.8398519408660975,-0.7191507879058774,-0.174064711698524,-0.6017343746460893,-0.5872665472531863,0.3058279751090166,-0.6722553104622669,-0.4464017475993382,-0.4475169151877617,0.1135724751443683,-0.184769503573396,-0.3741359849491862,0.6099629993617881,-0.072400301804512,0.377323114854913,0.0299999999999929,-0.120000000000006,0.3918412678656922,-0.03258481036165262,0.03258481036165262,0.21362318840579708,42,268.17910447761193
0.4299999999999999,0.0099999999999998,0.4,400,1.322608695652174,48.15536231884058,36.40937979399518,41.310434782608695,0.0,-0.0197794106059184,-0.285649677524008,0.1199999999999908,-9.272582701669309e-15,0.2364393921831157,0.0299999999999907,-0.270000000000009,0.0899999999999908,-0.030000000000009,-0.3000000000000089,-0.1200000000000091,-0.0300000000000092,-0.1200000000000091,-0.3000000000000091,0.2099999999999907,-0.0600000000000095,-0.3300000000000095,-0.0915212903719033,-0.1500000000000095,-0.4275357029887289,0.091824491811161,-0.0579410054760762,-0.06000000000001,-0.0300000000000099,0.1199999999999899,0.0299999999999901,0.0599999999999901,-0.3300000000000099,0.1499999999999904,0.1499999999999903,-0.0900000000000096,-0.0900000000000096,-0.3824489552877784,-0.3300000000000092,-0.0780479017619762,-9.445777493510832e-15,-9.377592292336806e-15,-0.2100000000000093,0.2999999999999904,-0.1800000000000091,-0.0300000000000093,0.1799999999999907,0.0299999999999906,-9.327170659556784e-15,-0.2400000000000091,-0.3600000000000096,-0.0900000000000093,-2.8519906205086185,-3.509676782314774,-0.4804366267076087,0.1499999999999905,-0.2700000000000093,-0.1500000000000094,-0.2400000000000091,-0.0900000000000089,0.0599999999999909,-0.3900000000000093,-0.0600000000000089,-0.030000000000009,-0.0300000000000091,-7.3251089614853875,-0.2211771819504114,-0.1412119675884522,0.299999999999991,0.2399999999999911,0.0901652861492563,-0.3000000000000085,0.0599999999999912,-0.0300000000000084,0.2999999999999915,-0.0900000000000083,-0.3000000000000085,0.0599999999999915,5.503243441869918,0.5884576771897375,0.1806188154993416,0.2399999999999918,0.2999999999999918,-0.2100000000000077,0.3599999999999923,0.2699999999999922,0.2699999999999923,0.3599999999999927,0.1199999999999925,0.3299999999999926,0.1199999999999926,0.325980355752551,12.64575913989064,-0.0065804187850084,-0.2700000000000068,0.1156250443851591,0.159043904843745,-0.2391936816636921,-0.0570107364072789,0.2045550155055301,0.4675420930280631,0.2734453677480873,0.2319255838872665,0.2118185146394662,0.2793860912373284,0.0945114200324222,0.119999999999993,-0.1713042669095079,-0.0446260868617082,0.0268377209171646,-0.0125035483672846,0.0167584033901799,-6.793333173865642e-15,0.0837920169509266,-6.968764585252701e-15,-0.0200979463217951,0.1173088237312993,-8.010903476584032e-15,-0.0837920169509416,0.0502752101705517,-8.600392588449948e-15,0.0129465546924569,-0.0165836500189171,0.0411405041758072,0.2468430250548864,-8.620023651571552e-15,0.2057025208790705,0.1851322687911626,0.020570252087899,-0.0161946462817965,-0.1159780778579086,-0.0997834315761205,-0.0997834315761209,0.0498917157880473,0.0249458578940191,-0.0600000000000089,-0.090000000000009,0.0599999999999907,-0.0600000000000092,-0.0600000000000095,0.0299999999999906,-0.1013796412570782,0.0299999999999908,0.03329818003455611,0.03329818003455611,0.3226086956521741,43,267.4029850746269
0.4449999999999999,0.0049999999999998,0.4,400,1.298695652173913,49.41217391304348,38.04753933712755,43.003188405797104,0.0,0.1310729921581447,-0.8005206329962256,0.2113431204141082,0.1199999999999907,0.0810007604420184,-9.193491822928942e-15,-0.0600000000000092,0.0299999999999907,0.0599999999999907,0.2699999999999908,-0.1500000000000093,-0.2400000000000097,-0.2700000000000096,-0.2700000000000097,-0.1500000000000097,-0.18000000000001,-0.0600000000000098,-0.1207500881213976,0.1199999999999906,0.4515729477411319,-0.02066664618456,0.2099999999999901,-0.0900000000000098,0.0299999999999902,-9.645914793861172e-15,-0.1500000000000096,-0.0600000000000095,0.0299999999999902,0.2699999999999904,0.1799999999999904,-0.0900000000000098,-9.918049055538884e-15,0.8949788970789284,0.179999999999991,-0.7036074047356375,-0.0900000000000091,-0.1800000000000091,-9.291368955777723e-15,-0.1200000000000092,-0.1800000000000092,0.1499999999999905,0.1499999999999906,0.0599999999999904,-0.0900000000000095,0.2099999999999905,0.1199999999999904,-0.2400000000000091,-2.454014813873836,-2.30448041387204,-0.3709040427935527,-0.2948590960408012,-8.988365607365267e-15,-0.2700000000000088,-0.2400000000000086,0.5099999999999907,-0.0900000000000088,0.0899999999999911,-0.0600000000000088,-0.1200000000000087,0.0299999999999911,-4.294285782659568,-0.7157118680801396,-0.1200000000000086,-0.1800000000000084,-0.0900000000000085,0.1199999999999917,0.2699999999999918,0.0599999999999919,-0.1800000000000078,0.1799999999999923,-0.3300000000000077,0.089999999999992,-0.3299588202115973,4.09968735714752,0.1622957982166961,-0.3000000000000071,-0.4800000000000072,-0.1200000000000072,-7.278622149442527e-15,0.1799999999999928,0.0899999999999928,0.0299999999999927,0.0599999999999926,-0.1500000000000072,-0.0900000000000072,0.0599999999999926,-0.0300000000000073,2.8499526850541104,-0.207682912412784,-0.1200000000000072,-0.1200000000000072,0.0632204302288222,-0.0600000000000073,0.0301969981849448,0.0899999999999927,0.0630003153443097,0.0035085661791539,0.0616326510941013,-0.0408861922324285,-0.1385092000474551,0.1713100286089321,0.163281423830262,0.1207001821000598,0.1200511270712016,-0.0506225627639279,0.0411722997244731,0.1207697441272647,-0.0134188604585923,0.013418860458579,-0.0134188604585924,0.0235765760231347,-0.0200979463217944,-0.0167584033901935,-0.0837920169509405,0.1843424372920462,-7.828421712764162e-15,-7.858158568296858e-15,0.0670336135607386,0.033516806780365,-8.605299349659545e-15,0.0205702520878993,0.0205702520878992,-0.0205702520879165,0.0205702520878992,-0.1028512604395482,-0.0205702520879167,-0.0704619678759728,0.0498917157880477,-0.1496751473641765,0.0498917157880476,-0.0249458578940365,-0.099783431576121,-0.0926380929426789,0.119999999999991,-0.1500000000000091,-0.1800000000000092,0.0299999999999906,-0.0900000000000094,-0.038350087102712295,0.038350087102712295,0.29869565217391303,44,266.6268656716418
0.4599999999999999,0.0149999999999998,0.4,400,1.3455072463768116,48.45449275362319,36.012063765618265,40.9672463768116,0.0,-0.0631166799477725,-0.9795109660680608,0.0899999999999908,0.239999999999991,0.1704226601762548,0.1799999999999909,-0.090000000000009,-0.2400000000000091,0.0299999999999907,-0.0300000000000091,0.1799999999999908,0.1499999999999906,0.0299999999999905,-0.3000000000000097,-0.1500000000000094,0.0599999999999903,0.29999999999999,-0.1192499118786212,-0.0900000000000093,-0.1211604822196204,0.0850778577503464,-9.922489947637384e-15,0.11999999999999,-0.0600000000000097,0.29999999999999,-0.2400000000000095,0.1799999999999903,-0.1500000000000096,0.1799999999999905,0.0299999999999904,-0.0900000000000099,-0.0900000000000099,0.0498700265727586,-0.4800000000000095,-0.1725435103124717,0.0599999999999906,-0.300000000000009,0.1499999999999908,-9.149260408625703e-15,0.1799999999999907,-0.1500000000000091,0.0599999999999907,0.0299999999999905,0.0299999999999905,-0.0600000000000094,-0.0300000000000094,-0.2096224539158976,-4.746676512351648,-5.642288133498449,-0.4942216587758483,0.0899999999999907,-0.090000000000009,0.2999999999999909,-0.1200000000000088,0.0299999999999912,-0.2700000000000087,0.239999999999991,0.1199999999999911,0.2099999999999911,-0.1200000000000087,4.658997076810735,0.1840857488797439,-0.2400000000000087,-0.3000000000000085,0.3299999999999914,0.659999999999992,0.2699999999999922,0.0299999999999917,-0.030000000000008,0.4799999999999923,-0.2100000000000076,-0.030000000000008,-0.1200000000000079,0.3409812999601314,-0.6369915265505973,-0.3843891878890222,0.0899999999999926,-0.0900000000000073,0.4199999999999928,0.0599999999999928,-0.1800000000000071,-0.0300000000000072,0.4199999999999928,-7.269740365245525e-15,0.0899999999999927,0.0899999999999926,-0.0300000000000073,10.582306695799655,-0.0938516694003286,-0.0600000000000072,-0.0251588552624418,0.0625581338720756,0.0998709993418016,-0.005003088037429,-0.0348758856671311,-0.0186405316421893,-0.0029408128804665,0.003052879070416,-0.0104780475781291,0.0402565813757508,0.120769744127265,-0.0103659813881709,0.0402565813757506,-0.0670943022929352,0.0167584033901799,0.0134188604585789,-0.0268377209171781,-0.0301772638487791,-0.0335168067803802,0.0837920169509267,-0.0536147531021682,-0.1340672271215008,-0.0335168067803808,0.1005504203411128,-0.0335168067803819,0.0167584033901782,-0.0167584033901952,-8.590470166524514e-15,0.057898907565994,-0.0617107562637324,-0.0411405041758244,0.0822810083516229,0.061710756263715,0.1028512604395308,-0.0161946462817965,-0.140701448117065,-0.0249458578940364,-0.0498917157880647,0.0997834315761036,-8.785744638339747e-15,-0.0748375736820929,-0.0849458578940369,0.2099999999999907,0.0599999999999907,0.1199999999999905,0.3168810110392409,0.125878271474878,0.101002739564353,0.038793604561910035,0.038793604561910035,0.3455072463768116,45,265.85074626865674
0.4549999999999999,0.0099999999999998,0.4,400,1.3228985507246376,48.98550724637681,37.02892199824715,41.96449275362319,0.0,0.0502688164900711,-1.0504271421474334,-0.7485840319167468,-0.0900000000000091,0.1493150998667661,-0.120000000000009,0.0899999999999908,-0.2100000000000089,-0.0600000000000092,0.1199999999999908,-0.0900000000000092,-0.1800000000000095,0.0899999999999905,-0.0900000000000096,0.35999999999999,-0.1800000000000097,-0.30000000000001,0.240852463595855,-0.0300000000000094,-0.039105005296783,-0.0276945060228568,-0.0300000000000098,-0.1200000000000099,0.2099999999999902,0.2399999999999904,0.0899999999999903,0.0899999999999903,0.0299999999999903,0.0599999999999903,0.1499999999999903,-0.0605109663001606,0.0899999999999902,-0.3043613643637138,-0.2400000000000092,0.032823570533572,-0.0600000000000092,0.0899999999999907,-0.1200000000000091,0.0599999999999908,-9.315419802957796e-15,0.2699999999999907,0.2096657351177255,-9.450218385609331e-15,-0.0600000000000094,-9.2192919964873e-15,0.2399999999999908,-0.180000000000009,-2.9776984437161915,-3.477835514449079,0.1488731130702329,-0.0600000000000091,-0.210000000000009,-0.1500000000000088,-0.3000000000000087,0.3599999999999909,-0.0600000000000088,0.1499999999999911,-0.2100000000000088,-8.857494865256511e-15,0.1799999999999911,1.2521113631895515,-0.4728349787393683,-0.3395360402804956,-0.0300000000000085,-0.4200000000000081,0.1499999999999919,-0.0900000000000081,0.089999999999992,-8.002487561498128e-15,-0.0900000000000076,0.0599999999999923,-0.3300000000000077,-0.2100000000000076,10.702078356653765,0.2550635072862596,-0.4200000000000072,-0.5100000000000071,0.2399999999999927,-0.0900000000000071,0.1499999999999927,0.1199999999999928,0.2099999999999928,0.1799999999999927,-0.0300000000000072,-0.0600000000000073,0.0599999999999926,0.0299999999999926,2.1781585398889654,0.1571597139991648,0.0195219524218686,-7.283297473750451e-15,0.0032204302288226,0.0843406599677534,0.0282614777930683,0.0270246797406049,-0.012004575913472,0.0401901252037956,-0.0141456622776575,-0.0748377103490015,-0.0236754418343484,-0.0847760521763944,-0.0299597476125171,-6.0396132539608514e-15,-0.0670943022929346,0.0268377209171648,-0.0433094604461848,-0.0268377209171781,0.013418860458579,-0.0134188604585924,-0.0301772638487791,0.0167584033901799,-0.0033395429316077,0.0335168067803665,-0.0670336135607539,0.0837920169509256,0.0670336135607388,-0.1675840339018753,0.0167584033901781,-8.510969706776451e-15,0.057898907565994,0.0205702520878993,0.0411405041758071,0.0205702520878992,0.1439917646153467,-0.0205702520879166,-0.0203477644530449,0.0249458578940193,-0.0748375736820924,0.1746210052581879,0.0748375736820755,-8.641976023682219e-15,-0.0198917157880649,-0.1200000000000089,0.1799999999999909,0.0599999999999907,0.1855013697821719,0.0599999999999905,0.1255013697821717,0.03930576086711333,0.03930576086711333,0.3228985507246376,46,265.07462686567163
0.4649999999999999,0.0149999999999998,0.4,400,1.3411594202898551,48.65594202898551,36.27901448022477,41.246811594202896,0.0,-0.3674020852288834,-0.6182204258102209,0.0899999999999907,-0.2100000000000089,0.0269862415613931,0.1199999999999909,0.0299999999999908,0.1499999999999909,-0.1200000000000092,-0.090000000000009,0.1799999999999908,0.2699999999999906,-0.2400000000000096,-0.0600000000000096,-0.2100000000000096,-0.0900000000000097,-0.1800000000000097,0.4816025517172432,0.1199999999999905,0.040600984611923,0.0577252120484495,-0.1800000000000098,-0.18000000000001,-0.0300000000000097,0.0299999999999903,-9.716746200498824e-15,0.0299999999999904,0.0299999999999903,0.0299999999999903,-9.62008662004415e-15,0.02999999999999,-0.0300000000000099,-0.0539500431617755,0.0599999999999906,-0.6278264740262469,-0.3600000000000091,0.0299999999999907,0.1499999999999908,-0.1500000000000091,0.0599999999999908,0.1799999999999906,0.1499999999999909,0.1499999999999905,0.1199999999999905,0.1199999999999907,0.2399999999999907,-0.150000000000009,-3.251548077693837,-4.209140962609124,-0.5963822736593793,0.240331942675177,-0.180000000000009,-0.1200000000000088,-0.1800000000000088,0.4199999999999906,-0.0900000000000088,-0.0300000000000088,-0.0300000000000088,-0.0600000000000087,0.0899999999999911,-3.0626428774255383,-0.7061246569963613,-0.540000000000008,-0.2400000000000083,-0.0900000000000084,-8.313350008393172e-15,-0.3000000000000077,-0.4200000000000077,-0.1500000000000077,-0.3300000000000074,-0.2400000000000075,-0.1500000000000076,-0.4500000000000074,-1.804891626024533,-0.5718987421929967,-0.2859054440818155,-7.283063041541026e-15,0.0899999999999927,-0.2100000000000071,0.1199999999999928,0.0299999999999927,-7.345269021235667e-15,0.0899999999999927,-0.0300000000000073,-0.0300000000000073,0.0299999999999926,-0.0300000000000073,13.202760397981088,0.0215645623764698,-0.05298156040176,-0.0237363658455193,0.0111277682041808,-0.004051515964392,-0.0157831602643573,0.0441188006376344,-0.0284508601254145,-0.0134188604585906,0.0402565813757522,-0.0536754418343477,-0.0134188604585919,0.0402565813757511,-0.007537234697668,-0.0670943022929351,-6.448175327022909e-15,0.0402565813757504,-0.0301772638487791,-0.0134188604585924,0.0134188604585789,-0.0167584033901935,-0.0301772638487792,-0.0837920169509405,-0.0033395429316078,-7.278216961661182e-15,-0.0335168067803807,-0.0837920169509418,-8.462119893692943e-15,-0.0502752101705685,0.0167584033901781,0.0335168067803649,-8.649926069657024e-15,-0.0411405041758243,-0.1645620167032721,-0.0617107562637324,-8.790871953172908e-15,0.0041531181712395,-0.0660863620698526,-0.0748375736820927,0.0249458578940195,0.1746210052581879,-0.0498917157880649,-0.0249458578940367,-0.0300000000000089,-0.2400000000000089,0.1499999999999908,0.0599999999999905,0.155501369782172,0.0899999999999906,0.0713796412570595,-0.03936681705963792,0.03936681705963792,0.34115942028985513,47,264.2985074626866
0.3999999999999999,0.0099999999999998,0.4,400,1.2278260869565218,47.899130434782606,39.01133144475921,43.24,0.0,0.1249566130608455,0.3603581140501796,0.3599999999999906,-0.1500000000000091,-0.1224872805529541,0.2399999999999907,-0.0600000000000093,-0.0600000000000094,0.2399999999999907,0.2999999999999909,0.1499999999999909,0.1499999999999909,-0.1500000000000089,0.1199999999999909,0.2099999999999908,-0.1500000000000091,0.1193486108563884,-0.000853847997682,-0.0600000000000091,-0.251688743320519,-0.6765247119552404,-0.0300000000000096,0.35999999999999,0.29999999999999,-0.0300000000000099,0.17999999999999,0.02999999999999,0.0299999999999899,0.1499999999999898,-0.03000000000001,-0.1200000000000092,-0.3300000000000093,0.49268756186849,0.0615725916870038,-0.0924230487139755,0.0599999999999902,-9.576272010894768e-15,-9.561760710928018e-15,0.0899999999999903,-0.0900000000000095,0.0899999999999904,0.0299999999999905,-0.2400000000000092,-0.3000000000000092,-0.1200000000000093,-0.180000000000009,-0.2100000000000093,-0.9755744914062278,-1.3200000000000074,-0.1451313557582767,-0.1202914628180359,0.2999999999999908,0.2099999999999909,-0.1500000000000093,-0.4200000000000096,-9.405809464624326e-15,0.1499999999999907,-0.1500000000000094,-0.0900000000000094,0.2099999999999909,-0.8820224299996152,0.3491917864223473,-0.030207035751009,-0.0600000000000089,0.2099999999999909,-0.2100000000000088,0.119999999999991,-0.2700000000000087,-0.3300000000000089,0.0299999999999912,-0.2700000000000089,0.239999999999991,-0.1500000000000087,1.5196804770347176,-0.3173978569041343,-0.0802088317998828,-0.3000000000000086,0.0299999999999913,0.4499999999999915,0.3299999999999914,0.1499999999999915,0.0299999999999914,-0.2100000000000085,-0.1800000000000082,-0.1800000000000083,0.0001237657271138,0.0299999999999916,7.825778473932554,0.3761657453878292,-0.0617753716161492,0.1001328156486273,-0.3394044211588612,0.2501984302297481,0.7397434186242349,0.4199999999999924,0.5297472102794171,-0.1398316600734005,-0.0010593473393665,-0.2865811395414221,-0.0467584033901949,-0.0900000000000081,0.2025901135920587,0.0381355145234223,0.0584564076158634,-0.3318161977477508,-0.2979002961752246,-0.0222296415703178,0.0791930337797805,-0.0217589685473173,-0.1157060369422591,-0.0265366642440859,-0.2532415966098219,0.0596878723316275,-0.321656825326557,0.0110432605114214,0.2322810083516228,0.1166711258102477,-0.0844364593663072,-0.4082749920487465,-0.069429747912101,-0.108859495824193,-0.0300000000000089,0.1750987381645441,0.0896751473641596,-0.1250541421059806,-0.2848375736820926,-0.0246585184961238,-0.060000000000009,0.0599999999999909,-0.330000000000009,0.0353414815038758,-0.2400000000000093,-0.1010027395643721,0.2758782714748781,-0.0776348144246721,-0.0634106638610195,-0.0291552299901458,0.0305081391509402,0.04077118611918279,0.04077118611918279,0.22782608695652184,48,263.5223880597015
0.2949999999999998,0.0099999999999998,0.4,400,1.1114492753623189,44.30507246376811,39.86243317251272,42.51913043478261,0.0,-0.1281675282042027,-1.476143581982061,-1.6200000000000088,-0.3238621665073337,-0.2918115269625874,-0.0600000000000089,-0.1500000000000091,-9.032774528350274e-15,-0.4200000000000093,-9.214851104388801e-15,-0.0600000000000092,-0.1200000000000094,-0.0900000000000094,-0.1200000000000093,-0.1200000000000096,0.0299999999999905,0.2699999999999909,0.2408825214489605,0.4199999999999917,0.0416025936453906,-0.0109520706382808,0.0899999999999905,0.0599999999999904,-9.401368572525826e-15,-9.43411316197768e-15,0.0299999999999906,-0.2100000000000092,-0.0600000000000093,-9.120571846694518e-15,-0.2100000000000089,0.1799999999999905,0.2999999999999908,-0.4076450683017657,-0.511746539752348,-0.1043461187818564,0.2076514255136277,-0.0900000000000091,0.179999999999991,0.1199999999999907,0.0599999999999907,0.2399999999999906,0.0299999999999907,0.3899999999999903,-0.1800000000000096,-0.3900000000000101,-0.3000000000000098,-0.210000000000009,0.5535209012637498,0.7820494404890767,-0.659759420971846,0.05999999999999,0.17999999999999,0.20999999999999,0.0899999999999902,0.1499999999999902,-0.0600000000000097,0.0599999999999902,-0.3000000000000096,-0.1500000000000097,-0.0600000000000097,7.840902403288367,0.6404001474817713,0.0599999999999903,-0.1200000000000096,0.0599999999999903,0.0299999999999903,-0.1500000000000094,-0.1200000000000093,-0.2400000000000093,-0.3900000000000094,-0.3300000000000094,-0.0600000000000094,0.0599999999999905,14.238145172115162,1.6860215264598066,0.4408003015927423,0.2050423740330207,0.0299999999999906,-0.0300000000000093,-0.0300000000000092,0.0599999999999907,0.0299999999999908,0.0599999999999907,0.1199999999999908,-9.12446144272227e-15,-0.0900000000000093,0.0299999999999907,-0.0753393691256217,0.9362132621407662,0.459795564796037,0.1251060365749236,-0.4329463366634499,-0.5058837681755992,-0.6693849539610796,-0.4078404259432917,-0.4612871737772477,-0.2713120708499147,-0.4565901909234713,0.1274124722303138,0.2928712566456741,0.5126927300115564,0.1737524159175494,0.0673326062497918,0.3096671541111924,-0.1736465996790235,0.2331054703146473,0.3851151789607147,0.2568248648988364,0.0954837128705239,-0.0692992910642756,0.1425296400763683,-0.3122251725594062,0.0297380075069325,-0.2229105331166904,-0.6082223467733485,-0.5687848363763449,-0.9694619069115404,-1.70629569490236,-1.4935713465371014,-1.0662700844167814,-0.9831297669131492,-1.2191350758767618,-0.5234998755436685,-0.5684901750100121,-0.4882724843082749,-0.3153220176519596,-0.3309517824031225,-0.8285492241973329,-0.7897878519099949,-1.467219310216366,-0.7975348457396028,-1.3475523138313272,-1.4705765921749068,-1.1657134258321709,-1.4620457637436672,-2.051492935120072,-1.574935664634138,-2.0678355144490808,-0.04103689538244616,0.04103689538244616,0.11144927536231886,49,262.74626865671644
0.3049999999999998,0.0149999999999998,0.4,400,1.2094202898550726,43.39942028985507,35.88448172558418,39.791304347826085,0.0,-0.3292356126233841,-0.7234133255305233,-0.3317465397523477,0.1499999999999909,-0.1719153369692268,-0.1200000000000089,0.0299999999999908,-0.0600000000000089,-0.0600000000000092,-9.188205751797796e-15,0.0599999999999906,-0.0900000000000093,-9.490179132606808e-15,0.0299999999999905,-0.0900000000000096,-0.1500000000000095,0.1499999999999904,-0.1500000000000081,-0.4500000000000074,0.2475422256037301,-0.486089585784414,0.0899999999999905,-0.0600000000000095,0.0599999999999906,-0.0600000000000093,-0.0900000000000094,0.0899999999999906,-0.0300000000000094,-0.1200000000000092,0.0599999999999907,-0.2700000000000092,-0.1200000000000091,-1.0021522923990842,-0.62641219238197,-0.0615918474571374,-0.0300000000000091,-0.240000000000009,0.0299999999999908,-0.0300000000000092,0.1199999999999908,0.1799999999999906,-0.0900000000000092,0.2099999999999906,-0.2100000000000095,-0.1800000000000095,0.0299999999999902,0.0599999999999907,1.9722254984548837,3.0020494404890803,0.4667312540142279,0.05999999999999,-9.935982730595344e-15,0.1799999999999901,0.1199999999999901,-0.0600000000000097,-0.24000000000001,0.3599999999999901,0.2099999999999903,0.1199999999999902,-9.832135106080388e-15,3.8117622298623934,1.087549450255556,0.1799999999999905,-0.0600000000000095,-0.0900000000000095,0.1199999999999904,0.1199999999999905,-0.2400000000000093,-0.3000000000000093,-0.1800000000000093,0.2999999999999904,-0.4500000000000094,0.0599999999999905,10.921438180259054,0.3424632471625026,-0.1200000000000092,0.1499999999999907,0.2399999999999907,0.1799999999999909,-9.29478716216181e-15,-0.2400000000000089,-9.298678920278212e-15,0.0299999999999906,0.1199999999999908,0.2999999999999909,0.2999999999999909,-0.1200000000000092,3.611560324107788,0.2746050459374345,-0.1640796537172277,-0.1537581254602881,-0.3087393629746243,0.0797378580951086,-0.2838652096536437,-0.4389676914743427,-0.5809684409583992,0.2659510939317315,-0.3215656624435639,0.1084438209251003,0.1880893454094616,-0.3593232616748017,0.2501942433933848,0.3183978203332244,-0.4611534228288306,-0.5491468990640872,-0.1115259286085134,0.2858492938449243,-0.6915193426119798,-0.3734126291088659,-0.901064217264924,-0.3418179084610799,-0.3733577277140508,0.1274019747192369,0.1728238797052811,0.3113705706477417,0.1217412344617401,0.8754715767313991,-0.0463042199083789,0.5289360155639171,1.438570379186336,0.6827207490474241,0.5696680328321875,0.0315113210325777,-0.5167679859854138,-0.7517279235955782,-0.8395328637874537,-0.9033382691598396,-1.2300320433063776,-1.2822571284299444,-1.5524522068831268,-1.711360466762159,-1.417653635617933,-2.0698726678295354,-1.4637424325254869,-2.265558585202532,-2.9806708358194896,-4.227548130180371,-4.183970711300736,-0.04199134940003554,0.04199134940003554,0.20942028985507255,50,261.97014925373134
0.3299999999999998,0.0049999999999998,0.4,400,1.0940579710144926,46.62159420289855,42.613458736256455,44.9004347826087,0.0,-0.6770103293697689,-0.4515160841306134,-0.3300000000000092,0.0599999999999907,0.0918476417642249,0.1499999999999904,-0.0600000000000095,-0.2100000000000092,0.0892499118786024,0.2099999999999909,0.0599999999999905,0.0599999999999905,0.0299999999999905,0.1799999999999906,-0.0900000000000094,0.1199999999999903,0.1199999999999903,-0.1200000000000088,0.0599999999999912,0.4586409229195621,-0.3452608586449484,-0.1200000000000089,0.1799999999999908,0.149999999999991,0.0599999999999907,-0.150000000000009,0.0599999999999908,0.0599999999999908,0.0899999999999906,-0.1200000000000092,0.1499999999999909,0.3899999999999907,-0.9891349016964018,0.0070219012582584,0.2965631263572038,-0.1200000000000097,-0.0300000000000099,-9.928637945985328e-15,-0.0300000000000099,-0.0900000000000098,-0.0300000000000098,0.26999999999999,-0.0900000000000098,0.0899999999999902,0.2999999999999901,-0.0900000000000097,-0.2100000000000102,-0.6994229637141026,-0.7572848505311975,0.3787331236480613,-0.1488949761851518,-0.3000000000000091,-0.1800000000000092,-0.1200000000000093,-0.1500000000000093,-0.1200000000000093,0.1499999999999906,0.2999999999999905,0.3899999999999903,0.0299999999999905,-0.2898314818149927,0.215855916737209,0.2999999999999907,0.1199999999999908,-0.3600000000000092,0.0299999999999909,0.1499999999999907,-9.423573033018328e-15,0.2699999999999908,0.4499999999999899,-9.358828306996996e-15,-0.0600000000000094,0.2999999999999905,5.914187963922638,1.252737226183926,0.1199999999999905,-0.0300000000000094,0.0599999999999906,-0.0300000000000094,-0.0300000000000093,-0.0900000000000093,-0.180000000000009,0.0599999999999906,0.0899999999999907,0.3899999999999903,-0.3000000000000089,-0.2400000000000089,-1.064409891804561,0.1116581051627108,0.121398039378722,0.0432415966098045,-0.133241596609822,0.1102752101705514,-0.1068141154434963,0.0035168067803647,-0.0335168067803823,-0.2267584033901956,-0.1235168067803826,-0.0794495796588885,0.1067584033901775,0.0117017353139456,0.163241596609804,0.0188594958241749,-0.1632415966098225,-0.0900000000000093,0.2905702520878988,-0.341140504175825,0.0485897275040625,-0.2682892437362854,0.2622810083516224,0.2811405041758066,0.0899999999999907,0.304375605806111,0.0411405041758066,0.1499999999999907,-0.040108284211953,0.1126673937501899,0.1071160378259041,-0.199891715788065,0.0650541421059627,-0.077440890461754,0.1850541421059626,0.1473619070573206,-0.3300000000000092,0.0076922350486325,-0.2183168540254768,0.0871979787645422,-0.434558564185233,-0.2013197072896737,-0.3110304010579434,-0.5777042349798688,-0.0541217285251217,0.6145631155909353,0.1632798301616844,0.018040314341282,-0.3494870407774019,0.0655036615144258,1.2265055075273188,0.04247034912627091,0.04247034912627091,0.09405797101449265,51,261.1940298507463
0.4449999999999999,0.0149999999999998,0.4,400,1.3518840579710143,47.91782608695653,35.445218696397944,40.39811594202899,0.0,-0.2359266968054403,-0.669519291496234,0.1199999999999908,-9.130474154517288e-15,0.2360513637719078,0.0599999999999908,-0.0300000000000091,-0.0600000000000091,-0.150000000000009,-0.270000000000009,-0.0900000000000091,-0.0600000000000092,-0.1200000000000091,-0.1200000000000093,0.1499999999999907,0.0899999999999905,-0.2400000000000095,0.0883448761436913,0.0599999999999906,0.066130021849022,-0.3741182703448611,-0.1800000000000098,-0.06000000000001,-0.18000000000001,-0.2700000000000099,0.0599999999999901,0.0299999999999902,0.0599999999999901,-9.663455495316816e-15,0.2999999999999904,-0.0600000000000095,0.0299999999999902,-0.1896290799246423,0.1199999999999906,-0.3091099756575688,0.0899999999999905,-0.1800000000000093,-0.1500000000000093,0.0599999999999907,0.0299999999999906,0.1499999999999907,-0.0900000000000089,0.2399999999999908,-0.0300000000000093,-0.2400000000000094,0.2099999999999906,-0.1500000000000091,-1.7686252623281091,-2.194230121861126,-0.3810024170155515,-0.1734950696468298,-0.2700000000000091,0.2099999999999908,0.0899999999999909,-0.0900000000000088,0.3299999999999907,-0.0600000000000087,-0.2700000000000087,-0.180000000000009,0.2399999999999909,-10.401555555752577,-0.5183964393834455,-0.0900000000000087,-0.3000000000000087,0.0299999999999912,-0.0600000000000085,-0.0900000000000084,-0.2700000000000084,-8.242295734817162e-15,0.3599999999999921,0.0299999999999917,0.0598762342728694,-8.373797924674052e-15,9.344043316396595,-0.6068746120491458,-0.2400000000000076,-0.1800000000000076,0.5399999999999924,0.1499999999999925,0.2399999999999925,-0.2400000000000072,-0.3600000000000071,-0.0300000000000073,-0.2700000000000072,-7.260858581048524e-15,-0.0900000000000071,0.266779569771163,15.50084693460018,0.3082797617634358,0.0305805889809536,-0.1800000000000068,-0.2467881644521287,0.0235822420860635,-0.1431551292669157,0.0152100757616384,-0.1593080655271213,0.0254080150826256,0.1744451859616086,-0.0134188604585916,0.0268377209171648,0.0805131627515077,-0.0536754418343495,0.013418860458579,0.0134188604585789,0.0134188604585789,0.0134188604585789,-0.0335168067803803,0.0167584033901799,0.0837920169509267,-6.999850829942205e-15,-0.0837920169509412,0.0167584033901793,-8.254577773384233e-15,0.0167584033901786,0.0502752101705516,-0.0167584033901953,-0.0205702520879165,0.0617107562637151,0.0038118486977125,-0.18513226879118,-0.1028512604395482,-8.801848139228241e-15,0.1234215125274387,-8.777064104084671e-15,-0.0161946462817965,-0.0249458578940366,-0.0997834315761204,0.0249458578940192,0.0249458578940192,-0.0300000000000089,-0.0900000000000089,-0.090000000000009,0.2699999999999907,0.1199999999999906,-0.0600000000000093,-0.0241217285251217,-0.0358782714748968,0.0358782714748783,0.04258904098544259,0.04258904098544259,0.3518840579710143,52,260.4179104477612
0.3699999999999999,0.0099999999999998,0.4,400,1.1640579710144927,47.2927536231884,40.62749003984064,43.99260869565217,0.0,-0.6338814344865706,-1.462377039301127,-0.6300000000000092,-7.284766915414247e-05,0.0169698589096458,0.2699999999999908,-0.2100000000000093,-0.0900000000000095,0.2099999999999905,-0.0300000000000095,0.1799999999999904,0.3599999999999904,0.0299999999999905,-0.2400000000000092,0.1199999999999907,-0.240000000000009,-9.130474154517288e-15,0.179999999999991,0.059999999999991,-0.0546725443868349,-0.1637297400642293,-9.202373607125944e-15,-0.0300000000000092,-0.0606036617135731,-0.0600000000000094,0.2099999999999905,-0.0300000000000096,-0.0900000000000095,-0.0300000000000097,-0.1800000000000098,-0.180000000000009,-0.0300000000000091,-1.2050916863858807,-0.2118412678657084,-0.3830864994294641,-0.0300000000000099,-0.0600000000000098,0.0299999999999902,-0.0300000000000097,-0.0300000000000097,-0.0300000000000096,-0.0904658231465424,-0.0900000000000097,-0.1500000000000096,-0.1800000000000094,0.0899999999999904,-0.3300000000000097,0.8523422314931841,1.3221644855509198,-0.2528568108206901,-0.1200000000000092,-0.1200000000000092,-0.0300000000000092,-0.0900000000000093,0.0899999999999906,-0.1800000000000092,-0.1200000000000094,-0.0900000000000094,-0.0900000000000093,-9.251675493882271e-15,-1.7766535722427867,-0.1037637630503745,-0.1922163591235345,0.1499999999999905,0.1799999999999905,-9.492055069952015e-15,-0.0300000000000093,-0.0300000000000093,-0.0300000000000092,-0.0900000000000089,0.1499999999999909,-0.1800000000000091,0.1199999999999906,5.750472407438674,-0.3667889016264017,-0.1200000000000089,0.2699999999999911,0.2699999999999911,0.0599999999999911,-8.775202786637238e-15,0.1799999999999911,0.0899999999999911,0.0299999999999911,-0.2702070357510086,0.2099999999999908,-0.2700000000000087,0.4799999999999907,6.08866118667062,-0.031422772213707,-0.1421763274795736,-0.1634188604585937,-0.120000000000008,0.1199999999999918,-0.1067584033901947,0.3299999999999918,0.0301652861492573,0.3299999999999917,-0.270000000000008,0.0767584033901785,0.093516806780365,0.2205504203411119,-0.1835168067803818,0.2532415966098044,-0.0202752101705688,-0.1500000000000087,-0.1632415966098219,-0.0591833572714336,0.1816263256261356,-0.0708792007819428,-0.0861881513022877,-0.1577189916483772,-0.2926713445219142,0.2511405041758069,0.1928512604395305,-0.011140504175825,0.4405702520878987,-0.0134032052854175,-0.2194297479121011,-0.0900000000000092,-0.1200000000000089,0.1550541421059629,0.040108284211935,-0.0798917157880649,0.0577215358561619,-0.3549458578940372,0.0599999999999908,0.2099999999999907,0.1799999999999904,0.1799999999999908,-0.0600000000000095,-0.0600000000000094,0.1413197072896546,-0.1407110646641115,0.0599999999999904,-0.0652696288493349,-0.3437137941753695,0.026550623125132,-0.4069270436659273,0.042612990914118534,0.042612990914118534,0.1640579710144927,53,259.64179104477614
0.4149999999999999,0.0149999999999998,0.4,400,1.3421739130434782,46.97579710144928,34.99978404060037,39.79333333333334,0.0,-0.3641039173140571,-1.5060974198075818,-0.5007281640943453,-9.201528428093295e-15,-0.2373090444015298,0.1499999999999903,0.0299999999999906,-9.365251375352571e-15,0.2399999999999909,0.0299999999999907,0.0599999999999908,0.0299999999999909,-0.3600000000000091,-0.1800000000000091,0.2699999999999907,0.0299999999999908,0.0299999999999907,-0.3308538479976818,-0.2400000000000091,0.0997166425836005,0.3900166912690617,-9.627854069549356e-15,0.1199999999999904,-0.0300000000000098,-0.1800000000000099,-0.0600000000000098,-0.0600000000000099,0.1199999999999899,0.17999999999999,0.0894431157708519,-0.0900000000000092,-0.0900000000000092,0.4617515417306776,0.1499999999999906,-0.0460906741138318,-9.66826783231258e-15,-0.0600000000000096,0.0299999999999903,0.1499999999999903,-0.2400000000000093,-0.3000000000000093,0.1499999999999905,0.1799999999999906,-0.0900000000000093,0.1199999999999906,-0.0900000000000092,-0.0600000000000095,0.1912219558963125,-8.562039965909208e-15,-0.3289161231938552,-0.5100000000000092,-0.2400000000000093,0.2399999999999905,-0.0600000000000094,-0.0900000000000094,-0.0600000000000095,-0.1800000000000091,-0.4200000000000093,-0.1800000000000091,-0.0600000000000094,8.943972185185617,0.7518387795457266,0.2699999999999909,0.2099999999999907,0.0599999999999911,-0.3000000000000087,-0.0900000000000087,0.3299999999999909,0.059999999999991,-0.3900000000000087,0.0899999999999911,0.1799999999999911,-0.1200000000000087,5.019563740992513,0.3903051049464572,0.2099999999999913,-0.0300000000000085,0.1199999999999915,0.2999999999999914,-0.360000000000008,-0.0900000000000082,-0.2100000000000081,-0.3300824160896404,0.1799999999999917,-0.480000000000008,-0.420000000000008,-0.1800000000000081,-3.743057115307717,-0.1322182847496441,0.0211832271172638,0.1436754418343357,0.3360865892534299,-0.1555446293710828,-0.3766635556310537,-0.0269310054379741,-0.2694174298226317,0.0538037023499359,0.1632305031744342,-0.182120797729285,-0.1432161222491729,-0.0403007837293586,-0.0947912576695577,-0.015687525897893,0.0444897379508792,0.013241596609806,0.0767584033901795,0.1508256305116727,-0.1675840339018751,-0.0335168067803818,0.0502752101705518,-0.033516806780382,0.0335168067803648,-0.0205702520879165,-8.636446136521347e-15,-0.0617107562637324,-8.655298699977721e-15,0.0205702520878993,-0.0617107562637325,-0.3496942854944434,-0.0455161099819447,-0.0205702520879167,-0.0205702520879168,-0.0205702520879166,0.1247292894701318,0.1746210052581877,0.1496751473641598,-8.824591910138767e-15,-8.981143890673775e-15,0.0599999999999909,0.2099999999999909,0.0353414815038759,-0.0300000000000093,-0.125878271474897,-0.0058782714748969,-0.1731361842068534,0.071756542949766,0.0089545217143183,-0.0358782714748961,0.043261834567780495,0.043261834567780495,0.3421739130434782,54,258.86567164179104
0.47,0.0149999999999998,0.4,400,1.3391304347826087,48.85855072463768,36.48528138528138,41.544782608695655,0.0,-0.3102505050222031,-0.988640784070755,-0.2400000000000092,0.0599999999999908,0.1769512622318757,0.1499999999999909,-9.130474154517288e-15,-0.0300000000000092,0.0599999999999907,0.1199999999999908,-0.0300000000000093,-0.1800000000000095,0.1199999999999905,-0.0300000000000097,0.2099999999999902,-0.1500000000000097,-0.0900000000000098,-0.0608012758586358,0.0599999999999905,-0.05758448120003,0.0991228797476637,0.0899999999999901,-0.2700000000000097,-9.769962616701378e-15,0.0599999999999903,-0.0600000000000097,-9.62792835852881e-15,-0.0900000000000096,0.0599999999999904,0.0599999999999903,0.0599999999999899,0.0599999999999899,-0.0336143971888679,-0.0600000000000091,-0.4397216308997575,0.1799999999999907,0.0899999999999908,-0.0300000000000091,-0.0600000000000093,-9.279618099178741e-15,0.1499999999999907,0.2099999999999907,0.1499999999999905,-0.0900000000000094,-0.0600000000000094,0.0599999999999906,-9.312276163564762e-15,-0.1130283547201353,-0.4826118752911735,-0.0936652496959078,-9.041656312547276e-15,0.119999999999991,-0.0600000000000088,0.2099999999999911,0.4799999999999907,0.209999999999991,0.0599999999999911,-0.2700000000000088,-0.1800000000000087,0.1199999999999911,-8.03152025477559,-0.5193088244084872,0.0299999999999914,-0.1800000000000081,0.2699175839103594,0.4499999999999919,-0.2100000000000075,0.2099999999999919,0.5099999999999926,0.0899999999999925,-0.1800000000000076,-0.570041179788418,0.2099999999999926,6.248737975925163,0.0126638333902527,0.1799999999999927,0.0299999999999928,0.1499999999999927,-0.0300000000000073,-7.323098051058796e-15,-7.309708394132031e-15,-7.309775374763294e-15,0.0599999999999926,-0.0300000000000073,-0.0300000000000073,-7.329146478307621e-15,-0.064818707545892,8.899085328450022,0.0430625651114868,-7.323232012321322e-15,-0.0048330363898126,0.0033674745143067,0.097201356090833,-0.0489118323348039,0.0098421700740469,-0.0608191056979618,-0.0285821959277976,0.0620890030680654,-4.853145567457858e-15,0.0134188604585798,-0.131135725515442,0.0297785337976277,0.0402565813757509,-0.0805131627515208,0.0402565813757505,0.0100793175269781,-0.0536754418343496,0.013418860458579,-0.0134188604585924,-0.0167584033901934,-0.050275210170567,-0.0368563497119812,-0.0670336135607539,-0.0502752101705673,0.0670336135607388,0.1005504203411121,-0.0335168067803817,-0.0167584033901953,0.0167584033901781,0.0205702520878993,0.057898907565994,0.0411405041758072,-0.0822810083516403,-0.0822810083516405,-0.0617107562637325,-0.0658638744349808,0.0498917157880474,-0.0997834315761206,-0.0748375736820925,0.0997834315761035,-0.0300000000000087,-8.92328588463894e-15,-0.120000000000009,0.1199999999999909,-0.1800000000000094,0.0955013697821722,0.0958782714748782,0.0358782714748782,0.04423483186603988,0.04423483186603988,0.33913043478260874,55,258.089552238806
0.2049999999999997,0.0099999999999998,0.4,400,1.042463768115942,39.988985507246376,38.3600722925066,39.61840579710145,0.0,-1.675364324904027,-1.7186139673643746,-1.2018412678657076,-0.1216571657500583,0.1439550394406729,0.1488574449215403,0.0899999999999919,0.2399999999999919,-0.2700000000000078,-0.030000000000008,-0.0900000000000081,-0.1800000000000083,0.5699999999999921,0.0299999999999914,-0.0600000000000086,-0.1200000000000086,-0.1200000000000086,-0.6300000000000094,-0.270000000000009,-0.2416571657500587,-0.2419524980610187,-0.0300000000000088,-0.0900000000000088,-0.0300000000000088,-0.2700000000000088,-0.1200000000000089,0.2699999999999911,0.089999999999991,-0.2400000000000089,-9.00612917575927e-15,0.1199999999999917,-0.0600000000000088,-2.0141458939254058,-1.595027312706925,0.0487071592513092,-0.0600000000000092,0.0599999999999905,-0.0300000000000094,-0.1200000000000095,-0.0300000000000095,-0.1200000000000094,0.1799999999999909,-0.2700000000000093,0.0599999999999905,0.1499999999999904,0.2999999999999907,-0.1200000000000095,1.5038893033278182,0.968680957859367,-0.1592849509874404,-0.0900000000000094,-0.2100000000000094,-9.419132140919828e-15,-0.3600000000000093,-0.2100000000000092,-9.228173780684302e-15,0.2399999999999907,-0.1200000000000091,0.0899999999999904,-9.485155462012086e-15,-1.117117178846646,0.1563803601878627,-0.0917078452028575,-9.14823772291129e-15,0.149999999999991,-9.068301665138281e-15,-0.150000000000009,-0.1500000000000091,-0.0900000000000091,-0.180000000000009,0.209999999999991,-9.20329045180368e-15,0.2099999999999909,8.194004232763643,1.4573516668268254,0.1422445489869905,0.1666222560983641,-0.0600000000000092,0.0899999999999907,-0.1800000000000092,0.0599999999999906,-0.0300000000000094,0.0599999999999905,-0.0600000000000094,0.1499999999999907,-0.2100000000000093,0.2099999999999907,-0.3077170523105069,-0.0138440662896031,0.1684016218294123,-0.0412265535073671,0.3176490280231567,0.2813252275998692,0.3572983308322471,0.0606240246248001,0.061731578210482,0.0138911270998187,-0.1003105020090308,-0.1666971377902442,-0.0119024451631192,0.1472643807716927,0.0643678773907729,-0.1781666949315379,0.1016154182943287,-0.0312134383270319,0.3453045079056867,0.2318578212353119,-0.0493506495224669,-0.0887602719469827,-0.5101667728485718,-0.1776304736021044,0.3367836076801155,-0.3651079183195506,-0.3936173139834328,0.3899999999999886,0.0899999999999903,0.2699999999999896,0.20999999999999,0.0299999999999897,-0.1500000000000103,0.0600511877372278,-0.3292499118786216,-0.6300000000000103,-0.1500000000000097,0.7499999999999898,0.1199999999999908,0.1499999999999905,-0.0900000000000092,-0.4800000000000106,0.0299999999999917,-0.0300000000000088,-0.1200000000000089,0.208058011637319,1.4071791711518005,1.030030868889774,-0.2700000000000085,1.2143425290753247,1.5245243710411962,0.04499755715144398,0.04499755715144398,0.0424637681159421,56,257.3134328358209
0.3999999999999999,0.0049999999999998,0.4,400,1.1278260869565218,49.31869565217392,43.7289899768697,46.84463768115942,0.0,0.2020808452879371,-0.9240196176714908,-0.8700000000000085,-0.0300000000000092,-0.1190963141526002,0.1499999999999906,-0.240000000000009,-0.1500000000000092,-0.300000000000009,-0.060000000000009,0.4199999999999908,0.0899999999999908,-0.0600000000000091,0.0299999999999907,0.2399999999999908,0.3299999999999909,-9.20773134390218e-15,-0.271521290371903,-0.1800000000000092,-0.2186515869213298,-0.588734311693001,-0.1200000000000097,-0.1500000000000097,-0.0300000000000098,0.0899999999999901,-0.03000000000001,-0.2700000000000099,0.1199999999999901,-0.0600000000000098,-0.0300000000000098,0.5699999999999901,0.5699999999999903,0.2753098094444348,0.2099999999999909,0.0568282020222922,-0.1492390733911645,0.2099999999999903,-0.1500000000000095,-0.0900000000000094,-0.1200000000000093,-0.0600000000000093,-0.0300000000000093,-0.2100000000000092,-0.0600000000000092,-0.0900000000000091,0.0299999999999906,0.1499999999999905,-1.3516330942208177,-1.2900000000000085,0.7614199308237913,-9.423573033018328e-15,-0.3300000000000094,-0.1200000000000094,0.0599999999999905,0.1199999999999904,-0.0600000000000093,0.2099999999999908,0.1499999999999907,-0.0900000000000095,-0.0300000000000094,-4.878127203613492,-0.3126093894519802,-0.030000000000009,-0.0600000000000088,-0.2700000000000088,-0.0900000000000088,0.3299999999999909,0.239999999999991,-0.2700000000000088,-0.0900000000000088,-0.0900000000000088,-0.1800000000000087,0.209999999999991,2.173028841332267,0.9487122145770942,0.4499999999999915,0.0599999999999913,-0.0900000000000084,0.2699999999999914,-0.3598762342728859,-0.0600000000000082,-0.1200824160896404,0.1199999999999917,-0.2400000000000078,-0.3300000000000081,-0.0600000000000081,-0.3600000000000081,0.659224453260413,-0.7510216741151373,0.0404780475781163,0.1604780475781165,0.1097434186242351,0.2131622790828208,-0.0300000000000076,-0.2100000000000076,-0.2549685333804464,0.1066392906874076,0.0166635556310383,-0.1200581511460092,-0.0656774639432512,0.2999999999999916,-0.0134188604585939,-0.2439015420037814,-0.035980560543814,0.2799020536782038,-0.0609028266371823,0.5381439890521879,0.1033241826522284,-0.0976335653036887,0.2567584033901784,-0.0375591854453004,0.0397247898294311,0.2099999999999912,0.1702752101705514,-8.770296025427641e-15,-0.3300000000000085,-0.1438180774017607,0.0559288986883522,-0.148289243736285,0.290570252087899,0.1311405041758069,-0.104483890018073,-0.1688594958241932,-0.0054078257700011,0.0101082842119347,0.0197605197588986,0.1847292894701312,-0.060000000000009,0.0899999999999908,0.0599999999999908,-0.1500000000000089,-0.2100000000000089,0.1799999999999906,0.2399999999999905,-0.1141217285251218,-0.0900000000000093,-0.3358782714748967,-9.463541061904834e-15,-0.045590116771614855,0.045590116771614855,0.12782608695652176,57,256.53731343283584
0.475,0.0149999999999998,0.4,400,1.335217391304348,49.03507246376812,36.7244111581461,41.76536231884058,0.0,-0.1468607689731372,-0.6265082357474313,-0.120000000000009,-0.0900000000000091,0.3925042038012528,0.0599999999999908,-0.0300000000000092,-0.0300000000000092,0.0299999999999907,0.2399999999999909,-0.2700000000000095,-9.627854069549356e-15,0.1799999999999905,0.1499999999999901,0.0899999999999901,-0.33000000000001,-1.0092950953629852e-14,-0.1769996475144566,0.0299999999999905,0.2165276882087076,-0.2823644349855572,-0.3300000000000099,0.1199999999999902,0.2999999999999903,-9.610536235032074e-15,-9.685659955809318e-15,-0.1800000000000094,0.0599999999999904,-0.2700000000000093,0.1199999999999904,-0.15000000000001,-0.1200000000000098,-0.4764495218747725,0.1484274083129776,-0.2664732330483563,0.1499999999999908,-0.0600000000000091,0.1199999999999908,-0.0300000000000093,-0.2700000000000092,-0.1500000000000094,0.0299999999999908,-9.447646148967008e-15,-0.0600000000000095,0.0299999999999905,-0.1500000000000094,-0.120000000000009,-4.143514029261621,-4.377950559510924,0.72588600772415,0.4457402004553909,0.2399999999999912,-0.0600000000000088,0.209999999999991,0.1499999999999911,-0.1800000000000087,-0.0600000000000088,0.0599999999999911,-0.0600000000000088,-0.0600000000000088,-6.406330346617931,-0.3098302799445002,-0.3266034219066663,-0.0600000000000082,-0.1200824160896401,0.059999999999992,-0.3300000000000077,-0.3600000000000075,-0.0900000000000074,0.5999999999999927,0.4499999999999927,0.3599999999999925,0.4199999999999926,2.526470286476193,0.0740550192036062,-0.0303323228245102,0.1799999999999927,-0.2700000000000072,-0.0600000000000074,-7.318690649275926e-15,-0.0300000000000073,-7.460832686743578e-15,0.0599999999999926,0.0599999999999926,-7.329146478307621e-15,-7.329146478307621e-15,-7.329146478307621e-15,6.566912107161324,0.3399218758804252,-0.0346272725081723,-0.0240756801194896,-0.0090479905978204,0.0185171853528313,-0.0369809911882348,0.0226329802038782,-0.0209564350986439,-0.0237809048319447,0.0149197090857661,0.0029408128804569,-0.1341886045858627,0.0462502733266341,-0.0238969080367148,-5.857536677922326e-15,0.0134188604585795,0.0536754418343361,-0.0536754418343495,-0.0134188604585924,-0.0670943022929352,-0.0134188604585924,-0.0268377209171781,0.0033395429315941,0.0301772638487657,0.0335168067803666,0.0167584033901798,0.0167584033901788,0.1508256305116723,-0.067033613560755,-8.636446136521347e-15,-0.0167584033901952,0.0205702520878992,0.037328655478086,-0.0822810083516403,-0.0617107562637324,-0.0411405041758245,-0.1645620167032721,-0.0205702520879167,-0.0498917157880648,0.1247292894701318,-0.1247292894701485,-0.0249458578940366,-8.571751783858963e-15,-0.0498917157880649,-0.0900000000000089,0.0599999999999909,0.0599999999999907,0.0299999999999907,0.0299999999999906,0.0655013697821719,-0.04708339599032454,0.04708339599032454,0.3352173913043479,58,255.76119402985074
0.4599999999999999,0.0099999999999998,0.4,400,1.3166666666666669,49.2368115942029,37.39504678040726,42.37840579710145,0.0,0.0316452573724819,-0.7811287979459484,0.1799999999999908,0.299999999999991,0.0275906431145315,-0.150000000000009,-0.1500000000000091,-9.173049386146822e-15,-0.0300000000000091,0.3899999999999907,-0.1800000000000094,-0.1500000000000095,-0.1500000000000095,0.0299999999999902,-0.0300000000000097,-0.1800000000000099,-0.0600000000000099,-0.0592499118786211,-0.0900000000000094,-0.0340759063248985,0.1840407072442043,0.0599999999999901,0.23999999999999,-0.0600000000000097,0.2699999999999905,0.0599999999999902,0.1199999999999902,-9.557765552706235e-15,-0.0600000000000094,-9.476863738200336e-15,-0.1800000000000099,-0.0900000000000099,-0.1131294774919035,0.2099999999999909,-0.2801225468811926,0.0896657351177253,0.1199999999999908,-0.0300000000000093,0.0299999999999906,-0.0600000000000092,0.0599999999999906,0.2399999999999907,0.2099999999999908,-0.2100000000000094,-9.392486788328824e-15,0.1199999999999904,-9.271759000696154e-15,-3.863627526813588,-4.590000000000003,0.1042269535469968,0.149999999999991,-0.1500000000000088,-0.0900000000000088,0.0299999999999911,0.3297929642489908,-8.819611707622243e-15,0.0599999999999911,-0.3300000000000088,-0.330000000000009,0.0299999999999911,-4.88905696354902,-0.7944300523533137,-0.270000000000008,-0.1800000000000084,0.3600824160896237,0.4799999999999918,-7.842615445952106e-15,-0.3300000000000077,0.2999999999999923,0.3899999999999924,0.1800411797884029,-0.2700000000000075,0.2999999999999925,8.959954691480094,-0.0998528862738515,0.2699999999999927,0.1799999999999928,0.1799999999999927,-0.1200000000000072,-7.30082660993503e-15,-0.0300000000000073,-0.1200000000000072,-7.331979835255797e-15,0.0899999999999926,-0.0600000000000073,-7.329146478307621e-15,-0.0600000000000073,11.1056453395797,0.1688703913717426,0.0237070561980894,-0.0195219524218832,0.0032204302288224,0.0704780475781166,0.0988654414171412,-0.0655902790524642,0.0761524850573888,-0.0069184425027307,0.0479278501527102,-0.0063410395906294,-0.11613012714784,0.0835660418219299,0.0372037023053312,-0.0670943022929344,0.0402565813757513,-0.0939320232101065,-0.1073508836686921,-0.0268377209171781,-0.0402565813757639,-6.736622632786636e-15,-0.0536754418343495,0.0536147531021544,-0.0033395429316077,-0.0167584033901934,-0.0670336135607537,-7.825735397603815e-15,0.0670336135607389,0.0167584033901787,0.0335168067803649,-0.016758403390195,-0.0205702520879165,0.0411405041758072,-0.0411405041758244,0.0411405041758073,0.1645620167032547,-0.0617107562637325,-0.1234215125274564,-8.777064104084671e-15,-0.0748375736820925,0.0748375736820758,-0.1496751473641769,0.1496751473641598,-8.878421925738798e-15,-0.2126380929426789,0.179999999999991,0.0899999999999906,0.1499999999999907,-0.1200000000000093,-0.0300000000000093,0.050282656320145634,0.050282656320145634,0.3166666666666669,59,254.98507462686567
0.485,0.0199999999999998,0.4,400,1.348550724637681,48.72652173913043,36.13250940354648,41.219565217391306,0.0,-0.419983916980634,-0.6218921535442496,-0.3000000000000093,-0.0855037029636192,0.2127871526064756,-0.1800000000000091,0.0299999999999909,0.1199999999999909,-0.0300000000000092,0.0899999999999908,0.0899999999999906,-0.2100000000000096,-0.1200000000000094,-0.0900000000000097,-9.604282716132326e-15,-0.0900000000000099,-0.1500000000000099,-0.1800000000000093,-0.1800000000000093,-0.2140796007514287,-0.2382526790811691,0.2399999999999901,0.1499999999999901,-0.0900000000000097,0.1799999999999903,0.0599999999999902,-9.583519437543804e-15,-0.2100000000000093,0.1199999999999904,-0.0600000000000094,-1.0006180431234188e-14,-0.03000000000001,-0.642185343517595,0.0915725916870036,-0.3876488687825934,0.1799999999999908,-0.0300000000000092,0.1799999999999909,-0.2400000000000091,-0.2400000000000092,-0.0600000000000094,0.0299999999999905,0.3599999999999907,0.0899999999999904,-0.1200000000000094,-9.412119012179004e-15,0.0899999999999906,-5.365600116585391,-4.479225553107793,0.1658037993102943,-0.030000000000009,0.239999999999991,-0.3000000000000087,0.1499999999999911,0.299999999999991,-0.3600000000000087,-0.1200000000000088,0.2399999999999911,-0.1500000000000087,-8.855138844410249e-15,1.46439125659311,0.3204925279316793,0.4491925453402061,-0.2700000000000083,0.0899999999999917,0.299999999999992,-0.1200000000000076,0.2699999999999924,-0.0600000000000074,0.4199999999999926,0.3899999999999926,0.2999999999999926,0.2999999999999925,4.985102732953282,0.0710404570191981,0.0899999999999928,-0.1200000000000072,-0.3000000000000071,-0.0600000000000073,0.0899999999999927,-0.0900000000000072,-0.0300000000000073,0.0599999999999925,0.0299999999999926,-7.329146478307621e-15,-7.329146478307621e-15,-7.329146478307621e-15,11.12265448833901,-0.1532246901555635,-0.0083842225170188,-0.0315680567703245,0.0151658303202058,-0.014529563542516,-0.025497831104321,0.0033853487475192,-0.0281016025071129,-0.002824809675696,0.0268377209171666,-0.0373157684953004,0.0536754418343369,-0.0640414232225134,-0.0238969080367155,-0.0268377209171778,-0.0536754418343493,-6.676483215406046e-15,-0.0033395429316076,-0.0402565813757639,0.0134188604585789,-6.752101061146269e-15,-0.0301772638487792,-0.0804524740193396,-0.0066790858632087,0.0167584033901797,0.0167584033901795,-0.0502752101705682,0.0502752101705518,-0.0335168067803816,0.0335168067803648,0.0502752101705517,-0.0205702520879165,-8.653435223533331e-15,0.0205702520878992,-0.1234215125274562,-0.0617107562637326,-0.0367648983697045,-0.0411405041758246,-0.0249458578940366,-0.0249458578940365,0.1496751473641598,0.0498917157880472,0.0249458578940193,-0.0849458578940369,0.0599999999999909,0.1499999999999908,-0.0600000000000093,0.245501369782172,0.0599999999999906,0.0355013697821719,0.050520130901943607,0.050520130901943607,0.3485507246376811,60,254.2089552238806
0.3149999999999998,0.0099999999999998,0.4,400,1.1321739130434785,45.18898550724638,39.91346646185356,42.860579710144926,0.0,-0.2554790221578987,0.2192072973793729,0.299999999999991,0.0599999999999907,0.0621477885402217,0.118100544911782,0.0899999999999905,-0.0600000000000094,-9.399885847863316e-15,0.0599999999999904,0.0899999999999903,0.2699999999999904,0.0599999999999905,0.2999999999999906,-0.1200000000000094,0.0599999999999905,0.2999999999999905,-0.1800000000000086,-0.1800000000000086,0.3914115436427536,-0.2615209904510826,0.0583139953056723,0.0299999999999906,-0.0900000000000093,-0.0600000000000091,-0.0600000000000091,-9.140201117746935e-15,0.3599999999999905,-0.0300000000000091,-0.2100000000000089,0.1499999999999904,-0.1200000000000095,0.4500832563618764,0.0899999999999908,0.736633203136298,0.1799999999999908,-0.3600000000000098,0.0299999999999905,-0.3000000000000097,-0.1200000000000094,-0.0300000000000097,0.23999999999999,-0.1800000000000098,0.05999999999999,0.02999999999999,-0.0300000000000099,-0.0600000000000093,1.6390698581400889,1.8512133448319008,0.2421750026512831,0.2999999999999899,0.0599999999999902,0.3899999999999899,-9.614605682233308e-15,-0.1200000000000096,0.0599999999999904,-0.0300000000000095,0.0299999999999904,-9.707790127322369e-15,0.0899999999999902,-4.322465771842465,-0.0803586939126288,-0.2293184862042565,0.0299999999999905,-0.1200000000000093,0.2699999999999906,-0.0600000000000091,-0.1200000000000091,-9.158416759813756e-15,-0.2400000000000089,0.0299999999999907,-0.2100000000000089,-0.1500000000000089,0.5908259428608725,0.1784847389567959,0.3003342648822562,-0.0900000000000093,-0.0300000000000093,0.4799999999999901,-0.1800000000000093,0.2399999999999906,0.2399999999999905,0.0899999999999905,-0.2100000000000091,0.0299999999999906,-0.2400000000000092,0.1499999999999907,-4.826166020140356,-0.7340593212662375,-0.3545552960175284,0.0133207414713325,0.013241596609804,-0.095192671165712,-0.1165389052729366,0.0185897275040626,0.0634610947270636,0.269999999999991,0.1105702520878986,-0.1180194754161731,-0.0411405041758249,-0.1200799525949787,0.0977989442433289,0.1165784874725433,-0.0973026091001591,-0.0995097005070709,-0.2191599795919888,-0.2115508510737933,-0.5095703264899569,-0.189429747912101,-0.0226673937502081,-0.090000000000009,0.2246652124995927,-0.1121701799318942,-0.4098337541736893,-0.2676546989457952,-0.1470069547949705,0.0325351252678717,0.0823527710117622,0.0931765348469459,-0.3127255015594208,0.1126661923871288,0.1496989762198746,0.2213948869245165,0.3156424594447532,0.5448654584855287,0.1163655405878028,-0.5134945453041927,-0.7136415692836953,-1.3764715346818082,-0.066839453926334,-0.523381641455083,-0.3021339715217795,0.274985442136484,0.2028930028758446,-0.305562827953754,-0.2197056795952092,0.1650609031814377,-0.0971920219315996,-0.05089881103272824,0.05089881103272824,0.13217391304347847,61,253.43283582089552
0.3799999999999999,0.0149999999999998,0.4,400,1.269130434782609,46.316811594202896,36.49491835103346,40.81072463768116,0.0,-0.4582422253349469,-1.3660465298060371,-0.8567001982915059,-0.0600000000000091,-0.2403514409962713,-0.3600000000000093,-0.1500000000000094,-0.0300000000000094,-0.1500000000000093,-9.589544385425202e-15,-0.0600000000000093,-0.1200000000000093,0.0899999999999904,-0.210000000000009,0.0299999999999906,0.1199999999999908,-0.2092998367182573,0.1199999999999911,0.2399999999999911,0.1588741272932403,-0.0639403061607267,-0.2400000000000089,0.0599999999999909,0.1499999999999908,-0.1800000000000093,-0.2400000000000093,-0.0300000000000095,-0.2400000000000096,-0.0600000000000097,-0.0900000000000097,0.0599999999999907,-9.068301665138281e-15,-0.0627547044378245,-0.1781587321343097,-0.457919822604283,-0.2100000000000099,-0.0600000000000097,-0.1200000000000097,-0.2400000000000096,-0.2400000000000096,-0.0600000000000097,-0.2104658231465423,-0.0900000000000097,-0.1200000000000097,-0.1500000000000095,-0.0300000000000095,-0.1800000000000097,2.914169931574316,3.330123647947513,0.4954071014799932,-0.0900000000000092,-0.0600000000000092,0.0599999999999908,-0.0300000000000092,-0.2100000000000091,-9.389343148935792e-15,-0.1200000000000093,-0.0300000000000094,-0.0300000000000093,-0.0900000000000092,2.105002029065838,0.2703614830703787,0.1799999999999905,0.1199999999999904,-9.480601049112691e-15,-0.0600000000000094,-0.3600000000000092,0.0899999999999905,0.1499999999999909,0.2099999999999909,0.2699999999999909,-0.0300000000000091,-0.2400000000000089,4.087317950414502,0.2052388748818258,-0.2837656681408555,0.0899999999999911,-0.2700000000000087,-0.2100000000000087,0.0299999999999911,-8.820397047904331e-15,-0.1800000000000087,-0.0600000000000088,0.299999999999991,-8.802240809369285e-15,0.2999999999999909,0.179999999999991,1.003335541104051,-0.2016572657112467,-0.2999324818371355,0.0465811395414065,-7.682743330406084e-15,0.0601652861492576,0.0434188604585781,0.2999999999999921,0.0670336135607391,-0.0900000000000077,-0.073241596609821,-0.2664979439483393,0.2296066858610175,-0.1137830291678367,-0.2930254003679424,0.0008256305116721,0.0070336135607384,0.0731498789920477,0.2232415966098045,0.0848757032947859,0.0767584033901779,-0.0300000000000088,-0.0411405041758246,-0.0128512604395484,-0.1138247106709803,0.2140711013116301,-0.0259927760626723,0.0222810083516226,-0.069429747912101,0.0054562905387667,-0.0508743157925045,0.1799999999999909,0.1255101907709432,-0.1446210052582051,-0.1301082842119524,0.2281981324106417,0.0197773162199408,-0.1098917157880648,0.0599999999999909,-0.1500000000000091,-0.2100000000000092,0.1144986302178092,0.2726380892513625,-0.3000000000000092,-0.0986802927103451,0.059600037433085,0.4758373537484108,0.2298662946542301,-0.0664869141004586,-0.1763797851697612,-0.3683071660749258,0.05091220333252458,0.05091220333252458,0.2691304347826089,62,252.65671641791045
0.3549999999999998,0.0049999999999998,0.4,400,1.1156521739130434,47.53115942028985,42.60392309690829,45.2836231884058,0.0,-0.2826266373589866,-0.2582855460041168,-0.3000000000000091,-0.0300000000000091,-0.4164679286605751,0.1499999999999907,-0.2100000000000093,0.0599999999999904,0.1499999999999903,-0.1500000000000095,0.1499999999999906,0.1199999999999903,0.1499999999999905,-0.1200000000000091,-0.2100000000000092,0.1499999999999909,0.0307001632817426,0.0299999999999912,0.2399999999999913,-0.0306900306164574,0.0743073474503614,-0.1485163446440964,-9.094030173051548e-15,0.0899999999999908,-0.1800000000000093,-0.1200000000000093,0.1799999999999904,-0.0900000000000095,-0.24000000000001,-0.1800000000000096,-0.3600000000000091,-0.030000000000009,-0.5088859746158851,0.2099999999999909,0.07794230825513,-0.0655837738549504,0.0899999999999902,-0.0900000000000097,-0.3900000000000097,-0.1200000000000097,-9.707790127322369e-15,-0.3000000000000093,-0.0600000000000097,0.0899999999999903,-0.0900000000000095,-0.0900000000000096,-0.1200000000000097,-5.187205488136031,-5.912037218880969,-0.6992067594063837,-9.450218385609331e-15,-0.0600000000000092,-0.1200000000000092,-0.1200000000000092,0.2999999999999907,-0.1200000000000091,0.2699999999999907,0.1199999999999906,0.1499999999999907,-0.2400000000000089,2.6520842665518,0.6684170076854626,0.1790810874186496,0.0599999999999905,0.2399999999999907,-0.0900000000000095,0.1499999999999904,-0.0900000000000094,-0.1200000000000093,0.0599999999999907,0.2099999999999907,0.0299999999999906,0.0599999999999906,1.6733650662697712,-0.0861184273387862,-0.1200000000000089,-0.0600000000000089,-8.98875827750631e-15,0.0599999999999911,-0.3300000000000087,-0.2402070357510087,-0.0300000000000088,0.0599999999999911,-0.3000000000000087,-0.2700000000000087,-0.0900000000000086,-0.2400000000000086,2.754093685194927,0.6211856745246443,0.2422103253674986,-0.2100000000000081,0.2234188604585773,-0.0467584033901949,0.1499999999999917,-8.187164736086647e-15,-0.1632415966098215,-0.2269356672389673,0.3202752101705512,-0.2435168067803817,-0.3167584033901953,-0.2497247898294484,-0.1702752101705687,-0.0467584033901954,-0.1067584033901954,0.0635168067803645,-0.1500000000000089,-0.0897509257933617,0.3467584033901777,0.2567584033901777,0.1499999999999909,-0.0788594958241932,0.1405702520878987,0.0917107562637147,0.0711405041758068,-0.120000000000009,0.1199999999999907,-0.1405702520879171,0.1499999999999907,0.1499999999999907,-0.234945857894037,0.0101082842119347,-0.1421701799318941,0.0448375736820752,-0.1601082842119529,-0.035054142105981,-0.0050541421059811,-0.0900000000000092,-0.0600000000000095,0.2370340467804659,0.2914836355824328,0.56999999999999,0.0541217285251027,0.1023651855753277,-0.1206086426255715,-0.3686802927103451,-0.1825193660103105,0.2561515950258817,-0.1430408311309578,-0.0522774136506593,0.0522774136506593,0.11565217391304339,63,251.88059701492537
0.2749999999999998,0.0099999999999998,0.4,400,1.1023188405797102,43.31086956521739,39.29069155929529,41.80478260869565,0.0,-0.4789865683893858,-1.672876803038983,-1.948253460247671,0.0030689167463286,-0.0632545101532908,-0.1500000000000088,-0.2400000000000088,0.0599999999999911,0.059999999999991,0.119999999999991,-0.1200000000000089,-0.4800000000000091,-0.210000000000009,-9.321432514752814e-15,-0.2400000000000092,0.0899999999999906,0.2399999999999906,0.1799999999999919,-0.0600000000000081,-0.0871791336466058,0.241048477536193,0.4499999999999902,-0.3000000000000092,0.2399999999999906,-9.469640298765683e-15,-0.0600000000000094,0.1199999999999904,0.0899999999999904,-9.355835448967019e-15,-0.0300000000000094,0.0299999999999905,0.0599999999999905,-0.4061347390739601,-0.6900000000000089,0.0605852478656349,0.0599999999999908,0.0299999999999908,-0.2400000000000089,-9.110031717735168e-15,0.2099999999999909,-0.0600000000000091,-0.1800000000000089,-0.0900000000000091,-0.0600000000000092,-0.0300000000000092,0.0599999999999907,-0.2400000000000089,-1.9487642100609652,-2.30783551444908,-0.1659940201486307,0.2699999999999903,-0.3300000000000099,-0.0900000000000099,-0.0300000000000099,0.02999999999999,0.1499999999999899,-0.1800000000000099,0.05999999999999,-0.0300000000000099,-0.03000000000001,0.915598518421182,-0.7331978105836008,0.1499999999999902,0.1799999999999902,0.2699999999999902,0.0299999999999903,-9.712231019420871e-15,0.0299999999999902,-0.2100000000000094,0.1199999999999903,-0.1200000000000096,-0.1800000000000092,-0.1500000000000094,5.556449820200615,0.7771775671738625,0.0899999999999904,-9.556799795973347e-15,0.0599999999999904,-0.0600000000000094,-0.0600000000000094,0.0899999999999905,0.0599999999999905,0.0899999999999905,-0.0600000000000094,0.1499999999999905,0.2699999999999904,0.0599999999999906,-8.050699906275536,-0.3832635150132378,-0.0771392918178845,0.1141535631674153,-0.0999052356463393,-0.5945441829196302,-0.549214064817819,-0.6490487973292945,-0.8096819292340808,-0.2739462972451272,-0.3153733751284017,-0.2216954332260691,-0.1009660819631687,-0.1237741186730939,0.3474144367112384,-0.0379309180517988,0.2725960756342593,0.4906366241228997,0.3514695594437755,0.2913618000806327,0.1611054279699488,0.4208309672381481,0.3828568350445809,0.3378478389935128,0.0294119065467235,0.1473783213359702,0.3839764157727707,0.3140503880561419,-0.2358666729448303,-0.2895036658051665,-0.2342298631078188,0.3546155754558258,-0.0641303889928173,-0.1100010291955314,0.2026758977024244,0.0310962311546442,-0.0141002132168815,0.2261762742338367,-0.1280182429035266,0.3653814924663788,0.0995358407770677,0.5684089315985968,0.4714865318274945,0.0140618888284968,0.6372418322263633,0.5231650793566588,0.2099999999999905,-0.0600000000000099,0.059999999999991,0.7799999999999898,0.4499999999999904,-0.05356989644645886,0.05356989644645886,0.10231884057971019,64,251.1044776119403
0.4049999999999999,0.0149999999999998,0.4,400,1.3333333333333333,46.69115942028986,35.01836956521739,39.72159420289855,0.0,0.4589792508095219,0.5600218653584033,-0.0300000000000092,-0.0285840319167467,0.2345120445781525,0.3299999999999908,-0.0900000000000094,0.0899999999999906,-0.0900000000000094,0.0299999999999905,0.1799999999999908,-0.030000000000009,-9.050538096744276e-15,0.0599999999999908,0.2099999999999909,-0.0300000000000091,-9.159726709851321e-15,-0.570000000000009,0.1199999999999911,-0.089911995047372,-0.5596426519693288,-0.1486139535188651,-0.1800000000000093,-0.2700000000000097,-0.0900000000000098,0.0599999999999901,-0.12000000000001,0.02999999999999,-0.0900000000000099,0.1799999999999899,0.0906513891435932,-0.0600000000000092,0.4657602871842964,0.2999999999999907,0.0173669768287861,0.1199999999999902,-0.0300000000000096,-0.0600000000000096,-0.0900000000000095,-0.0300000000000096,-0.0300000000000095,-0.2100000000000094,0.1804213749180866,-0.0900000000000093,0.2099999999999905,-0.2703775460841207,-0.0900000000000097,0.2951134087437498,0.1495422802871797,0.4016939264525836,-0.270000000000009,0.1799999999999907,0.1199999999999906,-0.1200000000000095,0.1199999999999906,-9.322015051887831e-15,-0.0300000000000094,0.2699999999999908,-0.0600000000000094,-0.2100000000000094,-0.0918061376367082,-0.0678317299082911,0.150456109957638,0.4499999999999907,0.2399999999999909,0.0299999999999911,-0.1800000000000088,0.029999999999991,0.0599999999999911,0.0299999999999912,0.0299999999999911,0.1499999999999911,0.179792964248991,-0.5945626883238748,-0.001961115419751,-0.3821237596845452,-0.2700000000000087,-0.3000000000000087,0.0599999999999914,0.1499999999999914,0.0899999999999915,0.959999999999992,0.5999999999999915,-0.4800000000000082,-0.3000000000000082,-0.0600000000000082,-8.251177519014163e-15,6.102243074885259,0.1849645808741986,0.4533837452851884,0.3433456051236989,0.2099999999999924,-0.0434188604585931,-0.213162279082836,-0.0931622790828359,-0.5565811395414217,-0.244527881637204,-0.0230892701962359,-0.2015304601994748,0.0670484654075269,0.1347496782587315,0.2010646945527804,0.3345233871597035,-0.2339717702274163,0.1279554617719944,0.0898304087473673,0.0463870480853392,-0.0237920169509419,0.072946554692457,-0.1137920169509423,-0.0373286554781032,0.0028288199923721,-0.0111405041758245,0.0132415966098046,0.0711405041758071,-0.0505702520879166,-0.1234215125274562,0.0805702520878991,-0.070784747589518,-0.0748375736820929,-0.0411405041758246,-8.707503356828746e-15,0.0704619678759552,-0.1995668631522326,0.0498917157880478,-0.0997834315761208,-0.0600000000000088,-0.1200000000000091,-0.030000000000009,-0.0900000000000092,-0.1500000000000092,-0.0300000000000094,-0.1076348144246723,-9.31581669780511e-15,0.1793913573744291,-0.2780716500847827,0.3229044432739795,-0.251147900324222,0.05409647280736647,0.05409647280736647,0.33333333333333326,65,250.32835820895522
0.1499999999999997,0.0049999999999998,0.4,400,1.009855072463768,37.46971014492754,37.10404707233065,37.45985507246377,0.0,-2.438721351607384,-2.4957335690801625,-1.6500000000000086,-0.3386186496732301,0.0913574668299249,-9.373304013452622e-15,-0.1500000000000094,-0.0300000000000094,-0.1200000000000092,0.1499999999999907,-0.1200000000000089,-0.1800000000000086,-8.875283106766912e-15,0.0599999999999912,-0.1200000000000086,-0.3000000000000082,0.0599999999999914,0.9899999999999912,0.0899999999999909,-0.0918412678657082,0.0083497911057705,0.0299999999999918,0.0599999999999919,0.1799999999999918,0.1499999999999919,0.0299999999999918,-0.030000000000008,-0.1500000000000079,0.1499999999999916,-8.328840210016437e-15,0.1499999999999915,0.2399999999999914,-0.1142407342616001,-0.3580580116373356,-0.3537335073044694,-0.0600000000000086,-0.2700000000000088,-8.72191208145523e-15,-8.739675649849232e-15,0.2099999999999912,0.1499999999999911,-0.2100000000000088,0.2399999999999912,0.1199999999999911,-0.1200000000000088,-0.1800000000000089,0.2399999999999912,0.2961440745263448,-0.2422881334984556,0.1639948958986853,-8.970602038971265e-15,0.179999999999991,-0.0300000000000091,0.0299999999999908,-0.2100000000000093,0.1199999999999907,0.1499999999999907,0.0299999999999905,-0.3000000000000091,-0.060000000000009,0.3806323945161514,0.2117393829545351,-0.0300000000000092,-0.0900000000000094,0.2699999999999907,-9.467981954003335e-15,0.1799999999999909,0.0599999999999905,0.1799999999999906,0.0899999999999904,-0.2400000000000093,-0.0600000000000094,0.2099999999999905,-0.0717292950182698,0.1170721753246628,-0.0900000000000095,-0.1500000000000095,-9.382122279469311e-15,0.1499999999999905,-0.2100000000000094,-0.0300000000000094,-0.3900000000000095,-0.3600000000000093,-0.3300000000000092,-0.2400000000000092,0.0599999999999908,-0.1200000000000095,-1.7976683610777509,-0.8172373239309009,-0.0600000000000094,-0.3000000000000096,-0.1500000000000093,0.2691987241413643,-0.0300000000000093,0.0899999999999905,-0.0900000000000092,0.0599999999999906,-0.3300000000000093,-0.0900000000000093,0.2399999999999909,0.3899999999999909,0.1799999999999907,0.0899999999999907,0.0599999999999906,-0.2400000000000096,-0.3600000000000092,-0.7500000000000085,-0.0600000000000091,0.1199999999999907,0.2099999999999909,0.089999999999991,-0.180000000000009,-0.360000000000009,0.0299999999999911,-0.1500000000000087,0.0899999999999912,-8.762576560318344e-15,-0.2700000000000087,-0.1209636858030276,-0.3900000000000084,-0.4500000000000082,-0.0590363141969898,-0.0590363141969899,-0.6300000000000077,-0.3300000000000086,0.4499999999999918,0.2389191873198402,1.0177515897613154,0.5808824923665705,3.227849610882337,2.3194289240695283,0.1915012955240589,1.0670128567254766,2.6457876305264687,2.865560776456685,1.68379534119486,2.2297606614882834,2.1281587321342967,0.05533327162749243,0.05533327162749243,0.009855072463768044,66,249.55223880597015
0.5,0.0099999999999998,0.4,400,1.2717391304347827,50.75492753623188,39.90985754985755,44.89666666666667,0.0,-0.6501492111007581,-1.5882159104277167,-0.3600000000000094,-0.0300000000000094,-0.2713306994110538,-9.401368572525826e-15,-0.0600000000000095,0.2099999999999903,0.1799999999999904,0.0899999999999902,0.17999999999999,0.2399999999999899,-1.0027874571739326e-14,0.05999999999999,0.23999999999999,0.1799999999999902,-0.1200000000000098,-0.272819164259331,0.1499999999999904,0.0222410814289619,0.1327741002371737,-0.0900000000000095,-0.0900000000000096,-0.0600000000000095,-0.4500000000000091,-0.0900000000000093,0.0599999999999907,0.1199999999999906,0.0599999999999906,-0.0300000000000092,-0.1200000000000097,-0.2100000000000097,-0.1928230571040126,0.3899999999999909,-0.0818580150233269,-0.0600000000000092,-0.0300000000000094,-0.1500000000000095,-0.2100000000000092,-0.1200000000000094,-0.1500000000000093,-0.0600000000000093,-0.0300000000000091,0.3299999999999909,0.0599999999999908,0.179999999999991,0.1499999999999907,-2.472743421307204,-3.420000000000008,-0.469864237879865,-0.3283518666965632,0.1799999999999911,0.1499999999999913,0.2099999999999914,-0.1200000000000082,-0.1500000000000082,-0.420000000000008,0.089999999999992,-0.1200000000000082,0.1799999999999913,2.1451800196475816,-0.3965156604762725,-0.2100000000000075,-0.4500000000000074,-7.309708394132031e-15,0.1199999999999927,-0.1200000000000072,0.1499999999999927,-0.0600000000000073,-7.329146478307621e-15,-7.323131541374428e-15,0.0299999999999926,-0.0600000000000073,8.532522248372265,0.0293705508781555,-7.329146478307621e-15,-7.329146478307621e-15,-7.329146478307621e-15,-7.329146478307621e-15,-7.329146478307621e-15,-7.329146478307621e-15,-7.329146478307621e-15,-7.329146478307621e-15,-7.329146478307621e-15,-7.329146478307621e-15,-7.329146478307621e-15,-7.329146478307621e-15,6.756932843468283,0.1222391243763606,0.009509236325015,-7.329146478307621e-15,-7.329146478307621e-15,-7.329146478307621e-15,-7.329146478307621e-15,-7.329146478307621e-15,-7.329146478307621e-15,0.0016126061609682,-7.329146478307621e-15,-7.329146478307621e-15,0.0048187075458773,0.0132254214822881,0.0182080791113886,-0.0086152876893759,-0.0050275568276413,-0.1087334428797777,0.0395086318491391,0.1607982561082939,0.0134188604585806,-0.0939320232101059,-0.0268377209171771,-0.0134188604585921,0.120769744127265,0.0402565813757505,0.0134188604585789,-0.0167584033901934,-0.0670336135607537,0.0333777200106138,-0.0167584033901939,0.0502752101705529,0.0167584033901785,0.0837920169509257,-8.418781881522521e-15,0.0167584033901782,-8.585424234722531e-15,-0.0205702520879165,0.0617107562637151,0.1439917646153466,-0.0455161099819448,-0.0249458578940368,-0.1247292894701488,0.0748375736820754,-0.0748375736820924,0.0249458578940192,0.0249458578940192,-8.95005764598427e-15,-0.0600000000000089,0.1499999999999909,-0.0600000000000091,0.05583922375758527,0.05583922375758527,0.2717391304347827,67,248.77611940298507
0.3049999999999998,0.0049999999999998,0.4,400,1.1081159420289854,45.38463768115942,40.95657860319121,43.51014492753623,0.0,-0.3818329468540525,-0.324271687548234,0.3299999999999906,0.119999999999991,-0.0039361846901614,0.0599999999999907,0.0599999999999905,0.1799999999999905,-0.0900000000000095,-0.1500000000000095,-0.1800000000000094,-0.3900000000000096,0.0299999999999906,-0.1200000000000094,0.1499999999999905,-0.2700000000000092,-0.3000000000000092,-0.0309636858030275,-0.450000000000008,0.1359344791084091,0.0091515625151123,0.0299999999999906,0.0299999999999906,-0.0300000000000091,-0.2100000000000091,-9.192646643896296e-15,-0.030000000000009,0.2699999999999907,0.0599999999999908,-0.180000000000009,0.2699999999999906,0.1499999999999903,0.0474236005942907,0.1199999999999907,0.2661103136123547,0.0299999999999907,-0.3600000000000098,0.0899999999999904,-0.3300000000000098,0.0299999999999904,-0.1200000000000097,0.0599999999999901,-0.15000000000001,0.0899999999999902,0.02999999999999,-0.0900000000000098,0.0299999999999904,-0.3127079329725579,-1.2000000000000093,-0.3667167274695954,0.3599999999999899,0.1199999999999903,0.0899999999999901,0.0899999999999903,-0.2700000000000094,-0.1500000000000095,0.3299999999999903,-0.1800000000000095,0.1799999999999904,-0.1800000000000095,-0.3708949061474547,-0.617168283557318,-0.1212131002725687,0.1199999999999905,-0.2700000000000093,0.1799999999999905,0.0899999999999907,-0.0600000000000092,-0.0300000000000091,-9.297656234563797e-15,0.1499999999999908,0.0299999999999906,0.1199999999999906,6.064781044109071,0.3203280381943691,0.4199999999999906,-0.0600000000000093,0.1799999999999906,-0.2400000000000093,-0.1500000000000092,0.2099999999999908,0.4199999999999902,-9.43689570931383e-15,0.1199999999999905,-9.405809464624326e-15,-9.423573033018328e-15,-0.2700000000000094,-0.1382095321581109,0.8197208188821592,-0.156748230861073,-0.1550356850214339,-0.4005944559630836,-0.5973432410721113,-0.300000000000009,-0.6300000000000096,-0.3412610720259862,0.0185897275040626,0.0228205449918471,0.1870588871579732,-0.0294858257806048,0.6747786418288011,-0.1437886579283884,-0.0822288809257005,-0.0879395228212031,-0.0801039140943799,0.1201531512416482,0.0528294709207508,0.0809199730029809,-0.1572958187194057,-0.0042742359195611,0.331486268717611,-0.1163953390812532,0.0621094128015764,-0.3014862687176293,-0.0329974251552742,0.37163263285197,0.2183649843863652,0.6492476740407753,0.2507086634172092,-0.1928331457706824,0.1153235989965816,0.236162155585181,-0.0468489541002818,0.3812246562133766,-0.3070125731104459,-0.6611319390002884,-0.2043640586882256,0.0577536388691503,1.1427540980752116,1.028713035827897,0.1874413921017988,0.206527361417356,0.197941390431684,0.6744946053660201,0.1002849482987796,0.0898495075766323,0.6242535734335841,0.936055392618279,0.05728873197434838,0.05728873197434838,0.10811594202898545,68,248.0
0.4199999999999999,0.0199999999999998,0.4,400,1.3628985507246376,46.45101449275362,34.082518077413866,38.8068115942029,0.0,-0.0651992574541478,-0.9208939235460896,-0.358507666117938,-9.19870432589746e-15,0.1554617146310306,0.0899999999999904,-0.0600000000000093,-0.1500000000000095,-0.1500000000000095,-9.385263348894174e-15,0.1799999999999908,0.1199999999999908,-9.050538096744276e-15,0.0899999999999908,-0.090000000000009,0.0299999999999907,-0.1200000000000091,-0.3616265144202389,0.059999999999991,-0.3368006617596696,0.2041156293103445,-0.0006036617135734,-0.1800000000000094,0.0599999999999903,-0.21000000000001,0.0299999999999901,-0.0300000000000099,0.14999999999999,-9.971339760720892e-15,-9.906603592155278e-15,0.0906513891435932,-0.0900000000000091,-0.8475039664015042,-0.2100000000000094,0.2131249759949042,0.1199999999999902,-0.0304658231465423,-0.0300000000000095,-0.0600000000000095,-0.0300000000000095,0.3599999999999902,-0.0300000000000094,-0.3900000000000096,-0.2400000000000092,-0.3900000000000092,-0.0900000000000091,-9.547918011776346e-15,-1.1781831033125238,-0.6549458578940355,-0.587730184349068,-0.2465632378011268,0.0597085371819639,0.2699999999999904,-9.559954569750686e-15,0.0899999999999905,-0.1500000000000095,-0.0600000000000094,-0.1500000000000093,-0.0300000000000094,0.0299999999999907,4.1150563247452245,0.4200497660641131,0.1444859174618354,0.209999999999991,0.029999999999991,0.1499999999999911,0.3299999999999909,0.149999999999991,-0.0300000000000087,-0.1500000000000087,-0.0600000000000087,-0.2400000000000086,-0.1500000000000088,-8.050404608888183,-1.9831161258881136,-0.5764207693483357,-0.3000000000000085,0.1799999999999914,0.3299999999999914,-0.3300000000000082,-0.3000000000000083,-0.4500000000000081,0.2399999999999916,0.5699999999999918,0.1501237657271139,-0.1200000000000082,-0.1800000000000081,4.172105870041004,-0.0924317184828873,-0.0341534894124735,0.082905697707064,0.015169199605648,-0.04491797481337,0.2504251695812763,0.1535312323416826,-0.0462598982376057,0.1115662692484313,0.1388868772128768,0.0134188604585789,0.0837920169509267,-0.0167584033901935,0.0335168067803666,-0.016758403390194,0.0167584033901794,0.1005504203411123,-0.0670336135607546,0.0670336135607389,0.0167584033901785,0.0129465546924569,-0.1173088237313155,-0.033516806780382,0.0167584033901781,0.0205702520878992,-0.0411405041758243,-0.0411405041758245,-0.0617107562637324,0.082281008351623,0.0205702520878991,-0.0205702520879167,-0.0455161099819447,-0.0205702520879167,-8.729707817321248e-15,0.0205702520878991,-0.1995668631522326,-0.1995668631522326,0.0249458578940194,-8.91370047544351e-15,-0.2400000000000089,-0.0300000000000091,-9.195403392486e-15,-0.0900000000000092,0.0658782714748782,-0.0358782714748967,-0.0658782714748969,0.107634814424654,-0.1793913573744467,0.2152696288493167,-0.0786457790548411,-0.05797868204410574,0.05797868204410574,0.3628985507246376,69,247.22388059701493
0.3199999999999998,0.0049999999999998,0.4,400,1.1010144927536232,46.13260869565217,41.90009214163486,44.29565217391304,0.0,-1.090261335065023,-1.005642272868713,-0.6000000000000093,-0.1470838982408647,0.0591461520023176,0.0899999999999905,0.0899999999999905,-0.0600000000000096,-0.210000000000009,-9.459100169806334e-15,0.0899999999999904,-0.1800000000000092,-9.403026917288176e-15,-9.444653290937031e-15,0.2699999999999905,-0.0600000000000094,-0.0600000000000093,0.4209079366138018,0.0299999999999913,-0.1774816480528832,-0.2009368077764373,0.0299999999999909,0.2099999999999907,0.1199999999999908,-0.0600000000000091,-0.2400000000000089,-0.1500000000000091,-0.0900000000000091,0.1199999999999909,0.0899999999999909,0.4199999999999904,0.2399999999999908,-0.4863701022041936,0.2399999999999909,-0.2158061986697212,0.0899999999999904,-0.2700000000000099,-0.2700000000000097,-0.1800000000000098,-0.0600000000000098,0.0899999999999901,-0.0600000000000098,-0.1800000000000098,0.1199999999999901,0.2399999999999899,0.1499999999999901,-0.1200000000000097,-0.4925563701755265,-1.3200000000000085,0.4786920913194522,0.2099999999999903,-0.0900000000000096,-0.0300000000000095,-0.1500000000000095,0.1499999999999905,-0.0900000000000094,-0.1200000000000093,-0.1800000000000093,-0.2100000000000093,-0.1200000000000095,-1.4715730992139833,0.2046933788426417,-0.007248705777115,0.0299999999999906,0.2395786250818946,0.1199999999999907,0.0299999999999906,0.0299999999999906,-0.0900000000000091,0.0599999999999908,0.0299999999999905,-0.2100000000000091,-0.0300000000000093,9.942691845048673,0.7017314958925658,0.2099999999999905,-9.445777493510832e-15,-0.1500000000000094,-9.586599922341691e-15,-9.337909964825657e-15,-0.0900000000000093,-0.0600000000000094,-0.3600000000000093,-0.0600000000000095,-0.1497509257933622,-0.0600000000000094,0.0899999999999903,-8.703486879018302,-0.3234321673739951,0.3882684235613605,0.3802752101705511,-0.0202752101705691,-0.1500000000000091,-0.0732415966098225,0.0635168067803644,0.4067584033901774,0.1199999999999907,0.209999999999991,-0.0600000000000092,-0.0808400204080294,-0.3864831932196358,-0.3600000000000093,-0.2549523528735463,0.047109157360826,-0.078589727504081,0.1688594958241749,-0.2440255457298344,-0.0902697683201215,-0.0916308036687631,0.0617107562637146,-0.0077989442433472,-0.140570252087917,0.2699999999999908,0.039429747912083,0.3102806453944167,0.6643485398311049,-0.1750038195084129,0.1098917157880468,0.4762270462812349,-0.082415409162629,0.0474988520761114,0.4618677139284025,0.7499243807024292,0.0927033885612055,0.8139487585639202,0.5213374625456649,0.620876468245577,0.3651668589992675,0.3090164640286219,-0.2475975910065496,-0.327938788151217,-0.1974416601741923,0.0588509739815229,1.202130980780486,2.074135205692161,1.166789767216896,1.8300279975308436,2.077430346887616,0.058225492753845184,0.058225492753845184,0.10101449275362318,70,246.44776119402985
0.485,0.0099999999999998,0.4,400,1.291304347826087,50.21318840579711,38.88563411896745,43.97985507246377,0.0,-0.0280060604383918,-0.7042568912309641,-0.4200000000000095,-0.0300000000000091,0.3598265438893102,0.1799999999999908,0.0599999999999906,-9.352518759442318e-15,0.0299999999999904,0.1499999999999905,-0.0900000000000097,0.08999999999999,-0.1200000000000098,-9.964165082773334e-15,0.02999999999999,-0.2400000000000098,0.1799999999999902,-0.1221689258172154,0.0899999999999904,0.0460455432586806,-0.5738718004423284,-0.1800000000000095,0.0599999999999902,0.0599999999999903,0.0599999999999904,-0.1800000000000094,0.1199999999999905,-0.3900000000000092,0.1799999999999906,0.2699999999999905,-0.54000000000001,0.1199999999999901,-0.1386512644144684,-0.150000000000009,-0.0549854031596723,0.1208380117899695,0.2399999999999905,-9.410250356722827e-15,0.1499999999999906,0.0299999999999905,-9.45337315938667e-15,0.0899999999999904,-0.0600000000000093,-0.1200000000000093,0.0599999999999906,0.2099999999999908,-0.0600000000000095,0.5592211661674401,-0.9855860960045284,-0.1029662078520995,0.1799999999999911,0.0899999999999911,0.479999999999991,-0.2400000000000086,-0.2400000000000083,0.2399999999999911,-0.0900000000000082,-0.3300000000000082,0.179999999999991,-0.1800000000000086,-0.7344889929584089,0.4002729423617242,0.689999999999992,-0.0300000000000079,-0.1500000000000076,-0.0300000000000074,0.3599999999999928,-0.1800000000000073,0.4499999999999928,-0.2700000000000071,-0.0300000000000072,-0.0900000000000071,-0.2400000000000071,4.0432006923036905,0.0225693126552293,-7.329146478307621e-15,-7.329146478307621e-15,-7.329146478307621e-15,-7.329146478307621e-15,-7.329146478307621e-15,-7.329146478307621e-15,-7.329146478307621e-15,-7.329146478307621e-15,-7.329146478307621e-15,-7.329146478307621e-15,-7.329146478307621e-15,-7.329146478307621e-15,6.33402093564182,-0.069069716572132,-0.0125035128236359,-7.329146478307621e-15,-7.329146478307621e-15,-7.329146478307621e-15,-7.329146478307621e-15,-7.329146478307621e-15,-7.329146478307621e-15,-7.329146478307621e-15,0.0065346191251389,0.0144468079834214,0.0161385587069121,-0.0392196321971406,-0.0109427684127562,-0.0414946871337644,-0.0314341427343769,0.0104780475781189,-0.0134188604585908,0.093932023210094,0.0134188604585802,-6.449990585290816e-15,0.0536754418343364,-0.0570149847659505,0.0402565813757505,0.0134188604585789,0.0100793175269779,-0.0167584033901936,-0.067033613560754,0.0502752101705531,0.0335168067803655,-0.100550420341128,-0.1209459190577585,-0.0670336135607553,-0.0502752101705686,-0.0038118486977298,-8.63706926247262e-15,0.0822810083516231,0.0205702520878991,0.0617107562637149,0.1247292894701316,-0.0455161099819446,-0.1746210052582048,0.0498917157880476,-0.199566863152233,0.0549458578940191,0.0549458578940191,-0.1500000000000089,-0.0653414815038941,-0.1500000000000093,0.0299999999999907,0.05970801873140466,0.05970801873140466,0.29130434782608705,71,245.67164179104478
0.2799999999999998,0.0049999999999998,0.4,400,1.0657971014492753,44.44913043478261,41.705058471580095,43.49304347826087,0.0,-0.8777755252205743,-1.6074867666614288,-0.6300000000000092,0.0285076661179198,-0.1468606929853797,-0.0300000000000088,-0.030000000000009,-0.030000000000009,-0.0300000000000092,-0.1200000000000092,-9.348077867343818e-15,-9.383605004131824e-15,0.0308538479976635,0.0899999999999905,-0.0600000000000094,0.1199999999999906,0.1199999999999905,0.2699999999999918,0.2999999999999919,0.0101332568016328,0.3037788991239123,0.2099999999999904,-0.2700000000000094,-0.0900000000000095,-0.0600000000000093,0.1199999999999904,-0.0300000000000093,0.2099999999999905,-0.0600000000000093,-9.329190096376016e-15,-0.1200000000000094,-0.2100000000000093,0.0952792948517738,-0.0300000000000091,-0.0870364429448505,0.1499999999999909,-0.1800000000000091,0.0299999999999907,0.1799999999999908,0.0299999999999907,-9.296549185872192e-15,0.0299999999999907,0.0599999999999905,0.1199999999999905,0.5399999999999903,0.4199999999999903,-9.259188359728716e-15,1.5983634484578422,1.4120494404890755,0.4050046318964376,0.2405109663001406,0.0899999999999901,-0.0600000000000099,-0.1800000000000098,-0.1500000000000097,0.14999999999999,0.0299999999999902,0.1499999999999902,0.1199999999999901,-0.0300000000000098,1.7260580351833323,0.8078528365597905,0.3833171147344389,0.2399999999999903,-0.0900000000000095,-0.0600000000000096,-0.0300000000000096,0.0599999999999904,0.1499999999999904,-9.499142487672291e-15,0.1499999999999904,0.1799999999999904,0.0899999999999903,-1.0432862815777997,0.1054074074738474,0.0599999999999905,0.2099999999999905,0.1799999999999906,0.3599999999999902,-0.1800000000000092,0.0599999999999906,0.3299999999999906,-0.2400000000000092,0.3599999999999907,0.0299999999999907,0.4199999999999902,0.1499999999999908,2.8880120756855474,0.1306228098346701,0.3005272445836326,0.6938474117802588,0.5393093472017046,0.5298699500896938,-0.0391054106027635,0.0371425189336367,-0.3889395622858111,-0.4488434379934636,0.0918315216099816,-0.3249796442178397,0.2433433168098941,0.1107986747952132,0.5411640112551169,0.3496711907894478,0.518307635096667,0.138442478977401,0.0376605900740791,-0.2025985169132976,-0.5003763959900198,-0.3313230968997944,-0.3045247063909999,0.3378678876735946,0.014802966173414,0.0066799116569058,0.3918183886643087,0.6575795147653366,0.3985979839883313,0.1806952626214791,-0.1939856024764596,-0.3262840500113395,-0.1293514510086914,-0.3962655733480609,-0.623284839995379,-0.5327924025428693,-0.775664058307469,-0.3178060791050567,-0.2862694071297458,-0.8280372282442504,-0.6684637790074899,-1.4169095234780928,-0.8813850734639691,-1.1387313759696227,-1.4510746107118684,-1.7851317972703462,-2.0585990690444937,-2.077898442371122,-1.979249911878621,-2.0100000000000096,-2.160000000000009,-0.06148268997827187,0.06148268997827187,0.06579710144927531,72,244.8955223880597
0.4349999999999999,0.0199999999999998,0.4,400,1.363623188405797,46.971014492753625,34.44574343713466,39.29565217391304,0.0,-0.7586327264230295,-0.646281025402745,-0.720000000000009,-0.1472409115026292,0.2967124739437585,0.2099999999999907,-0.1200000000000093,-0.0600000000000092,-0.0300000000000091,0.2399999999999908,0.2999999999999906,-9.156202662430556e-15,-0.1500000000000091,0.0599999999999908,-0.0600000000000091,-0.0300000000000092,0.0299999999999907,0.0299999999999907,0.1199999999999907,0.4336892623532017,-0.0329922510312484,-0.3000000000000097,-0.2400000000000098,0.05999999999999,-0.0900000000000099,0.17999999999999,-0.1200000000000098,-0.21000000000001,-0.0600000000000098,0.1499999999999901,0.0599999999999906,0.2399999999999906,0.3865940327498925,0.1799999999999907,-0.1115401691325602,0.0004213749180866,0.1499999999999903,-0.0600000000000095,0.2999999999999903,0.1499999999999904,0.0299999999999906,-0.2100000000000093,-0.1496224539158976,-0.2100000000000091,0.0899999999999907,-0.0303775460841208,-0.1200000000000094,-2.6470876079539534,-4.2784741242156805,-1.0113235195784245,-0.1200000000000092,-9.469850609459512e-15,0.0599999999999904,0.4799999999999905,-0.2700000000000093,-0.0900000000000092,-0.3000000000000089,-9.188205751797796e-15,-0.1200000000000095,0.1799999999999905,2.6927888594936347,-0.9627459536256912,-0.2125271671636945,-0.2100000000000087,-0.0600000000000088,0.0302070357509912,-0.0900000000000087,-0.1500000000000088,-0.2700000000000087,-0.0598762342728865,0.2999999999999911,-8.686384944667224e-15,-0.0300000000000087,11.313880697912046,0.2897649980428354,-0.5108322994291226,0.1799999999999915,0.1499999999999917,-0.2100824160896401,0.0299999999999918,0.2999999999999923,0.149999999999992,0.2400411797884029,-0.030000000000008,-0.0600000000000078,-0.1200000000000074,0.2099999999999927,5.18941173471589,0.3500778399575474,0.0649081930591089,-0.0900000000000065,-0.300823903253716,-0.0227663528153724,0.1154108675108168,0.1749268902044344,-0.0574173433137855,-0.0900000000000067,0.013418860458579,-0.0134188604585923,-0.046935667238966,0.0737733881561239,0.0167584033901799,-0.1038899632727282,-0.0837920169509406,0.0670336135607398,-0.0837920169509406,-0.033516806780381,0.1005504203411127,-0.0335168067803817,-0.016758403390195,0.0670336135607385,0.0167584033901782,-0.0373286554781032,-0.0038118486977298,-0.0617107562637323,0.082281008351623,-0.0205702520879165,-0.18513226879118,-0.0205702520879166,0.0205702520878991,0.020570252087899,-0.0205702520879168,-0.0455161099819448,0.2494585789402718,0.0249458578940194,-8.34082539473693e-15,-8.742414338190787e-15,-0.0300000000000089,-0.0600000000000089,-0.0900000000000091,-0.1800000000000091,-0.0600000000000093,-0.1010027395643721,0.095878271474878,-0.0358782714748966,0.1435130858995411,0.0717565429497665,-8.668621376273222e-15,0.06416507274927903,0.06416507274927903,0.363623188405797,73,244.11940298507463
0.3249999999999998,0.0049999999999998,0.4,400,1.1033333333333333,46.36231884057971,42.020228556416654,44.49956521739131,0.0,-1.3158133590227004,-1.0144277575496807,-0.4500000000000091,0.0899999999999907,-0.000964430693909,0.2399999999999907,-0.1200000000000091,0.2099999999999908,-9.476863738200336e-15,0.0899999999999904,-0.0300000000000095,-0.0300000000000094,-0.0600000000000095,0.1799999999999907,0.2999999999999907,-0.0300000000000093,-0.0300000000000094,0.3017347742307481,-0.3900000000000082,0.3644733172155054,-0.2688414429106153,-0.0600000000000091,0.0599999999999908,0.1799999999999906,0.1199999999999909,0.0299999999999908,0.0599999999999909,-0.2400000000000091,-0.0300000000000092,-0.1200000000000091,0.1199999999999906,-0.0300000000000092,-0.4796118623111823,-9.303668946358811e-15,-0.0608358204530056,-0.2770509474182397,-0.3370509474182398,0.0299999999999901,-9.961601403586723e-15,-0.1200000000000098,-0.0900000000000098,-0.0300000000000099,0.14999999999999,0.35999999999999,0.2699999999999901,0.1199999999999902,0.05999999999999,-1.475144445666742,-0.690000000000008,-0.14071225641228,0.0272797327557626,-0.1200000000000096,-0.0600000000000095,0.0899999999999904,0.2999999999999904,-0.0600000000000094,0.2699999999999903,0.0899999999999906,-9.485745522397336e-15,0.3299999999999903,0.0666748698582637,0.4136632924343317,-0.0600000000000092,0.0899999999999908,-0.0900000000000091,-0.1200000000000091,-0.0900000000000091,0.1799999999999907,0.1499999999999906,0.0899999999999906,-0.3000000000000096,-0.5100000000000101,-0.0600000000000092,4.275223776634886,0.1346795168702426,-0.1419190089962194,0.0349012618354373,-0.1200000000000094,-0.3000000000000092,0.0599999999999905,0.0299999999999906,0.2099999999999905,-0.0300000000000093,-9.417846022598666e-15,0.2099999999999905,0.0299999999999906,0.3299999999999907,6.462420303621169,0.5723244126433792,0.1318570362233691,0.0335168067803646,-0.0740672271215027,0.1032415966098043,-0.2567584033901955,0.0529663864392441,0.1535168067803642,0.2267584033901777,-0.0600557120533099,-0.0335168067803826,-0.1894297479121012,-0.0581129638328232,0.0299999999999907,0.0205702520878987,0.669429747912083,0.0488594958241749,-0.1388594958241932,-0.0677189916483774,-0.061710756263733,0.3222810083516226,0.1199999999999907,-0.0677189916483774,0.1088594958241748,-0.110570252087917,-0.0188594958241931,0.1053347875003889,-0.047613251644236,0.3203889296063604,0.1798856004318842,-0.1391118096016451,-0.2749397425378745,-0.389543951335029,-0.3969165394972389,-0.3249458578940373,0.1447238141146505,-0.1173619070573394,-0.2347238141146692,0.1012788171160337,0.4730302957187006,0.177308275784457,0.3201626066561103,0.2280276715466662,-0.127081908450315,0.2876954009549857,0.6545949888944997,0.9347001620109916,0.164415782877682,0.1309926818417832,-0.8654711751623145,0.07239355818002119,0.07239355818002119,0.10333333333333328,74,243.34328358208955
0.475,0.0199999999999998,0.4,400,1.3569565217391304,48.31927536231884,35.60856563067393,40.58202898550724,0.0,-0.3165554456744969,-0.6010352111588532,-0.2400000000000092,-0.0300000000000092,-0.0121694920710806,-0.0900000000000091,-9.2192919964873e-15,-0.0900000000000091,-0.0900000000000091,-9.190741288895734e-15,0.1499999999999907,-0.1500000000000094,-0.0300000000000094,-0.0600000000000095,-0.0300000000000095,0.0299999999999903,0.1499999999999904,0.091551363980005,0.0599999999999905,0.2432291633203606,-0.4971762136047099,-0.0300000000000098,0.2999999999999898,0.4499999999999899,0.1199999999999902,0.3599999999999904,-9.601431583896712e-15,-0.0300000000000096,0.0899999999999903,-0.1800000000000094,-0.1500000000000099,-0.03000000000001,0.3168085357437292,-0.0120993430549873,0.0195101173872273,-0.3000000000000096,0.1799999999999908,-0.0600000000000092,-9.316991622654314e-15,0.0899999999999907,0.2099999999999908,0.2399999999999909,0.2699999999999907,0.1499999999999905,0.1499999999999905,-0.1200000000000095,0.0599999999999907,-3.4630902899148874,-3.4222881334984545,-0.068029559751113,-0.1633329251664474,-0.060000000000009,-0.1200000000000088,-0.1800000000000087,0.3299999999999907,0.209999999999991,0.1799999999999911,-0.0300000000000088,-0.0900000000000088,0.1199999999999911,5.164797898454098,-0.3419525035255726,-0.0291925453402232,0.2999999999999913,-0.2100000000000083,-8.242295734817162e-15,0.149999999999992,-8.100187187665141e-15,-0.1200000000000076,-0.0300000000000075,0.4199999999999926,0.6599999999999925,0.1799999999999923,2.5853018395218283,0.0928433506786789,-0.1088365805883961,-0.2700000000000072,0.5699999999999928,-0.2100000000000071,-0.2100000000000071,-7.287503933639528e-15,-0.0300000000000072,-0.0900000000000071,0.0299999999999926,0.0599999999999926,-7.329146478307621e-15,-0.064818707545892,7.880331281759205,0.0047979311768271,-0.0203837749818081,0.0034591361925132,-0.0194592241882213,0.0231501402766777,-0.0105585666182609,0.0209560951562433,-0.0343749556148387,-0.0268377209171762,0.0402565813757523,-5.0533604599920495e-15,-0.013418860458592,0.0670943022929221,-6.350070513074552e-15,-0.0134188604585924,0.013418860458579,-6.745698924126167e-15,-6.760642351547045e-15,-0.0134188604585924,-0.0167584033901935,-0.0200979463217944,0.0502752101705534,-0.0335168067803805,-0.0502752101705672,0.0335168067803658,-0.0837920169509412,0.0502752101705518,-0.0167584033901953,-0.0167584033901952,-0.0411405041758244,0.037328655478086,-0.1439917646153641,0.1028512604395309,-0.0205702520879166,-0.0205702520879166,0.0617107562637149,-0.0617107562637326,-0.0455161099819447,0.0997834315761037,-0.0249458578940367,0.0748375736820755,0.0249458578940191,-0.0498917157880649,-0.0300000000000089,0.1199999999999908,-0.150000000000009,-0.1800000000000094,0.0355013697821718,-0.0058782714748969,0.1013796412570593,0.07250211537618163,0.07250211537618163,0.3569565217391304,75,242.56716417910448
0.3899999999999999,0.0049999999999998,0.4,400,1.1268115942028984,48.88173913043478,43.380578778135046,46.34405797101449,0.0,0.256060394736589,-0.7844076210389175,-0.3300000000000092,0.0599999999999909,0.2952001630736443,-9.465733548855736e-15,-0.1500000000000094,-0.1500000000000094,0.2999999999999909,0.3899999999999908,-0.0900000000000091,0.2099999999999909,0.0299999999999908,-0.1200000000000091,0.1499999999999909,0.0299999999999908,0.0599999999999908,0.0299999999999907,0.0599999999999907,0.0587666976001467,0.275706086587784,0.2999999999999905,0.2099999999999904,0.0899999999999901,-0.0600000000000099,0.14999999999999,-0.1200000000000099,0.1499999999999901,0.1199999999999901,-0.0900000000000098,-0.1200000000000092,-0.0600000000000093,-0.1010702441821181,0.1499999999999907,0.0666983107635543,0.0599999999999903,-0.0300000000000095,-9.574934809264616e-15,-0.0300000000000095,0.0299999999999904,0.1799999999999904,-0.0600000000000094,-0.4800000000000093,-0.1800000000000093,-0.2400000000000093,-9.294512595170762e-15,-0.0900000000000095,-1.1218530581372657,0.2999999999999923,1.008575675123102,-0.1534862525635662,0.2999999999999907,0.2699999999999908,-0.3600000000000092,-0.3600000000000092,-0.1500000000000094,-0.0300000000000093,0.0899999999999904,0.2699999999999909,-0.1200000000000094,2.059973079149332,-0.804022539587211,-0.0902070357510091,0.2099999999999909,0.2999999999999909,0.2099999999999911,-0.0300000000000088,0.239999999999991,-0.0600000000000088,0.0899999999999911,0.1499999999999911,0.2099999999999911,0.1199999999999911,1.6267430941651082,-0.6370173065153417,-0.2100000000000087,-0.0300000000000087,-0.0900000000000087,0.1499999999999913,-0.0300000000000085,0.0299999999999914,0.4199999999999913,0.2099999999999914,-0.0601237657271305,-0.3300000000000082,0.3299999999999914,0.2699999999999915,5.474536522614184,-0.0683948618323931,-0.4710681613462148,-0.3600000000000076,0.3268377209171635,0.0331622790828208,0.0568377209171635,0.3031622790828208,-0.0465811395414221,0.0046743331744872,0.3568377209171635,0.2832415966098051,-0.0900000000000082,0.5234188604585771,0.3299999999999917,-0.0875800308815744,-0.4207616186055627,-0.531951394121601,-0.2302752101705684,-0.1566225473092738,-0.0394490963737828,-0.1464831932196349,-0.2850577943575644,0.3635168067803647,0.2099999999999911,-0.1651320777640507,-0.047053445307543,-0.1517107562637325,0.2811405041758069,0.029999999999991,-0.3128512604395484,0.0108914299691596,-0.0222810083516407,0.179999999999991,-0.1405702520879171,-0.0846543950760104,0.1499999999999909,-9.202588800012304e-15,0.2447292894701312,0.4149458578940188,0.2099999999999908,-0.1200000000000091,-0.2700000000000091,-0.0900000000000092,-0.1500000000000093,0.0299999999999905,0.2399999999999904,0.1982434570502153,-0.2155013697821906,-0.3652696288493347,0.2272579127319471,0.07275159947724769,0.07275159947724769,0.12681159420289845,76,241.7910447761194
0.485,0.0049999999999998,0.4,400,1.2628985507246375,50.88840579710145,40.294927702547625,45.20130434782609,0.0,-0.3181767429578414,-1.3248578585306447,-0.2412066923540305,-0.1500000000000096,-0.0654441716912001,0.2999999999999905,0.1499999999999905,0.1506036617135543,0.1799999999999902,-9.761080832504376e-15,0.08999999999999,0.2099999999999899,0.02999999999999,0.0299999999999901,0.0899999999999901,0.0299999999999901,-0.0600000000000097,-0.1213189131656749,0.3299999999999907,0.0883082951312101,-0.0199583113451748,-9.583668015502711e-15,0.0299999999999903,-0.1800000000000095,-0.2400000000000094,-0.2700000000000094,-0.2700000000000092,0.4199999999999903,0.0299999999999907,-0.0900000000000092,-0.2100000000000096,0.1799999999999902,-0.1932711928749763,0.0314923338820619,-0.5408952400182276,0.0599999999999906,0.2099999999999908,-0.0300000000000094,-0.1800000000000094,-0.1800000000000094,-0.0600000000000094,-9.568836353947687e-15,0.0599999999999906,0.0899999999999909,-0.1200000000000089,-0.1800000000000088,0.0299999999999904,-5.568838650136975,-7.233767151047491,-1.1692387208122528,-0.1500000000000087,-0.1200000000000087,0.0599999999999912,-0.1500000000000084,-0.1200000000000083,0.0601237657271138,-0.0600000000000082,-8.189005029635155e-15,0.0899999999999913,-0.2700000000000084,-3.8085784045017927,-0.171683203902776,0.2099999999999922,0.5399999999999927,0.2699999999999926,0.0899999999999927,-0.3300000000000071,0.4199999999999928,0.0299999999999926,0.1199999999999927,0.1499999999999927,-0.0600000000000073,-0.1800000000000072,3.2653371796790447,-0.0351077244216282,-0.0295052847466998,-7.329146478307621e-15,-7.329146478307621e-15,-7.329146478307621e-15,-7.329146478307621e-15,-7.329146478307621e-15,0.0299999999999926,-7.329146478307621e-15,-7.329146478307621e-15,-7.329146478307621e-15,-7.329146478307621e-15,-7.329146478307621e-15,6.511972856036801,-0.1358748777784706,-7.329146478307621e-15,-7.329146478307621e-15,-7.329146478307621e-15,-7.329146478307621e-15,-7.329146478307621e-15,-7.329146478307621e-15,-7.329146478307621e-15,-7.329146478307621e-15,-7.329146478307621e-15,-0.003220430228837,0.0159099667756559,0.00978488324925,0.0524712939255385,0.0043500453520154,0.0104515823706507,0.0324641057852058,0.0605294002910424,0.0116916065143444,0.0163596733390425,-0.1102916965491531,-0.0134188604585913,-6.0793939087965245e-15,0.0670943022929224,-0.0402565813757638,-0.0167584033901934,0.0301772638487657,-0.050275210170567,-0.0268377209171782,-0.01327977368884,0.1005504203411133,-0.0670336135607545,0.0335168067803657,-0.0167584033901952,-0.0335168067803817,-0.0373286554781032,0.0449523528735285,-0.0205702520879165,-8.802352315991915e-15,0.0249458578940192,0.0161946462817789,-0.0498917157880647,0.0455161099819273,-0.2993502947283448,0.0249458578940193,0.1995668631522158,-0.0549458578940369,-0.0300000000000088,0.0599999999999909,-0.090000000000009,-0.07305903105550919,0.07305903105550919,0.2628985507246375,77,241.01492537313433
0.4249999999999999,0.0149999999999998,0.4,400,1.336231884057971,47.34449275362319,35.431344902386115,40.21101449275362,0.0,-0.9339503629259182,-2.078415571975304,-1.3240032349526203,-0.3300000000000094,-0.120743317689161,0.0299999999999906,-0.2100000000000092,-0.1500000000000091,0.0599999999999909,-0.270000000000009,0.3599999999999908,-9.15267861500979e-15,-0.0300000000000091,0.0299999999999907,0.2699999999999908,0.1199999999999908,0.1499999999999907,-0.3615212903719031,-0.1200000000000093,-0.1537510109549403,-0.1297380459518459,0.1499999999999904,-0.0600000000000097,-0.0600000000000097,-0.0300000000000099,0.0899999999999899,-0.2100000000000098,0.1199999999999901,0.1799999999999902,-0.0900000000000097,0.0599999999999905,0.5099999999999903,-0.6246530720675696,-0.5700000000000087,0.018536977742503,0.0004213749180866,-0.0900000000000095,0.0599999999999904,-9.432454817215331e-15,-0.0600000000000094,-0.0600000000000093,-0.1200000000000092,-0.1200000000000091,-0.2100000000000091,0.1499999999999907,-0.1503775460841207,0.0899999999999904,-0.6514611119157139,-1.079218183081094,0.1985843143826332,0.0299999999999905,-0.0900000000000095,0.0299999999999904,0.2999999999999908,-9.271296583348143e-15,-0.1200000000000093,-0.1800000000000088,0.1199999999999908,-0.0900000000000093,0.1499999999999905,3.6582287371943463,0.0144858668583919,0.0987880324115476,0.119999999999991,-0.0900000000000087,-0.2997929642490087,-0.3000000000000087,-0.2100000000000089,-0.4800000000000086,-0.2400000000000086,0.1199999999999912,-0.1500000000000087,-0.0300000000000087,1.2288922661040378,0.0583480668500137,-0.1211553428231122,0.2399999999999915,-0.240000000000008,-0.390000000000008,-0.0300000000000082,-0.1200000000000081,-0.270000000000008,-0.090000000000008,-8.029132914089131e-15,0.0599999999999921,0.2999999999999923,0.2399999999999922,14.24277807431915,0.0422274714331072,-0.2504780475781308,0.1768377209171645,0.0907137460546652,-0.0336508397948841,-0.0888170211939573,0.278539940894098,-0.0143722373085249,-0.3031622790828357,-0.0080315637088361,-0.0534028723602664,0.1107515492344099,-6.843398550293181e-15,0.0735961243073513,-0.0073215288690142,-0.0469356672389659,-0.0167584033901936,-0.0167584033901937,0.0167584033901795,-0.1173088237313144,-0.0335168067803813,-7.8070883091641e-15,0.1173088237312988,0.1173088237312987,-0.0297049580826608,0.0502752101705516,-0.1645620167032721,0.1028512604395309,-0.0205702520879165,-0.0411405041758245,0.0205702520878992,-8.802100227610078e-15,0.0617107562637149,0.0249458578940192,0.0660863620698351,0.1496751473641595,-0.0249458578940367,0.1247292894701319,0.1496751473641596,-0.0600000000000089,0.1098917157880472,-9.015010959956271e-15,0.1799999999999909,0.0899999999999906,0.0899999999999905,-0.0300000000000094,-0.2027592825141471,-0.1435130858995596,-0.071756542949784,-0.0358782714748962,0.07354631153720108,0.07354631153720108,0.336231884057971,78,240.23880597014926
0.4449999999999999,0.0099999999999998,0.4,400,1.336086956521739,48.529710144927535,36.32226922659724,41.26275362318841,0.0,-0.8148671394935689,-1.8912574389808363,-0.4500000000000094,0.1799999999999908,0.1957310723841065,-0.0300000000000091,0.1799999999999908,-0.1500000000000091,-0.2100000000000091,-9.167763315015676e-15,0.2999999999999908,-9.25834318069607e-15,0.2099999999999906,-0.0300000000000095,0.1799999999999904,-0.1200000000000096,0.20999999999999,0.0307500881213786,-9.497585474030331e-15,-0.157826843466943,0.028920772554041,0.1799999999999901,0.1499999999999901,0.1499999999999902,-0.0600000000000097,-0.0900000000000097,0.0299999999999903,-0.0600000000000096,-0.0900000000000096,0.0599999999999903,0.0005568842291282,0.0899999999999902,0.4661873189095333,-0.2429044933765322,-0.6868419261736934,0.0604658231465232,0.0299999999999907,0.2999999999999905,-0.1200000000000091,-0.0600000000000091,-0.1500000000000091,-0.2400000000000091,0.2999999999999908,0.1199999999999907,0.0299999999999906,-9.463541061904834e-15,-0.0600000000000092,-3.1044155304261185,-3.5401150450618517,-0.2024903782897516,0.2092486069941816,-0.0300000000000091,-0.4200000000000095,-8.891058651339297e-15,-0.1800000000000087,0.1799999999999911,-0.0300000000000087,-0.2700000000000087,-0.4800000000000091,-0.0600000000000088,-5.151748198599482,-0.2487359197449146,-0.0900000000000088,-0.0900000000000087,0.7199999999999916,0.4199999999999914,-0.4200000000000077,0.3299999999999915,0.1199999999999918,0.2999999999999918,0.2399999999999919,-0.0300000000000083,0.0299999999999918,-2.0199588910620667,-0.498370363920966,-0.2359803557525656,-0.0300000000000074,0.5099999999999928,-7.434053372890048e-15,0.1799999999999927,0.0599999999999926,0.2099999999999927,0.2399999999999928,-7.291944825738029e-15,-0.0300000000000072,0.3299999999999928,0.0599999999999927,4.259230635867757,-0.0301905351515748,0.2665304704064859,-0.0298215365734034,0.2130467488953408,-0.0396917379466109,-0.0270349227026295,0.2442121482164504,-0.0444918361225717,-0.0655840713723049,0.0702565813757521,-0.0177938160734246,0.093932023210094,-0.0331622790828347,-0.1778289312468158,0.0402565813757507,-0.1610263255030355,0.0301772638487656,-0.0435961243073649,0.0033395429315942,-0.0134188604585924,-0.0167584033901935,0.0368563497119677,-0.0837920169509406,-0.117308823731314,-0.016758403390194,-0.0670336135607543,-0.0335168067803816,0.0167584033901782,-0.0502752101705685,-8.657410246520734e-15,0.0373286554780861,0.0821062549803449,0.0411405041758072,-0.0205702520879166,0.1439917646153468,0.020570252087899,-0.0984756546334282,-0.1363258423109449,0.0498917157880475,0.1746210052581879,0.2993502947283281,-0.0249458578940368,0.0748375736820754,0.005054142105963,-0.240000000000009,0.1499999999999909,-0.0900000000000093,0.3472579127319466,0.0899999999999906,-0.0244986302178282,-0.07367250452759806,0.07367250452759806,0.33608695652173903,79,239.46268656716418
0.3099999999999998,0.0149999999999998,0.4,400,1.2165217391304348,43.6731884057971,35.90004765308554,39.90782608695652,0.0,0.1141879777908808,-0.8197282610018286,-1.6815725916870223,0.1214923338820621,-0.1488374627010798,0.2399999999999911,0.0299999999999909,0.0899999999999909,-0.0900000000000092,-0.0300000000000092,0.1199999999999906,-0.1800000000000093,-0.4200000000000092,-0.1800000000000094,-0.1500000000000093,0.2099999999999905,0.1499999999999907,-0.3291174785510391,0.3599999999999921,0.3929044933765136,-0.2051377778430099,-0.1200000000000093,0.0299999999999905,0.1199999999999905,-0.0600000000000093,-0.0900000000000094,0.0599999999999907,0.2999999999999909,0.1199999999999908,0.2399999999999908,-0.0300000000000094,0.2699999999999904,-0.7996779778305032,-0.7800000000000079,-0.2876389070009167,0.0299999999999907,-0.1200000000000091,-9.226340091328831e-15,-9.330314298949816e-15,-0.0300000000000092,-0.3300000000000096,0.0599999999999905,-0.3600000000000097,-0.0300000000000096,-0.0300000000000097,-0.3600000000000101,-9.147320878233556e-15,-1.0446957165524362,-0.8122881334984541,-0.2132430086770738,-0.0294890336998591,-0.2100000000000098,0.35999999999999,-0.2400000000000096,-9.72555369571637e-15,0.1199999999999902,-0.0300000000000097,-0.1500000000000095,-0.3300000000000097,-0.3900000000000099,0.9336550277092502,0.564847982071313,-0.0004213749181057,0.0299999999999903,-0.1200000000000094,-0.0600000000000094,-0.2100000000000093,-0.1200000000000093,0.0299999999999906,-0.1800000000000093,-0.0900000000000091,-0.2100000000000093,-0.1500000000000093,-1.228740265874443,-0.2800585275369353,0.0215953047632996,0.0599999999999907,-0.0300000000000091,0.0599999999999906,0.2699999999999907,-0.150000000000009,-9.205145619218644e-15,0.0899999999999907,0.0599999999999906,-0.0900000000000092,0.0899999999999908,-0.2400000000000091,7.775209236706111,0.5443708382341292,0.3477572981688612,0.0743333571149514,0.3683630561026308,0.0623342256299182,0.0879270240007031,0.2808440303672972,0.6524657336204869,0.1591088737893166,-0.0896214322926112,0.2898620329412023,-0.4369248785017408,-0.4261287259307614,0.3723570045733146,0.4326292681850615,0.3635635958927727,-0.0015508510737931,0.066150944425999,-0.4295292744755239,-0.2343051588067857,0.5993397410446801,0.1222828417667498,0.9179265740361768,0.3595397078922781,0.7240612811647216,0.0960322588498346,-0.0053567685094288,-0.762354435351277,-0.1549439586684269,0.8018839934894916,0.4754321046163406,0.3783304435970283,-0.0460555561470927,-0.3957619695560073,-0.7477139537072114,-0.6427427163619152,-0.3135562285068635,-0.3559136479550034,-0.7663263504067807,-0.4837770681614089,-0.7665727534544322,-0.3364193045778803,-0.5834269624524007,-1.102814296457644,-0.7263043889362727,-1.4060682604886094,-0.8214961961985678,-2.099202287007677,-1.9574726185530211,-1.9875540745365017,-0.0742735655698956,0.0742735655698956,0.21652173913043482,80,238.6865671641791
0.48,0.0149999999999998,0.4,400,1.3292753623188405,49.278260869565216,37.07152202354993,42.22449275362319,0.0,-0.1276278345954878,-0.5236674325652162,-9.130474154517288e-15,0.0899999999999908,-0.0898608854903385,-0.0875016151750662,-0.0900000000000091,-0.0300000000000092,-9.385367027842206e-15,0.1799999999999907,-0.1500000000000094,0.3299999999999904,-0.0300000000000095,0.2399999999999902,0.1199999999999902,-9.9253938401489e-15,0.0599999999999898,0.1192499118786022,-0.0608012758586358,0.0436664094913411,0.2420359702112534,-0.1200000000000097,0.1799999999999903,-0.0300000000000097,0.0299999999999902,-9.623487466430308e-15,-0.1200000000000095,0.0899999999999904,-0.3000000000000095,0.2699999999999904,0.0899999999999899,0.0299999999999899,0.158372531758465,-0.1500000000000091,-0.6369786285004436,-0.0006258057143323,-9.300250739974726e-15,0.1199999999999909,-0.240000000000009,0.2399999999999907,-0.180000000000009,0.1496657351177253,-0.0300000000000095,0.0899999999999904,0.2399999999999906,-9.391200670007664e-15,0.0599999999999906,2.429973539557582,3.1520494404890784,0.2323861825225516,0.1001903197574834,0.0299999999999911,-0.1200000000000088,-0.2100000000000087,-0.1500000000000087,0.239999999999991,0.0599999999999913,-0.1500000000000084,0.5699999999999907,0.2699999999999911,4.924290199912093,0.3445027346565166,0.1199999999999916,0.2699999999999918,-0.0600000000000079,-0.1200000000000078,-0.0600000000000075,-0.3900000000000075,-0.6600000000000072,-7.317514206763575e-15,0.2699999999999928,-0.1200000000000073,0.1199999999999927,7.134124999140336,0.2057860268111535,-0.0900000000000071,-0.0300000000000073,-0.0900000000000072,-0.0600000000000074,-7.323131541374428e-15,-7.329146478307621e-15,-7.323533425162008e-15,-7.329146478307621e-15,-7.329146478307621e-15,-7.329146478307621e-15,-7.329146478307621e-15,-7.329146478307621e-15,-6.79536886573145,0.0159136292606124,0.0078762403154561,-0.0300000000000072,-7.266254706358636e-15,-7.209691602092788e-15,-0.0072601581234852,0.0090407849208373,-0.0493602227299821,-0.0906232889889554,0.0664490306102905,-0.0409625642744605,-0.0495257440770632,0.0700351151733849,0.0535633756443786,-5.844214001626824e-15,0.0939320232100943,-0.0536754418343492,-6.4055816643058094e-15,-0.0805131627515209,-0.0536754418343495,-0.0536754418343496,-6.738648571693357e-15,-6.7885032674820806e-15,0.0100793175269779,-0.0167584033901935,-0.0167584033901935,-0.0167584033901945,-8.036677772282594e-15,-0.0167584033901947,-8.468781231840694e-15,-0.0167584033901952,0.0205702520878992,0.0411405041758072,-0.0411405041758243,-0.0205702520879165,-0.0822810083516404,0.1028512604395309,-0.0411405041758246,-8.777064104084671e-15,-0.0249458578940363,-0.0249458578940363,-0.1247292894701488,0.0997834315761037,-0.0498917157880649,-0.2400000000000089,0.029999999999991,-9.24283570939215e-15,-0.0600000000000092,-0.2100000000000093,-0.0300000000000093,0.07697382716939775,0.07697382716939775,0.32927536231884047,81,237.91044776119404
0.3399999999999998,0.0149999999999998,0.4,400,1.231739130434783,45.04144927536232,36.56736086598424,40.53057971014493,0.0,-0.7006744159680123,0.1848670466274627,-0.2700000000000089,-0.2414923338820799,0.2720335839879737,0.3631591810980009,0.0299999999999905,-0.0600000000000094,0.0291987241413641,0.0299999999999905,0.2999999999999909,0.0599999999999905,-0.2400000000000091,-0.0900000000000094,0.0899999999999904,0.1799999999999904,-0.0600000000000095,-0.4509636858030273,0.1199999999999914,0.4954336691131595,-0.320157152635471,-0.0600000000000091,-0.0600000000000092,-0.0300000000000091,-0.180000000000009,0.0299999999999909,-0.180000000000009,-0.1800000000000091,0.0299999999999908,-0.0300000000000091,0.1206513891435927,0.0899999999999904,-1.8898778823401896,-1.4485836136420265,-0.3951227982630388,0.2999999999999901,-9.805489753489382e-15,-0.0900000000000096,-0.1800000000000098,0.0299999999999902,0.0299999999999899,-0.03000000000001,-0.1500000000000098,-9.815908537273371e-15,0.2099999999999899,0.23999999999999,-9.899088700882807e-15,0.6565817453768642,0.6880840027691925,-0.0526165931400979,0.0299999999999903,-9.668342121292034e-15,0.0599999999999902,0.0299999999999904,0.1499999999999905,-0.3300000000000094,0.3899999999999901,0.1799999999999905,0.0599999999999904,-0.0300000000000095,-2.8333673417818352,0.2286841430689309,0.0299999999999907,0.0599999999999907,-0.0300000000000092,0.1799999999999908,-9.370282327836322e-15,0.1799999999999906,0.1499999999999906,0.1199999999999906,-0.3000000000000092,-0.3900000000000099,-0.0300000000000091,12.004553232920689,1.497522764155102,-0.0600000000000093,0.2099999999999906,-0.0600000000000095,-0.3000000000000089,0.1199999999999905,0.1199999999999904,0.1799999999999905,0.0599999999999905,0.0299999999999906,0.2699999999999906,0.0599999999999906,0.3299999999999907,1.8518900934669045,0.4649409018708841,0.0735019332026996,-0.0317315764386386,0.0829663864392444,-0.0300000000000086,-0.1464831932196351,-0.1967584033901953,0.0635168067803646,-0.2064831932196354,0.0899999999999909,0.1199999999999909,-0.0228205449918653,0.1105702520878988,0.0917107562637147,0.1688594958241751,0.2828512604395308,0.2622010557566531,-0.0205702520879169,-0.0188594958241931,-0.0833879819008383,-0.0058971261824514,0.0299999999999909,-0.070461967875973,0.122097141662282,0.1351624263179068,-0.1451271803755748,-0.0306695750008047,0.1856657554923835,0.0756184749828872,-0.0823425411143761,-0.1726673937502078,-0.2146380753534092,-0.2123063261316769,-0.1697415312327807,0.1923671567480051,0.344079369583978,-0.0224135851401519,-0.631235534878519,-0.5747879454399022,-0.7303650347698687,-0.1450697484905395,0.5785049637752553,0.1939455351082072,-0.2183350167037421,-0.6770697802620225,-0.0554105764712812,0.1509287537146009,-0.0562188468758123,0.6994732128410323,-0.0434577886462515,0.07908300856185671,0.07908300856185671,0.2317391304347829,82,237.13432835820896
0.495,0.0049999999999998,0.4,400,1.251739130434783,51.234927536231886,40.9309945582957,45.81449275362319,0.0,-0.148898854372776,-1.1909300488088794,-0.9000000000000087,-0.2100000000000093,-0.4097363085196433,0.2699999999999905,0.2999999999999904,-0.3900000000000097,-0.1800000000000097,-0.0600000000000098,0.0299999999999901,-9.867662242868392e-15,-0.1800000000000099,0.1199999999999901,-0.0300000000000097,-0.0900000000000097,0.0299999999999902,-0.2720190764474264,-0.1200000000000093,-0.2469293170269034,-0.6036274894385558,0.0899999999999903,0.0899999999999903,-0.2400000000000093,-0.0300000000000092,-0.0600000000000093,-9.307835271466262e-15,-0.1200000000000092,0.0299999999999906,0.0599999999999906,-9.655168022955438e-15,-0.3900000000000098,0.1311318768122507,-0.0300000000000089,0.2580066231084332,-9.36584143573782e-15,-9.49018641449584e-15,0.1799999999999906,0.0599999999999905,-0.0300000000000093,-0.1500000000000093,-0.0900000000000092,0.1799999999999909,0.0899999999999909,-0.1200000000000089,-0.0300000000000088,-0.0600000000000094,0.7151479151031941,0.7425962925245844,-0.4280632137976695,-0.0600000000000088,-0.2400000000000086,-0.0900000000000085,-0.1800000000000081,0.1200824160896239,-0.0900000000000082,0.089999999999992,-0.0600000000000078,-0.1200000000000082,0.3899999999999917,2.065490857463104,-0.1038373091172661,-0.1800000000000073,0.3899999999999927,0.2399999999999928,0.1499999999999928,0.0299999999999926,0.0599999999999926,-0.0600000000000073,0.0299999999999926,-7.329146478307621e-15,0.0299999999999926,0.0299999999999926,3.8326837295050855,-0.4265235936554208,0.0110226302488616,-7.329146478307621e-15,-7.329146478307621e-15,-7.329146478307621e-15,-7.329146478307621e-15,-7.329146478307621e-15,-7.329146478307621e-15,-7.329146478307621e-15,-7.329146478307621e-15,-7.329146478307621e-15,-7.329146478307621e-15,-7.329146478307621e-15,8.996018686310606,0.1439294887143774,-7.329146478307621e-15,-7.329146478307621e-15,-7.329146478307621e-15,-7.329146478307621e-15,-7.329146478307621e-15,-7.329146478307621e-15,-7.329146478307621e-15,-7.329146478307621e-15,-7.329146478307621e-15,-7.329146478307621e-15,-7.329146478307621e-15,-7.312562026957834e-15,0.0130810919642092,0.0166689046650096,0.0013313456786634,0.0200376825229106,0.0046775340988918,0.0172718298557084,-0.0472904934303073,0.0198362938574821,-0.0238969080367148,-0.016359673339053,-0.1073508836686915,-0.0670943022929349,-0.067094302292935,-0.0033395429316077,-0.0268377209171781,-6.735212562300074e-15,-0.0434570375376122,0.0670336135607401,0.0335168067803661,-0.150825630511688,-8.038014698286134e-15,-0.0335168067803817,-0.0167584033901953,0.0205702520878992,-8.623280717066021e-15,-0.1645620167032721,0.0455161099819271,-0.0205702520879167,0.0293214637001393,0.0704619678759552,-0.1995668631522328,0.0249458578940195,0.0997834315761036,-0.0249458578940369,-0.0249458578940368,0.0846585184961059,0.209999999999991,0.08192641635094336,0.08192641635094336,0.2517391304347829,83,236.3582089552239
0.2749999999999998,0.0149999999999998,0.4,400,1.198695652173913,41.6163768115942,34.718051021641884,38.58521739130435,0.0,-0.3361516226299005,-1.4462520367816327,-0.8382534602476703,0.063229518756302,0.116912152590958,-0.0300000000000088,0.0599999999999911,-0.1200000000000088,0.0599999999999911,-0.0600000000000088,-0.420000000000009,0.029999999999991,-0.4800000000000088,0.119999999999991,-0.0300000000000092,-0.2700000000000091,0.3599999999999908,0.6599999999999916,0.1499999999999915,0.0740074983629098,-0.228049706054613,-0.0300000000000094,0.1499999999999906,0.1199999999999906,-0.0300000000000094,0.2099999999999907,-0.0600000000000094,-0.0300000000000094,-9.560116485498048e-15,-0.1200000000000095,0.1199999999999905,-0.0600000000000092,-0.7044540141370511,-0.4500000000000077,-0.1443127144570236,-0.0300000000000093,-9.234273017545151e-15,0.1799999999999909,0.3599999999999908,0.1799999999999909,-0.2100000000000089,0.179999999999991,-0.0600000000000091,-0.240000000000009,-9.220982354552593e-15,-0.090000000000009,0.269999999999991,2.1737494327474494,2.54526928073048,0.473795203140271,0.0314836553559032,0.62999999999999,-0.1800000000000097,-0.0300000000000097,0.08999999999999,-0.0300000000000099,0.0899999999999901,0.1499999999999899,0.1499999999999902,-0.0300000000000097,2.7708077255096635,0.055773704788113,-0.1800000000000098,0.17999999999999,0.0299999999999901,0.0599999999999901,-0.0600000000000097,-0.0900000000000097,0.0899999999999902,-0.1800000000000097,0.0899999999999902,0.0599999999999902,-0.3300000000000097,4.974769416425162,0.2718871412240417,-0.0301935462798839,-0.2809972393954003,0.1119571582233913,-0.2100000000000092,0.1799999999999903,0.0899999999999904,-0.0600000000000094,0.1499999999999903,0.2099999999999904,-0.1800000000000094,0.1799999999999905,-0.1200000000000094,-0.9682707972901642,0.9000264672514509,0.8364634966402581,0.2259922676224144,0.5353938070989502,0.6647093093169794,0.7354346655997419,0.61351811311222,1.1379613552776138,0.9807692047075602,1.2490594211124169,1.1724638834521348,1.1344356042840378,0.2978535338317931,0.3158133349558683,0.9673955544348496,0.4981691860604986,0.3397842432855029,0.2184551843305433,0.6748168714530176,0.4788234668916349,0.4956444797636211,-0.1421736424748335,-0.4752119096822587,-0.9171320289037348,-0.5205098451597977,-0.4646818739501197,-1.470317956417226,-0.9426731334072636,-0.3881965037680315,-0.5815633418386433,-0.7939621162019823,-0.6883334657856308,-0.0270712442268616,-0.6534212551586783,-1.0929344486620831,-1.2847425442905316,-1.113832359352191,-0.5065267037611347,-0.7426633085628608,-1.5801307937726166,-2.940719002039412,-1.497401901707346,-2.1893339802685863,-2.4900000000000104,-2.34000000000001,-1.8900000000000103,-1.6500000000000086,-2.4600000000000097,-1.8000000000000085,-2.1000000000000094,-0.08292639969802978,0.08292639969802978,0.19869565217391294,84,235.5820895522388
0.4649999999999999,0.0049999999999998,0.4,400,1.2836231884057971,50.14391304347826,39.06435587670769,44.02666666666666,0.0,-0.1933993373619285,-0.4722599781012401,0.1799999999999908,-0.0900000000000094,-0.0314488462738522,-0.0600000000000092,-0.3600000000000096,0.3899999999999906,0.1499999999999905,0.2399999999999905,-0.1500000000000096,-0.2100000000000101,-0.0900000000000098,0.1199999999999901,-0.0600000000000098,0.08999999999999,-0.0900000000000099,-0.1485811623041917,-0.0900000000000094,0.0492891585138212,0.0652634958959102,0.0299999999999903,-0.0300000000000097,-0.0600000000000096,-0.0300000000000095,-0.1200000000000095,-9.530154443382344e-15,0.0599999999999904,0.0599999999999905,0.0299999999999905,-0.3900000000000099,0.0599999999999901,0.4587248865901518,0.271492333882062,-0.3821029677091705,-0.1500000000000091,-0.1800000000000092,-0.1200000000000092,0.50999999999999,0.1799999999999905,0.2099999999999905,-0.4500000000000097,0.0299999999999906,-0.0600000000000094,0.0599999999999905,-0.2700000000000094,0.0299999999999905,-2.184996236950251,-1.857950559510924,-0.2038647726301875,-0.1501652861492742,-0.1800000000000087,-8.877735975043795e-15,0.2999999999999911,0.2399999999999911,0.4499999999999909,0.2699999999999912,-0.3300000000000085,-0.2400000000000087,-0.0900000000000088,-0.8508992831137617,-0.5076650939687074,-0.3900000000000082,-0.0900000000000082,-0.2700000000000077,-0.1500000000000075,-0.2100000000000073,-0.1500000000000073,-0.3300000000000072,-0.2100000000000071,-0.0900000000000072,0.0899999999999926,0.1799999999999927,-3.5248340085373395,-0.0059200808019417,0.0299999999999926,-0.0600000000000072,-0.0300000000000073,-0.0600000000000075,-7.329146478307621e-15,-7.329146478307621e-15,0.0299999999999926,-7.329146478307621e-15,-7.329146478307621e-15,-7.329146478307621e-15,-7.329146478307621e-15,-7.329146478307621e-15,0.1447822835067639,-0.0536360083782152,-0.0419685513321944,-7.329146478307621e-15,-7.329146478307621e-15,-7.329146478307621e-15,-7.329146478307621e-15,-7.329146478307621e-15,-7.329146478307621e-15,-7.329146478307621e-15,0.0032204302288224,0.0037236953916981,0.077676183728336,-0.1070686845285159,-0.0187779491209726,-0.0752712485273402,0.0360321213648782,-5.164008014352902e-15,0.0373157684952902,-5.960899892623571e-15,0.0746315369905854,-6.507722182571323e-15,0.0670943022929221,-0.0435961243073649,0.0268377209171647,0.0134188604585789,0.0301772638487657,0.050275210170553,-0.0467965804692135,-0.0502752101705673,0.0167584033901788,-0.0502752101705679,-0.0335168067803817,-0.0167584033901952,-0.0502752101705686,0.0205702520878992,-8.632628370374119e-15,-0.0411405041758244,0.0411405041758071,0.0822810083516228,0.0997834315761034,-0.0748375736820928,-0.0997834315761205,0.0748375736820757,-0.2292795237543198,0.0549458578940191,0.0549458578940191,-0.2400000000000089,-0.005341481503894,0.1799999999999906,0.2099999999999909,-0.08309759401538992,0.08309759401538992,0.28362318840579714,85,234.8059701492537
0.3249999999999998,0.0099999999999998,0.4,400,1.0802898550724638,46.01057971014493,42.59095787496646,44.64898550724638,0.0,-0.0016220004171966,-0.2890605124654462,-0.2100000000000091,-0.060000000000009,0.0330835943948206,0.1199999999999906,0.0599999999999905,0.1199999999999905,-0.0608012758586358,-0.0900000000000096,0.2099999999999905,0.1799999999999905,-0.1800000000000093,-0.1500000000000092,-0.2400000000000094,0.2099999999999905,-9.511266672414542e-15,-0.2719849391563131,0.0899999999999913,0.4942662870274664,-0.0721041226341492,-0.0300000000000092,-0.1800000000000091,0.1499999999999908,0.269999999999991,0.2399999999999909,-0.0300000000000091,0.0899999999999909,0.1199999999999909,-0.1800000000000091,-0.1500000000000094,0.0899999999999905,0.1959871539349576,-0.0900000000000091,-0.1672783594842543,-0.0900000000000094,0.0599999999999903,0.0299999999999904,0.2399999999999902,0.2699999999999899,0.1494431157708519,0.05999999999999,0.1499999999999899,-0.0600000000000099,0.2399999999999899,0.4499999999999898,-0.0900000000000098,-1.774402796080415,-1.2230312113660062,0.4757120398869046,-0.1200000000000096,-0.2700000000000097,-0.0300000000000096,-0.1500000000000095,-0.2400000000000093,-0.0900000000000094,0.0299999999999905,0.3299999999999903,0.2999999999999904,-9.543625697636751e-15,-1.5072666184775907,-0.0930943895001915,0.1629773320666412,0.1199999999999906,-0.0900000000000091,-0.0300000000000092,-0.1500000000000091,-0.0900000000000092,0.0599999999999906,-0.0300000000000093,-0.1800000000000092,-0.0900000000000092,0.2699999999999909,3.800195184791388,1.7034797170936633,0.1487967833258371,0.3599999999999905,0.1799999999999905,-0.2700000000000092,0.1799999999999906,0.0299999999999906,0.3599999999999905,0.1499999999999904,-0.0600000000000096,-0.1800000000000094,0.0599999999999904,0.1799999999999907,2.8437949016380832,0.977959384104714,0.2693222616072275,-0.0388188439024991,-0.0935168067803826,-0.041701735313964,-0.1367584033901959,-0.1235168067803827,0.0899999999999906,-0.0432415966098225,0.0132415966098039,-9.321432514752814e-15,0.2268789712403389,0.1985897275040625,-0.0280194754161731,-0.1411742852902948,-0.4385897275040811,-0.1200000000000093,-0.0488594958241934,-9.281464485866308e-15,-0.251140504175825,-0.228939448419163,-0.2288594958241932,-0.2400000000000091,-0.0505702520879171,0.0599999999999907,0.1857237171067588,-0.0679610160972723,-0.3777276512123426,0.2824447099701394,-0.1018330965837376,-0.244752474921516,-0.2943124238985702,0.1369218560343748,0.4463016615754008,-0.0956787610828068,0.3192089850159292,0.1227367293081918,0.0980069413826544,0.0554040425583725,0.3794662932328124,0.8140352975441552,0.916332272744076,0.271712850690128,0.2160314230428958,0.1412454869879018,0.5073132941251298,0.6625006786862206,0.0666112144054131,0.2745481768237182,0.8436306776467036,0.0858498973429095,0.0858498973429095,0.08028985507246378,86,234.02985074626866
0.3549999999999998,0.0099999999999998,0.4,400,1.1984057971014492,46.43768115942029,38.74954649897207,42.47797101449275,0.0,-1.031726471809572,-0.8483960061714673,-0.5984274083129959,0.0599999999999907,-0.2746009448501251,0.2399999999999906,-0.2400000000000092,-9.423573033018328e-15,-0.1200000000000094,-0.2700000000000091,0.1799999999999905,0.1799999999999907,0.2999999999999908,-9.563433175022748e-15,-0.1800000000000094,-0.1800000000000092,0.0899999999999909,0.3318158732276117,0.1199999999999911,-0.032556705438047,-0.4396024681861596,0.209999999999991,0.0299999999999908,-9.18002581534326e-15,0.1799999999999907,0.0899999999999907,-0.1800000000000093,-0.3000000000000094,0.1499999999999904,-0.1200000000000095,-0.030000000000009,-0.0900000000000091,-0.3941811081993397,0.6119257192785628,0.1726236017584898,-9.969802761133904e-15,-0.1500000000000098,0.11999999999999,-0.0600000000000098,0.0899999999999901,0.1199999999999901,-0.0300000000000097,-0.2700000000000095,-0.1200000000000096,-9.69898263210482e-15,-9.588777508416288e-15,0.02999999999999,0.4936629448591431,-0.087835514449078,0.0239183111231227,-9.472497135081288e-15,-9.392561077308275e-15,-9.352518759442318e-15,-0.1200000000000092,0.1199999999999907,-9.301822559671244e-15,-9.32060881377966e-15,0.0299999999999907,-0.1200000000000091,-0.0900000000000093,-1.3170684633820893,0.0696616844956067,0.1199999999999906,0.3299999999999904,0.2999999999999906,-0.2100000000000093,-0.1800000000000093,-0.0900000000000094,0.2399999999999905,-0.0900000000000092,0.1499999999999905,0.1499999999999909,-0.0600000000000094,3.337465546191717,0.4971943340032128,0.1197509257933436,0.2699999999999908,0.2399999999999908,0.2399999999999909,-0.3900000000000089,-0.150000000000009,-8.961720254774263e-15,0.359999999999991,0.0899999999999909,0.029999999999991,-0.330000000000009,-0.3900000000000087,9.22130527392245,-0.0440448724992039,0.6116972025816949,0.1335961243073502,-0.1632415966098209,0.2331436502880174,0.1334188604585778,-0.4102752101705681,0.1605504203411122,-0.2805504203411283,0.1402752101705517,-0.0264831932196348,-0.0300000000000088,-0.0300000000000088,0.1332415966098045,0.3935168067803646,0.0335168067803645,-0.0600000000000088,-0.039429747912101,0.0797536093593237,-0.2218772518576921,0.0711405041758068,-0.3300000000000088,0.2288594958241752,0.0485641746027356,0.0599999999999909,0.1799999999999909,0.0132376458380979,0.1550541421059627,0.1199999999999908,0.084945857894019,-0.144945857894037,0.2521198573343083,-0.1473966832203479,-0.1398917157880649,0.2228839621740779,0.0650541421059628,-0.0401082842119529,-0.275054142105981,0.1473619070573207,0.1847861676864924,-0.2096721360318567,0.02379386455695,0.2157143394908016,-0.0484667538429005,0.0225264071537407,0.2150716030847056,-0.1500000000000091,0.1619539573202186,-0.1978703304148145,0.256669449032784,0.08658020791919485,0.08658020791919485,0.19840579710144923,87,233.25373134328356
0.475,0.0099999999999998,0.4,400,1.3008695652173914,49.811159420289854,38.290663992869874,43.27507246376812,0.0,-0.7247578967586031,-0.9711416842051844,-0.4800000000000093,-0.0012066923540306,0.0591331791334204,0.2699999999999909,-9.332076322660198e-15,-0.0300000000000093,-0.1206513891436116,-0.4200000000000097,-0.3300000000000098,0.1499999999999902,-9.704886234810854e-15,0.0599999999999899,-0.1800000000000098,-0.0600000000000099,-0.2400000000000099,0.1515001762427668,0.1199999999999905,-0.2777877496038295,-0.420960008148781,0.1499999999999902,0.0899999999999904,-0.1805109663001603,-0.1500000000000095,-0.1200000000000096,-0.1800000000000093,0.3599999999999905,0.3299999999999904,-0.0900000000000093,-0.2100000000000098,0.0299999999999901,0.6129869792045531,0.4799999999999908,-0.2204433787907385,-9.122615056034702e-15,0.1499999999999906,0.0899999999999908,0.1199999999999906,0.1799999999999905,-0.0600000000000094,-0.3000000000000093,-0.1200000000000094,-0.1800000000000095,-0.0300000000000094,-0.2700000000000091,-0.1500000000000093,-0.5512541248795749,-0.7500000000000081,-0.233348343443454,-0.0900000000000088,-0.1800000000000087,-0.1800000000000087,0.4499999999999908,0.3599999999999911,0.2099999999999911,0.4199999999999913,-0.1498762342728862,-0.2700000000000087,0.0299999999999911,1.9472024848083864,-0.0507699861079053,-0.1488889628604973,0.0599588202115813,0.0899999999999919,-0.0600000000000076,-0.2100000000000073,-0.2100000000000075,0.2999999999999926,-0.2100000000000072,-0.1200000000000072,-0.1800000000000073,0.1799999999999927,3.774624620762731,0.2165756427803851,-0.0300000000000073,0.0599999999999926,-0.0300000000000072,-0.0300000000000073,-0.0300000000000073,-7.329146478307621e-15,0.0299999999999926,-7.329146478307621e-15,-7.329146478307621e-15,-7.329146478307621e-15,-7.329146478307621e-15,-7.329146478307621e-15,10.301214064363984,0.0054140051549666,-0.0125035128236359,-7.329146478307621e-15,0.0032204302288224,-7.329146478307621e-15,-7.329146478307621e-15,-7.329146478307621e-15,0.0016126061609682,0.0156830406484443,-0.0151867585321438,0.0081566598309184,0.0702503350645173,-0.0059442888199963,-0.0456687976882423,-0.010478047578129,0.0401445151857927,0.0536754418343371,0.0209560951562422,-0.0670943022929348,0.0134188604585794,0.0670943022929218,-0.026837720917178,-0.0536754418343495,0.0134188604585789,0.0603545276975381,-6.787093196995519e-15,-0.0335168067803806,0.0200979463217803,0.1843424372920464,-0.0335168067803817,-0.0502752101705683,-8.554912758650361e-15,0.0335168067803649,0.0205702520878992,0.0411405041758072,-0.0617107562637324,-0.0411405041758244,0.1028512604395308,-0.0249458578940368,0.0997834315761038,0.0748375736820756,-0.0498917157880642,0.174621005258188,-8.71552039851649e-15,0.0249458578940191,-8.934160595927627e-15,0.0899999999999908,0.0246585184961057,-0.2700000000000093,0.0599999999999906,0.08785490794546975,0.08785490794546975,0.3008695652173914,88,232.47761194029852
0.2849999999999998,0.0049999999999998,0.4,400,1.0743478260869566,44.62202898550725,41.534061783353565,43.50289855072464,0.0,-0.2613720307098111,-1.410000000000008,-0.6284274083129964,0.2099236342011824,-0.4759464052920234,0.209999999999991,0.0299999999999908,0.239999999999991,-9.333272466385806e-15,0.0299999999999906,0.1499999999999905,-0.2100000000000094,-0.1800000000000094,-0.0900000000000095,-0.2100000000000091,-0.0300000000000094,0.0599999999999905,0.1199999999999917,-0.0900000000000082,0.0943204614597764,0.0731481509369106,-0.0900000000000094,-9.524589348710044e-15,-0.0300000000000093,0.0299999999999905,0.1199999999999904,-0.1192998367182576,0.0899999999999904,-9.138335415088521e-15,-0.2400000000000091,0.0599999999999905,0.62999999999999,-0.4237421634323208,-0.7182534602476699,0.0608488232996066,0.1499999999999908,-0.150000000000009,0.1499999999999909,-0.0600000000000092,0.1499999999999908,0.1199999999999907,-0.2400000000000092,0.1199999999999906,0.2399999999999906,-0.0900000000000096,-0.3600000000000097,0.0299999999999907,-1.5179976577653655,-2.7922652060479085,-0.1419221661483246,-0.0261670387528713,0.02999999999999,-0.1500000000000098,-9.789263184682366e-15,-0.0900000000000097,-0.0300000000000097,-9.712305308400324e-15,-0.0600000000000096,0.0599999999999901,-0.2400000000000098,8.759433507379146,0.9796324269032473,-0.1200000000000097,-0.0300000000000096,-0.0300000000000095,0.0899999999999904,-0.0300000000000095,0.0299999999999904,0.2099999999999904,-0.3900000000000095,-0.3300000000000093,-9.516906056066296e-15,-0.1800000000000093,6.97429615987059,0.2320092106213862,0.1799999999999906,0.3599999999999899,-0.0300000000000093,-0.1800000000000091,-0.3900000000000092,-0.2100000000000091,-0.1200000000000091,-0.210000000000009,-0.0300000000000092,-0.2400000000000089,-0.210000000000009,-0.210000000000009,-6.132124842052672,0.12822440309924,-0.0267954564153826,0.1851198874481319,0.3040030656087527,-0.0433863774588044,-0.1804161969964041,-0.1645778030318458,0.1697749764258596,0.4960821457363933,-0.0244909841064923,0.1243172960700185,-0.0787965520532214,-0.4999048293725485,-0.5190510981520303,-0.2275387801029436,-0.1061985563242468,-0.221423254096469,-0.0090567902536527,0.0554872931689673,-0.0737170542721302,-0.5094316226309547,-0.4741977348261741,-0.4385505708492438,-0.2731330932325713,-0.4887137372824017,0.0249377026289284,0.2415087272010832,-0.071414089790532,0.0056520625312655,0.1331346759261668,-0.2061361194844597,-0.5902529639800949,-0.1153149165687654,-0.507683715733462,-0.3234773116983315,-0.3111514254341198,-0.4267705343349488,0.1309625952155798,-0.0773346383669109,-0.4416562896184006,-0.2164770439756199,-0.4168840547863459,0.0650053671596538,-0.4384304818063687,-0.2179250465136571,-0.9269061596038364,-1.4906897411383793,-1.585732575196499,-1.4346956644206434,-0.9300000000000052,-0.08824644135143389,0.08824644135143389,0.07434782608695656,89,231.7014925373134
0.4399999999999999,0.0199999999999998,0.4,400,1.3628985507246376,47.13550724637681,34.58475116971501,39.42043478260869,0.0,-0.4086591992103748,-0.7712004184924125,0.2099999999999909,0.0885840319167284,-0.1507500881213976,-0.0900000000000094,0.1199999999999905,-0.1500000000000091,-0.090000000000009,-0.2400000000000091,0.209999999999991,0.0599999999999908,0.0599999999999908,-9.351601914764582e-15,0.2099999999999909,0.2699999999999909,-0.0600000000000092,-0.1523156143898272,-0.3000000000000092,-0.2443968272586031,-0.2606463923916404,-0.0300000000000096,-0.0600000000000097,-0.1200000000000098,-0.03000000000001,-0.0600000000000099,-0.0600000000000098,0.1199999999999898,-0.4500000000000098,0.0599999999999902,0.0599999999999905,0.0599999999999905,-0.0011241604232163,0.3899999999999904,-0.3331444844021166,-0.2400000000000093,-0.2100000000000094,-0.1800000000000094,-0.2100000000000093,0.4199999999999902,-0.3000000000000091,-0.0300000000000091,-0.0900000000000091,0.0899999999999907,0.119999999999991,0.1199999999999907,-0.0900000000000094,1.668570050325508,1.3545762669968853,0.2350446391207555,0.0011969190376539,-0.0300000000000094,0.1499999999999905,0.2399999999999905,0.0599999999999908,-0.1500000000000091,-0.210000000000009,0.089999999999991,0.2099999999999907,0.1499999999999907,1.4831725222244114,0.2178974725426611,0.0302070357509911,-0.2100000000000087,-0.2400000000000087,0.2402070357509911,0.0599999999999911,-8.820004377763287e-15,-0.1500000000000086,0.3599999999999912,0.0899999999999914,0.0899999999999913,0.3601237657271133,-0.8009727152320241,0.5837198184517877,0.3094678108361056,-0.0300000000000081,-0.0600000000000082,0.089999999999992,0.029999999999992,-0.0300000000000078,-0.2400000000000076,-0.2700000000000077,-0.3300000000000075,-0.1500000000000075,-0.5400000000000073,0.1199999999999925,11.73669928797302,0.0598754687441957,-0.1002685010985328,-0.30026278356293,-0.1656792882937056,-0.0229151290533561,-0.0759767273479754,-0.0651067090937297,-0.0465811395414207,0.0297785337976265,-6.740058642179918e-15,0.013418860458579,0.0301772638487657,0.0268377209171647,0.0268377209171647,-0.0435961243073649,-0.0167584033901935,-0.0167584033901936,-0.1005504203411274,-0.0502752101705674,0.0670336135607396,0.0502752101705522,-0.0837920169509414,0.0837920169509254,0.0502752101705518,-0.033516806780382,-8.636446136521347e-15,-0.1234215125274563,0.102851260439531,-0.0411405041758244,0.0205702520878992,-0.0617107562637324,-0.0205702520879167,-0.0617107562637325,0.0249458578940191,0.0249458578940192,0.0498917157880474,0.0997834315761035,0.0748375736820757,-0.0498917157880647,-0.0900000000000089,0.149999999999991,-9.019451852054771e-15,-0.090000000000009,0.0299999999999906,-0.0055013697821907,-0.0300000000000093,-0.0951244680894843,-0.077634814424672,-0.5022958006484349,-0.1076348144246714,0.08922978186834564,0.08922978186834564,0.3628985507246376,90,230.92537313432837
0.3749999999999999,0.0049999999999998,0.4,400,1.1107246376811597,48.39971014492754,43.57489561586639,46.23130434782609,0.0,0.2524343478175482,0.6396819341009666,-0.2737845146512193,-9.21157162001611e-15,0.2345360036329201,0.0599999999999905,-0.0900000000000094,-0.0600000000000095,-0.0900000000000095,0.1199999999999905,-0.300000000000009,-0.0300000000000091,-0.270000000000009,0.299999999999991,0.0599999999999909,0.0599999999999908,0.1499999999999908,-0.300000000000009,-0.210000000000009,0.2166205562428155,-0.5562149786189985,0.0622022150253031,0.1499999999999907,-0.1200000000000095,-0.0600000000000097,-0.3300000000000098,-0.0600000000000098,-0.0300000000000099,0.0599999999999899,0.08999999999999,-0.180000000000009,0.0599999999999907,-0.3052114639968578,-0.210000000000009,-0.2031179211584599,-0.3300000000000098,0.0299999999999903,-0.3000000000000094,-0.1800000000000096,-0.2400000000000093,-0.0900000000000096,-0.0600000000000095,-9.503657668750244e-15,0.2699999999999903,0.4499999999999901,0.1199999999999905,-9.641622479721578e-15,-1.3662902397311925,-0.8100000000000072,-0.2741660614841317,-0.0989390132112414,-0.300000000000009,-0.1800000000000092,0.1199999999999905,0.0299999999999907,-0.1200000000000094,0.1799999999999905,0.2099999999999908,-0.1500000000000093,0.0299999999999906,2.141517465640381,0.5390558206211115,0.2360642233775843,0.1199999999999908,-0.0300000000000092,-0.2100000000000091,-0.1200000000000089,-0.180000000000009,-0.3900000000000089,0.1199999999999911,-0.0900000000000088,0.0299999999999911,0.2702490742066383,2.20029103116257,-0.0855281559407341,0.0899999999999912,0.1499999999999911,-0.6900000000000087,0.0599999999999912,0.0599999999999911,0.299999999999991,0.3899999999999909,-0.1500000000000086,-0.3300000000000086,-0.0600000000000087,-0.4800000000000086,-0.2400000000000086,10.302417177435698,0.3922433529431434,0.6165811395414061,-0.0165811395414223,-0.1665811395414224,0.0631622790828202,0.1302565813757489,0.0568377209171632,0.116837720917163,0.0899999999999916,-0.3465811395414225,0.1199999999999916,-0.2364831932196347,0.0202752101705518,0.2267584033901782,0.1270336135607385,0.5392313584563229,0.0497643337158234,-0.0864831932196349,0.0935168067803648,-0.0970336135607555,0.05618815130227,-0.2400000000000087,-0.0561881513022875,0.1067584033901779,-0.039429747912101,0.1311405041758069,0.0094297479120828,0.3498335044060314,0.4639252059754287,-0.0865784874725616,0.2399999999999908,0.0994297479120828,0.064375605806111,0.1850541421059627,0.1799999999999909,0.3397834315761031,0.029999999999991,0.1449458578940189,-0.2450541421059811,-9.26656998987429e-15,0.0899999999999906,0.3299999999999904,0.0299999999999906,-0.3000000000000095,-0.2400000000000092,0.018709280196748,-0.1017565429497846,0.1319882838826213,-0.095642144090596,-0.5876348144246722,0.09010036549981564,0.09010036549981564,0.1107246376811597,91,230.14925373134326
0.2149999999999997,0.0149999999999998,0.4,400,1.093913043478261,39.00347826086957,35.6550079491256,38.00304347826087,0.0,-2.422581836928989,-3.4341545635708584,-3.121841267865709,-0.6463254280273625,0.2077148898430887,-8.01581023779363e-15,-8.053504899909397e-15,-7.993499935858152e-15,-0.0900000000000079,-0.0300000000000079,0.0299999999999919,-0.1800000000000083,0.2399999999999918,-0.0300000000000085,-0.2400000000000086,-0.0600000000000086,-0.0600000000000086,-0.2713431204141264,-9.228173780684302e-15,0.2434133255305047,-0.3610608703557105,0.0890363141969723,0.1499999999999911,-0.0300000000000088,-0.2100000000000088,-8.890665981198253e-15,0.179999999999991,0.0599999999999911,0.0899999999999909,0.1799999999999911,-0.1800000000000087,-0.1500000000000088,-0.9295889176717708,-0.6258935260864071,-0.3220198910910268,-0.1200000000000094,-9.467967390225276e-15,0.0899999999999905,0.0299999999999905,-0.0600000000000096,-0.0900000000000095,-0.1800000000000093,0.1199999999999905,0.0299999999999905,-0.3900000000000096,0.0299999999999905,-0.0891461520023364,-0.2619833296084151,-2.7598763520524905,-0.6665692526088078,-0.0300000000000094,0.0899999999999906,-0.0600000000000092,-0.0300000000000092,-0.0900000000000091,-0.1800000000000091,0.179999999999991,0.179999999999991,0.1199999999999906,0.3599999999999906,4.605234268621518,0.2907785763113404,-0.08558883234509,-0.240000000000009,-0.0600000000000092,0.1799999999999909,-0.180000000000009,-0.090000000000009,-0.0300000000000092,-0.240000000000009,-0.0600000000000092,0.0299999999999908,-0.0900000000000091,6.361034338582796,1.137358848641349,-0.2229918556224286,-0.3978979372731463,-0.0600000000000093,-0.0600000000000093,-0.0300000000000094,-0.4800000000000098,-0.5100000000000101,0.1199999999999906,0.0299999999999905,0.0599999999999905,0.2399999999999905,0.4199999999999901,2.757849795850705,0.7873395849881849,0.8257500784295283,0.1636400837447713,0.0654474359355392,-0.3169930898815695,-0.54332696033812,-0.8081728911227453,-0.4655729844746726,-0.6078701108638849,-0.2431132341278642,-0.3820020821061478,-0.1606709963032876,0.4451573249113997,0.0763326388930476,0.104955166106339,0.2469791941620736,-0.3276649495999667,0.3152906250070115,-0.2824979974238352,0.0725706224404084,-0.14144156148381,0.1957406058701889,-0.0839422805662597,0.2166721114048924,-0.1114628631308876,0.4382292178314388,-0.6820356586441051,-0.2945716653584147,-0.1076462004001528,0.1199999999999889,-8.87621910232895e-15,0.0008012758586173,0.1799999999999915,-0.0900000000000079,-0.0900000000000083,0.1818412678656907,-0.001841267865707,0.4799999999999917,0.5999999999999923,0.0599999999999923,0.1199999999999922,-7.260858581048524e-15,0.1499999999999923,0.0299999999999926,-0.8942084848606575,-1.0800000000000072,-1.48561131121059,-2.207097291177261,-3.246094166733556,-1.4539353099984844,-0.09085122391427493,0.09085122391427493,0.0939130434782609,92,229.37313432835822
0.47,0.0049999999999998,0.4,400,1.2784057971014493,50.35289855072464,39.387257680535086,44.3636231884058,0.0,0.1357784858991093,-0.8971955023381262,0.0899999999999908,0.0299999999999906,0.205662740475163,0.1799999999999909,-0.0300000000000093,-0.3000000000000094,-0.0300000000000095,0.0299999999999905,-0.1200000000000096,0.0899999999999901,-0.2400000000000101,0.02999999999999,-0.1500000000000099,-0.2400000000000098,0.20999999999999,-0.0914188376958272,0.1199999999999904,-0.1154460574276345,-0.4142762295917921,-0.0900000000000096,-0.0900000000000096,0.0599999999999903,0.0899999999999903,-0.1200000000000095,-0.0900000000000094,-0.0600000000000094,-9.414691248821327e-15,0.2399999999999904,-0.4200000000000101,-0.0600000000000098,0.1041452211432667,0.0899999999999909,-0.7564944887875513,-0.1200000000000092,0.2999999999999907,-0.1500000000000093,-0.2400000000000092,-0.3900000000000097,0.2099999999999905,-0.1200000000000096,0.0899999999999905,0.0599999999999906,-0.1800000000000092,-0.0900000000000091,0.1799999999999906,1.2063542739758837,1.2113963886205212,0.0057251039848946,-0.0600000000000087,0.0599999999999911,-8.837767946157291e-15,-0.1800000000000087,-8.684660371569096e-15,-0.1200000000000084,0.4499999999999914,0.2699999999999913,0.0599999999999911,-0.0300000000000087,-1.326909533240722,0.3007317516093481,-0.2478137942912295,0.1799999999999919,0.2399999999999923,0.2999999999999926,0.2399999999999927,0.5999999999999927,0.0899999999999928,-0.2100000000000071,0.0899999999999928,-7.220890552162019e-15,0.0599999999999926,-2.902055712177075,-0.0273936416079438,-0.0046221330164104,-7.323332483268218e-15,0.0299999999999926,-0.0300000000000073,-7.329146478307621e-15,-7.329146478307621e-15,0.0299999999999926,-7.329146478307621e-15,0.0299999999999926,-7.329146478307621e-15,-7.329146478307621e-15,-7.329146478307621e-15,14.35709880930498,0.1482529199636848,-7.329146478307621e-15,-7.329146478307621e-15,-7.329146478307621e-15,-7.329146478307621e-15,-7.329146478307621e-15,-7.329146478307621e-15,-7.329146478307621e-15,-7.329146478307621e-15,-7.329146478307621e-15,-0.0080534666186423,-0.0061780411900146,0.0685407163790819,0.000790497287307,0.0252042756822663,-0.0318955549820251,0.0342984759496204,0.0342628894248693,-0.0268377209171769,0.0373157684952901,-0.1073508836686919,0.0268377209171652,-0.0435961243073647,0.0536754418343362,0.0134188604585789,0.0268377209171647,0.0335168067803665,-0.1473470008103339,0.1340672271214867,0.083792016950926,-7.558398351648066e-15,0.0335168067803652,0.0167584033901783,0.0335168067803648,0.0243821007856205,-0.0411405041758244,0.1234215125274388,0.2674132771427944,0.0205702520878991,-0.0205702520879166,-0.0249458578940368,0.1247292894701317,-0.0748375736820925,0.0997834315761037,0.0498917157880473,0.059999999999991,-0.0600000000000089,-0.0703956236098659,0.1799999999999909,-0.0300000000000092,0.09184719692308141,0.09184719692308141,0.2784057971014493,93,228.59701492537312
0.4049999999999999,0.0099999999999998,0.4,400,1.255072463768116,47.89855072463768,38.16397228637413,42.661884057971015,0.0,0.1212127599704457,-0.6796618619199521,-0.5414923338820806,-0.1500000000000091,0.1511128332606621,-9.370816470024871e-15,-0.1800000000000093,-0.0900000000000093,0.2999999999999909,0.3599999999999908,-9.130474154517288e-15,0.0299999999999908,0.0299999999999908,-0.0300000000000091,-0.1800000000000091,-0.0900000000000091,0.0899999999999907,0.5108538479976636,-0.2400000000000092,0.2123791024750324,-0.0277270250317832,-0.3300000000000098,0.4499999999999897,0.0899999999999899,-0.0900000000000099,-1.0042394034296902e-14,-0.0300000000000099,0.14999999999999,0.2399999999999899,-0.3605568842291482,0.0599999999999906,0.0299999999999906,-0.0108650795192803,0.1799999999999907,0.2914068691512191,0.0299999999999903,-0.0300000000000095,-0.0300000000000095,-0.1200000000000095,-0.1200000000000095,-0.2100000000000094,0.1199999999999905,0.1199999999999906,-0.0600000000000093,0.2399999999999905,0.0299999999999906,0.0599999999999904,-1.6027502549254151,-2.7300000000000084,-0.6656941144556215,0.0599999999999905,0.0299999999999905,0.1799999999999905,0.0299999999999905,-9.410711849806708e-15,0.0599999999999906,-0.2100000000000092,-0.1800000000000093,-9.450800922744347e-15,-9.522437733455371e-15,-5.530314718303973,0.2694149436495923,0.1199999999999909,0.029999999999991,-8.943956686380261e-15,-0.3300000000000087,-0.1200000000000087,-0.1200000000000087,0.0599999999999911,-0.2700000000000087,-0.0900000000000087,0.0899999999999911,-0.420000000000009,4.69200290364075,-0.0895160853662601,0.1199999999999912,-0.3300000000000086,-0.0600000000000085,0.2999999999999914,0.1199999999999914,0.2399999999999916,-0.0600000000000083,0.0299999999999916,0.2999999999999916,0.2401237657271137,0.3299175839103596,0.3899999999999917,15.66636944440488,0.9816374825754158,-0.1594860865503979,0.4499999999999927,0.2297434186242351,0.103418860458578,-0.1895315428056114,-0.1500000000000076,-0.1034188604585934,0.143675441834335,0.4199999999999921,0.2626842315046966,0.2812059002164198,0.4334188604585774,0.4667584033901786,0.1973554623651383,0.0312834905284189,0.2035994325743235,0.09013796811919,-0.1836940706291537,-0.0566718698477644,-0.1056395911329715,-0.2355724886183285,0.1223628537555654,0.0202752101705517,-0.2671873853267416,-0.2435168067803821,-0.1928512604395482,-0.0900000000000086,0.0471487395604516,-0.0169223617511872,0.1757025208790705,0.2210318756805807,-0.1422810083516405,-0.2544838900180728,-0.0900000000000088,0.2057082568312908,-0.1051624263179245,0.1847292894701317,-0.0950541421059807,-0.1200000000000089,0.0299999999999909,-0.0981973134077316,0.0899999999999908,-0.2700000000000093,0.1799999999999907,-0.0900000000000094,0.030376901692697,-0.0658782714748968,-0.2570261717991094,-0.1735130858995591,0.09197378017049075,0.09197378017049075,0.2550724637681161,94,227.82089552238807
0.2499999999999997,0.0099999999999998,0.4,400,1.0982608695652174,41.94521739130435,38.19239904988124,40.629710144927536,0.0,-1.4894837062493225,-1.4650773264332515,-0.3917465397523481,0.0599999999999911,0.17664954905698,0.2399999999999913,-8.734755436643001e-15,-8.748557434046233e-15,-0.0600000000000087,-8.762097239210614e-15,0.0299999999999911,0.0899999999999911,0.0599999999999911,0.1199999999999911,0.0899999999999911,0.4499999999999914,0.3299999999999912,0.2711425550784427,-0.0300000000000087,0.3724338198280174,0.2921482203723933,-0.1200000000000094,-0.0600000000000094,0.1499999999999904,0.1508538479976634,0.0899999999999906,0.0899999999999904,-0.0900000000000094,-0.180000000000009,-0.2100000000000092,-0.1200000000000091,-9.164518566642784e-15,-0.64934041147814,-0.5100000000000083,0.0825696627097262,0.2699999999999908,-0.2100000000000095,0.0299999999999906,0.0599999999999906,0.2099999999999907,-0.0900000000000092,-0.300000000000009,0.4199999999999907,0.3599999999999907,0.0299999999999908,-0.090000000000009,0.0899999999999905,1.9546167676009167,2.822049440489077,0.560998244486057,0.2399999999999908,0.0899999999999907,-0.1500000000000093,0.0599999999999906,-0.0900000000000095,-0.3000000000000095,-0.4500000000000098,0.0299999999999904,-0.0900000000000094,-0.0900000000000093,0.5465311596480001,-0.3984643936784268,0.1777977849746777,-9.930004838909858e-15,0.11999999999999,0.08999999999999,0.02999999999999,-1.0002766218735308e-14,-0.1500000000000098,0.3899999999999898,-0.0600000000000098,-9.926930839735883e-15,-9.926930839735883e-15,8.250851673348151,1.610482874113379,0.6609968051501725,0.3210317859660796,0.2886622248529997,-0.0900000000000097,0.2399999999999902,-0.3000000000000096,0.1199999999999902,0.1499999999999902,-9.783285292996882e-15,-9.596842113839306e-15,0.2699999999999902,0.1499999999999902,-1.2865225277767405,0.0001253096448934,-0.3098571518871584,-0.306938319308257,-0.038412777826676,-0.446245672155069,-0.0436010595332968,-0.7343014179494941,-0.5846699443116757,-0.8710085911361903,-0.4805024564419087,-0.1440047298743496,-0.3460163010616031,-0.344702315995482,-0.5920300106860396,-0.5564155295082996,-0.1269326290600575,0.0039175188737749,-0.3790050017819248,-0.7579681767510658,-0.3841292853814537,-0.6254200128351716,-0.3156880962029559,-0.4066072462618363,-0.0855656538066998,-0.0594091229337657,-0.6796574401146387,-0.5624323111098501,-0.4338914466337397,-0.5933530512377574,-0.3454459543640752,0.0437178280636999,-0.3561271164456514,-0.689966336415764,-0.3328226882413176,-0.6956334954003884,-0.9880021804378158,-0.3425768334964618,-0.4142282951541169,-0.7743683606641537,-1.2012910605430946,-0.9900000000000108,-0.5400000000000119,-0.6600000000000107,-0.8092499118786217,-0.9000000000000089,-0.6600000000000107,-1.0500000000000091,-1.1700000000000084,-1.4100000000000097,-1.4981587321343095,-0.09217169963823198,0.09217169963823198,0.0982608695652174,95,227.04477611940297
0.1799999999999997,0.0099999999999998,0.4,400,1.029130434782609,38.29014492753623,37.20630897056753,38.13014492753623,0.0,-1.8904284363517343,-0.8239962003004321,-0.2381587321343088,0.1199999999999908,0.0337040082697402,0.0599999999999912,0.0299999999999913,0.0299999999999913,0.0299999999999916,-0.3900000000000082,0.0599999999999917,-0.3600000000000076,-0.1800000000000082,0.0599999999999919,-0.1800000000000079,-0.0900000000000079,0.2099999999999919,-0.1500000000000091,0.1485840319167283,0.4000662973045342,-0.1501197167344161,-0.2700000000000084,0.0899999999999915,0.0889787466467058,-0.0600000000000087,0.1499999999999914,-0.0900000000000087,0.1499999999999912,-0.1800000000000087,-0.0900000000000088,-0.2400000000000081,0.3899999999999919,1.2095323580091413,-0.0619419883626814,0.1306002315601029,-0.0300000000000089,-0.08903631419699,0.2699999999999911,0.0599999999999909,-0.330000000000009,-0.420000000000009,-9.068301665138281e-15,0.1199999999999908,-9.331782459834264e-15,-0.0900000000000093,0.2399999999999907,0.029999999999991,-0.9633993246716634,-1.6777118665015616,-0.6992245522957481,-0.0900000000000095,-0.0300000000000094,-0.0600000000000094,0.0299999999999905,0.3299999999999902,0.3899999999999903,-0.0600000000000094,-0.1500000000000095,-9.210410212290298e-15,0.1499999999999905,0.1037855622955033,-0.3858163671534707,-0.1260114554398437,0.1499999999999904,-0.0300000000000095,0.2399999999999906,-0.0300000000000094,0.0599999999999906,0.0599999999999905,0.2399999999999907,0.1499999999999905,0.0299999999999903,0.3299999999999903,2.4611051469851244,0.1431254085562142,-0.1492499118786209,0.5099999999999906,-0.1500000000000091,-0.1200000000000091,-0.5100000000000094,0.2699999999999909,-0.0600000000000091,-0.0600000000000091,-0.210000000000009,-0.0300000000000091,0.2099999999999908,0.3599999999999907,3.672397771546556,0.4467087743850231,0.0017582997946522,0.3196090581975715,0.0413319139711781,0.6413089930135597,0.5273183436819595,0.8095318656973955,0.7018232577764545,0.7885576511016916,0.4487633667303107,0.6683117123362646,0.4418597813454788,1.1248368573731895,1.139999999999988,0.6599999999999876,0.7499999999999887,1.1099999999999883,0.989999999999988,1.0799999999999876,1.1099999999999892,1.0799999999999883,0.929999999999988,0.9299999999999886,1.1399999999999877,0.899999999999988,0.9599999999999878,1.049999999999989,0.9599999999999884,1.3199999999999878,0.9899999999999888,0.7499999999999889,1.0799999999999892,0.779999999999988,1.0499999999999894,1.2299999999999889,1.439999999999988,1.1699999999999895,1.1699999999999895,1.021941988362662,1.3199999999999887,1.1399999999999897,0.92999999999999,1.0499999999999894,0.1746635169949398,-1.1413239059643667,-1.900238118685735,-2.97283424294455,-3.778076382870868,-7.081473219419595,-10.67950888628516,0.09291054580913048,0.09291054580913048,0.029130434782608905,96,226.26865671641792
0.3849999999999999,0.0199999999999998,0.4,400,1.3404347826086958,45.41768115942029,33.882798140339496,38.45985507246377,0.0,0.0042223749388728,0.0202808890082388,0.0299999999999909,-0.2700763657988179,-0.538228131168361,-0.2700000000000093,-0.2700000000000092,0.1199999999999905,-0.0607500881213976,0.2099999999999905,-0.0300000000000094,0.0899999999999905,0.0599999999999906,-9.316991622654314e-15,0.0299999999999906,-0.3600000000000091,0.3599999999999908,0.2690615783545423,-0.1200000000000088,0.0255954277640334,-0.0530997761316232,0.089999999999991,0.0599999999999909,0.0599999999999907,-0.1800000000000092,0.0899999999999907,0.2399999999999905,0.3899999999999906,-0.2400000000000097,0.2099999999999903,0.2399999999999909,-0.2700000000000089,-1.2887408934020117,-0.6617465397523478,0.0109538974445025,-0.0600000000000099,0.0299999999999901,0.2099999999999899,0.0599999999999901,-0.2700000000000098,-9.712231019420871e-15,-0.2400000000000094,0.0599999999999903,0.0299999999999903,-0.0900000000000095,-0.0900000000000095,-0.1800000000000097,-0.3713696534805714,-0.1717760039781464,0.3965557365878807,-0.1001732733344354,-0.2700000000000091,0.1799999999999907,-9.270461747990688e-15,0.0899999999999906,-0.0600000000000092,-0.0900000000000092,-0.2700000000000091,0.0599999999999907,-0.1200000000000093,1.8333556813965652,-0.0622206470371412,-0.0304160788687494,0.0599999999999906,-0.0300000000000095,-0.0300000000000094,0.1199999999999905,-0.0900000000000094,-0.3300000000000094,-0.0600000000000089,-0.0300000000000091,0.0299999999999907,0.0899999999999907,3.142845454198774,-0.4657262563109228,-0.1200000000000087,0.0299999999999909,0.089999999999991,-0.0300000000000088,-0.0600000000000088,0.0599999999999912,0.0002070357509911,-0.2700000000000087,-0.4200000000000091,-8.874080423227383e-15,0.0299999999999911,0.0599999999999912,13.203426414744404,0.6727625139491478,0.2442952919939763,-0.1334188604585931,-0.2267584033901942,-0.1200000000000075,-0.2267584033901942,0.0732415966098057,-0.2064831932196342,0.129724789829432,-0.0432415966098211,0.1702752101705521,-0.0073286554781032,0.0635168067803647,-0.0462436701342855,0.2713226526499749,-0.1297247898294483,0.1418036689563774,0.0323933419181396,0.0079690091641663,-0.049298576887667,-0.1095084187386466,0.0394297479120834,0.0694297479120833,0.5089035329951027,0.0972196829130505,0.0205702520878991,0.0822810083516228,-8.777064104084671e-15,0.0455161099819271,0.0249458578940193,-8.699959709344563e-15,-8.251177519014163e-15,-0.0997834315761205,-0.0249458578940366,-0.1496751473641768,-0.0498917157880649,-0.0249458578940369,-0.1200000000000089,-0.2400000000000091,0.0599999999999906,-0.0054401141781275,-0.0360422034589732,0.0658782714748782,0.0089545217143181,-0.0361143988591972,-0.1741821436444552,-0.2428248940296937,-0.1836759866145083,-0.2107283889958746,-0.4004511920633689,0.09409527896786452,0.09409527896786452,0.34043478260869575,97,225.49253731343282
0.1099999999999996,0.0099999999999998,0.4,400,1.012463768115942,32.93768115942029,32.53220727168623,32.92405797101449,0.0,-1.722588145716134,-0.3433041650889878,0.0620494404890748,0.214240753466944,-0.0014923338820802,0.0299999999999907,-0.2400000000000091,-0.1800000000000091,-0.3600000000000094,0.269999999999991,0.4199999999999906,0.209999999999991,-9.103828801926284e-15,-0.1786568795858916,-0.0300000000000091,-0.060000000000009,-0.150000000000009,-0.9300000000000076,-0.4200000000000075,-0.3898925478735962,-0.1201642271939923,0.0299999999999907,-0.0300000000000093,-0.2687265400859205,-0.2400000000000091,-0.0900000000000091,0.1199999999999907,0.2699999999999908,-0.0600000000000093,0.3599999999999908,0.1499999999999908,-0.7200000000000096,-1.7789052380987604,-1.980000000000011,-0.3903100955536052,-0.0600000000000091,-0.0600000000000091,0.1199999999999909,0.299999999999991,0.2399999999999909,-8.880044494692232e-15,0.149999999999991,0.1199999999999914,0.2099999999999916,0.2399999999999916,-0.0600000000000083,-9.088445927494942e-15,0.9281983814817036,0.7775784232432598,-0.1995111538654809,0.4965581093147863,-8.135714324453147e-15,-0.0900000000000081,-0.0300000000000081,-0.120000000000008,-0.0900000000000082,-8.284325447588455e-15,0.2699999999999918,0.0599999999999917,-0.2100000000000083,1.341503206587777,-0.3608512574444789,-1.0200000000000076,-0.9300000000000072,-1.500000000000013,-0.9000000000000072,-0.3900000000000072,-1.1700000000000086,-1.2300000000000082,-1.2300000000000075,-0.988978746646722,-0.8700000000000074,-0.9000000000000073,-1.138161642806651,0.005511894410781,0.0283428342499424,-0.0600000000000083,0.0599999999999915,-0.2700000000000086,0.0299999999999916,-0.2100000000000084,0.3299999999999915,0.2099999999999917,-0.0900000000000083,-0.1189191873198572,-0.1500000000000085,-8.451017663446692e-15,-0.6760600911653246,0.0190752660358954,0.33174653975233,0.1499999999999912,-0.3300000000000087,-0.3318412678657081,-0.1519419883626813,0.5999999999999911,0.0899999999999913,0.2999999999999919,0.5989787466467058,0.3599999999999916,0.0599999999999915,0.4499999999999911,0.5099999999999913,0.1499999999999914,0.0599999999999912,-0.2400000000000083,-0.2400000000000087,0.3899999999999912,0.4199999999999913,0.3599999999999914,0.118584031916727,1.2195754719232996,1.3747809038952266,2.0977437985290663,1.8618863983421836,2.81219434914188,3.4649598589518327,3.6375460966591775,4.018717444916516,4.474785746412854,2.8384175243096577,0.4919055377798944,-0.765639322340531,-0.4079053822714536,0.0198969909531416,-0.1200000000000044,0.0599999999999957,-0.2100000000000044,-0.1800000000000042,-5.542233338928782e-15,0.059999999999993,-0.0600000000000061,0.0299999999999931,0.1499999999999933,0.0579505595109081,0.0920494404890747,0.0920494404890757,0.2399999999999916,-0.030000000000009,0.09596360128066003,0.09596360128066003,0.012463768115942075,98,224.71641791044777
0.3949999999999999,0.0199999999999998,0.4,400,1.3491304347826087,45.70739130434782,33.87914921044151,38.541739130434784,0.0,0.1751241128351722,-0.083863188456647,-0.1200000000000091,-0.0914923338820801,-0.0645174280754316,-0.3000000000000092,-0.0300000000000094,0.1199999999999906,-0.0900000000000094,-9.456317622470184e-15,0.2099999999999907,0.0599999999999905,0.1199999999999906,0.0599999999999908,-0.0300000000000092,0.1799999999999909,0.2999999999999907,-0.1199442508108002,0.0299999999999911,-0.1743559337313499,-0.5005187459580613,-0.0900000000000091,-9.19617069131706e-15,0.0899999999999907,0.1199999999999905,0.1199999999999905,-0.2400000000000096,-0.1800000000000097,-0.0900000000000098,0.1199999999999902,-0.2100000000000089,0.0899999999999908,-0.9757707142310744,-0.7517465397523481,0.0747926734949207,-0.39000000000001,-0.1200000000000098,-9.77440350879988e-15,0.1199999999999902,-9.74929515579586e-15,-0.0600000000000096,0.1199999999999902,-0.0600000000000095,-0.0900000000000095,0.1799999999999903,0.0299999999999904,0.35999999999999,-0.9387032628813742,-1.174576266996901,-0.3828960773885132,-0.123635378357194,0.1199999999999908,-0.120000000000009,-0.0300000000000093,0.0299999999999905,0.2099999999999907,-0.1200000000000092,-9.441336601412332e-15,0.0903775460841022,-0.1200000000000091,-9.21837783001766,-0.8676580790162396,-0.1797929642490093,-0.0300000000000094,0.2099999999999908,-0.0900000000000093,-0.0900000000000091,-0.0900000000000091,-0.1200000000000087,0.1199999999999911,0.239999999999991,0.2399999999999909,-0.1500000000000089,3.184277489066909,-0.1644960435464875,-0.2035428511859438,-0.2400000000000086,0.0599999999999912,-0.016581139541423,-8.695266728864225e-15,0.3299999999999911,-0.0300000000000087,-8.72191208145523e-15,-0.136581139541423,-0.1800000000000086,-0.1200000000000086,-0.1200000000000086,-0.1946150318195842,-0.0640174658747587,0.1226361754219683,0.1934188604585783,0.0134188604585783,-0.0300000000000073,0.0299999999999925,-0.1351412456954799,-0.3202752101705677,-0.2786297594625606,-0.2567584033901943,-0.1940672271215013,0.0829663864392447,-0.1235168067803818,-0.0641125020772849,0.0416692909640443,0.0051049690824497,0.2335700945496913,0.0804266747186724,-0.1085897275040804,0.0777794568157011,-0.0505702520879164,-8.656944377409637e-15,-0.178062865927003,-0.0956973583327318,-0.1328512604395483,0.0160384529898654,-8.846257060213248e-15,0.0617107562637149,0.020570252087899,0.0498917157880472,-0.0498917157880649,-0.1291048952762689,-0.1247292894701488,0.0498917157880477,-0.0748375736820923,-8.768811103698498e-15,0.0249458578940193,-8.92328588463894e-15,0.1499999999999909,-0.0241217285251217,0.2043346982337331,0.0597257709959993,-0.2100000000000093,-0.0117565429497843,0.1076348144246539,0.1856465305420231,0.1793913573744291,0.0896230983072848,-0.148572552385489,-0.0164882258848144,-0.09667021882019014,0.09667021882019014,0.34913043478260875,99,223.94029850746267
0.4199999999999999,0.0049999999999998,0.4,400,1.2659420289855072,48.819710144927534,38.56393817973669,43.26768115942029,0.0,0.0104088098616379,-0.2281412384282731,-0.3312734599140975,0.4499999999999899,0.1242632024153516,0.1499999999999909,-0.030000000000009,0.1499999999999909,0.0299999999999909,-9.103828801926284e-15,0.0599999999999908,0.1499999999999908,-0.0300000000000092,0.0899999999999906,0.1499999999999906,0.1499999999999905,-9.543477119677843e-15,0.1199999999999906,-9.484262797734827e-15,0.0273580649062512,-0.8269636787591308,-0.1200000000000099,0.1799999999999899,-0.0600000000000098,-0.1500000000000098,0.1799999999999901,0.47999999999999,0.2099999999999903,-0.1500000000000096,0.2999999999999905,-0.2400000000000098,0.2699999999999902,0.3229331080120947,0.239999999999991,0.2310227704824393,0.3899999999999902,0.1799999999999904,0.1499999999999903,0.0599999999999906,-0.2700000000000091,-0.1200000000000091,-0.0600000000000092,0.0599999999999906,0.1499999999999908,-0.0900000000000091,-0.4500000000000099,-0.2100000000000093,-2.2620842275853,-1.016216743771635,-0.2876310384291754,-0.2941091525979959,-0.2700000000000092,0.0299999999999906,0.0899999999999909,-0.2700000000000091,0.209999999999991,-0.1500000000000088,-0.2400000000000088,-0.0300000000000091,-0.180000000000009,0.8471615537383195,0.9830304412200236,0.3533308682954043,0.2998347138507258,0.2999999999999911,0.0301652861492565,-0.3300000000000084,-0.1200000000000086,0.0899999999999914,-0.0600000000000082,-0.0300000000000082,-0.5100000000000081,-0.1800000000000084,9.346081847682782,-0.3327615249257655,-0.3000000000000077,-8.064660050877137e-15,-0.060000000000008,0.2399999999999922,0.0599999999999922,0.1799999999999922,-0.0600000000000076,0.2999999999999924,-0.0600000000000076,-0.2400000000000074,-0.4200000000000072,0.2699999999999927,3.290617866691266,-0.0725709475061375,-0.1995219524218832,0.0599999999999927,0.0412843659144316,0.0495219524218687,0.4799999999999931,0.419999999999993,0.466581139541407,-0.0672037023053434,-0.2408056760461147,0.1934188604585786,-0.0512340480752912,0.0616571657500414,0.0893609493419615,-0.0222478455146683,-0.4364343417009262,0.1576531822786696,-0.0348891038356241,0.0479125528176836,0.1114233001741722,-0.1437920169509407,-0.0697247898294467,-0.1473088237313143,0.0335168067803663,0.1102752101705523,0.2452425368601816,0.003516806780365,0.0299999999999915,-8.571169820204833e-15,0.101140504175807,0.0411405041758072,-0.0300000000000086,-0.2005702520879165,0.0728512604395308,0.2734215125274388,0.170570252087899,0.050570252087899,0.0096522355469551,-0.1446210052582047,-0.0198917157880647,0.2245127210462438,0.1199999999999911,0.0299999999999911,0.089999999999991,0.2999999999999909,-0.2400000000000092,0.1499999999999907,0.1555013697821717,0.1258782714748781,0.2272579127319472,0.09811647009571339,0.09811647009571339,0.26594202898550723,100,223.16417910447763
0.4049999999999999,0.0049999999999998,0.4,400,1.1411594202898552,49.39623188405797,43.28600457200914,46.61202898550725,0.0,-0.4301547457714907,-0.9551617872677512,-0.1200000000000093,-0.150000000000009,-0.4500622920092459,0.1799999999999907,0.2399999999999909,0.2399999999999908,0.1499999999999909,0.0899999999999909,0.1199999999999908,-0.1200000000000091,0.0299999999999908,0.0599999999999907,-9.140201117746935e-15,0.3599999999999907,0.0599999999999907,-0.2708012758586354,0.0899999999999907,0.1123914493421258,0.0258302124361829,-0.0900000000000098,-0.0300000000000097,-0.0900000000000098,-0.0900000000000099,-0.0600000000000099,0.1799999999999901,0.0299999999999901,-0.4500000000000098,-0.2100000000000096,0.6299999999999902,-0.2700000000000095,-0.0823989695227893,-0.210000000000009,-0.4118554445185509,-9.619046574331811e-15,-0.1200000000000094,-0.1200000000000094,-0.1200000000000093,0.2999999999999904,0.0599999999999905,0.1799999999999904,-0.180000000000009,0.1499999999999908,0.1199999999999906,0.1496224539158792,-0.1500000000000093,-1.962874862956128,-2.160000000000009,-0.0890910152819958,-0.0300000000000094,-0.0600000000000094,0.2399999999999906,0.1799999999999908,-0.2700000000000093,-9.309978493913491e-15,-0.060000000000009,0.1499999999999908,-0.0300000000000093,0.1799999999999906,-5.45796589498687,-0.1651482674106402,0.0299999999999909,-0.2100000000000088,-0.2400000000000087,-0.4198347138507435,0.1199999999999911,-0.0900000000000087,0.4499999999999908,-0.1800000000000087,-0.3000000000000085,-0.0600000000000087,-0.2400000000000086,6.978038889003286,-0.1568017305086719,-0.510000000000008,-0.0600000000000085,-0.1800000000000083,-0.2100000000000082,-0.2100000000000081,-0.0600000000000081,0.0599999999999918,-8.153477892847151e-15,0.0599999999999917,-8.16235967704415e-15,-0.1200000000000077,0.1499999999999923,17.652339073589296,0.1586044678405011,0.2462929438018955,0.0599999999999925,0.2730232289700866,0.1499999999999925,0.0463596733390397,-0.0931622790828362,-0.0568377209171792,0.0031622790828207,-0.2068377209171793,0.5565811395414062,0.193324012699437,-8.242295734817162e-15,0.1366635556310383,-0.1431611116105906,-0.6365994261935943,0.1881840970832528,0.0877024437420478,0.0547939011971836,0.0008437692349221,-0.1486947170979284,-0.1115038969059764,-0.4090762420918476,-0.1407837111210906,0.3970336135607383,-8.645951046669622e-15,0.1499999999999911,-0.1461881513022874,0.2083736743738465,0.1799999999999912,-0.1200000000000087,0.1217107562637149,-0.1371487395604692,-0.090000000000009,0.3805702520878988,0.1799999999999909,0.1499999999999908,0.329999999999991,-0.0900000000000089,0.169891715788047,0.0299999999999909,0.264945857894019,0.0950541421059628,-0.1500000000000091,0.1195786250818943,-0.0300000000000093,-9.416617963658275e-15,-0.0655013697821907,0.2099999999999905,0.0899999999999905,0.09821210247158724,0.09821210247158724,0.14115942028985518,101,222.38805970149252
0.2799999999999998,0.0149999999999998,0.4,400,1.230144927536232,41.56507246376812,33.78876060320452,37.90231884057971,0.0,-0.913000641131059,-1.6750057556119942,-1.4700000000000104,0.0537858134795381,-0.1210212533532943,-0.0600000000000087,-0.1500000000000088,0.0009636858030099,-0.0900000000000089,0.1799999999999911,0.029999999999991,-0.180000000000009,-0.210000000000009,-0.1800000000000092,-0.2400000000000091,-0.0600000000000094,0.2399999999999907,-0.2100000000000084,-0.4800000000000078,-0.2401606471636894,0.2154300057438183,-0.2100000000000091,0.0299999999999905,0.1499999999999905,-0.3600000000000093,-0.180000000000009,-0.2400000000000091,-0.3000000000000092,0.1499999999999904,0.0899999999999905,-0.1800000000000094,0.2999999999999906,0.6019266380116047,0.2099999999999914,0.2676030717995402,0.0315835665952844,0.2099999999999908,-0.120000000000009,0.0899999999999909,-0.1200000000000091,-0.1500000000000091,-0.030000000000009,-0.0300000000000091,-9.145272191942811e-15,-0.0300000000000092,0.1799999999999908,0.0299999999999909,5.278751916148727,6.35783551444907,0.985454132634108,0.1205568842291286,-0.0900000000000098,-0.0600000000000099,-0.1500000000000099,0.08999999999999,-0.1800000000000099,-0.0900000000000098,0.17999999999999,-9.947598300641402e-15,-0.06000000000001,3.141467219104958,0.8040645926585043,0.1799999999999901,0.1199999999999901,0.1199999999999902,-0.1500000000000096,-0.1800000000000093,-0.1800000000000096,-0.0900000000000096,0.2399999999999903,0.0299999999999903,-0.2700000000000094,-0.0600000000000097,7.031959107073103,1.2094494991714202,0.0513256520259149,0.0899999999999903,0.0299999999999906,-0.0900000000000094,0.2399999999999904,0.1199999999999904,0.0899999999999904,0.1799999999999904,-0.0900000000000094,0.2099999999999904,-0.1200000000000094,0.1199999999999904,1.5708028042816,-0.0238239820211767,0.0849137945818144,0.1221937196711016,0.3227967404313493,0.4801636347136323,0.9865842655607016,1.0757029595842398,0.8437916549240603,1.3243885302209435,0.2695159272684483,0.3876321363515334,0.6502918873865169,1.2595217135559038,1.0813118548872578,0.6253935306169826,0.1507714437956374,0.03969816804552,0.3843643479700672,-0.1757152930114782,-0.1253507598154635,-1.252269492415988,-0.9464371923288786,-0.7798336162299593,-0.4755885714999523,-0.1030071383529133,0.0532911142327017,-0.2670026958906517,-0.8606557785799899,-0.5527188830416123,-0.3313667863394282,-0.3398927608132489,0.2843288338002203,-0.3472707957268381,-0.3833165529902003,-0.3101202176710461,-0.0505673822077972,-0.5715316342070197,-0.4337136084854033,0.06905688165753,-0.5880741616599023,-0.4588885536141239,-0.5104300473488306,-1.1352629150995357,-1.130965290309599,-1.122532991168374,-0.9300000000000062,-1.050000000000004,-1.0800000000000052,-1.1081587321343056,-0.9300000000000044,0.09916658776986288,0.09916658776986288,0.23014492753623195,102,221.61194029850748
0.5,0.0049999999999998,0.4,400,1.2447826086956522,51.43666666666667,41.32180696239376,46.203478260869566,0.0,-0.5055272283499456,-0.3344610790455105,0.119999999999991,-0.0300000000000094,0.0578039935129749,0.1506513891435928,0.2699999999999901,-0.3600000000000099,0.1499999999999897,-0.1800000000000099,0.0899999999999901,0.0899999999999901,-0.2700000000000097,-0.0300000000000097,0.2099999999999902,-0.1500000000000096,0.1499999999999903,0.0299988492985035,-0.0900000000000095,-0.0239691756632442,-0.1726942852339531,-0.1800000000000094,0.1499999999999904,0.1799999999999904,0.0599999999999905,0.0299999999999906,0.0299999999999907,-9.282487171580724e-15,-0.0300000000000092,0.0599999999999908,-0.0300000000000096,-0.1500000000000096,-0.4020745838705066,-0.030000000000009,0.4240973616846101,-0.0600000000000094,-0.1500000000000093,-9.412701549314018e-15,-0.0600000000000093,0.0299999999999906,0.2099999999999909,0.0899999999999907,0.059999999999991,-8.891451321480341e-15,-0.1200000000000088,0.209999999999991,0.0599999999999906,-4.140957998844884,-3.780000000000008,0.6187741183229482,-0.2098347138507434,-0.0600000000000086,0.1799999999999912,0.1199999999999917,0.359999999999992,0.3899999999999921,0.5699999999999926,-0.0300000000000077,-0.1200000000000081,-0.1500000000000082,-1.7756209565599277,-0.2197796753626303,-0.5768152351381748,0.0299999999999927,0.0299999999999927,0.1199999999999928,0.0299999999999926,0.0899999999999927,-7.329146478307621e-15,-7.329146478307621e-15,-7.329146478307621e-15,-7.329146478307621e-15,-0.0900000000000073,-4.223745742767218,-0.1416713183316084,-7.329146478307621e-15,-7.329146478307621e-15,-7.329146478307621e-15,-7.329146478307621e-15,-7.329146478307621e-15,-7.329146478307621e-15,-7.329146478307621e-15,-7.329146478307621e-15,-7.329146478307621e-15,-7.329146478307621e-15,-7.329146478307621e-15,-7.329146478307621e-15,-0.4864624547767347,0.0547298152162028,-7.329146478307621e-15,-7.329146478307621e-15,-7.329146478307621e-15,-7.329146478307621e-15,-7.329146478307621e-15,-7.329146478307621e-15,-7.329146478307621e-15,-7.329146478307621e-15,-7.329146478307621e-15,-7.329146478307621e-15,-7.329146478307621e-15,0.0032204302288224,0.0016126061609682,-0.0104780475781313,0.0120906537390923,0.0242397157825869,0.0112071347206151,0.0444032932853184,-0.0335178193764701,-0.048831322942369,0.0237848418467456,0.061212676532,-0.0536754418343483,0.0670943022929224,0.0238969080367036,0.013418860458579,-0.0268377209171781,-6.7235106371299475e-15,-0.0771129310877384,0.0502752101705533,-0.0705122432621078,-0.1005504203411276,0.0167584033901787,-0.0502752101705682,-0.0167584033901951,0.0335168067803649,0.0205702520878993,-0.0822810083516403,0.086656614157743,-0.0617107562637325,0.0498917157880473,0.0704619678759552,-0.1746210052582048,-0.0249458578940365,0.0748375736820757,-0.0748375736820929,-0.0997834315761209,0.0549458578940191,-0.0600000000000089,-0.10275501659153488,0.10275501659153488,0.24478260869565216,103,220.83582089552237
0.3949999999999999,0.0049999999999998,0.4,400,1.097536231884058,49.37985507246377,44.99154892380827,47.54304347826087,0.0,-0.1775204538266761,-0.536777280113608,-0.5400000000000095,-0.0912734599140976,-0.6591876198693847,-0.0600000000000093,-0.2100000000000092,-0.0300000000000092,0.0299999999999908,-9.161560399206791e-15,-0.0900000000000091,0.0899999999999909,-9.250378241176804e-15,0.0899999999999908,-0.150000000000009,-0.0300000000000092,0.0899999999999907,-0.089198724141383,-0.3600000000000092,-0.462856662789064,-0.8732951298430097,-0.2400000000000097,0.1499999999999903,-0.0600000000000098,0.02999999999999,0.0899999999999899,0.02999999999999,0.08999999999999,0.1199999999999901,0.1494890336998393,0.0599999999999905,-0.0900000000000093,-0.4281690803074744,0.1499999999999909,0.4224220806608273,-0.0600000000000096,-0.3900000000000099,-0.1200000000000096,-0.2100000000000093,-0.1500000000000095,-0.0300000000000094,0.0599999999999905,0.1199999999999906,0.0299999999999907,0.1499999999999906,0.0299999999999906,-0.0300000000000095,1.1958074039344633,1.0199999999999927,-0.0539544981310706,0.210334264882256,0.1199999999999906,0.2099999999999905,-0.0900000000000095,0.0299999999999906,-9.476863738200336e-15,-0.0900000000000093,-9.374723219934822e-15,0.0899999999999906,0.2099999999999905,-3.372803148260457,-0.930346999869165,0.1734950696468112,0.119999999999991,-0.0300000000000089,-0.3300000000000086,0.269999999999991,0.2399999999999909,0.1199999999999911,-0.0600000000000088,-0.1200000000000088,-0.1500000000000086,-0.1800000000000087,10.302185993148017,-0.1184047113887978,-0.0146061853694693,-0.0598762342728865,-0.4500000000000082,-0.3000000000000083,-0.450000000000008,-0.4500000000000081,-8.490985692333198e-15,-0.2700000000000082,0.0899999999999916,0.4199999999999918,-0.3600000000000082,0.2999999999999916,12.161035496400055,0.3282973343738039,0.1945544416618753,-0.4770591871195456,-0.1200000000000077,-0.4665811395414217,-0.5100824160896399,0.0797434186242348,-0.3102565813757654,-0.5100000000000077,-0.0900000000000081,0.2167804396714766,-0.076758403390195,0.1499999999999914,-0.267442396283909,0.0267704812436809,0.0132415966098049,-0.0732415966098215,0.4164831932196181,0.0124307168268292,-0.305133964475096,0.1270717906397582,0.0318996490856507,0.0732973086631055,0.2135168067803647,0.3477238374301521,-0.0600000000000086,0.0094297479120831,0.3394297479120832,0.110570252087899,-0.0711405041758247,-0.0917107562637326,-0.4705702520879168,-0.0282892437362854,0.0155161099819267,-0.3000000000000091,0.1449458578940188,0.1250541421059627,-0.0997834315761213,0.2649458578940188,0.3599999999999905,0.1745683118099074,0.1149458578940188,0.1499999999999908,-0.0600000000000093,-0.0300000000000093,-0.4500000000000091,0.2582434570502152,-0.1376348144246721,-0.2693913573744474,0.0958782714748781,0.1038895778159274,0.1038895778159274,0.09753623188405802,104,220.05970149253733
0.1449999999999996,0.0199999999999998,0.4,400,1.0144927536231885,34.234927536231886,33.74585714285714,34.21594202898551,0.0,-1.548877104911896,-3.3095088754534085,-2.4878355144490807,-0.2944863092001821,-0.4170838982408649,-0.2100000000000089,0.0599999999999908,0.0599999999999908,0.179999999999991,0.0299999999999908,-0.3000000000000089,0.0899999999999908,0.2999999999999909,0.0599999999999906,-0.0300000000000093,-0.1200000000000093,-9.263700917472306e-15,0.2682534602476524,0.2399999999999908,0.2719419883626638,-0.2867206210499471,0.0299999999999907,-0.0600000000000094,-0.3000000000000088,0.0599999999999909,-0.1500000000000091,-0.0600000000000089,0.149999999999991,0.0899999999999914,0.0299999999999912,0.5699999999999904,-0.0600000000000092,-1.5616528622659285,-1.3500000000000087,-0.3058215735948428,-0.4500000000000077,-0.1500000000000081,-0.060000000000008,0.1499999999999918,0.0899999999999919,-0.0600000000000079,0.2099999999999922,0.2099999999999922,-0.1800000000000082,0.1199999999999916,0.0299999999999914,-0.1200000000000081,0.8134655366459129,0.8348675325628173,-0.0169002042953146,-8.668621376273222e-15,0.1499999999999912,-0.0600000000000086,0.1199999999999911,-0.0600000000000088,0.2399999999999912,-0.1200000000000088,0.2399999999999911,-0.0900000000000086,-0.1200000000000087,3.0741109693343707,0.4546489036262886,0.3599999999999915,-0.2400000000000088,-0.2400000000000089,-0.1200000000000089,-0.270000000000009,0.029999999999991,0.089999999999991,0.3299999999999911,0.2699999999999912,-0.0309079366138192,0.1799999999999912,2.1713459746371693,1.252009785205746,2.1299999999999875,2.129999999999988,2.1899999999999875,1.7999999999999874,2.039999999999988,2.069999999999988,1.8899999999999877,1.829999999999988,1.7699999999999878,1.979999999999988,2.009999999999988,2.309999999999988,2.1132227165268898,-0.0474601750878887,-0.8329794116459095,-0.9300000000000104,-1.3800000000000106,-1.5000000000000115,-1.3500000000000112,-1.410000000000011,-1.1700000000000108,-1.2600000000000102,-0.750000000000011,-1.2000000000000102,-1.3800000000000117,-1.2300000000000109,-1.0800000000000105,-1.0500000000000105,-1.17000000000001,-1.0800000000000105,-1.1100000000000103,-0.9600000000000104,-1.1100000000000103,-1.0500000000000105,-0.7500000000000105,-1.0800000000000105,-1.2300000000000104,-1.1100000000000103,-1.3500000000000112,-1.740000000000009,-1.1100000000000103,-0.6000000000000107,-0.5100000000000109,-0.7788574449215591,-1.4934437003897678,-2.062982201094806,-2.7522710101330734,-2.9373784872610247,-3.107016574620788,-3.510000000000008,-3.241912841466556,-2.763649316817239,-0.7852610962636314,-0.2943469848345282,0.3874824431887129,0.9574393743916576,1.9219261685241704,2.240596847675969,2.039999999999996,2.369999999999996,2.279999999999996,2.339999999999996,2.399999999999996,-0.10424668437451454,0.10424668437451454,0.01449275362318847,105,219.28358208955223
0.485,0.0149999999999998,0.4,400,1.3140579710144928,49.52159420289855,37.68600419102239,42.732608695652175,0.0,-0.6012588023201448,-0.6977540317715056,-0.1500000000000091,0.2399999999999909,0.0939140811816949,-0.1500000000000091,0.1499999999999907,0.1499999999999907,0.2099999999999905,-0.0600000000000094,-0.3300000000000097,0.4199999999999897,0.1499999999999902,0.1499999999999901,-0.2100000000000098,-0.2700000000000099,-0.06000000000001,-0.3000000000000095,0.1799999999999908,0.0100540879764971,0.2941929113940284,-0.2400000000000096,0.0599999999999902,0.0599999999999902,-9.561389266030756e-15,0.1799999999999903,0.0299999999999904,0.2099999999999904,-9.43689570931383e-15,-0.3000000000000093,-0.3000000000000098,0.14999999999999,-0.188695217425723,-0.4200000000000092,-0.4130556157969214,0.0599999999999906,-0.0600000000000093,-0.3000000000000092,-9.43689570931383e-15,0.0599999999999906,-0.0600000000000094,-0.1200000000000092,0.0599999999999906,-0.1200000000000094,-0.0600000000000094,-0.0900000000000092,-0.1500000000000093,-9.386057318354906,-9.060042722537762,0.3883295651416627,-0.420000000000009,-8.847827740777422e-15,0.0599999999999911,0.3299999999999909,0.0299999999999912,0.1799999999999911,0.2399999999999912,-0.2400000000000083,-0.0600000000000087,0.179999999999991,-8.274614491567444,-0.7969490208043426,-0.5100000000000076,-0.2400000000000078,-0.6000000000000074,0.0899999999999923,-7.425171588693046e-15,-7.518600818913867e-15,0.2099999999999927,0.0599999999999927,0.0599999999999928,0.0899999999999928,0.2099999999999928,11.172548745686749,0.0361373051664464,-0.0900000000000072,0.1199999999999928,0.0299999999999926,-0.0300000000000073,-0.0300000000000073,-7.329146478307621e-15,-7.329146478307621e-15,-7.329146478307621e-15,-7.329146478307621e-15,-7.329146478307621e-15,-7.329146478307621e-15,-7.329146478307621e-15,5.698082532976008,-0.023207903493752,0.050760002912268,-7.329146478307621e-15,-7.312562026957834e-15,-7.295977575608045e-15,-0.0113557259038168,0.0246881942087627,-0.0026223371709604,0.0107299951771456,0.0324222645920407,0.0206869256530851,-0.0475250543246897,-0.0373157684953005,0.0134188604585809,0.0536754418343373,0.0506225627639167,-0.0939320232101062,-0.161026325503035,0.0402565813757505,-6.66799948589869e-15,-0.0134188604585924,-6.716427937704569e-15,-0.0132797736888397,-0.0033395429316077,-0.0167584033901935,-0.0335168067803802,-0.0167584033901943,-0.0837920169509413,-0.0167584033901944,0.0167584033901783,-0.0167584033901951,0.0205702520878992,-0.0167584033901953,-8.653901092644428e-15,-0.0822810083516404,-0.0617107562637324,-0.18513226879118,-0.1439917646153643,-0.0249458578940368,0.0748375736820757,-0.2245127210462606,0.0498917157880477,-0.0249458578940364,-0.099783431576121,-0.0626380929426789,0.029999999999991,0.0899999999999907,-0.0300000000000092,-0.0900000000000094,-0.0900000000000093,-0.10459358791572712,0.10459358791572712,0.31405797101449284,106,218.50746268656718
0.47,0.0199999999999998,0.4,400,1.3640579710144929,48.142753623188405,35.29377390565236,40.309710144927536,0.0,-0.3295437958234007,-0.7454586652546784,-0.5700000000000097,-0.0300000000000091,0.0564015327548175,0.2099999999999909,0.2699999999999909,-0.3000000000000092,0.0299999999999908,-0.0300000000000092,0.2399999999999909,-0.0300000000000093,-0.1800000000000092,0.4199999999999902,0.1499999999999905,-0.1200000000000097,0.1499999999999902,0.270801275858617,-0.2100000000000096,-0.2167810209153328,-0.1292401452609797,-0.0066828852655609,-0.0600000000000098,-0.1200000000000098,0.0299999999999901,-0.0600000000000097,0.0299999999999903,-0.1500000000000095,-0.0300000000000095,0.0899999999999902,-0.0894431157708717,0.17999999999999,-0.6009233494021996,-0.1800000000000092,-0.5234040935353658,-0.089578625081913,-0.1800000000000091,0.3599999999999905,-0.180000000000009,0.1799999999999908,-0.2100000000000091,-0.0900000000000093,0.0599999999999906,-0.3000000000000094,-0.1800000000000092,0.0899999999999904,-0.1196224539158976,0.2241139462675401,2.126561024568929,-0.5476744365677912,-0.0345935990213563,0.0299999999999909,0.0299999999999909,-0.3600000000000091,-0.0300000000000087,-0.3000000000000087,0.179999999999991,0.209999999999991,-8.793751695313328e-15,-0.1800000000000087,3.300554698424774,0.4797633464274451,-0.0600000000000089,0.0299999999999913,-0.0900000000000084,0.4499999999999919,0.1199999999999919,0.3899999999999919,-7.931433287922118e-15,0.5999999999999927,-0.1200000000000077,-0.0900000000000079,-0.2100000000000078,12.385992899792818,-0.1220326992192128,-0.1200000000000073,-0.3000000000000072,-0.3000000000000072,-0.0900000000000071,-0.0600000000000072,0.2399999999999928,-0.1200000000000072,0.2399999999999927,0.0299999999999927,-0.0900000000000072,0.1451812924541081,-0.0300000000000073,0.3913080212883094,-0.2385471137004634,0.0251810929601029,0.0363904920961586,0.0735849531519445,0.0038769900031746,0.0392685953764426,0.0104780475781192,-0.0373157684953005,0.0134188604585806,0.0134188604585804,-0.0402565813757627,0.0536754418343363,-0.0670943022929352,0.0268377209171648,0.013418860458579,0.0134188604585789,-6.743283970934387e-15,-6.752101061146269e-15,0.0469356672389524,0.0033395429315942,-0.0167584033901935,0.0502752101705533,-0.0670336135607539,0.0335168067803663,0.0167584033901788,-0.0670336135607548,0.0502752101705516,0.0335168067803648,-0.0837920169509421,-0.0578989075660111,-8.590905764549461e-15,-8.633094239485218e-15,-0.0205702520879165,0.0411405041758071,0.041140504175807,0.0205702520878991,-0.0367648983697044,-0.0498917157880648,-8.355664527519846e-15,-0.0249458578940367,0.0748375736820754,-0.0050541421059808,-0.0249458578940369,-0.0300000000000089,-0.1500000000000093,-0.1800000000000092,-0.0600000000000093,-0.1200000000000093,-0.0717565429497844,0.1017565429497657,0.10502225626887801,0.10502225626887801,0.3640579710144929,107,217.73134328358208
0.3949999999999999,0.0099999999999998,0.4,400,1.2042028985507247,47.91594202898551,39.790588518473946,43.81275362318841,0.0,-0.0177137605216239,-0.9542480708548848,-0.3900000000000095,-0.210000000000009,0.2640461291676722,-0.0007500881213978,-0.0300000000000093,0.0299999999999905,-0.0300000000000093,-0.0300000000000093,0.299999999999991,-0.1500000000000089,0.2699999999999909,-0.1800000000000091,-0.2400000000000089,-0.1500000000000091,-0.0300000000000091,-0.1225886222284388,0.0299999999999908,0.1163904234721106,-0.8296423299819753,0.1799999999999905,0.0899999999999905,-0.0900000000000096,-0.2100000000000099,0.0299999999999901,-0.1500000000000101,0.11999999999999,0.0899999999999901,0.11999999999999,0.0306513891435931,-0.180000000000009,0.3499067831813263,-9.36464965814407e-15,-0.604990060963397,0.0599999999999902,0.0299999999999903,-0.0600000000000096,-9.57508338722352e-15,-9.632814984504028e-15,-0.1500000000000094,-0.0300000000000095,0.0604213749180867,0.0899999999999905,0.0299999999999905,-0.3300000000000092,-0.0600000000000097,-2.7862916137413896,-2.881841267865702,0.1450658856468495,0.0973406293397335,-0.1800000000000093,-0.1800000000000093,0.3299999999999907,0.2099999999999909,0.0299999999999905,0.0299999999999905,0.1199999999999905,-0.1200000000000094,-0.1500000000000095,-7.087542285360601,-1.0491116386319377,0.2699999999999907,0.0599999999999908,-0.0900000000000089,-0.2400000000000092,0.029999999999991,-8.908822219733301e-15,-8.846528209807272e-15,-0.2400000000000087,0.1199999999999911,-0.1800000000000088,-0.2702070357510087,-0.9315257416427092,0.1137014003340267,0.2399999999999911,0.0299999999999911,0.0899999999999912,0.0299999999999913,-0.1800000000000086,-0.1500000000000085,0.0601237657271134,0.1199999999999915,0.0299999999999916,-0.3298762342728861,-0.3000000000000078,-0.1200000000000083,4.119688282389633,-0.4429058547995624,-0.5532144845298209,-0.0497434186242504,-0.0031622790828365,-0.0568377209171793,-0.0656187156690028,-0.4800000000000078,-0.0434188604585937,-0.0165811395414223,0.1034188604585776,-0.2091925453402226,-0.0132415966098215,0.0935549838593847,-0.0870452419065422,0.4114816776180094,0.5473040594790872,-0.1155355348174676,-8.171767338032299e-15,0.1272218691703137,0.0523192030808951,0.1261632835812284,0.017284556332603,-0.0923517012721912,-8.620044510681428e-15,-0.0600000000000087,-0.2185994640549033,0.0391898044080142,-0.0711405041758246,0.2434215125274388,-0.0711405041758247,0.1688594958241751,-0.0131718812061593,-0.143913637930165,0.0452936223470551,-0.060000000000009,0.4395668631522156,0.3212854959709424,0.3097834315761034,-0.2049458578940369,-0.240000000000009,-0.270000000000009,-0.0300000000000092,0.2099999999999907,0.1199999999999905,-0.251379641257078,0.0186203587429216,0.0123651855753279,0.0537448268323969,-0.032193378609895,0.0423651855753282,-0.10522523458970502,0.10522523458970502,0.2042028985507247,108,216.95522388059703
0.49,0.0099999999999998,0.4,400,1.2833333333333334,50.38884057971015,39.26403162055336,44.27173913043478,0.0,0.0614765947334488,-0.0575170608971762,-0.0300000000000091,0.0599999999999905,-0.0622803418950924,-0.2100000000000091,-0.3600000000000096,-0.2700000000000095,0.2099999999999904,0.2399999999999904,-0.1500000000000098,0.1199999999999899,0.1499999999999902,0.0899999999999901,-0.0900000000000098,0.0899999999999902,-0.0900000000000098,0.059331250425561,0.3299999999999904,0.1524602459471051,0.2037969321485041,0.0299999999999903,0.0599999999999903,0.0599999999999903,-0.0900000000000095,-0.0300000000000094,0.0599999999999905,-0.0600000000000094,-0.0600000000000093,-0.2400000000000091,-0.0900000000000097,-0.3300000000000099,0.3721620904281687,-0.030000000000009,-0.4884290522075126,0.0517245954846082,-0.0300000000000094,-0.1200000000000094,0.1199999999999905,0.0599999999999905,0.0299999999999904,0.0599999999999905,0.1799999999999906,0.1199999999999907,0.2399999999999909,-0.030000000000009,0.0899999999999906,0.3932900570862185,-0.6020494404890926,0.4515707692729389,0.2803240995386205,-8.855138844410249e-15,0.0299999999999912,0.0599999999999913,0.3899999999999914,0.1499999999999915,0.0299999999999916,0.0299999999999917,-0.1800000000000085,0.1499999999999912,4.046056594559769,-0.4225370779201516,-0.6843812843310125,0.1799999999999924,-0.0900000000000074,0.5699999999999928,0.2399999999999927,0.1499999999999927,-0.2400000000000071,0.0899999999999927,0.0599999999999926,-0.0900000000000072,-0.1500000000000071,-4.526496537730947,0.1725866761086232,-0.0044326716880873,-7.329146478307621e-15,-7.329146478307621e-15,-7.329146478307621e-15,-7.329146478307621e-15,-7.329146478307621e-15,-7.329146478307621e-15,-7.329146478307621e-15,-7.329146478307621e-15,-7.329146478307621e-15,-7.329146478307621e-15,-7.329146478307621e-15,13.73496349665882,-0.0465173073169108,-7.329146478307621e-15,-7.329146478307621e-15,-7.329146478307621e-15,-7.329146478307621e-15,-7.329146478307621e-15,-7.329146478307621e-15,-7.329146478307621e-15,-7.329146478307621e-15,-0.003220430228837,-7.329146478307621e-15,0.0335074495123124,0.0109047616870991,-0.0731747993959134,0.0106549938390565,-0.0314811018631059,0.0075372346976573,-0.0402565813757622,-5.503923633939032e-15,0.0373157684952901,-0.0670943022929348,0.0268377209171652,-0.0570149847659505,0.0402565813757505,-6.7456504036373305e-15,-0.0167584033901935,-0.0502752101705669,-0.0670336135607537,-0.0368563497119814,0.0335168067803658,-0.0502752101705677,0.0633965182342957,-0.0502752101705685,-8.557847143909331e-15,0.0205702520878993,-8.637535131583718e-15,0.082281008351623,0.082281008351623,0.020570252087899,0.0498917157880473,-0.0704619678759727,0.0748375736820755,0.0748375736820756,-0.0249458578940365,-0.0498917157880648,0.035054142105963,-0.0600000000000089,-0.095341481503894,0.2399999999999909,-0.0900000000000092,0.10554345485096218,0.10554345485096218,0.28333333333333344,109,216.17910447761193
0.3899999999999999,0.0099999999999998,0.4,400,1.1623188405797102,48.09652173913044,41.37980049875312,44.85173913043478,0.0,0.0862302661920442,0.0811839206682252,0.5099999999999906,-0.0900000000000091,-0.1181492933076721,-0.0300000000000095,-9.408790644968836e-15,0.0599999999999906,0.1199999999999905,0.0899999999999904,0.2699999999999908,-0.1200000000000091,0.0599999999999909,-0.1500000000000089,0.2399999999999909,-9.165084446627555e-15,0.0899999999999909,-0.0909079366138192,0.3299999999999912,-0.031446309526888,0.0301095831171651,-0.325595569949385,-0.1800000000000094,0.1799999999999904,-0.1500000000000097,0.1799999999999902,-0.0600000000000098,0.02999999999999,-0.03000000000001,0.0599999999999899,0.0599999999999907,-0.1200000000000091,0.7078987266924187,0.3899999999999907,0.2581759342784465,0.0280813772571813,0.2099999999999902,-0.1200000000000096,-0.1500000000000095,-0.1200000000000096,-0.1200000000000096,-0.0300000000000095,0.0299999999999905,-0.1500000000000093,-0.1200000000000093,0.0299999999999906,-0.0900000000000097,-4.894526474806477,-5.1022881334984485,-0.3658099123334721,0.0299999999999908,-0.1200000000000093,-0.2400000000000092,0.1499999999999909,0.2099999999999905,0.1199999999999905,-0.3300000000000094,0.1499999999999909,-0.0300000000000094,-0.1500000000000094,6.893009297212185,-0.0053132786775192,0.0599999999999907,-0.2100000000000092,-0.240000000000009,0.0599999999999911,-0.1500000000000089,-8.890665981198253e-15,-0.1500000000000088,-0.0600000000000088,-0.2700000000000086,-0.2100000000000089,0.119999999999991,8.345392251781256,0.2041147717037703,0.0891891202170155,0.179999999999991,-0.0600000000000088,-8.757439218243234e-15,-0.5100000000000086,0.1499999999999913,-0.2400000000000086,-8.704148513061228e-15,-0.1501652861492739,-0.0900000000000085,-0.3600000000000083,0.0599999999999914,7.964867248847287,-0.55872709216883,-0.1468377209171791,0.0197434186242349,-0.0963245581656649,0.4934188604585777,-0.1334188604585937,0.1902565813757491,0.1065811395414061,-0.4065811395414222,-0.1365811395414222,0.1199999999999917,-0.1597247898294479,-0.3635168067803815,0.1301310520422588,0.141892367865266,0.1570336135607385,-0.2023541523613748,0.385311329332636,0.2840112634431803,0.0717951227904935,0.2582294180920265,-0.0464894219236659,0.0564831932196179,0.2399999999999912,-0.0900000000000087,0.1580654031599531,-0.039429747912101,0.0077189916483593,0.2196788221187303,0.3646461067451255,0.155738467064523,0.3495311217244517,0.0438053537182031,0.1250541421059628,0.0856243941938707,-0.3795668631522332,0.0030890475122289,-0.144945857894037,-0.1200000000000089,0.2399999999999907,-0.2404213749181053,0.1799999999999907,0.1499999999999907,-0.0600000000000094,-0.0271979787645612,0.1410454782856634,-0.0176348144246721,0.1613796412570595,0.3119525141148673,0.042365185575328,0.10586144937623305,0.10586144937623305,0.16231884057971024,110,215.40298507462688
0.4149999999999999,0.0049999999999998,0.4,400,1.2240579710144928,49.036086956521736,40.06026521430263,44.455217391304345,0.0,-0.6848164810296612,-0.4505208067177408,0.2414159680832532,0.2999999999999905,0.178885189559437,-9.139355938714288e-15,-0.270000000000009,-0.150000000000009,-9.154440638720172e-15,-0.360000000000009,-0.030000000000009,0.0599999999999907,-0.120000000000009,-0.1200000000000091,0.1199999999999907,0.1199999999999906,-0.2100000000000096,-0.3900000000000095,-0.2700000000000093,-0.0316268064277318,-0.6796903407963008,-9.858780458671391e-15,-0.0900000000000099,0.1199999999999901,0.3899999999999897,-0.0300000000000097,-0.4200000000000099,0.35999999999999,-0.2700000000000096,0.2099999999999902,-0.0300000000000096,-0.0900000000000096,0.4201912451827341,0.2099999999999908,-0.2132165160753597,-0.0900000000000095,0.0299999999999905,0.0599999999999905,0.2699999999999904,-0.0900000000000093,0.0899999999999908,0.0599999999999906,-0.0300000000000091,-0.1800000000000091,-0.1500000000000092,0.4799999999999899,0.0899999999999906,-0.6703815339677937,-1.7700000000000085,-0.2744280282739885,-0.1500000000000093,-0.0300000000000094,0.0899999999999904,0.1799999999999907,-0.0002490742066562,-0.180000000000009,0.3599999999999909,0.4199999999999908,-0.0600000000000092,0.2399999999999908,-2.005126595720556,-0.2295565118845119,-0.3897929642490086,-0.2400000000000086,-0.5100000000000089,-0.0300000000000088,0.209999999999991,0.2699999999999911,-0.2100000000000086,0.2699999999999913,0.3599999999999915,0.3599999999999912,0.2699999999999911,13.109921435985036,0.3404678734625602,0.1499999999999917,-0.060000000000008,-0.2400000000000081,0.089999999999992,0.119999999999992,-7.904787935331115e-15,-0.0300000000000078,0.1499999999999924,0.0899999999999923,0.2099999999999924,-0.0600000000000072,-0.0900000000000074,5.525837542607174,0.1593857997644769,0.0967991154162165,0.5699999999999927,0.392416563778069,0.0996717292418019,0.2834188604585785,-0.1665811395414216,0.0931622790828211,0.1564726570257586,-0.4786008653091731,-0.1088785369959801,0.5668377209171637,0.3599999999999919,0.3398385305790217,-0.2579273434227596,0.1877177989742709,0.1520607462084922,-0.2156383402900262,-0.0624066073784504,-0.0320251184576359,0.238263957969688,-0.0611538341296601,-0.1132202848123515,-0.5170336135607547,0.0102631323170496,0.1837095727232614,0.1085801871964678,-0.0097247898294483,-0.1162416814027247,-0.0502756368383978,-0.0788594958241927,0.2245620167032548,-0.0617107562637324,-0.1284756546334283,0.0616263256261358,-0.1776503693839639,-0.1661946462817966,-0.1795439513350287,-0.2248375736820925,-0.2248375736820929,-0.0401082842119527,-0.1800000000000089,-0.0950541421059809,0.1499999999999909,-0.0900000000000092,-9.29034627006331e-15,-0.0600000000000093,0.0299999999999904,-0.0590144556817411,0.1913796412570595,0.1061411995341665,0.1061411995341665,0.22405797101449276,111,214.62686567164178
0.3149999999999998,0.0049999999999998,0.4,400,1.0853623188405797,46.0063768115942,42.3880357858192,44.50231884057971,0.0,-0.4171750728493871,-0.9140305259677168,-0.9285076661179376,-0.1200000000000091,-0.0309915184744076,0.0599999999999905,0.0599999999999905,0.0299999999999905,0.0291987241413642,0.2399999999999908,0.1499999999999907,0.0299999999999905,-0.2700000000000097,-0.1500000000000093,0.1199999999999904,-0.0300000000000094,-0.1200000000000094,-0.0317347742307654,0.2099999999999912,0.3997892853812536,-0.5369780312550612,-0.0900000000000093,0.0599999999999907,-9.192646643896296e-15,0.3299999999999909,-0.0300000000000091,-0.0600000000000091,0.1799999999999909,0.1199999999999908,-0.1200000000000091,-9.42629966215778e-15,0.0599999999999905,-1.6626189513002023,-0.090000000000009,0.3980236741703438,0.0599999999999905,0.1199999999999903,0.0299999999999903,-0.0900000000000096,0.1799999999999899,0.119443115770852,0.23999999999999,0.14999999999999,0.02999999999999,0.14999999999999,0.1199999999999901,-0.1500000000000097,-3.8696701045333457,-5.679112838057694,-0.8555218842569562,0.0599999999999902,-9.601283005937807e-15,0.1199999999999902,0.0899999999999903,-0.2400000000000093,-0.3000000000000094,-0.2100000000000094,0.0299999999999904,0.3299999999999907,-0.0300000000000096,-3.6492900507111,-0.7788084643991676,0.059622453915879,0.2399999999999905,-0.0300000000000092,-0.0600000000000092,-0.180000000000009,0.0599999999999909,-0.0600000000000092,0.0899999999999906,0.2999999999999909,0.0299999999999906,0.0899999999999908,0.9630517949599228,0.5700378040247063,0.4499999999999902,-9.414691248821327e-15,0.0299999999999906,0.090334264882256,-0.240000000000009,0.1499999999999907,-0.1200000000000092,0.1199999999999905,0.1499999999999905,0.0899999999999904,-9.376591875390998e-15,0.2399999999999906,-2.5327921006879053,-0.0645348252717814,0.1947454805684095,0.2567584033901778,0.154422752707314,0.3370336135607378,-0.0900000000000092,-0.187033613560756,-0.1464831932196354,-0.2567584033901957,-0.0714102724959374,0.0467584033901774,-0.0714102724959373,-0.015641089983722,-0.55477787880636,0.1591599795919704,0.2794297479120828,0.0990800269970009,-0.0714102724959373,-0.2117107562637329,-0.0128512604395488,0.0111405041758067,-0.1910605515808551,0.138859495824175,0.0316308036687449,0.3037279453310359,-0.0344555584010989,0.0242394363005361,0.2849134125822925,-0.0221122183175185,-0.3014960132355808,-0.0227406281649807,0.2828561001862385,-0.2563728807988212,-0.342085081171317,0.2503471244523443,0.4640408511068803,-0.2006046230077141,0.1892672988570111,-0.0763125983526927,0.0201777057084228,0.5976088194308303,0.342814093533013,0.4945400258990352,0.1955921666835626,0.3709411331040428,-0.0837812617740098,-0.2054606592008735,-0.2645361068079428,0.1780251937222466,0.0033256753419693,-0.10645894703483051,0.10645894703483051,0.08536231884057965,112,213.85074626865674
0.3349999999999998,0.0099999999999998,0.4,400,1.1389855072463768,46.04768115942029,40.42868049370149,43.42101449275362,0.0,-0.8493810508581627,-1.2946744815916489,-0.5984274083129959,0.1785076661179198,0.2099999999999907,0.0899999999999906,0.0899999999999905,-0.0600000000000095,-0.2400000000000091,0.1499999999999904,0.1199999999999905,-0.3300000000000094,0.0899999999999904,0.1499999999999904,0.3299999999999905,0.0899999999999903,0.1499999999999903,0.1490363141969725,-0.0900000000000087,-0.4486680148931758,-0.7429627087397047,-0.1545625381174554,0.0899999999999909,0.0299999999999908,-0.180000000000009,-9.108269694024783e-15,0.0899999999999909,-0.240000000000009,-9.305430970069192e-15,-0.1800000000000092,0.1199999999999906,0.2099999999999907,-0.3333208318356974,0.2399999999999908,0.0998464833835515,-0.3970509474182398,-0.2770509474182397,-0.1200000000000097,-0.0600000000000099,-0.09000000000001,-0.0300000000000099,-9.961261190261818e-15,0.14999999999999,0.3899999999999899,0.1799999999999901,0.0899999999999902,-0.0600000000000098,0.3274947837240738,1.8899999999999912,1.046007102540345,0.1199999999999903,0.1199999999999903,-0.1500000000000093,-0.0900000000000094,-0.0300000000000094,-0.0600000000000094,0.2999999999999904,-0.1800000000000092,0.1199999999999905,-0.0300000000000094,-1.5812110231189995,-0.3584143339745591,-0.180000000000009,0.0299999999999906,-0.3300000000000091,-0.0300000000000092,-0.1500000000000092,-0.1200000000000092,0.2099999999999906,0.0599999999999905,0.4499999999999904,-0.0900000000000093,-9.405809464624326e-15,6.087844637470851,0.5025540279375629,-0.139540211225388,0.1199999999999904,0.1199999999999905,0.1799999999999906,0.1199999999999906,-0.2400000000000093,-0.2100000000000092,-9.444491375189671e-15,-9.516831767086842e-15,0.1499999999999908,0.0599999999999907,0.1799999999999907,7.125706808676805,1.029058662018693,-0.1257763298577508,-0.0600557120533094,-0.0166645142578746,0.1702752101705515,-0.0697247898294487,0.1870336135607381,-0.0670336135607558,-0.0397247898294487,-0.1367584033901958,-0.2400000000000089,0.0394297479120829,0.0808400204080111,-0.0694297479121012,0.1388594958241749,0.0694297479120829,0.238289243736267,0.1199999999999908,0.1199999999999908,-0.0334215125274567,-9.166001291305291e-15,0.2305702520878987,-0.1294297479121011,-0.1894297479121012,0.0299999999999907,0.3839136379301469,-0.280777859212749,0.0272243220378481,0.260388929606361,0.1750005096681559,-0.3718895345374679,0.1949751587015477,-0.0722723487876756,-0.0197773162199589,0.3419706816031921,0.2175845908373708,-0.1445598821305929,-0.3598360680159331,-0.1226993485467426,-0.2424223037478322,-0.0837343867062968,0.3775117998551862,0.201638165481919,-0.1870192745147837,-0.3559269415822237,0.0966316306694969,0.8536381859218974,-0.3369612391199515,0.3255243116537537,0.5149378082525418,0.10674734521904557,0.10674734521904557,0.13898550724637682,113,213.07462686567163
0.495,0.0149999999999998,0.4,400,1.3059420289855073,49.87942028985507,38.19420708023527,43.30579710144927,0.0,-0.1062955199665224,0.0386848476499595,0.0014159680832533,0.2142777430228641,0.0013852649009947,-0.0900000000000091,-0.1500000000000093,0.3299999999999907,0.0893486108563881,0.1799999999999906,-9.636735853746358e-15,-0.03000000000001,0.05999999999999,0.2399999999999897,0.0299999999999901,0.1499999999999899,-9.978684545330906e-15,-0.0306687495744391,-0.0300000000000092,-0.1335312629735109,0.0196299274620889,0.1199999999999903,0.0299999999999903,-0.0600000000000096,-9.525787840263296e-15,-0.1500000000000095,0.0299999999999905,-9.494627306594338e-15,-0.0600000000000093,0.1499999999999906,-0.1500000000000098,0.2099999999999899,-0.1190967639737878,-0.0813697063515288,-0.0217388315197625,0.0599999999999908,0.0899999999999905,-0.0600000000000094,-0.0600000000000094,-0.5400000000000098,-0.1800000000000092,0.1499999999999904,0.2399999999999907,0.0299999999999906,-0.1200000000000094,0.209999999999991,-9.441336601412332e-15,3.57654559599508,3.424661315780244,-0.7573032110536805,-0.3217981906457668,0.1199999999999911,0.4499999999999909,0.059834713850726,-0.4200000000000083,0.2399999999999913,-0.1200000000000082,0.0899999999999916,-0.0900000000000086,-0.1200000000000086,2.213687370018361,0.2279556860152448,-0.360000000000008,-0.3000000000000079,0.1199999999999926,-0.0900000000000072,-0.3900000000000071,-0.2400000000000072,0.2399999999999928,-0.0300000000000072,0.0599999999999926,0.1499999999999927,-0.1800000000000071,-0.9257282987620546,0.0191765847701105,-0.0012350154723565,-7.329146478307621e-15,-7.329146478307621e-15,-7.329146478307621e-15,-7.329146478307621e-15,-7.329146478307621e-15,-7.329146478307621e-15,-7.329146478307621e-15,-7.329146478307621e-15,-7.329146478307621e-15,-7.329146478307621e-15,-7.329146478307621e-15,8.035627186520575,0.087380434123951,-7.329146478307621e-15,-7.329146478307621e-15,-7.329146478307621e-15,-7.329146478307621e-15,-0.0048187075458919,-7.329146478307621e-15,-0.0032061013849163,0.0250170899758873,0.027179323963071,-0.0141023361253449,0.0231823764853573,0.0026554594160702,-0.0374685419402418,-0.0238969080367148,0.0669822361029646,0.0567283209047581,0.0477938160734138,0.0268377209171652,0.1042980045982588,0.0670943022929218,-0.0134188604585923,-0.0268377209171781,-6.752101061146269e-15,0.0268377209171647,-0.0167584033901935,0.0167584033901796,-0.0972108774095269,0.1340672271214864,0.0335168067803652,-8.060219158778636e-15,-8.561574096798109e-15,-8.553872120921928e-15,-8.636446136521347e-15,0.0205702520878993,-0.205702520879088,0.082281008351623,0.0205702520878991,0.020570252087899,0.0249458578940196,-0.1746210052582048,-0.2494585789402887,-0.2494585789402887,0.0249458578940193,0.0249458578940191,0.029999999999991,-0.0900000000000091,-0.1800000000000089,-0.1500000000000093,0.0899999999999905,0.10675119351279505,0.10675119351279505,0.30594202898550726,114,212.29850746268656
0.3399999999999998,0.0049999999999998,0.4,400,1.115942028985507,46.8936231884058,42.02155844155844,44.67536231884058,0.0,-0.991911225053306,-0.3670140796945665,0.0299999999999909,-0.0014159680832715,-0.449227306540007,0.1499999999999904,-0.1800000000000093,-0.1800000000000094,0.0899999999999906,-0.0600000000000095,-0.1200000000000094,0.2099999999999907,0.0299999999999906,-0.0600000000000096,-0.2100000000000093,-0.1500000000000094,-0.3600000000000091,0.0881283775831622,0.0899999999999911,0.157530411456907,-0.1157228073202073,0.2399999999999909,0.1199999999999909,-0.1800000000000091,0.0899999999999907,-0.1800000000000091,0.1499999999999909,0.1799999999999908,-9.459100169806334e-15,-0.0900000000000094,0.2999999999999908,0.119999999999991,-0.8351200700065387,-0.0600000000000093,0.0680458369721143,-0.18000000000001,-0.0900000000000099,0.08999999999999,-0.1200000000000098,0.17999999999999,0.1199999999999902,-0.1500000000000098,-0.1500000000000097,-9.734584057872278e-15,0.1499999999999902,0.0299999999999903,-0.0900000000000098,0.563266162559771,0.4025355790457779,0.1293157958910857,0.3899999999999899,-0.3900000000000094,-9.383605004131824e-15,0.0599999999999906,0.2399999999999907,-9.191074824199779e-15,0.0299999999999907,0.2399999999999908,-9.325873406851317e-15,0.0899999999999907,7.460554686280248,0.4252675412985596,0.0523049068898733,-0.1200000000000092,0.0299999999999905,0.2099999999999905,0.1499999999999905,0.2099999999999907,-0.1500000000000095,-0.0900000000000094,0.0299999999999905,-0.1500000000000095,-0.1800000000000092,0.9599253540456212,0.3623511049503152,0.3299999999999906,0.1799999999999908,0.0602914628180174,0.3899999999999906,0.1499999999999909,0.299999999999991,0.0899999999999909,0.1499999999999909,0.3299999999999908,0.5399999999999902,0.269999999999991,0.2999999999999909,4.561209670728881,0.7033987881789695,0.1965811395414058,-0.136758403390195,-0.1500000000000083,0.1199999999999916,0.2867584033901783,-0.3300000000000082,0.2602752101705516,-0.003516806780382,0.0599999999999914,-0.0694757156228012,-9.197087535994796e-15,0.0167584033901775,0.0167584033901778,0.0467584033901776,-0.0432415966098222,-0.2532415966098224,-0.1800000000000091,0.2717107562637146,-0.0694297479121012,0.2494297479120829,0.3582892437362668,0.0349012618354376,0.1422810083516224,0.4199999999999906,-0.0205702520879171,-0.1800000000000091,0.2699999999999908,-0.264945857894037,0.2349458578940191,0.0622784641438199,-0.0502165684238968,-0.2973966832203482,0.1325591095382458,0.0046148899020247,-0.2400000000000091,-0.1850541421059814,-0.2124160491633111,-0.1173619070573394,-0.3001639282927876,0.2701639282927686,0.1765958857923983,0.0328020212354386,0.0767654458098864,0.206177265987958,-0.8661017131542782,-1.03320005818582,-0.136003676538879,0.1643296751149633,-0.3029747625792061,0.1108215889960511,0.1108215889960511,0.1159420289855071,115,211.52238805970148
0.3099999999999998,0.0099999999999998,0.4,400,1.131304347826087,44.957536231884056,39.73955931334871,42.68768115942029,0.0,-0.3843881399308027,0.1745759833347749,0.0599999999999908,-0.150000000000009,0.089036314196972,0.1499999999999908,-0.0600000000000092,-0.1200000000000094,0.0599999999999904,0.0599999999999906,-9.399856720307194e-15,0.0899999999999905,-0.0900000000000095,-0.0900000000000094,-0.1500000000000094,0.2099999999999908,0.0899999999999905,-0.5400000000000077,-0.1500000000000086,-0.116770554827108,-0.3526484496489736,0.0899999999999906,0.1199999999999904,0.0599999999999906,0.0299999999999907,0.1199999999999907,-0.1500000000000091,0.1499999999999909,0.5099999999999905,0.0599999999999909,0.2099999999999904,-0.3900000000000094,-1.3908521946462198,-0.8082534602476703,-0.2095325675970256,0.0299999999999907,0.1199999999999907,0.1499999999999905,-0.2100000000000094,0.0599999999999905,-0.0300000000000096,-0.1500000000000096,0.3299999999999902,-0.0300000000000098,0.05999999999999,-0.1800000000000099,0.2999999999999904,1.3039335563839094,1.8942301218611104,0.3420456724327075,-0.1500000000000099,-0.1500000000000096,-0.1500000000000097,0.1799999999999903,0.1199999999999902,-0.1500000000000097,-0.0300000000000095,0.0899999999999903,-9.641325323803766e-15,-0.1800000000000095,8.226602704357923,0.5751888813307966,0.0899999999999904,0.1799999999999903,0.0299999999999905,-0.1200000000000093,-0.2700000000000092,0.2399999999999905,0.1199999999999908,0.1499999999999908,0.1199999999999908,-9.343636975245315e-15,-0.0900000000000092,6.353889000212628,0.6594892504130736,0.2108248271192505,-0.0300000000000092,0.1199999999999907,-0.0600000000000094,-9.395355860730808e-15,0.2699999999999909,0.1799999999999905,-0.300000000000009,-0.1200000000000094,0.1199999999999905,-0.0900000000000093,0.0299999999999905,4.593144590048675,0.9730709434539506,0.4388931837791617,0.1930308255436184,0.1016879313095757,0.0618870361671768,0.1594297479120829,0.0785897275040626,0.2190107791220196,0.0277497070960423,0.1891599795919706,-0.0188594958241932,-0.4231220192638174,-0.0087591528742523,-0.0148984466565209,0.4421211031616829,0.0639866020689902,0.2417010845992927,0.0390000744020311,0.159425896707067,0.3405142609923299,0.2245425920741802,0.0005462905884977,0.4660043625011849,-0.0623196292971719,-0.114929061432995,0.3263953390812349,0.6920948705599588,0.0847729987957422,0.1163221069937594,0.4301773801445382,0.0188993195638819,0.3381150279248545,-0.4146688184226567,-0.1497300354813923,-0.4705812770552942,-0.3276497720808045,-0.5149573065970869,-0.3838806272650328,-1.0724843790632026,-1.164384500208292,-0.224408295660556,-0.3146648810157387,-0.1330328926783027,-1.1461758584473751,-0.7960440665764047,-0.4617544532342321,-0.7752353632312962,-1.1314685971819216,-1.181519872664569,-1.5834938885147896,0.11216392765003153,0.11216392765003153,0.1313043478260869,116,210.7462686567164
0.4349999999999999,0.0049999999999998,0.4,400,1.3028985507246378,49.01565217391305,37.62046718576196,42.55782608695653,0.0,-0.3549028648736141,-0.8435506981966008,-0.3000000000000096,0.0599999999999906,0.2658532039704365,0.1199999999999909,-9.172204207114176e-15,-0.0300000000000091,0.0299999999999906,0.1199999999999907,0.0899999999999907,-9.454659277707831e-15,-0.1500000000000094,-0.0900000000000095,-0.1800000000000094,-0.0600000000000098,0.0599999999999902,0.3631027279600197,0.0299999999999906,-0.0442016971924356,-0.2906185563765019,-0.0600000000000098,0.2999999999999898,0.0599999999999901,0.35999999999999,-0.1200000000000097,0.1499999999999903,-0.1500000000000096,0.0299999999999904,-0.0600000000000096,-0.0600000000000099,-0.09000000000001,-0.3699618745988121,-0.0458773096055491,-0.5179048037061478,-0.1200000000000093,0.1499999999999907,0.1199999999999908,-0.1500000000000091,0.0599999999999907,-9.3420651555488e-15,0.0599999999999906,-9.415988501526797e-15,-0.1800000000000094,-0.0300000000000094,-0.0900000000000094,-0.120000000000009,-3.327225778559346,-2.941841267865702,-0.1894730932891566,0.2755140825381461,-0.1500000000000089,-0.2400000000000088,-0.1500000000000088,-0.2100000000000087,0.3899999999999907,-0.1500000000000087,-0.0900000000000088,-0.6900000000000087,-0.2700000000000088,-6.462206006437928,-0.8216163136472335,-0.2988446571769045,0.1199999999999911,0.6299999999999912,-0.0900000000000084,-0.360000000000008,0.1199999999999916,0.5099999999999918,0.0599999999999919,-0.3000000000000076,-0.2700000000000082,-0.1500000000000081,2.8103712081109604,-0.2250491888806292,-0.468646385127395,-0.6000000000000072,-0.3300000000000074,0.3599999999999926,0.2399999999999927,0.2999999999999926,0.3299999999999927,0.2999999999999928,-0.1800000000000072,-0.2700000000000071,0.2099999999999928,-0.0348187075458919,0.9441318491158432,-0.1712985789714313,-0.0925611189808731,-0.0593406887520435,0.0032204302288226,-0.4004780475781311,-0.0999926240041109,0.0495219524218689,-0.1969269874840635,-0.0615374083283161,-0.1952151872006196,0.039919488347082,-0.0810247879136799,0.0544288327065764,0.2809626941204978,-0.1074746857471083,-0.1477275885593236,0.0414304501674703,-0.1200000000000067,-0.1464995881173035,0.0094135819135995,-6.752101061146269e-15,-0.0435961243073649,-0.0636940706291528,-0.0502752101705669,-0.0970717906397738,-0.0335168067803804,0.0335168067803652,0.0837920169509254,-0.0502752101705685,-8.603792842820016e-15,-0.0167584033901952,-0.0411405041758244,-0.0205702520879165,0.0617107562637151,-8.660688474983097e-15,0.0822810083516229,-0.0573351504576124,-0.0820585207167687,-0.0249458578940366,-0.0997834315761205,0.1746210052581879,0.1247292894701316,-0.0249458578940366,-0.0498917157880649,-0.0350541421059809,0.2099999999999909,-0.0900000000000093,-0.2700000000000092,-0.0300000000000094,-9.36081308121472e-15,-0.11274788520888125,0.11274788520888125,0.3028985507246378,117,209.97014925373134
0.4649999999999999,0.0099999999999998,0.4,400,1.3110144927536231,49.40840579710145,37.68715454344461,42.65463768115942,0.0,-0.0841607731935093,-0.4594883081482803,0.2673834196717843,0.5699999999999901,0.2396397567397784,-0.1175016151750664,-0.1800000000000091,-0.0600000000000092,0.0899999999999906,0.1799999999999907,-9.499068198692841e-15,0.3899999999999904,0.1799999999999904,0.0899999999999902,-0.0300000000000098,0.0599999999999901,0.11999999999999,-0.1484998237572331,0.2399999999999909,0.3014159680832533,0.5312207281161986,0.0599999999999902,-0.1200000000000097,0.0299999999999902,0.0899999999999902,-0.0600000000000096,-0.0600000000000095,0.0599999999999904,0.1199999999999904,0.3899999999999904,0.0299999999999901,-0.0300000000000099,0.4686085462344403,0.3686302936484712,-0.2762739054627966,-0.0900000000000092,0.1199999999999909,-9.102256982229768e-15,0.0599999999999906,-0.1500000000000092,0.1199999999999908,0.0899999999999905,-0.0900000000000094,-0.1200000000000094,-0.0600000000000095,-0.1200000000000093,-0.1200000000000091,-0.259887450933081,0.5399999999999935,-0.0048850527156431,0.119999999999991,0.119999999999991,-0.3900000000000091,0.209999999999991,0.0299999999999911,0.0899999999999911,-8.79296635503124e-15,0.329999999999991,0.0299999999999911,-0.1200000000000087,-2.852465873463259,-0.1259446030740935,-0.2685588473438179,0.0599999999999916,-0.0600000000000082,-0.0300000000000079,0.0899999999999923,-0.0300000000000078,-7.37188088351104e-15,0.0899999999999925,4.1179788402982906e-05,-0.2700000000000075,0.3599999999999925,-0.9718889302299067,-0.0999839730017316,0.2099999999999927,-0.2700000000000072,-7.260858581048524e-15,-0.0900000000000072,0.0899999999999926,-7.314618150649375e-15,-7.3586251878468e-15,0.0599999999999926,0.0899999999999926,-0.0300000000000073,-7.329146478307621e-15,-0.0300000000000073,16.874018846799743,0.0594043363610087,0.0078762403154561,-0.0316126061609828,0.0032204302288225,0.025181292454108,0.0245519869966262,-0.0029411215366379,0.0055402076436756,0.0373201466313807,0.0219014387573346,-0.0018795725762615,-0.1339447318648084,-0.0761124570294897,0.0593086805457034,0.1207697441272659,0.0908791441396736,-0.1341886045858637,-0.0298905999875985,0.107350883668679,-0.0134188604585923,0.0268377209171647,-0.0301772638487791,0.0033395429315942,-0.0033395429316077,0.0335168067803666,-0.050275210170567,0.0502752101705525,-0.0335168067803812,-0.0670336135607547,0.0670336135607386,-8.371081605673681e-15,0.0205702520878992,-0.0373286554781032,0.1028512604395309,0.0411405041758072,-0.2057025208790878,-0.205702520879088,-0.0205702520879167,-0.0455161099819447,-0.1792190986991966,-0.0498917157880642,0.1995668631522159,0.0249458578940194,-0.074837573682093,-0.0926380929426789,0.089999999999991,-0.0900000000000092,-0.1800000000000092,-9.503509090791341e-15,-0.1500000000000093,0.11351495807718943,0.11351495807718943,0.31101449275362314,118,209.19402985074626
0.4549999999999999,0.0199999999999998,0.4,400,1.3657971014492754,47.63710144927536,34.8786078098472,39.79782608695652,0.0,-0.18367655648269,0.4795515970510868,-0.060000000000009,-0.0900000000000091,0.3296610573780134,0.1799999999999907,-0.2700000000000088,-0.2700000000000091,-0.2100000000000089,-0.3300000000000089,-0.0300000000000091,-9.208576522934826e-15,-0.150000000000009,-0.1500000000000091,0.1199999999999906,0.2699999999999905,-0.3300000000000099,0.060801275858617,-0.2400000000000093,-0.1493842653701096,-0.2053297604760788,0.02999999999999,-0.0300000000000098,0.05999999999999,-0.1500000000000098,-9.851509963040828e-15,0.3899999999999901,0.1499999999999902,-9.623413177450858e-15,0.1799999999999905,-0.27000000000001,0.1199999999999903,-0.0995282161991049,-0.2400000000000093,0.1010588646128658,-0.0300000000000094,-0.2100000000000092,-0.3000000000000093,0.1199999999999906,-0.0900000000000091,0.1799999999999908,0.0299999999999908,0.2099999999999908,0.0899999999999906,-0.2100000000000091,0.0599999999999905,0.2699999999999906,1.2349113126190268,1.4656624260124642,0.0858203386884315,-0.0600000000000094,-0.2400000000000092,0.0899999999999908,-0.090000000000009,0.059999999999991,0.2699999999999909,0.1199999999999911,-0.2100000000000088,-0.300000000000009,-0.030000000000009,-12.983999313396463,-0.4193748719086203,-0.0212119675884522,-0.1500000000000088,-0.1200000000000086,-0.1500000000000086,0.0299999999999915,-0.1800000000000084,-0.0600000000000082,0.2399999999999916,-0.2700000000000078,0.1199999999999916,0.4799999999999916,9.104696080415785,0.051721194907111,0.2699999999999922,-0.3000000000000077,-0.0600000000000077,0.4199999999999926,-0.1200000000000073,0.4499999999999927,0.2399999999999927,0.0899999999999926,-0.1200000000000073,0.0899999999999927,-0.0789011056420133,-0.0561345942427383,18.094532606156605,-0.126810812026751,-0.2732524875228559,0.0503546518844588,-0.2257940711433908,-0.1414146953232196,-0.0372037023053413,0.0134188604585805,0.0268377209171656,-5.632086503283693e-15,-0.1073508836686922,-0.0805131627515208,-0.0167584033901934,0.0939320232100934,-0.0670943022929353,0.0134188604585789,-0.0134188604585924,0.0335168067803667,0.0467965804691996,-0.0335168067803802,-0.0670336135607539,-0.0837920169509409,-0.0335168067803807,0.0167584033901789,-0.0502752101705679,-0.0502752101705684,-8.341749937922331e-15,-0.0205702520879165,0.0167584033901781,-0.0205702520879165,0.0411405041758072,0.1234215125274389,-8.708589405159728e-15,0.1439917646153467,0.0455161099819271,-0.0205702520879167,-8.777064104084671e-15,-0.0704619678759728,0.0249458578940194,0.199566863152216,0.0299999999999911,0.0849458578940191,0.0249458578940191,-0.0300000000000089,0.4199999999999905,0.0599999999999905,0.0899999999999906,-0.0182434570502341,0.0358782714748782,-0.0655013697821903,0.1793913573744289,0.11798894039178782,0.11798894039178782,0.36579710144927535,119,208.4179104477612
0.3749999999999999,0.0149999999999998,0.4,400,1.2428985507246375,46.352753623188406,37.294076492537314,41.40246376811594,0.0,-0.434154864801082,-0.4764603891998578,0.1499999999999909,-0.180000000000009,0.1799999999999909,-0.0600000000000094,0.0299999999999905,-9.419132140919828e-15,-9.556799795973347e-15,-0.1200000000000095,-0.0600000000000096,-0.1200000000000093,0.1499999999999903,0.0607500881213789,0.0899999999999906,-0.180000000000009,0.0599999999999907,-0.0290920633861986,0.0899999999999911,0.0684805349872573,-0.3204624093979509,0.1499999999999909,0.0299999999999909,-9.176501767922496e-15,-0.0600000000000093,-0.1200000000000093,0.2399999999999907,0.0899999999999906,-0.2400000000000098,0.1499999999999904,0.149999999999991,-0.270000000000009,-0.1163800300242529,-0.0600000000000092,-0.0885619163490766,-0.089534176853477,-0.1500000000000097,-0.3300000000000098,-0.4200000000000097,-0.0900000000000097,0.0299999999999902,-0.2400000000000094,-0.1200000000000097,0.0899999999999904,-0.0300000000000096,-0.0900000000000096,-0.2700000000000097,-2.8403436878420543,-3.403026950607763,-0.1557685870384104,-0.2406732057763519,-0.0905865813368896,-0.0300000000000092,-0.0900000000000092,0.2399999999999907,0.0599999999999906,0.2699999999999908,-0.1500000000000092,-9.31384798326128e-15,0.0299999999999906,3.047204518832343,-0.3441912260427153,0.0299999999999905,0.2999999999999907,0.2099999999999905,0.1199999999999904,0.0899999999999906,-0.1200000000000096,0.1799999999999908,0.0899999999999908,0.0299999999999908,-9.07718344933528e-15,-0.0300000000000093,8.303505088018149,0.4474260562270076,0.5402070357509906,-0.0900000000000088,-0.0600000000000088,0.1799999999999912,-0.1500000000000086,-0.2400000000000087,-0.1500000000000087,0.0599999999999911,-0.0302070357510087,0.0899999999999911,-0.0900000000000087,-0.3600000000000087,14.75656401501971,0.6487968635584528,0.5119022746565407,0.3302154409277842,0.1799999999999921,0.0467584033901789,0.1402752101705523,0.0935168067803656,0.1766484793688838,-0.0732415966098211,0.0502752101705521,-0.2197247898294475,0.0899999999999913,0.0864831932196179,0.1828132183780464,0.0316263256261359,-0.3300000000000083,-0.243516806780382,-0.3638118486977298,-0.2837685596368205,-0.2375310352799922,-0.0503233576285415,-0.3303206207666196,-0.2828512604395484,0.3518906721813492,-0.0060787496904747,-0.2657025208790881,-0.1611405041758249,0.209999999999991,0.1911405041758068,0.0368326707644886,0.2096876132872742,0.1149458578940193,0.1698917157880473,-0.0650541421059805,-0.1398917157880647,-0.030000000000009,-0.249783431576121,-0.2450541421059809,0.0899999999999906,-0.147297790772384,0.2014836355824327,0.125604042470887,-0.0003018911624658,-0.1973605854206808,-0.4098281930345578,-0.2059763070619913,-0.1349180678383833,-0.0237667838875532,-0.4931388430618219,-0.1120803622586806,0.11900738003225746,0.11900738003225746,0.2428985507246375,120,207.6417910447761
0.3449999999999998,0.0099999999999998,0.4,400,1.1520289855072463,46.35782608695652,40.24015599446472,43.37739130434783,0.0,-0.8662324736013141,-1.0875961797684697,-0.5085076661179381,-0.0914923338820801,0.3326519825509546,0.2099999999999904,-0.2100000000000093,-0.3000000000000096,-0.1500000000000094,0.3599999999999906,-0.1500000000000095,-0.0900000000000095,0.1499999999999905,0.2099999999999907,-9.396927680427323e-15,0.0299999999999906,-0.0600000000000094,0.2099999999999911,0.0299999999999913,0.1215725916870041,-0.1657426513423564,0.1454374618825446,0.239999999999991,-0.0600000000000091,0.0899999999999908,-0.180000000000009,0.0299999999999906,-0.0300000000000091,0.0899999999999907,0.1799999999999907,-0.1800000000000091,0.0299999999999907,-0.4682349929651149,-0.1800000000000092,0.2676730057740656,-0.0600000000000097,0.0299999999999901,0.14999999999999,0.11999999999999,-0.1500000000000097,-0.0900000000000098,0.0299999999999901,-0.1500000000000098,0.1499999999999902,0.1799999999999902,0.1199999999999903,-0.1800000000000103,0.4007894527647738,0.9939914288517484,-0.0663959996873151,-0.1200000000000095,0.1499999999999904,0.1199999999999905,-0.0300000000000093,0.0299999999999907,-0.2700000000000091,0.1799999999999908,0.0899999999999908,0.1199999999999906,0.2699999999999905,-1.865589675577002,-0.1750117663462048,0.2399999999999909,-9.258985458382756e-15,-9.370282327836322e-15,-0.0600000000000094,-0.0900000000000094,-0.120377546084121,0.0299999999999905,0.0599999999999903,-0.2700000000000094,0.1799999999999907,0.2999999999999909,3.9500144961899353,0.9802097983535628,-0.1500000000000093,-0.1500000000000093,-0.0600000000000093,-0.3900000000000091,-0.1500000000000092,-0.1797509257933619,0.1799999999999908,0.2399999999999908,-0.150000000000009,0.2399999999999909,0.5099999999999907,0.089999999999991,12.472830975715553,1.084692215158208,0.049920682473007,0.0299999999999917,-0.0035168067803817,0.1067584033901784,-0.0722819967797592,-0.2805504203411286,0.0335168067803648,0.0035168067803648,-0.0335168067803823,0.1402752101705516,0.1235168067803643,0.3299999999999907,0.0582684235613607,-0.530570252087917,-0.0205702520879171,-0.1182892437362852,-0.1011405041758249,-0.0488594958241933,-0.0394297479121012,0.0411405041758067,0.1705702520878988,-0.1722810083516407,-0.2717107562637327,-0.2905702520879168,-0.0120945974544975,-0.2677215358561798,0.2049458578940189,0.1799999999999909,0.1025591095382461,-0.1222784641438377,0.2199938846438284,0.1648375736820752,-0.1527524925107854,-0.0498917157880652,0.1550541421059626,-0.1749458578940372,0.0626380929426606,0.4118564935693588,-0.1494591663232267,-0.1826380892513816,0.3142843351812228,-0.0629659532195339,0.5948751975143505,0.006131969462872,-0.215134004939647,-0.1980041054134028,-0.4107972543893525,0.3111790305323533,0.3693721595839385,0.12259545043637732,0.12259545043637732,0.1520289855072463,121,206.86567164179104
0.4149999999999999,0.0099999999999998,0.4,400,1.3027536231884058,47.84405797101449,36.7253309600623,41.57608695652174,0.0,-0.5714030198712214,-0.8786476543010414,-0.8700000000000091,-0.1500000000000091,0.2924745406247903,0.0599999999999906,-0.180000000000009,-0.1800000000000092,-0.1500000000000091,-0.0300000000000091,0.2099999999999909,0.1799999999999908,-0.150000000000009,0.1799999999999908,0.1199999999999907,0.1799999999999908,0.1499999999999907,-0.179198724141383,-0.2100000000000093,-0.2317891785771716,-0.3720763001297361,-0.0335434369943714,-0.0600000000000098,-0.21000000000001,-0.03000000000001,-9.958017084425391e-15,0.1199999999999901,0.23999999999999,-0.30000000000001,-0.1800000000000097,0.2699999999999904,0.4199999999999905,0.1516978153656363,-0.0600000000000091,0.2317005216418444,-0.2100000000000095,-0.2700000000000094,0.0299999999999904,0.1499999999999905,0.3299999999999903,-0.1500000000000094,-0.0600000000000093,-0.1800000000000091,-0.0600000000000092,0.0599999999999906,-0.0303775460841208,-0.1800000000000093,1.7895525876761638,1.350130606394777,-0.1372143204269331,-0.4500000000000096,-0.1200000000000094,0.0899999999999903,0.1199999999999905,0.0899999999999906,-0.0300000000000092,-0.090000000000009,0.2099999999999908,-0.1200000000000094,0.1199999999999905,0.560150723694254,0.2634816013068172,-0.0597929642490087,-0.1500000000000088,-0.0300000000000087,-0.2398347138507435,0.149999999999991,-0.0900000000000088,-0.3300000000000087,-0.0298347138507434,-0.3300000000000087,-0.3900000000000086,-0.4200000000000085,8.259069219536784,-0.6609030550430751,-0.4500000000000081,0.2099999999999913,0.0299999999999916,0.0299999999999917,0.449999999999992,0.1799999999999918,-0.060000000000008,-0.3900000000000076,-0.0900000000000081,0.2399999999999924,-0.3600000000000077,-0.2999588202115971,8.411934567752999,0.4481403680710468,0.1664750450337679,-0.049521952421883,0.6482375680044634,0.286581139541407,0.1136754418343355,-0.3539656007941425,-0.0750752889216492,-0.1530841290280971,0.3648625611932797,-0.0369582305028268,-0.0734188604585934,0.1768377209171635,0.2134590022157886,-0.181120920469155,-0.057089619662233,0.1210033697225877,0.1485743384475694,0.0859279838635116,0.2624807883552139,0.150108545435848,-0.0173451904276089,0.2494324757831514,-0.0038118486977292,0.0502752101705517,0.0297049580826438,-0.0038118486977298,0.0539123054969947,-8.636385594349051e-15,-0.0617107562637324,0.0411405041758072,-0.0822810083516404,0.1028512604395308,0.0087512116122314,0.0822810083516228,0.0748375736820753,-0.1203536836640288,-0.0997834315761207,0.1496751473641598,-8.859579736508749e-15,0.0798917157880472,0.089999999999991,0.089999999999991,-0.1800000000000092,0.0599999999999905,-0.1855013697821907,0.0299999999999906,0.0958782714748782,-0.1372579127319653,0.1076348144246537,0.12424751024125555,0.12424751024125555,0.3027536231884058,122,206.08955223880596
0.1699999999999997,0.0099999999999998,0.4,400,1.0134782608695652,38.1063768115942,37.5995995995996,38.08869565217391,0.0,-1.0804981146237405,-0.1055496849937946,0.2962167437716201,-0.3300000000000094,-0.11877614399837,-0.1200000000000092,0.0299999999999908,-9.0686221609651e-15,0.2099999999999912,-0.1200000000000087,0.2999999999999915,-8.490985692333198e-15,0.1199999999999914,-0.1500000000000082,-0.1200000000000082,-0.0600000000000079,0.299999999999992,0.3899999999999904,0.2699999999999904,-0.2400893740022983,-0.3311825443182174,-0.030000000000008,0.2399999999999922,0.2099999999999917,-0.2100000000000083,0.0299999999999917,-0.0900000000000085,-0.2700000000000085,-0.1800000000000086,0.1199999999999913,-8.246736626915663e-15,0.3299999999999919,-0.816551862794934,0.154106473913593,0.0259740953124618,0.0299999999999912,0.2109636858030099,0.2099999999999911,-0.1500000000000088,-0.0600000000000089,0.059999999999991,-0.1200000000000089,-0.0600000000000089,-0.090000000000009,-0.360000000000009,0.0899999999999908,0.0899999999999911,0.1116173566629622,0.8099999999999927,0.2669238385387225,-0.0900000000000093,-0.0900000000000094,0.2099999999999906,0.0008538479976635,-0.0900000000000093,-9.539036227579344e-15,0.2099999999999905,0.1799999999999908,-9.558275238746827e-15,-0.1200000000000093,1.9416956930099027,-0.0124931181040923,0.2099999999999905,-0.1500000000000094,0.1199999999999905,0.0599999999999905,-0.1500000000000096,0.0299999999999904,-0.0600000000000095,0.1199999999999904,-9.550644640915797e-15,-0.3300000000000093,-0.0300000000000094,0.7267745294271752,-0.586875791642768,-0.1500000000000096,0.1499999999999906,-9.540638654144995e-15,-0.0300000000000096,0.2099999999999906,-0.0900000000000093,-9.42185877005928e-15,0.3299999999999907,0.1799999999999905,0.2699999999999906,0.1199999999999904,-0.1500000000000095,-2.8433894549845853,-1.1508775054910825,-0.1358867627570559,0.2399999999999923,-0.3000000000000077,0.2699999999999922,0.1199999999999922,0.1499999999999915,-0.060000000000008,0.3599999999999907,0.1499999999999923,0.4199999999999876,0.2399999999999921,-0.0600000000000077,-0.120000000000008,-0.1200000000000079,-0.2400000000000078,-0.3300000000000079,-0.4500000000000094,-0.0300000000000076,0.2099999999999917,0.1199999999999922,-0.0600000000000077,-0.1200000000000077,-0.2700000000000082,0.4799999999999914,-0.2400000000000076,0.2099999999999922,-7.611689056830073e-15,-0.1500000000000077,-0.2700000000000073,-0.3909079366138179,-0.2400000000000076,-0.3600000000000076,-0.2400000000000074,0.0599999999999927,-0.3600000000000072,0.1199999999999912,0.479999999999987,-0.4200000000000076,0.0535255395767393,0.1609410352228845,0.3414250489527258,1.276465300729989,1.564568642170464,2.271170698396152,1.9859675270760857,1.764468737998738,3.833676671716177,3.553764734091995,3.1199999999999948,0.12484073844958966,0.12484073844958966,0.013478260869565162,123,205.3134328358209
0.4449999999999999,0.0199999999999998,0.4,400,1.3704347826086956,47.25623188405797,34.482656514382406,39.3868115942029,0.0,-0.8326730727620024,-0.8524064871291708,-0.2085076661179383,-0.1200000000000091,-0.0592499118786214,-0.0265077685429034,-0.1200000000000092,-9.228173780684302e-15,-0.3000000000000091,-0.1800000000000091,0.0599999999999908,-9.188062420507616e-15,-9.284988533287072e-15,0.1499999999999908,0.1499999999999907,0.3899999999999907,0.0299999999999906,0.2100525721390374,0.299999999999991,-0.317795755286494,0.2187904249315799,-0.1200000000000099,0.0299999999999901,-1.0019503107529687e-14,-0.21000000000001,-9.909167271341884e-15,-0.0600000000000097,-0.1800000000000097,-0.0300000000000097,0.0299999999999902,0.0899999999999905,-0.0600000000000095,-0.0776483674429019,0.213398756549367,0.2507657776853358,-0.2700000000000094,-0.4200000000000096,0.1799999999999904,0.0299999999999906,-0.2100000000000092,0.1199999999999907,-9.325947695830768e-15,-0.0900000000000089,0.1499999999999908,0.0899999999999907,0.0899999999999907,-0.2100000000000093,-0.3553831528666963,-0.7197767576241395,0.537606880443121,0.2102914628180175,-0.0900000000000094,0.1199999999999904,-0.1500000000000092,-0.180000000000009,-0.240000000000009,-0.3300000000000088,0.2699999999999911,-0.0300000000000093,-0.4200000000000091,-11.933161780361992,-0.7560442564969643,-0.0804099704427611,0.1499999999999911,0.0299999999999911,-0.2400000000000088,-0.0600000000000087,-0.1200000000000086,-0.2700000000000085,-0.2100000000000083,-8.562298884615567e-15,-0.3000000000000085,0.0299999999999914,21.573186452428,0.8907557692201337,0.2399999999999917,0.0599999999999918,-8.046896482483135e-15,0.0599999999999923,-0.2700000000000074,0.4199999999999924,-0.1500000000000076,0.0899999999999923,-0.1500000000000074,0.3599999999999925,-0.2700000000000072,0.1607593622009341,12.05013265219982,0.2515711539371397,-0.1350246663938999,-0.2527576045276976,0.0940658891889149,0.1633642095500651,0.0343917234607499,-0.0055516885266984,-0.0402565813757635,-0.067094302292935,0.013418860458579,-0.0805131627515209,0.0100793175269779,0.0435961243073514,0.0268377209171647,-0.0033395429316077,-0.0335168067803801,-0.0837920169509405,-0.0033395429316078,-7.034373084024992e-15,0.0670336135607397,0.016758403390179,0.016758403390179,-0.0502752101705684,0.0502752101705519,-8.513190152825701e-15,0.0167584033901781,-0.0449523528735455,0.0371539021068079,0.0205702520878993,0.0617107562637151,0.1439917646153468,0.0205702520878991,-0.0617107562637325,0.0043756058061113,-0.0205702520879167,0.0498917157880473,-0.0498917157880648,-0.1496751473641767,0.1247292894701316,0.059999999999991,0.1149458578940191,-0.054945857894037,-0.169891715788065,-0.2100000000000092,0.1799999999999906,-0.0055013697821906,-0.1017565429497845,-0.0058782714748969,0.0358782714748788,-0.0717565429497839,0.12835442183808637,0.12835442183808637,0.37043478260869556,124,204.53731343283582
0.3199999999999998,0.0099999999999998,0.4,400,1.1169565217391304,45.5363768115942,40.76826261839886,43.458260869565216,0.0,-0.2117169197508148,0.0374622800629497,-0.3000000000000091,-0.3569310832536716,-0.3774343236866818,0.1199999999999905,0.2099999999999904,0.1199999999999904,0.1199999999999905,-0.1500000000000095,-9.49018641449584e-15,-0.0300000000000094,-0.1500000000000095,-0.1800000000000093,-0.2100000000000091,-0.2700000000000091,-0.0900000000000094,-0.1789787466467231,0.0299999999999915,0.1945950960243835,-0.1738094171668069,-0.1500000000000093,0.0299999999999906,-9.2192919964873e-15,-0.030000000000009,0.1499999999999909,0.1499999999999909,0.0599999999999908,-0.0300000000000092,-0.2400000000000091,0.2699999999999906,-0.0300000000000096,-1.0170630775998186,-0.7883634763523588,0.1341162381971618,-0.1200000000000092,-0.0600000000000095,-0.0300000000000095,0.0599999999999903,0.0899999999999903,-0.0900000000000099,-0.2100000000000097,-9.967068975284847e-15,-0.03000000000001,0.05999999999999,-0.2400000000000098,-0.0300000000000096,-4.983810386456525,-5.0400000000000045,-1.0168521870060638,0.0599999999999902,-9.694541740006319e-15,0.0899999999999902,0.1499999999999902,-0.1500000000000093,-0.1800000000000094,-0.0900000000000095,-0.0300000000000095,-0.0600000000000096,-0.0300000000000096,-5.553825459993077,0.3202770911419831,0.3253132759243939,0.2999999999999905,-0.2400000000000092,0.1199999999999908,-0.1500000000000091,0.0599999999999907,-0.0600000000000092,-0.0300000000000091,-0.0600000000000092,0.0599999999999907,0.3299999999999898,5.4400199155906135,0.2233416126813459,0.1199999999999908,0.0599999999999906,0.1799999999999905,-0.3000000000000095,-0.1800000000000093,-0.1200000000000093,-0.1800000000000092,-0.0300000000000095,-0.1500000000000093,0.59999999999999,-0.2100000000000093,-9.363148155044363e-15,-3.388697100506365,0.147236184406144,0.4051568350126998,-0.0917852303417521,-0.1764831932196354,-0.0035326217296588,-0.0450729207237075,0.013241596609804,-0.0394297479121012,0.3185897275040627,0.0805702520878986,-0.3751286327770082,-0.2491599795919887,-0.169800529327205,-9.222161068889284e-15,0.4290800269970007,0.0599999999999908,0.1387795432292052,-0.1163886717474189,-0.008963409918564,0.1519005719888572,-0.2716308036687629,0.1294297479120829,-0.2408097323290091,-0.0453347875004071,-0.054945857894037,-0.138393157830656,-0.1022029740349703,0.1623867483557637,0.2056886673095876,-0.0806340085328516,0.0827985954680431,-0.2567924762353347,0.061298545696681,-0.5337401043933062,-0.2206102436207759,-0.5608949474995792,-0.6282195399899247,-0.8827216822357662,-0.646397942377648,-1.0549286816367316,-0.4437375618139513,-1.1041382182897714,-0.5815099931103863,0.692058224115647,1.053889098415336,0.2430072972766754,0.3466705188452213,0.741245157767227,1.66291774452662,1.8780294948781224,-0.1293606502947607,0.1293606502947607,0.1169565217391304,125,203.76119402985074
0.3499999999999998,0.0049999999999998,0.4,400,1.0956521739130434,47.49188405797101,43.3457671957672,45.72782608695652,0.0,-0.6746592148237909,-0.4787015637778397,-0.2700000000000093,-9.167162699031104e-15,0.2689814806899539,0.2399999999999907,-0.2700000000000094,-0.1200000000000093,-9.467981954003335e-15,-0.1800000000000093,-0.2400000000000094,-0.1200000000000093,0.0599999999999903,0.0907500881213788,0.2999999999999909,0.0299999999999908,-0.0600000000000091,-0.0591461520023359,0.0599999999999911,0.216835171119127,0.0066699003889942,-9.202373607125944e-15,-0.0300000000000091,-0.0600000000000092,-0.2400000000000092,0.0899999999999907,0.0599999999999905,0.2999999999999908,-0.0300000000000096,-9.690026558928366e-15,-9.050538096744276e-15,-0.2100000000000089,0.0486150042019869,0.4866212119226489,0.1349218167426216,-0.1487094681133905,0.20999999999999,0.2099999999999899,0.2999999999999901,0.20999999999999,-0.3000000000000097,0.3299999999999899,-0.0900000000000096,-0.0900000000000096,-0.0300000000000096,0.0299999999999904,-0.0300000000000097,-0.5495314105967342,-0.1635293324091466,0.485619702154324,0.3198267266655643,0.1199999999999905,-0.2100000000000091,0.0899999999999906,-0.1500000000000091,-0.0300000000000092,0.1199999999999906,-0.1800000000000088,-0.0900000000000092,-0.1800000000000089,6.107126012035692,0.720167448760223,0.3892440762450848,-0.2100000000000091,-0.0300000000000094,-0.0900000000000093,0.0299999999999904,-0.0300000000000095,0.1199999999999904,0.2399999999999907,0.4499999999999901,0.1799999999999907,0.1799999999999906,5.2094573294749065,0.1124842248710258,-0.1800000000000091,-0.0300000000000089,0.2999999999999909,0.0899999999999909,-0.180000000000009,0.0902070357509912,-0.3600000000000087,0.089999999999991,0.059999999999991,-0.0297929642490087,-8.759402568948454e-15,-8.846257060213248e-15,4.730159638028262,0.0089175516164284,-0.1001710351447499,0.0432797736888246,-0.0900000000000083,0.0268674928193906,0.1365811395414059,0.0767584033901783,-0.7032415966098217,0.2999999999999914,0.0202752101705518,-0.0767584033901951,-0.0767584033901956,0.0935168067803644,-0.2232415966098219,0.0502752101705513,0.2364831932196175,0.089999999999991,-0.1367584033901957,0.2399999999999909,0.0899999999999908,0.329999999999991,0.2005702520878987,0.1499999999999908,0.0882892437362672,0.3728512604395304,0.1549012618354376,0.1105702520878987,0.0111405041758065,0.2450541421059628,0.2955444415989009,0.3299999999999908,-0.1948375736820931,-0.060000000000009,0.0101082842119347,0.0599999999999909,-0.100108284211953,-0.1550541421059811,-0.3050541421059815,-0.3900000000000095,-0.3626380929426793,-0.3328020212354576,0.0599999999999903,-0.2100000000000093,-0.0303769016927159,0.3950335014650147,0.1141217285251029,0.1984795844345162,-0.4123694882808019,-0.1591519360847889,0.029676369248002,0.13002601701211577,0.13002601701211577,0.09565217391304337,126,202.98507462686567
0.3349999999999998,0.0049999999999998,0.4,400,1.0792753623188405,46.9595652173913,43.51027259299047,45.535362318840576,0.0,-0.4033912158146207,0.1336339358774754,0.0899999999999909,0.0299999999999908,0.0654547928477793,0.2699999999999907,0.2099999999999908,0.2099999999999908,-0.0907500881213975,-9.540694572341697e-15,-0.1200000000000094,-0.1200000000000095,-9.469640298765683e-15,-0.0300000000000094,-0.0300000000000094,-9.35358704381942e-15,-0.0600000000000093,-0.3290363141969898,0.0899999999999911,0.1471031469116265,-0.3036506702838474,0.0599999999999908,0.2399999999999909,0.0599999999999907,0.1199999999999908,-0.0900000000000092,0.2099999999999909,-0.0900000000000091,-0.0300000000000093,-0.1500000000000093,-0.0900000000000091,0.1799999999999907,-0.7225571258601663,-0.0300845740630455,-0.6315579420943102,-0.0900000000000098,-0.0300000000000098,0.20999999999999,-9.844431102776271e-15,-0.1800000000000097,-9.856046672822332e-15,-0.0600000000000098,-0.0600000000000097,-0.0300000000000097,0.2399999999999902,0.2099999999999903,0.0299999999999901,-2.1549283779288064,-2.910000000000008,-0.4022603312735813,0.0899999999999903,0.1199999999999903,0.1499999999999904,-0.1500000000000094,-0.1200000000000093,-0.1800000000000092,-0.0600000000000092,-0.2700000000000091,-0.2100000000000093,-0.0900000000000093,8.75167619535863,1.4203417488902454,0.0916260834481706,-0.0600000000000091,0.2399999999999907,-0.150000000000009,-0.2100000000000094,-0.0300000000000094,0.0599999999999906,-0.0300000000000094,0.0599999999999905,0.2699999999999908,0.2399999999999909,7.692982869314123,0.081252180858356,-0.0900000000000095,0.0599999999999905,0.3899999999999906,-0.240000000000009,0.0899999999999906,-0.2100000000000092,-0.0600000000000091,-9.151392496688628e-15,0.3299999999999907,0.1199999999999908,0.5399999999999904,0.0299999999999908,3.500404426293835,1.0353017171973078,0.3415819826271946,0.2567584033901781,0.1799999999999913,0.1915100201711741,0.0882684235613609,0.2399999999999913,-8.828493491819244e-15,0.0432415966098042,0.1702752101705512,-0.0732415966098222,-0.2100000000000091,0.0714102724959188,0.223241596609804,-0.1105702520879171,-0.1367584033901958,0.0785897275040625,0.0899999999999906,-0.0900000000000093,-0.0300000000000092,-0.1800000000000092,0.2699999999999909,0.0205702520878986,-0.1011405041758252,0.1911405041758065,-9.316991622654314e-15,-0.0094297479121011,-0.0650541421059811,-0.210000000000009,0.2326673937501899,0.1250541421059627,-0.035054142105981,0.0901143995680972,-0.0823077649513673,-0.1501143995681156,0.2399999999999904,0.0523077649513487,-0.4171979750732628,0.0599999999999904,-0.0905367899710121,0.357197978764542,0.3601639319840665,0.2699999999999902,0.0870340467804659,0.0395755415994918,-0.1122494910237747,-0.5338052419517498,-0.0627453811734105,-0.1878767612509513,-0.1435083779602128,0.13123675851417566,0.13123675851417566,0.07927536231884047,127,202.2089552238806
0.4499999999999999,0.0049999999999998,0.4,400,1.2944927536231885,49.60521739130435,38.320197044334975,43.26347826086957,0.0,-0.0475283465401486,-0.5069679527145655,-9.157119507108292e-15,-0.1500000000000091,0.1462011741104875,0.1799999999999908,-0.1500000000000091,-0.1200000000000093,-9.385367027842206e-15,-0.0600000000000093,-0.0900000000000095,0.2999999999999904,0.1199999999999905,0.2399999999999902,-0.0300000000000098,0.11999999999999,0.0599999999999901,-0.2092499118786213,-0.1800000000000093,0.0610283298833093,-0.6922853621755712,-0.0600000000000097,-0.2400000000000097,0.0299999999999902,-0.0600000000000096,0.0599999999999902,-0.0600000000000095,0.1199999999999903,-0.1200000000000094,0.0299999999999905,-0.0900000000000099,-1.0004473324984748e-14,0.0202331926124698,0.2699999999999909,-0.673507473553324,0.2699999999999907,-0.0300000000000092,0.1499999999999908,0.1499999999999908,-0.1500000000000091,-0.1200000000000093,-0.2400000000000091,0.1499999999999907,0.0299999999999905,0.0299999999999906,0.0899999999999904,0.1799999999999908,-4.181337246071512,-4.620000000000004,-0.0992750337908952,0.150207035750991,-0.1500000000000088,-0.2700000000000088,0.0599999999999911,0.239792964248991,0.209999999999991,0.3299999999999909,-8.855138844410249e-15,-0.1800000000000087,0.0599999999999911,-4.161850890357988,0.2891601172547758,0.2399999999999914,-0.0600000000000083,-0.1200000000000082,0.1799999999999917,0.3299999999999919,-0.1800000000000078,-7.673861546209083e-15,0.3599999999999926,0.300041179788403,0.2099999999999922,-0.1800000000000078,-6.8768641550595335,-0.1362405172749009,-7.251976796851522e-15,-0.1200000000000072,0.2999999999999928,-0.1500000000000071,-7.269974797454947e-15,0.0599999999999927,-0.0300000000000072,-0.0900000000000073,0.0599999999999926,-0.0300000000000073,-0.0300000000000073,-0.0300000000000073,1.584729904543329,0.0300986156198584,-0.0401415987589239,-0.0378762403154708,-0.0072576173493015,0.1199999999999928,-0.0348187075458919,-0.0104780475781313,0.0324389098034022,-0.0617366118469874,-0.0154844185221303,0.0147784910866899,0.1703347988212889,0.1150401922512121,0.0881872759180872,0.0064060966982946,0.0607317534788846,-0.0402565813757632,-0.053675441834349,-6.350475700855896e-15,-0.0268377209171779,-6.683542608243443e-15,0.0536754418343362,-0.0636940706291526,0.0134188604585789,0.0771129310877249,-0.0368563497119812,0.0837920169509262,-0.1340672271215016,-0.0670336135607545,-0.0167584033901949,0.033516806780365,-0.0540870588682899,0.0167584033901781,-0.0617107562637322,-0.1028512604395482,-0.2057025208790879,0.0205702520878992,-0.0205702520879167,-8.772526513211598e-15,0.0748375736820756,-8.48293394188895e-15,0.1247292894701318,-0.0748375736820924,-8.755488427402996e-15,-0.0546585184961238,0.029999999999991,-0.1800000000000091,0.0846585184961057,-0.2100000000000092,0.1199999999999905,-0.1322030243078512,0.1322030243078512,0.2944927536231885,128,201.43283582089552
0.3449999999999998,0.0149999999999998,0.4,400,1.2184057971014493,45.35695652173913,37.22647793505412,41.10942028985507,0.0,-0.9059180916805306,-1.457249965635578,-0.3884274083129959,-0.0014923338820801,0.1796781125239217,0.2408832761562197,-9.450211103720304e-15,-0.0300000000000095,0.0899999999999904,-0.1800000000000094,-9.50794998288984e-15,0.0599999999999905,-0.1200000000000095,-0.1200000000000094,0.1499999999999905,-0.0600000000000094,-0.0300000000000093,-0.3007710884277464,0.1499999999999912,0.0653959588946323,-0.2035757445705621,-0.0300000000000091,0.1199999999999908,-0.180000000000009,-0.1200000000000091,0.0599999999999908,-9.189752778572911e-15,-0.1800000000000091,0.0599999999999907,0.0299999999999908,0.1199999999999907,0.2999999999999908,-0.0017416349924062,0.0318412678656901,-0.426550928130498,-0.0900000000000097,-0.1500000000000098,0.0599999999999901,-0.0300000000000099,-0.1500000000000098,-0.1500000000000098,-0.0600000000000098,0.2399999999999899,0.3299999999999898,0.1799999999999901,0.2099999999999902,-0.2100000000000102,3.440149369433064,3.147711866501549,0.2268788348448824,-0.0310173964553081,-9.543997142534016e-15,-0.0600000000000095,0.0899999999999904,-9.370282327836322e-15,-9.441410890391783e-15,0.3299999999999904,0.0599999999999906,-0.2100000000000093,-0.0900000000000094,-5.465915139594837,-0.3767432439810851,0.0299999999999907,0.1499999999999909,-0.1500000000000091,-0.1800000000000092,0.2099999999999908,-0.1200000000000093,-0.1200000000000093,0.2699999999999907,-0.0900000000000095,-0.0600000000000094,-0.0900000000000094,8.439473352154085,0.1818985836040838,0.0599999999999903,-0.0300000000000095,0.1199999999999904,0.0299999999999905,0.1199999999999906,-9.36584143573782e-15,-0.3000000000000094,-0.0300000000000092,0.1799999999999908,0.2999999999999905,-0.0300000000000091,-0.1200000000000092,11.07902202112652,0.800180221779048,-0.0663126012151916,0.0159327728784978,-0.093516806780382,-0.2540672271215021,0.129724789829431,0.136758403390178,-0.080275210170569,-8.805362472116333e-15,0.1764831932196177,-0.0432415966098221,-0.0411405041758248,0.2214102724959192,-0.0900000000000089,0.1671487395604514,0.1499999999999909,-0.0654020371112927,0.0411405041758067,-0.129429747912101,0.2277525222749775,0.0439547281040152,0.0711405041758067,0.1722810083516227,-0.2194297479121011,0.0065123700507513,-0.0755161099819449,0.2424919904796361,-0.1076132516442357,0.1156154328948154,0.2546087745458624,0.001935265439501,-0.0074470058179163,0.2196690320079966,-0.062416049163311,0.0178072746174214,-0.5046585184961246,-0.4045011303346186,-0.2995082040477802,0.0569237497605511,0.1001837880827624,0.1030749249008206,-0.0271852612150084,-0.4156375785267263,0.1591582776742864,-1.1267551887988372,0.4348084832007207,0.9111968227532452,0.4941917185670504,-0.3106939204843321,-0.7257515697552235,0.1328631591693935,0.1328631591693935,0.21840579710144925,129,200.65671641791045
0.4349999999999999,0.0099999999999998,0.4,400,1.3266666666666669,48.28144927536232,36.393052217609785,41.30434782608695,0.0,0.1585583066443194,-0.0855431525127501,-0.3300000000000096,0.0299999999999909,0.062251527261757,0.2699999999999908,-0.210000000000009,-0.0300000000000091,0.1199999999999908,0.1499999999999908,0.1199999999999909,0.2099999999999909,0.0299999999999907,-0.1200000000000093,0.0299999999999905,0.1799999999999905,-0.0900000000000096,0.1499999999999905,0.1799999999999906,-0.2436201438997728,-0.5559082854646092,-0.1187094681133906,-0.1500000000000099,0.05999999999999,0.0599999999999901,0.0299999999999901,0.2999999999999902,-0.1500000000000096,-0.0300000000000096,0.2699999999999906,0.1199999999999902,0.1799999999999902,0.2117683917674223,-0.2700000000000091,-0.153515451577734,0.1799999999999904,-0.1500000000000092,0.0599999999999905,0.0599999999999906,0.0899999999999906,0.1499999999999907,-0.120000000000009,0.0899999999999907,0.3299999999999907,-0.2400000000000093,0.0899999999999906,0.0003775460841022,-0.1027243400023542,-0.0854227956218771,0.6503223202095014,-0.0300000000000094,-0.2100000000000093,0.0299999999999907,0.1799999999999909,0.1199999999999911,0.3899999999999906,-0.0300000000000088,-0.0900000000000088,-0.420000000000009,0.329999999999991,0.8136719322005717,-0.069027378986658,0.0899999999999911,-0.0600000000000087,-8.775202786637238e-15,-0.2700000000000085,-0.450000000000008,0.2699999999999912,-0.2700000000000081,0.359999999999992,0.2699999999999916,-0.3300000000000082,-0.4499175839103755,5.349477220127385,-0.4516295207199674,0.0153506473764589,-0.2700000000000078,0.2699588202115817,0.5399999999999926,0.3599999999999927,0.2699999999999927,0.0899999999999925,0.2099999999999926,-0.0300000000000073,0.2099999999999928,-7.22977233635902e-15,0.0299999999999927,10.666098921189958,-0.1708533223330126,0.0104780475781169,-0.280478047578131,-0.2943891878890221,-0.0342275649540514,0.0690083901772774,-0.011142596795959,-0.0961630658068273,-0.1511327109242875,-0.0070457362849113,0.1555182908835834,0.1870004612433362,0.0299999999999933,0.0433094604461716,0.1131852667171691,-0.0402565813757638,0.0167584033901799,0.0268377209171647,-0.0301772638487792,-0.0301772638487791,-0.050275210170567,0.0167584033901798,-0.0502752101705674,0.0033395429315938,0.067033613560739,-7.716050021144838e-15,0.0335168067803649,-8.594336290005681e-15,-8.55121607684773e-15,-0.0617107562637323,-0.0038118486977297,0.082281008351623,-0.0617107562637323,-8.7375812479909e-15,0.0205702520878991,0.0205702520878991,-0.0822810083516405,-0.0002224876348805,-0.0997834315761205,-0.0249458578940367,-8.762419420759758e-15,0.0249458578940192,-0.0546585184961238,-0.0300000000000089,0.2399999999999908,-0.210000000000009,0.0899999999999906,0.1258782714748781,-0.0476348144246721,0.0655013697821718,0.13290547601720243,0.13290547601720243,0.3266666666666669,130,199.88059701492537
0.47,0.0099999999999998,0.4,400,1.30768115942029,49.61913043478261,37.944364402083565,42.97666666666667,0.0,-0.3550976079120773,-0.931474927179854,0.1199999999999906,0.1499999999999907,0.0320085761011839,-0.1500000000000091,-9.243258480690186e-15,-9.18016914663344e-15,0.2099999999999906,-9.460862193516716e-15,-0.3300000000000097,0.3899999999999901,0.2399999999999902,0.05999999999999,-0.2400000000000098,-0.1200000000000098,-0.0300000000000098,0.0307500881213787,0.2099999999999907,-0.0063349266626576,0.1216163149742342,0.0299999999999902,0.2399999999999902,-0.0300000000000096,0.0299999999999903,0.1799999999999904,-0.0600000000000095,-0.0600000000000095,-0.3600000000000094,-0.4200000000000093,0.11999999999999,-0.0600000000000098,-0.2386830471098104,-0.0213697063515288,-0.2386567305335724,-0.180000000000009,-9.355113264853252e-15,-0.1200000000000091,-0.4200000000000097,0.2099999999999907,-0.1200000000000094,0.0299999999999905,0.1499999999999907,0.0299999999999905,0.2999999999999904,-0.0300000000000094,0.1499999999999907,-2.979052429099504,-2.27783551444908,0.0008962013960106,0.0281437516127967,-0.0300000000000088,-0.1200000000000088,0.1799999999999911,-0.1200000000000087,0.0001652861492565,-0.2100000000000087,-0.1800000000000085,-8.837375276016245e-15,0.4199999999999907,2.554213157842119,-0.6804755889001467,-0.5502805601157306,0.1799999999999915,0.2099999999999919,-0.3300000000000078,0.2399999999999923,-0.0900000000000076,-0.3300000000000073,-0.3900000000000073,-0.0300000000000073,0.2099999999999925,0.2699999999999926,0.0731425761701642,0.1075687854699672,0.0299999999999927,-0.0600000000000072,-0.2100000000000071,-0.0600000000000074,-0.0300000000000073,-0.0300000000000073,-0.0300000000000073,0.0599999999999926,0.0299999999999926,-7.329146478307621e-15,-7.329146478307621e-15,-7.329146478307621e-15,24.12318815770381,0.1564964694605556,-7.329146478307621e-15,-7.329146478307621e-15,0.0032204302288224,-7.329146478307621e-15,-0.002733250630065,0.0104780475781167,0.0008431119866878,0.018979956704449,0.0101624191639912,0.0627595791324896,0.001010019310274,-0.1039968093080002,0.0104780475781192,0.0134188604585806,0.037203702305331,0.0402565813757511,0.2147017673373656,-0.0805131627515208,-0.0402565813757637,-0.0134188604585923,-6.672229697358377e-15,-0.0134188604585925,0.0268377209171647,0.0771129310877248,-0.0335168067803802,0.0670336135607396,-0.033516806780381,-0.0335168067803808,-0.0670336135607551,-0.0837920169509419,-8.597101233586115e-15,0.0167584033901781,-0.0205702520879164,-0.0822810083516403,-0.1028512604395483,-0.0411405041758245,-0.1851322687911802,-8.772526513211598e-15,0.1452995415580397,0.0748375736820757,-0.0249458578940364,0.1995668631522161,-0.0249458578940368,-0.0626380929426789,0.029999999999991,-0.3300000000000092,0.1499999999999908,-0.2100000000000092,0.0899999999999905,0.1330410783969762,0.1330410783969762,0.30768115942028995,131,199.1044776119403
0.495,0.0199999999999998,0.4,400,1.337536231884058,49.12130434782609,36.72521399934988,41.83144927536232,0.0,-0.325714206619568,-0.2098695552534342,0.2114159680832531,-9.245937349078304e-15,0.0592165079258296,-0.0300000000000091,-0.0600000000000091,-0.0600000000000093,0.0299999999999906,0.2099999999999907,-0.0300000000000094,0.1799999999999904,-0.3600000000000098,0.2399999999999899,-0.0300000000000098,-0.0300000000000099,0.0299999999999898,-0.0900000000000095,0.0891987241413642,-0.0350408730879591,0.0369387225477715,-0.2700000000000096,0.2399999999999902,-0.1500000000000096,0.0599999999999902,0.1499999999999904,-0.0600000000000095,-0.1200000000000096,-0.0900000000000094,-0.3900000000000092,0.17999999999999,0.08999999999999,1.1708962831319387,0.3761904373819646,-0.1260317431348646,-0.0292440762451033,-0.0300000000000092,0.0599999999999907,-0.0600000000000094,0.0899999999999908,-9.463541061904834e-15,0.0899999999999905,0.0299999999999904,-0.0900000000000095,0.0899999999999905,-0.240000000000009,-9.405809464624326e-15,-1.6873328738566036,-1.8649283238596264,-0.0721307474059618,-0.3579342047884395,-0.1500000000000087,-0.0300000000000088,0.2098347138507258,-0.2100000000000086,0.2399999999999911,0.0899999999999914,-0.1200000000000083,0.0599999999999911,-0.0600000000000088,7.91379518865995,-0.0983380891224954,-0.0182201817353513,-0.4200000000000078,-0.8100000000000073,-0.2400000000000074,-0.2100000000000072,0.1799999999999924,0.2699999999999927,0.2699999999999928,-0.2400000000000071,-0.0300000000000072,0.2399999999999927,6.910616273927536,0.2238120972163225,0.0167086923809951,0.0299999999999926,-7.318657158960295e-15,-7.329146478307621e-15,-7.329146478307621e-15,-7.329146478307621e-15,0.0299999999999926,-7.329146478307621e-15,0.0299999999999926,-7.329146478307621e-15,-7.329146478307621e-15,-7.329146478307621e-15,7.437229967763613,-0.2553839677797214,0.0094888464764317,-7.312956525690622e-15,0.0112643500966583,-0.0001395695241618,-0.001666542056046,0.0550678679379805,0.0258175000080108,0.0083945669496965,-0.0457293297290276,-0.0180152822757912,-0.1073508836686912,-0.0506225627639272,0.0774602836810885,-0.0536754418343487,0.1476074650444371,0.0134188604585792,-0.026837720917178,-6.716849298982197e-15,-0.0402565813757638,-0.0134188604585924,-6.754191694038109e-15,0.0167584033901799,-0.0502752101705669,-0.0167584033901935,-0.0670336135607537,0.0167584033901789,0.1340672271214855,0.0167584033901785,0.0502752101705516,0.0335168067803649,-8.649708270644552e-15,-8.648092864298786e-15,-0.1028512604395482,-0.1028512604395482,0.082281008351623,-0.0205702520879166,-8.829249756964756e-15,-8.777064104084671e-15,-8.357758929378179e-15,-0.0997834315761204,0.0498917157880474,0.0997834315761036,-0.0549458578940369,-0.030000000000009,0.1499999999999909,0.1199999999999906,-0.0300000000000092,0.0599999999999904,0.1255013697821717,0.13367401732139875,0.13367401732139875,0.337536231884058,132,198.32835820895522
0.4099999999999999,0.0049999999999998,0.4,400,1.1998550724637682,49.06913043478261,40.89588114506583,45.04086956521739,0.0,-0.5997116543903078,-1.056301404198011,-0.2700000000000093,0.1199999999999907,0.1732961273125059,-0.090000000000009,-0.2400000000000089,-0.2100000000000091,-0.0300000000000091,-0.0600000000000091,-0.150000000000009,-0.1500000000000089,-0.0900000000000091,0.0299999999999907,0.0899999999999907,0.1199999999999907,-0.1500000000000094,0.2416025517172433,-0.0600000000000094,-0.3459252639467988,-0.2926693876420345,-0.2759075835737212,-0.0959075835737213,0.02999999999999,0.05999999999999,0.02999999999999,-0.1500000000000097,0.0599999999999901,0.0299999999999902,0.0299999999999902,-0.1500000000000094,-9.565681580170348e-15,-0.0196817195399861,0.0299999999999909,-0.2541556674353244,0.0599999999999903,0.4499999999999902,0.1499999999999905,-9.370282327836322e-15,-0.4500000000000094,-0.4800000000000092,0.0899999999999908,-0.030000000000009,-0.0300000000000091,0.0599999999999906,0.1199999999999909,-0.0900000000000093,3.606418229545018,4.649999999999995,0.572450444574085,0.3299999999999904,0.1499999999999904,0.1499999999999909,0.1799999999999906,-0.0900000000000092,0.1799999999999907,0.4199999999999908,0.3599999999999909,0.2699999999999907,0.2699999999999907,-8.252708149223148,-0.6427306885014401,-0.2871642406155671,0.1799999999999911,-0.0600000000000087,-0.3000000000000087,-0.2100000000000088,-0.2400000000000088,-0.3300000000000087,-0.2698347138507432,0.2699999999999911,-0.0300000000000087,-0.3000000000000086,6.194420807936854,0.5560058667633224,0.1499999999999916,0.0899999999999917,-0.0600000000000081,-0.2100000000000081,0.1799999999999918,0.029999999999992,0.089999999999992,-0.1799588202115974,0.23991758391036,0.1799999999999927,0.3599999999999926,0.1199999999999926,15.95456437260538,0.2614753063788566,0.0599999999999924,-0.193418860458593,0.0690439048437444,-0.2233364443689608,0.0765811395414068,0.5699999999999925,-0.4934188604585929,0.1349407856412779,-0.2502565813757648,-0.0666845646398481,-0.2968377209171797,-0.31099889134016,0.0031622790828206,-0.133382392990861,0.1902456427939891,-0.0857156356457063,-0.2040561988333882,-0.0962038514575399,-0.0043994651465731,-0.39990205367822,-0.137010749138309,0.1436894778773269,-0.3206117621969514,0.003821035174023,-0.1208961301331168,0.0167584033901781,0.0226713445218967,-0.1611405041758245,-0.0505702520879166,-0.1911405041758245,-0.1517107562637325,0.0677189916483594,-0.0488594958241928,0.0128512604395309,0.029999999999991,0.0343756058061112,-0.1055161099819448,-0.199566863152233,-0.019891715788065,-0.1051624263179247,0.2399999999999909,0.2399999999999909,0.1199999999999908,0.1799999999999906,0.0599999999999906,-0.1504213749181056,-0.0544986302178282,0.1258782714748781,-0.0603769016927156,0.13371918013695677,0.13371918013695677,0.1998550724637682,133,197.55223880597015
0.1799999999999997,0.0149999999999998,0.4,400,1.0378260869565217,36.96333333333333,35.61611506772797,36.71710144927536,0.0,-0.4901238052524161,-2.0355304999768595,-2.0400000000000094,-0.0600000000000094,-0.0037707758298254,0.0299999999999907,0.0599999999999908,-0.0900000000000091,0.0599999999999912,-0.0600000000000088,0.4199999999999915,-0.0300000000000084,-0.0900000000000084,0.1799999999999917,0.1199999999999917,0.1499999999999918,-0.0900000000000081,-0.2988072474990554,0.2999999999999907,-0.3634133255305227,0.1808797178623218,-8.049064007810898e-15,0.0599999999999919,0.449999999999992,0.2099999999999915,-0.1500000000000085,-0.1500000000000086,0.1499999999999912,0.1199999999999911,0.0899999999999913,-0.3000000000000082,0.2099999999999917,-1.338305331516087,-1.050000000000008,-0.4736649590768423,0.0599999999999911,-0.0900000000000088,-0.1200000000000088,0.059999999999991,-8.926193117986261e-15,-0.0900000000000089,0.029999999999991,-8.908429549592256e-15,-0.1200000000000091,-0.2400000000000091,0.2999999999999909,-0.1500000000000088,-2.819975791126007,-4.400392278387091,-0.2665514988344567,0.0899999999999905,-0.1500000000000095,-0.3000000000000091,-0.0900000000000094,-0.2100000000000094,-0.0300000000000095,0.1799999999999904,0.2099999999999905,-9.390996781777283e-15,-0.1200000000000093,0.5563537069383527,0.7334382338352899,-0.0300000000000094,0.0899999999999906,-0.2700000000000093,-0.0600000000000095,0.0299999999999905,0.1499999999999904,-9.565091519785101e-15,0.2999999999999905,-0.2400000000000095,-0.1500000000000095,-0.1500000000000094,4.072779319330316,1.7419503667271443,0.5137741575683951,0.6192245981855489,0.5994473440016358,0.1882822487782602,-0.1500000000000094,-0.1188400037516742,0.0153176055307093,-0.1326736437364167,-0.0427696639583493,0.0599999999999905,-0.1303246754990049,0.3337201457907534,3.402351941145956,0.9427358975639792,0.4360569049541646,0.640993235428717,0.2908430128126035,0.1923734730825156,0.3869437406997578,0.3060469161875387,0.5867710857467534,1.187567092310217,1.4421761340606458,0.2562172534003696,0.1799999999999927,-0.2991987241413832,0.2999999999999919,-0.0900000000000083,-0.0300000000000071,-0.0300000000000069,0.088253460247655,-0.5400000000000084,-0.0300000000000063,0.2999999999999928,0.1799999999999934,-0.0900000000000064,0.149999999999993,-0.2100000000000066,-0.0600000000000063,0.0299999999999945,-0.2400000000000066,0.1499999999999932,-0.2100000000000066,-0.0600000000000057,-0.2700000000000062,-0.3300000000000064,-0.0300000000000056,-0.2100000000000061,-5.609543170382899e-15,0.2399999999999943,0.2099999999999943,0.3899999999999939,0.1510212533532797,-0.6000000000000056,-1.938484339436872,-3.247850530259736,-3.996774023565693,-2.928837709495852,-0.0685878936707058,-0.9029480006224884,-2.158212735564577,-3.1464224022347107,-3.299654186193511,-0.13504779130157962,0.13504779130157962,0.037826086956521676,134,196.77611940298507
0.4149999999999999,0.0199999999999998,0.4,400,1.359855072463768,46.30144927536232,34.04881168069914,38.75594202898551,0.0,0.2523315081430729,-0.5697553383912493,-0.3885076661179384,-0.2100000000000091,0.084004607162379,0.1473480174490267,-0.0600000000000095,-0.1800000000000095,-0.0600000000000095,0.1799999999999906,-0.4200000000000096,0.0599999999999909,-0.210000000000009,0.209999999999991,0.0899999999999908,-9.18728890712006e-15,0.0299999999999909,-0.060000000000009,0.2699999999999911,0.3834746500893307,-0.205337314469956,0.3599999999999904,-0.1200000000000094,0.1794431157708523,0.1499999999999902,0.3299999999999902,-0.0300000000000098,0.1199999999999901,-0.09000000000001,0.02999999999999,0.0299999999999907,0.0599999999999908,-1.0406964050238885,-0.8700000000000082,0.1600784892363342,0.413678457595574,0.0299999999999904,-9.56597873608816e-15,-0.0600000000000095,-0.0600000000000096,0.0899999999999904,-0.2100000000000094,0.1204213749180867,-0.0300000000000093,0.2699999999999904,-0.2403775460841207,-0.0600000000000097,1.6979580699999552,1.8324215767567236,0.5307276022766722,-0.2222398716950399,-0.0300000000000093,-0.1200000000000094,0.1199999999999905,0.1499999999999905,0.0899999999999904,-0.0600000000000094,-0.0300000000000094,-0.0300000000000094,-0.2700000000000093,7.150240338932241,-0.1583025931473777,-0.0300000000000092,-0.0600000000000091,0.0299999999999909,-0.0900000000000089,-0.0600000000000088,0.239999999999991,0.3899999999999907,0.2099999999999911,-0.1500000000000086,0.0299999999999912,0.0599999999999911,7.560632332263965,0.2732831402820085,0.0301237657271135,-0.1500000000000086,0.0299999999999912,-0.1200000000000085,-0.0300000000000085,0.2099999999999914,0.5399999999999914,0.2399999999999914,-0.1800000000000083,-0.1500000000000082,-0.5400000000000077,-0.2400000000000082,1.4971903684782155,-0.7369998380949194,-0.0402565813757642,-0.1602565813757645,-0.0259746922691117,0.1672219920743261,0.2011870976400604,-0.2311090480286428,-0.1358859112602647,0.1452734338571674,-0.0134188604585925,-0.0321414824313911,0.1508256305116733,0.0670336135607399,-7.0388139761234915e-15,-0.0502752101705675,-0.1005504203411278,0.1340672271214856,0.1508256305116723,0.0335168067803651,-0.0335168067803818,0.0670336135607384,-0.0167584033901953,-8.599351950721517e-15,0.0335168067803648,-0.0205702520879165,0.0411405041758072,0.0205702520878992,-0.18513226879118,0.0205702520878991,-0.0822810083516405,-0.0411405041758246,-0.0043756058061288,-8.777064104084671e-15,0.0748375736820754,0.2201371152401236,-0.0498917157880644,0.199566863152216,0.0748375736820754,-0.0300000000000089,-0.1200000000000091,-9.139355938714288e-15,0.2699999999999908,-9.379164112033324e-15,0.0299999999999906,-0.1076348144246722,-9.18066322001314e-15,0.5381740721233057,-0.1732769585152578,-0.1735130858995591,-0.2580371364292791,0.13685130110532637,0.13685130110532637,0.3598550724637679,135,196.0
0.0899999999999996,0.0099999999999998,0.4,400,1.0105797101449276,30.805507246376813,30.483005879822173,30.792753623188407,0.0,-2.787976150301441,-1.068684944532016,-1.622164485550937,-0.4735533485592181,-0.3000000000000089,0.1466012434506147,0.0899999999999909,0.1799999999999909,0.2999999999999911,-0.3900000000000089,-0.2100000000000089,0.2399999999999909,-0.330000000000009,-0.330000000000009,-0.0300000000000092,-0.2100000000000092,-0.060000000000009,-1.4979793887048602,-1.2882534602476703,-0.1200000000000084,0.2367704812436799,0.1499999999999909,0.3299999999999907,-0.1200000000000091,0.1499999999999908,-0.0600000000000092,0.0299999999999908,-0.210000000000009,-0.0600000000000091,-0.120000000000009,0.0614159680832532,-0.1185076661179381,0.169752684076554,0.4475784232432596,0.3866905671190093,-0.3887933076459877,0.1499999999999909,-0.3000000000000091,-0.1500000000000092,-9.259260025373806e-15,-0.0300000000000091,-0.0600000000000092,0.0899999999999908,-0.0600000000000092,-0.3000000000000092,0.4799999999999907,0.4799999999999905,1.5835136953129552,0.4848543672170244,-0.9441798035690654,-0.1813431204141264,-0.4800000000000093,-0.1200000000000091,-9.106209495888944e-15,0.1799999999999912,0.2699999999999909,-0.090000000000009,-0.1500000000000089,0.0299999999999908,0.2699999999999909,0.5827404404155723,0.3677575770944273,0.2099999999999911,0.2699999999999912,0.2699999999999912,0.2099999999999912,0.1799999999999912,0.0899999999999913,0.0599999999999914,0.0899999999999913,0.2699999999999914,-0.3300000000000086,0.2399999999999913,3.126605922290961,1.689200070139138,1.231941988362663,0.6899999999999922,0.9599999999999927,0.8099999999999926,0.7499999999999925,1.4699999999999915,1.2599999999999916,1.1099999999999923,0.7799999999999926,0.9899999999999924,1.0799999999999923,1.2587933076459692,1.742905312272515,1.45159652688076,0.4954665536260639,0.2999999999999915,0.359999999999991,0.1199999999999915,-0.3900000000000101,0.0599999999999917,-0.5095927409302109,0.1499999999999914,-0.1800000000000074,-0.8558438386300453,-1.620000000000004,-2.1841716950569112,-2.397950559510918,-1.921657165750051,-2.1023912547602004,-1.918427408312992,-3.650805687789316,-4.722433427890328,-4.791417190542722,-5.133637560423064,-4.6236727082765166,-4.178618519489897,-3.33556748064251,-2.503148181194795,-1.2265876677556116,0.5981844536960014,1.5844173026485142,2.152452002947839,2.433602941199445,2.401862297119616,2.159999999999997,1.979999999999997,2.099999999999997,2.129999999999996,2.219999999999997,2.369999999999997,2.129999999999996,1.8899999999999968,2.2477118665015494,2.279999999999996,2.157835514449066,1.9821644855509224,2.4899999999999944,2.337835514449066,2.0099999999999945,2.279999999999993,2.0399999999999934,2.367835514449065,2.339999999999993,0.13848353810786573,0.13848353810786573,0.010579710144927645,136,195.22388059701493
0.3649999999999999,0.0149999999999998,0.4,400,1.2578260869565216,45.86202898550725,36.46134347275032,40.665652173913045,0.0,-0.3689925381351658,0.1945705519442705,0.2999999999999909,-9.151972589460832e-15,-0.1099679092057179,0.3899999999999904,0.2399999999999908,0.2399999999999906,-0.3000000000000093,-9.334755191048316e-15,-0.1800000000000094,0.0299999999999905,-0.1800000000000092,0.0599999999999905,-0.2100000000000092,-0.0600000000000093,-0.3900000000000092,0.149092063386181,-0.2700000000000088,0.0003209282364394,-0.3949832525859708,0.1199999999999909,-0.0600000000000091,-0.0600000000000092,-9.303668946358811e-15,0.0299999999999907,0.1199999999999907,-9.256581156985688e-15,0.1499999999999904,0.1199999999999904,0.1199999999999909,-0.0900000000000091,-0.5579428693626656,0.0017465397523295,-0.4067465784684778,-0.0300000000000099,-0.4200000000000103,0.08999999999999,0.0899999999999901,0.0299999999999901,0.0599999999999901,0.0299999999999902,-0.2400000000000096,-0.1200000000000097,-9.681219063710818e-15,-9.615422861007292e-15,-0.1200000000000099,-3.144298603656976,-1.970710292329238,-0.4902101215090818,0.3899999999999901,0.2399999999999905,-0.1200000000000091,0.1199999999999908,0.0299999999999907,0.0599999999999906,0.0899999999999907,-0.1500000000000089,-0.2100000000000091,-0.0600000000000093,3.866643727814818,1.2920248858885883,0.3605009161919292,0.1199999999999904,0.0299999999999905,0.1199999999999905,0.1199999999999906,0.0599999999999905,0.2999999999999908,0.1499999999999906,-0.0300000000000093,0.3299999999999907,-9.464002554988716e-15,8.22702392427146,-0.4984558542595033,-0.3391339633542747,-0.1226034042395676,-0.0600000000000089,-0.1200000000000087,-0.2700000000000088,-0.4800000000000086,-0.3300000000000087,-0.0900000000000089,0.119999999999991,0.0902070357509911,0.0899999999999911,0.3899999999999908,12.426363958022776,0.6083332499503469,0.3070336135607392,-0.3200979463217953,-0.2100000000000076,0.1102752101705523,0.217033613560739,0.1332415966098054,-0.1464831932196345,-0.0564831932196344,0.0564831932196181,0.0687889994413925,-0.1233395429316096,-0.0564831932196352,0.0935168067803648,-0.0338118486977298,0.3335168067803646,0.2173286554780858,-0.0600000000000088,0.2717107562637149,0.2117107562637149,0.1499999999999911,-0.0217298611680735,-0.0600000000000089,-0.1347883945125542,0.1628512604395306,-0.2358057788056291,-0.2201082842119527,-0.054945857894037,0.0350541421059629,0.2447292894701314,0.100108284211935,0.2248375736820755,0.0347292894701316,-0.0498917157880649,-0.119675147364177,0.0025125653022949,-0.139891715788065,-0.024658518496124,-0.0601639319840857,-0.0156544018321178,-0.0353374377981145,0.1013183819616982,0.0958782714748781,0.1466945742842984,0.4015204155654649,-0.0456775631990866,-0.330797756714245,-0.5044993137436247,-0.2964638001205898,-0.0053454959703421,0.141315380849271,0.141315380849271,0.25782608695652165,137,194.44776119402985
0.3699999999999999,0.0199999999999998,0.4,400,1.3107246376811594,45.12289855072464,34.425917735515256,38.88608695652174,0.0,-0.5643589784180771,-0.4598734842071184,-0.118507666117938,-9.21414507883984e-15,0.3891461520023177,0.1499999999999905,0.0299999999999905,0.1199999999999904,0.1199999999999905,0.2099999999999908,-0.0300000000000093,-0.0600000000000095,0.1499999999999904,0.1499999999999905,-0.1800000000000093,0.0599999999999906,-0.0300000000000093,0.3899999999999913,-0.1800000000000084,-0.1872866418229777,-0.4382052911925598,-9.019451852054771e-15,0.0299999999999909,-0.150000000000009,-0.1800000000000091,-0.0300000000000092,0.1199999999999908,-0.150000000000009,-0.1200000000000093,-0.0300000000000094,-0.1500000000000092,0.3599999999999909,-0.3553852003958123,0.1499999999999909,0.2807230096165463,-0.2400000000000101,-0.0300000000000099,0.0899999999999899,-9.978684545330906e-15,-9.932908731421371e-15,0.29999999999999,-0.3300000000000097,-0.1200000000000097,0.1499999999999902,0.0299999999999902,0.0299999999999902,-9.965361869035406e-15,5.9536939394359125,7.7048787462663935,0.6705525284823534,0.0518026865922679,-0.4500000000000092,-0.1200000000000093,-0.2400000000000091,0.2399999999999908,-9.332908804360747e-15,-0.0300000000000092,-0.0900000000000091,0.0899999999999906,-0.2100000000000092,-0.367120328111239,0.0466037495320422,-0.1200000000000093,-0.1200000000000093,0.2399999999999905,0.2099999999999905,0.0299999999999905,-0.1200000000000094,0.0599999999999905,0.1799999999999905,0.1199999999999905,0.2099999999999907,-0.2100000000000092,6.511614538028272,0.0981999280550773,-0.420000000000009,0.0899999999999907,0.1199999999999908,0.6899999999999911,0.0299999999999909,-0.1800000000000088,-0.2400000000000089,0.1199999999999911,0.0299999999999909,-0.0900000000000088,-0.1200000000000087,-0.2700000000000087,1.9491314076489843,0.1033520992773039,0.1147775540055543,-0.0300000000000073,0.2205504203411126,-0.0202752101705677,-0.0087651899993851,-0.2770336135607546,0.0229663864392448,0.1402752101705518,-0.1597247898294483,0.1151349009286298,-0.0316402419579111,0.0899999999999912,0.0096045012833616,0.1894297479120832,0.0680155582605117,0.071140504175807,0.2834663973519354,-0.0242118284727189,-0.0300000000000087,-0.0788594958241929,-0.355702520879088,-0.1909946050958234,-0.0625444782367283,0.1325759842431655,0.035054142105963,0.0826673937501901,-0.0600000000000088,0.0249458578940192,-0.0399185398524043,-0.3122342569024318,0.0195668631522159,-0.164512721046261,-0.0846585184961238,0.1449458578940191,0.0190430736728315,-0.1397773162199586,-0.2478921392603616,0.1498360680159143,-0.0012481052852888,0.0507110646640928,-0.0689120336432005,-0.3887975955004105,-0.2366495207565781,-0.3885824717469308,-0.4135784732501465,0.2080644132345222,0.1244438309487613,0.3259306695043479,-0.524785448126598,0.1422522353659896,0.1422522353659896,0.31072463768115943,138,193.67164179104478
0.3949999999999999,0.0149999999999998,0.4,400,1.2914492753623188,46.71072463768116,36.16922904275614,40.822463768115945,0.0,0.4531386426323198,0.8959896967629303,0.539999999999991,0.1186568795858733,0.2063889920612877,-0.2400000000000093,-0.1500000000000095,0.1199999999999905,-0.0300000000000093,0.1799999999999903,-0.0900000000000093,-0.210000000000009,0.1799999999999907,-0.1200000000000089,-0.120000000000009,-0.150000000000009,0.0899999999999908,0.0581824661992993,0.029999999999991,0.3648400741283481,-0.1226530800043779,-9.229935804394684e-15,-9.308109838457311e-15,-0.2400000000000095,0.0599999999999904,-0.0600000000000096,-0.2700000000000099,-0.0300000000000099,-0.0900000000000098,0.08999999999999,-0.0306513891436116,0.0899999999999908,0.0022382324708647,0.0582534602476518,-0.1983691620267949,-0.1500000000000097,-9.716671911519371e-15,-0.2100000000000095,-0.2100000000000094,-0.0600000000000096,-9.623858911327574e-15,-0.1800000000000096,-9.512539452947248e-15,0.0599999999999905,0.3899999999999903,0.3299999999999903,0.1799999999999903,2.550792912155589,2.776520807474556,0.9209811851878478,0.0299999999999906,0.1499999999999908,-0.1200000000000093,-0.0600000000000093,0.0599999999999905,-0.2100000000000094,0.1199999999999904,-0.1200000000000094,-0.0600000000000094,0.0299999999999905,4.101766563866076,0.2625611023698799,-0.2100000000000092,-0.1500000000000093,-9.134915046615788e-15,-0.2100000000000089,0.0899999999999909,-0.1200000000000089,-0.0900000000000088,0.299999999999991,0.029999999999991,0.179999999999991,-0.5400000000000087,5.170863082971273,0.3448301715471852,0.2402070357509911,0.0599999999999911,-0.2400000000000087,0.0899999999999911,0.2999999999999911,-0.2400000000000087,-0.1798347138507433,0.1199999999999913,0.1498347138507259,-0.0300000000000086,-0.1800000000000083,0.0899999999999914,2.772349520915239,0.5846041319637278,0.496677566237562,0.299999999999992,0.4065811395414061,-0.0031622790828364,-0.0132415966098212,0.0299999999999919,-0.2456187156690027,-0.3199206824730233,-0.3048323040527048,0.2532415966098051,0.0070336135607387,-0.2497247898294479,-0.1206803110258215,-0.1315472072973717,-0.0857661988998488,-0.0104755731988306,0.0052624047244161,0.1137320296961096,-0.2358899117421875,0.0190686006824098,0.1192412128374448,0.238518955688904,-0.1425342703790812,-0.0831393237626655,0.0278989075659939,-0.1105145400346157,-0.1739917646153642,0.1122810083516228,-0.0917107562637326,-0.1009160166297211,-0.0586429274003051,-0.0549458578940368,-0.0448375736820927,0.0901311960291396,0.0849458578940196,-0.1048375736820925,-0.0249458578940368,0.109604376390134,0.1799999999999907,-0.0300000000000092,-0.0600000000000093,0.1498360680159144,0.0599999999999906,-0.1435130858995597,-0.14043683566012,0.2152696288493171,-0.2514199120908697,0.0773986870403528,-0.2160444660952029,0.1438037959780172,0.1438037959780172,0.2914492753623188,139,192.8955223880597
0.3649999999999999,0.0049999999999998,0.4,400,1.1244927536231883,47.87391304347826,42.57378528160845,45.450434782608696,0.0,0.1208058320840478,-0.0199125459274306,-0.1200000000000095,-9.136782479890561e-15,0.3274075113713243,-0.1800000000000095,-0.0600000000000093,-0.0300000000000095,-9.397405904419176e-15,0.2099999999999906,0.0299999999999905,-0.2100000000000091,0.2699999999999907,0.1499999999999908,0.0899999999999908,0.0899999999999908,-0.3000000000000088,-0.0900000000000088,0.029999999999991,0.4204164173665374,-0.1393577182251224,-0.150000000000009,0.0899999999999908,0.1799999999999907,0.1499999999999905,-0.0900000000000095,-0.3900000000000101,-0.2400000000000096,0.0599999999999901,-9.907970485079811e-15,-0.030000000000009,0.059999999999991,0.477274358828577,0.029999999999991,0.1654977742355369,-9.805489753489382e-15,-9.769962616701378e-15,-0.0300000000000097,-0.0300000000000097,-0.0600000000000097,-0.0300000000000096,0.0299999999999903,-0.1200000000000096,-0.0900000000000095,0.1499999999999904,0.0899999999999904,-0.0300000000000097,-0.7221796584839362,-0.7200000000000094,-0.2855244631363927,0.1971367866510662,0.1799999999999908,-0.1500000000000089,0.1499999999999909,0.2399999999999907,0.0899999999999905,0.1199999999999907,-0.0900000000000093,0.0599999999999909,-0.0600000000000091,-0.2939255845921053,-0.0221372781560305,0.1199999999999905,-0.1800000000000094,0.0299999999999905,-0.0300000000000093,0.1799999999999907,-0.1500000000000092,0.1199999999999909,-9.072742557236779e-15,0.0599999999999909,0.3299999999999907,0.0299999999999908,11.713292383510156,0.8145460512618117,-0.1556829648890556,0.2399999999999911,0.0599999999999911,0.1799999999999911,0.0599999999999912,-8.820397047904331e-15,-0.5400000000000094,-0.2100000000000087,-0.2100000000000087,0.0299999999999911,0.179999999999991,0.4499999999999909,5.258047074285547,0.5709841028191068,0.3728508948711495,0.0931622790828202,0.1965811395414059,-0.1664158533921571,0.0299999999999918,0.2399999999999917,0.3132415966098049,0.4034188604585773,-0.2664831932196347,0.2099999999999916,0.0335168067803649,0.123516806780365,-0.0529663864392613,0.1632415966098047,-0.0564831932196349,0.1570336135607381,0.0200062287040221,-0.0335168067803821,-0.0300000000000088,0.1067584033901777,-0.2135168067803823,-0.0600000000000089,-0.3994297479121006,0.1988594958241751,-0.0094297479121011,-0.0222810083516409,-0.2022810083516409,0.2417107562637145,-0.0994297479121014,0.0994297479120828,0.0350541421059627,0.0899999999999909,0.0751624263179067,0.3102394802410831,0.2150541421059628,-0.0650541421059809,0.084945857894019,0.2099999999999907,0.2399999999999904,-0.1500000000000092,-0.1500000000000092,-0.0300000000000095,-0.365878271474897,-0.0241217285251218,-0.3631039463915865,-0.2458782714748968,-0.1617565429497846,0.125878271474878,0.2526013129596288,0.14420960532824784,0.14420960532824784,0.12449275362318835,140,192.11940298507463
0.3899999999999999,0.0149999999999998,0.4,400,1.2928985507246378,46.5072463768116,35.97130366550835,40.54391304347826,0.0,0.6997644902512679,-0.0884274083129959,0.0599999999999909,-0.1172409115026291,0.2973488644387276,0.18179121277003,0.2399999999999908,-0.0600000000000094,0.1199999999999905,0.1199999999999905,-0.0900000000000093,-0.0600000000000092,0.0599999999999906,0.0299999999999908,0.2699999999999904,0.2699999999999906,-0.2400000000000088,0.1199459113838538,-8.857707515447803e-15,0.026560480477044,-0.4978612836422429,-0.1176514255136461,0.0599999999999908,0.0599999999999905,-9.543477119677843e-15,-0.2100000000000094,0.0599999999999902,-0.2700000000000098,0.0299999999999901,-0.0300000000000098,-0.180000000000009,0.0299999999999908,-0.999137260303274,-0.3043854892165661,-0.1080633008450808,0.1199999999999902,0.0899999999999902,-0.0600000000000097,0.1499999999999904,-0.3900000000000096,-0.2400000000000094,-0.1800000000000091,-0.0300000000000096,0.0599999999999904,-0.2700000000000093,0.0899999999999905,-0.0300000000000096,2.407396335862779,1.7907563056206075,0.3921203329116558,-0.1447286306929393,-9.324301587154798e-15,-0.0900000000000091,-0.0900000000000093,-9.432454817215331e-15,0.0599999999999905,-0.0600000000000092,0.0599999999999905,-0.1500000000000093,-0.0600000000000094,-7.03277495274405,-0.8017911698428195,-0.2700000000000093,-0.0900000000000095,0.0299999999999906,-0.0600000000000092,-0.3900000000000089,-0.0600000000000091,0.209999999999991,0.2999999999999911,0.3299999999999909,0.4199999999999905,0.2099999999999909,5.9534711442085,0.1074412154111352,-0.2322795080619786,0.1499999999999911,-8.828493491819244e-15,-0.1800000000000088,-0.1800000000000087,0.299999999999991,0.2099999999999911,-8.744116541947733e-15,-0.3600000000000088,-0.1500000000000087,-8.586960745402082e-15,0.0899999999999912,18.01638885570205,0.5041470487193231,0.0331622790828207,-0.0600000000000077,-0.2865811395414221,0.0899999999999919,0.2234188604585778,0.0732415966098053,0.1764831932196186,0.0134188604585779,-0.1766604570684068,-0.0600000000000076,-0.1932415966098211,0.1199999999999918,0.3237920169509255,0.1431533767447537,0.133241596609805,0.0938111776351629,0.1832004644779461,0.3312868113317553,0.1405333092540771,0.0285807010847107,0.0321359843123831,0.0680858853583197,0.05048582145032,-0.2140158320687054,-0.0805702520879166,-0.0807103215656451,-0.1851322687911801,0.0866865032881975,0.0110450472839887,-0.0094297479121008,-0.1746210052582051,0.0101082842119351,0.0299999999999914,0.0452936223470555,-0.0650541421059805,-0.0900000000000085,-0.1200000000000087,0.2293170369922208,-0.0958141551899413,-0.1200000000000092,-0.0600000000000093,-0.1800000000000093,-0.0300000000000092,0.1076348144246535,-0.0600276961521469,0.1135130858995416,-0.5203031303143587,0.0953754459956582,0.0056421440905775,0.1445165002317796,0.1445165002317796,0.2928985507246378,141,191.34328358208955
0.1399999999999996,0.0149999999999998,0.4,400,1.0120289855072464,35.321014492753626,34.90118860088787,35.30768115942029,0.0,-1.3357396356217583,-1.0838548621608797,-0.4760313067359623,0.1719344718463018,0.0968725347164754,0.0599999999999907,-0.0300000000000091,-0.210000000000009,-0.3000000000000098,-9.277023593767808e-15,-0.1200000000000092,0.3599999999999907,0.2999999999999906,-0.0900000000000092,-0.0600000000000093,0.1499999999999908,0.2099999999999908,0.1199999999999908,0.4200845740630272,-0.0658326967174649,0.0567903709715209,-9.210410212290298e-15,-0.0600000000000093,-0.1500000000000088,-0.1500000000000088,0.4199999999999912,0.2999999999999913,0.4799999999999914,0.3599999999999915,-0.0300000000000085,-0.4200000000000092,-0.4500000000000092,-0.8897979903897884,-0.5100000000000086,-0.1527034888867057,-0.0980441912713655,0.119999999999992,0.0599999999999919,0.0299999999999919,0.1799999999999919,0.0599999999999919,0.0899999999999917,0.0599999999999917,-0.240000000000008,0.0599999999999915,0.1499999999999914,0.0299999999999918,0.5040479454431696,0.9899999999999924,-0.3890034443344832,0.2111855011035563,-0.1500000000000087,-0.0300000000000087,0.1199999999999911,-0.0300000000000088,0.0599999999999911,-0.1500000000000088,-0.1500000000000088,-8.711158076197281e-15,0.0299999999999912,-0.0971685536667092,0.2117063639406551,0.340915369257586,-0.0300000000000089,0.0599999999999911,0.179999999999991,-0.0900000000000089,-0.1200000000000089,-0.180000000000009,-0.0900000000000091,-0.090000000000009,-0.0300000000000089,-0.0600000000000089,-2.4780056582564978,-0.3038019367562425,0.209999999999991,0.4199999999999911,0.119999999999991,-0.1200000000000091,0.0299999999999909,0.0899999999999909,0.149999999999991,-0.0300000000000091,-0.1500000000000091,-0.0600000000000091,-0.0300000000000091,0.0899999999999909,1.495508809833608,0.4720501177840023,0.1799999999999909,-0.120000000000009,-0.5100000000000091,-0.090000000000009,-0.0309079366138191,-0.1800000000000089,-0.1200000000000088,-0.030000000000009,-0.0900000000000089,-0.420000000000009,-0.2700000000000088,0.1799999999999914,0.1499999999999912,0.0599999999999911,-0.4500000000000089,-0.1800000000000086,-0.1500000000000087,0.2099999999999912,0.1199999999999912,-0.1200000000000086,-0.0600000000000087,0.1199999999999913,-0.1200000000000087,0.1199999999999914,0.4799999999999917,0.2999999999999914,0.2089191873198402,0.2399999999999917,-0.2100000000000084,-0.3600000000000082,0.1799999999999913,0.5944521189713886,0.4842342899163897,0.899464849020079,1.8875478731098465,3.3103927986562964,3.4560296873047918,1.3696802853755683,-2.463965301430174,-3.058054313457009,-0.3241366700543082,1.536810764231501,1.6530702689225565,2.1899999999999933,2.1599999999999944,2.219999999999993,2.159999999999993,2.429999999999993,2.159999999999993,0.1453235521408268,0.1453235521408268,0.012028985507246404,142,190.56716417910448
0.3799999999999999,0.0049999999999998,0.4,400,1.0818840579710145,48.88797101449276,45.18780977896852,47.411159420289856,0.0,0.1800908120146391,-0.1954572232524125,-0.0900000000000091,0.0599999999999908,0.2689552398991559,0.0907500881213785,-9.37359901736102e-15,0.1199999999999904,0.0599999999999905,0.0899999999999906,0.1799999999999909,-8.918969678551608e-15,0.2999999999999909,0.1799999999999909,0.1499999999999908,-0.0600000000000091,-0.1200000000000091,-0.0900000000000089,-0.3300000000000091,-0.1472483623792146,-0.3879668696584291,0.0313860464811348,-0.0600000000000094,-0.2700000000000097,-0.2100000000000097,0.3899999999999899,0.0299999999999901,0.1199999999999901,0.1199999999999901,0.2099999999999899,-9.259045028438536e-15,0.0299999999999907,0.0665879918139781,0.0347274442812265,0.0247644189982291,-0.0900000000000097,0.0599999999999903,-0.1200000000000096,-0.0600000000000096,-0.1500000000000096,-0.0600000000000096,0.0899999999999904,-0.1200000000000093,-0.0300000000000093,-0.2100000000000094,-9.32272976745828e-15,-9.659906070971752e-15,1.2490693992587116,0.6697257231591636,-0.5686331816992543,-0.210000000000009,0.0299999999999906,-0.0300000000000092,0.3299999999999907,0.5099999999999901,0.2699999999999907,-0.360000000000009,0.3899999999999906,-9.395355860730808e-15,-0.0600000000000095,-1.6528553150237724,0.0078807046300764,0.2699999999999907,-0.3900000000000092,-0.4200000000000088,-0.3900000000000089,0.3299999999999906,0.0599999999999909,0.0299999999999911,-0.0600000000000087,0.2399999999999908,-0.0300000000000089,-0.2100000000000087,12.655204070803563,0.9549074894734578,0.580013436399447,-0.0900000000000088,-0.3300000000000087,-8.79296635503124e-15,-0.1500000000000087,-0.2100000000000087,0.0301652861492564,0.2999999999999911,0.269834713850726,0.1199999999999913,-0.5100000000000083,0.1499999999999914,6.404275135207789,0.9538506554705808,0.4077512710573351,0.4768377209171632,0.2731622790828202,-0.0300000000000081,0.1634188604585773,0.2399999999999917,-0.2068377209171798,-0.2131622790828368,0.1103353918945975,-0.1342263151183794,-0.2532415966098216,-0.5532415966098216,0.0599999999999914,-0.0935168067803819,-0.3335168067803819,0.1164831932196179,0.3167584033901781,0.0299999999999913,-0.1187481406121026,-0.0167584033901953,0.046758403390178,-0.0167584033901954,-0.0300000000000087,0.1894297479120831,-8.872902412804251e-15,-0.3094297479121011,-0.309429747912101,-8.988365607365267e-15,-0.1594297479121014,-0.1800000000000089,0.0239136379301468,0.0599999999999907,-0.3000000000000091,-0.0600000000000093,-0.0950541421059812,-0.1250541421059811,-0.1149458578940371,-0.060000000000009,0.1449458578940187,0.0299999999999907,0.1473619070573205,0.2699999999999904,0.3899999999999902,0.0299999999999904,-0.0358782714748971,-0.1976348144246719,0.4072579127319467,-0.5304368356601209,-0.3900000000000095,0.14700826749450258,0.14700826749450258,0.0818840579710145,143,189.7910447761194
0.3099999999999998,0.0049999999999998,0.4,400,1.0956521739130434,45.74144927536232,41.74814814814815,44.11391304347826,0.0,-0.6133584956765752,-1.443857830073477,-1.3169350744309258,-8.983924715266767e-15,-0.0321449510661875,0.0599999999999906,-0.0300000000000095,-0.0300000000000094,-0.1208012758586357,-0.0900000000000095,0.0599999999999905,0.2999999999999906,0.2699999999999908,-0.3000000000000095,-9.272582701669309e-15,-9.5806626012282e-15,-0.1200000000000095,0.0880150608436869,0.2399999999999913,0.1370102843601024,0.1820076965152555,-0.1200000000000093,0.1499999999999905,-0.120000000000009,-9.13667707032617e-15,0.1199999999999908,-0.1800000000000089,-0.2400000000000089,-0.1500000000000089,-0.2400000000000089,0.2099999999999905,0.1499999999999904,-0.2745031144710186,0.2399999999999908,0.9396186810697684,-0.0600000000000094,-0.1200000000000095,-0.1200000000000095,0.0899999999999903,-0.0300000000000096,0.0299999999999902,0.2099999999999902,0.05999999999999,0.08999999999999,0.0599999999999899,-0.1800000000000099,0.1199999999999903,-3.219852368323347,-3.8842077146232223,-1.1907592416330828,-0.0900000000000097,-0.0900000000000095,-0.0300000000000095,0.0299999999999904,-0.1500000000000095,0.1499999999999902,0.2399999999999904,0.3299999999999904,0.0599999999999902,-0.1500000000000094,-1.318466839585834,-0.2938091259958691,-0.2700000000000094,0.0599999999999906,0.0299999999999906,-0.0300000000000093,-0.0300000000000092,0.0299999999999906,0.0899999999999908,-0.0600000000000091,-0.1800000000000091,-0.0300000000000092,-0.2100000000000089,6.065930901755382,1.6737933063385888,0.0899999999999906,0.0899999999999906,-0.2100000000000093,0.1199999999999907,-0.0600000000000093,0.0899999999999907,-0.0900000000000093,-0.5100000000000096,-0.4500000000000101,0.2699999999999907,0.1799999999999905,0.1499999999999904,-10.333596828467169,-0.5139165658940601,-0.1002814180746881,0.2585281569078278,-0.3218492687304558,0.3334610947270635,-0.1252463250688249,0.2532034195307845,0.2340313468149716,-0.0114102724959374,-0.1105702520879172,-0.1500000000000091,-0.0821046071530618,-0.0577497070960606,-0.2997302316798967,0.0300799525949605,-0.1908707358557125,-0.142201055756671,-0.0880194754161729,-0.0110605515808551,-0.2715508510737932,-0.2495097005070708,0.1726673937501899,-0.240000000000009,0.2334472999366098,-0.1083931578306562,0.1383931578306378,0.1171986983501576,0.0877427122674305,-0.5296797131128943,-0.1535634934381341,0.3780860967702393,0.0874879460605163,-0.2516301376604667,-0.158698982073952,0.0943324070064833,0.232157580396064,-0.2594404444060761,-0.8241394837811329,-0.4944483673522933,-0.4103662467187473,-0.1378924603634118,-0.1220631285555804,-0.0112758330999955,-0.2159230552245426,0.1989794865017259,0.1618369635351171,0.0455854675452643,-0.0338841230041244,-1.0248356337109366,-0.5587108094410757,-0.1482587959205971,0.1482587959205971,0.09565217391304337,144,189.01492537313433
0.4099999999999999,0.0099999999999998,0.4,400,1.279855072463768,47.83942028985507,37.378779300192505,42.025942028985504,0.0,-0.3406493044030197,-0.5120689731036674,-0.2729083019653426,-0.1500000000000091,-0.094644037765303,-0.0900000000000093,-0.1500000000000092,-0.1800000000000092,-9.087723578294631e-15,-0.2700000000000091,-9.178303443975029e-15,0.2999999999999909,-0.0900000000000091,-0.0300000000000091,0.1199999999999908,-0.0900000000000092,0.0299999999999907,-0.0291987241413829,-9.207444762965278e-15,0.2385840319167286,-0.3657601713268634,0.0299999999999903,-0.0300000000000097,0.0299999999999901,0.02999999999999,0.1799999999999901,-0.1200000000000098,-0.0600000000000099,-0.0600000000000098,-0.1200000000000097,0.1499999999999907,-0.0300000000000094,0.5840878570990401,-0.0300000000000091,0.4119288891881505,-0.0300000000000095,-0.0600000000000095,-0.3600000000000094,-9.472422846101836e-15,-0.1500000000000094,-0.0300000000000093,-0.3600000000000093,0.0899999999999906,0.0599999999999906,-9.340493335852284e-15,0.0899999999999908,0.0899999999999905,0.0829920194494413,-0.3900000000000088,-0.1946191924116054,-0.1500000000000093,-0.5100000000000097,-0.0600000000000094,0.0899999999999905,0.2099999999999907,-0.2400000000000092,0.0899999999999907,0.0899999999999909,-0.1500000000000093,-9.438764364770007e-15,8.958596572017193,0.2023382259773554,0.2402070357509909,-0.0600000000000088,-0.3000000000000088,-8.824052599720745e-15,0.1499999999999911,-0.0600000000000087,0.119999999999991,0.1199999999999911,0.329999999999991,0.1499999999999911,-0.1200000000000087,6.287887353297109,-0.3523303404192555,-0.1658478878047298,-0.0600000000000085,0.1199999999999914,0.7799999999999918,0.1499999999999915,0.1499999999999917,-0.1800000000000082,0.4499999999999918,-8.167792315044896e-15,0.2699999999999919,-0.3900000000000076,0.0899999999999921,6.628781994881758,0.0898041096635711,-0.1438969080367166,-0.0661030919632971,0.1382375680044632,-0.0197434186242498,0.4832204302288222,-0.1705131627515217,0.1354474458661071,-0.0063245581656646,-0.0198216274758283,0.046919694837284,0.2368377209171636,0.1199999999999921,0.0501002717980525,-0.1975007133545892,-0.1226107714125692,-0.0483755610849085,0.3030544135721961,0.0860538552092673,-0.2602752101705677,-0.3651750030892191,-0.1016824189507235,-0.0397247898294481,0.0791500941945431,0.0334141318785167,0.1737920169509249,-0.1439917646153642,0.2694349104584395,0.0943806482657301,0.1534215125274388,0.0839917646153468,0.0205702520878991,0.0599999999999911,0.0498917157880472,0.0155161099819271,-0.0795380321240447,0.092132212322537,-0.1048375736820926,0.0647292894701315,0.0249458578940191,-0.0103956236098659,-0.030000000000009,-9.061079948446786e-15,0.0299999999999907,-9.409239759436768e-15,-0.1800000000000091,-0.167634814424672,-0.1072579127319658,-0.1493913573744468,-0.1741217285251212,0.1516920799331263,0.1516920799331263,0.27985507246376806,145,188.23880597014926
0.3649999999999999,0.0199999999999998,0.4,400,1.3034782608695652,44.98478260869565,34.51134089392929,38.85710144927536,0.0,-0.7183817332063017,-0.6836489408577883,-0.480000000000009,0.0030689167463285,-0.2399976596219516,0.0599999999999905,0.1199999999999905,0.0299999999999905,-0.0600000000000093,0.0299999999999905,-0.0300000000000094,-0.0300000000000096,-0.0300000000000094,0.1499999999999906,-9.425765519969227e-15,-0.0600000000000093,0.1199999999999904,0.2089787466467057,-0.0900000000000087,-0.1825642451367848,-0.324398958973607,0.0299999999999909,0.0299999999999909,-0.1500000000000091,0.0299999999999908,0.0599999999999908,0.0299999999999908,-0.0600000000000091,-0.0900000000000092,0.0299999999999907,0.0899999999999907,0.2099999999999907,-1.4304159598565849,-0.4779505595109243,0.3138403143381514,0.0899999999999902,-0.0600000000000099,0.1799999999999899,0.11999999999999,-9.983635757416776e-15,-0.0900000000000098,-9.880984919163892e-15,-0.0900000000000098,0.0599999999999902,0.2699999999999902,0.1199999999999903,-0.0900000000000099,4.484742453471822,3.039839266722103,0.0817347682392113,0.0899999999999903,0.3599999999999903,-9.419132140919828e-15,-0.1800000000000093,0.1799999999999906,0.1799999999999907,-0.0600000000000092,-9.237055564881304e-15,0.1799999999999905,0.2399999999999903,2.4149424781296265,-0.4422184000412176,-0.1805865813368895,-0.1200000000000093,-0.0600000000000094,-9.44893226728817e-15,-9.435609590992668e-15,0.2099999999999906,-0.1800000000000093,-0.0900000000000095,0.1199999999999906,-0.1800000000000092,-0.0600000000000095,0.5419212226433422,0.0441274618476124,-0.1904780475781331,-0.2086315702560678,0.3537848418467413,0.0899999999999908,0.0734188604585765,0.1934188604585767,-0.0434188604585947,0.2999999999999908,0.3899999999999903,0.1799999999999907,0.149999999999991,0.0599999999999911,10.80201231912172,0.2349561096139021,-0.044163947477507,0.3343424372920463,0.0467584033901789,0.1102752101705524,0.0335168067803653,0.0529663864392448,0.063516806780365,0.1702752101705516,0.196758403390178,0.0732415966098046,0.0599999999999912,-0.0300000000000088,-0.1273286554781034,-0.1311405041758247,0.140570252087899,-0.0582451868449557,-0.0666310220509772,-0.0347498923436484,-0.0876396549520937,-0.1534215125274564,-0.2134215125274563,-0.094375605806129,-0.0917107562637326,-0.1500000000000089,-0.1484612369302195,0.0226673937501902,0.0373326062497922,0.0352265032884453,0.2346210052581877,0.1247292894701318,-0.0430967217036525,0.0498917157880473,0.0513308719104926,0.1356517987879942,-9.078843516840788e-15,0.1276922350486328,0.240163931984067,0.2398360680159141,0.0302157855035398,-0.1883033910176386,-0.1946688612051473,-0.1394659659983569,-0.2670823109594619,0.1224746552979384,-0.1121555710490341,-0.3068828859359319,0.6304742364459234,0.7497418913422177,-0.3501872792751407,0.1521683632621679,0.1521683632621679,0.3034782608695652,146,187.46268656716416
0.2749999999999998,0.0049999999999998,0.4,400,1.075072463768116,44.14159420289855,41.05918037206794,43.10246376811594,0.0,-0.7769340687970626,-0.603845830023284,-0.4484274083129961,0.2699999999999909,-0.2080232302843089,-0.0020110199633041,-0.240000000000009,-0.1200000000000089,0.179999999999991,0.0299999999999909,0.0899999999999907,-0.2400000000000093,-0.1800000000000093,0.0599999999999904,-0.0600000000000094,0.0899999999999904,-9.488703689833329e-15,-8.291039706457693e-15,-0.0900000000000083,-0.0856031727414151,-0.2122749122363403,-0.4800000000000095,0.0899999999999905,0.0299999999999905,-0.3300000000000092,-0.3300000000000093,-0.0600000000000094,0.0599999999999905,-0.0300000000000093,-0.0600000000000092,0.0299999999999905,0.0299999999999905,-0.0198318191111259,-0.2400000000000091,-0.4185030464348786,0.0299999999999909,-0.3300000000000089,-0.1200000000000091,-0.120000000000009,-0.1200000000000091,0.0299999999999907,0.0599999999999907,-9.334755191048316e-15,0.1799999999999906,-0.3300000000000095,-0.0900000000000095,-0.0300000000000091,-0.6188088434985041,0.1180580116373195,-0.1131352161963169,0.1499999999999901,-0.1200000000000097,0.0599999999999899,-0.1200000000000098,-0.0600000000000098,-0.0600000000000098,-0.4200000000000101,-0.3600000000000098,-0.1200000000000098,-9.841016890277388e-15,1.6096419790974474,0.2992121100716374,0.2383167855369169,-0.1200000000000096,-0.0600000000000095,0.1799999999999903,0.0899999999999903,0.0899999999999903,-0.0900000000000096,0.0899999999999904,0.0299999999999904,-0.0300000000000096,-9.61534857202784e-15,3.68459715495504,0.6534873335308504,0.0599999999999905,-0.1200000000000093,0.5099999999999901,0.0899999999999905,0.0599999999999906,-0.1200000000000093,0.0899999999999905,-9.316991622654314e-15,-0.1500000000000093,-0.2700000000000092,-0.2400000000000091,0.0599999999999906,4.555374975824398,0.5246360646209454,0.1965452437004027,0.1938137135466609,0.0533944417283648,0.2433578559556506,-0.2471539021068257,-0.2711719322852135,-0.4284934818661481,-0.9694802720867648,-0.3925719655864529,-0.0029176658880898,0.041576750913727,0.2933944417283644,0.0364030737424019,0.43881218956272,0.429870961590433,0.7514042445034296,0.9465671268516244,1.022305513975209,0.7901840027585165,0.7233072253434085,0.5872056664834667,0.0803153122565099,0.2474228629953528,0.0370194367160223,0.2308451857277931,0.0668288051012668,0.2655214357511992,-0.0757920372452679,0.4870684853243894,0.3266513640257765,0.3040972964581427,0.1758811792105252,0.1166517909235171,0.094520800032274,0.6502526577448735,0.3249289074658306,0.7408652474278437,0.046090025024684,0.3706845408988273,0.7461861834597466,0.202970584586405,0.1562858178796174,0.5532429222542927,1.1358975604792791,0.8137671510474789,0.8399999999999906,0.7783428342499411,0.8999999999999904,1.1382534602476515,0.15309477456726953,0.15309477456726953,0.07507246376811594,147,186.6865671641791
0.1949999999999997,0.0049999999999998,0.4,400,1.021014492753623,40.3831884057971,39.552022711142655,40.25782608695652,0.0,-1.7204348926555075,-1.6211493237597236,-1.0200000000000085,-0.293127401629331,-0.1823689678220374,0.1210808126801431,0.059999999999992,-0.2400000000000079,-0.1500000000000081,0.0299999999999919,0.1199999999999917,-0.2700000000000083,0.4199999999999919,0.0599999999999915,0.0599999999999913,-0.1500000000000086,-0.1800000000000086,-0.1212734599140976,0.59999999999999,0.1532344284742288,0.1743628996666961,0.0899999999999911,0.0899999999999911,-0.0300000000000087,-0.0900000000000088,-0.2100000000000088,0.3299999999999913,-0.0600000000000089,-0.3300000000000089,-0.1500000000000089,0.2399999999999913,-0.1500000000000088,-1.833228299748841,-0.9581587321343082,-0.4260104031928721,0.000801275858617,0.1199999999999905,0.0299999999999905,0.2099999999999905,0.0599999999999906,-9.476856456311306e-15,-0.0600000000000095,-0.1200000000000094,-0.0900000000000093,-0.1800000000000094,0.1799999999999906,-0.1200000000000094,0.9631743997887766,1.9199999999999904,0.5901060413977545,0.2005933779895694,-9.618972285352356e-15,-0.1200000000000093,-0.1500000000000093,0.0599999999999905,-9.312550730555813e-15,0.1199999999999907,-0.0600000000000091,-9.58344514856435e-15,0.0899999999999905,3.5182169376687624,-0.0336683773422307,0.0599999999999909,0.089999999999991,0.0599999999999908,-0.0600000000000088,-0.180000000000009,0.1799999999999909,-9.211255391322946e-15,0.0599999999999908,0.2099999999999909,0.2099999999999909,0.0899999999999908,0.4350693860182965,-0.0573111539183776,-9.099387909827782e-15,0.0299999999999907,-0.060000000000009,-9.231697828105064e-15,0.0899999999999908,0.1799999999999908,-0.0300000000000093,0.0899999999999908,0.2099999999999908,-0.0600000000000093,0.0299999999999906,0.2099999999999908,-1.8831037362013887,0.4128027489163067,0.6545781584667513,0.45125503863697,0.5041142486809859,0.2999999999999905,0.6033856855991268,0.5574973730851538,0.4840793693018819,0.5437299342077702,0.4562100162640387,0.8213778653669555,0.3391493039001967,0.6113778653669553,0.5713399729439748,0.6522744251157806,0.6603057199419521,0.755382468575656,0.3807439599053503,0.8258253580957396,0.4110609867887587,0.5070371520243162,0.3102353190593046,0.151240804315652,0.7264905781437596,1.181197589087211,1.0199999999999902,0.8399999999999906,0.6599999999999904,0.8699999999999907,1.1099999999999903,1.13999999999999,1.10999999999999,1.4408012758586164,1.1699999999999908,0.8999999999999908,1.0491987241413638,1.1699999999999908,0.9599999999999907,0.8699999999999907,0.8718412678656903,0.7199999999999909,0.9899999999999908,1.0209079366138014,1.0199999999999911,0.8999999999999914,0.4209636858030109,-1.1312621245518444,-2.278342834249963,-2.778738990785627,-5.674920552836084,0.1569561242092236,0.1569561242092236,0.021014492753623104,148,185.910447761194
0.3499999999999998,0.0099999999999998,0.4,400,1.1728985507246377,46.37869565217391,39.54194983318918,42.90782608695652,0.0,-0.8180601954106085,0.3273628217858915,-0.0600000000000093,-0.0900000000000091,0.443283489164072,0.2999999999999908,0.3899999999999906,0.1199999999999905,-0.2407500881213975,-0.3000000000000091,0.0899999999999904,-0.0600000000000095,-0.0600000000000096,-0.0600000000000094,0.0299999999999906,0.0599999999999905,-0.1200000000000093,0.0899999999999912,-0.0300000000000087,0.2787974631059896,-0.0229156787276802,0.0599999999999909,0.3299999999999904,-0.0300000000000092,0.0899999999999908,-0.180000000000009,-0.0600000000000092,0.1799999999999909,-0.1500000000000094,-0.2100000000000093,0.2099999999999909,-0.0900000000000091,0.4623568746893946,-0.486132028968905,0.2215788318260262,-0.2100000000000099,-0.06000000000001,0.0299999999999899,-0.1200000000000098,0.05999999999999,-9.802585860977869e-15,-0.1200000000000098,-0.2100000000000097,0.2099999999999902,0.3299999999999903,-0.0600000000000095,-0.0900000000000098,1.9266969650345949,1.831941988362664,0.5653800892545687,0.4696702305878018,-0.1800000000000093,0.2699999999999903,-0.2100000000000091,0.1199999999999908,0.1199999999999907,0.1799999999999908,0.1799999999999908,0.2999999999999905,-0.0600000000000093,2.6968538352820928,0.6686305694380795,0.089244076245085,0.0899999999999906,0.0599999999999906,0.2099999999999904,0.3599999999999907,0.0899999999999904,0.0899999999999905,0.0899999999999905,-0.1200000000000093,-0.2400000000000093,0.0599999999999905,0.5950522254880564,0.4826488333887742,0.1199999999999907,-9.285905377964811e-15,0.2099999999999907,0.2099999999999909,0.3599999999999908,0.4199999999999906,0.299999999999991,-0.3000000000000089,-0.2100000000000088,-0.2100000000000088,-0.2100000000000088,0.0299999999999911,7.416763044787651,0.4533098371594981,0.0608851999380661,0.3335168067803654,0.2267584033901785,0.253241596609805,0.2567584033901784,0.147308823731299,0.0494495796588712,0.1667584033901783,0.2232415966098045,0.2197247898294311,-0.1067584033901957,0.0167584033901776,0.089999999999991,0.029999999999991,0.0299999999999909,0.1367584033901777,0.0602490742066381,0.1722810083516227,-0.1011405041758249,0.0771487395604512,0.1817107562637149,0.0060082353846353,-0.080570252087917,0.1088594958241749,0.0599999999999908,0.1560064094748651,0.1199999999999908,-0.074483890018073,-0.2100000000000088,0.179999999999991,0.1951624263179069,0.0049397425378566,-0.0600000000000089,0.1267949940844032,-0.0050541421059811,-0.0300000000000091,-0.3243212389172117,-0.2774456882091441,-0.003027208823597,0.0899999999999904,0.1256040424708869,0.0482434570502153,0.0209776693368844,-0.2385422009131387,0.4542870176924217,-0.1137983170114008,0.1463144957408312,-0.335569039026068,-0.494895614948074,0.1581293815880459,0.1581293815880459,0.17289855072463767,149,185.13432835820896
0.5,0.0199999999999998,0.4,400,1.327536231884058,49.32492753623188,37.15524017467249,42.2068115942029,0.0,-0.5522954955725475,0.0091967199554734,0.6599999999999909,0.3599999999999905,-0.2949860402529974,-0.240000000000009,-0.0600000000000091,0.0899999999999907,0.1799999999999906,0.0599999999999908,-0.3600000000000097,0.2399999999999902,0.0899999999999903,-0.1800000000000099,-0.2400000000000098,-0.03000000000001,-0.0900000000000099,-0.0300000000000095,-9.467981954003335e-15,-0.1464563866607841,-0.0247511724547725,-0.0294431157708715,-9.761080832504376e-15,-0.1200000000000097,-0.1200000000000096,0.0599999999999903,-9.521346948164796e-15,0.3599999999999902,0.1799999999999904,0.0899999999999905,-0.0600000000000098,0.1499999999999901,0.6095342903185741,0.688342834249941,-0.3187674269433541,-0.0300000000000093,-0.1500000000000092,-0.0300000000000093,-0.0900000000000094,0.1199999999999905,0.2399999999999907,0.0599999999999905,-0.2100000000000093,0.1199999999999905,0.0599999999999906,-0.2400000000000091,-0.2700000000000091,-1.705283048476208,-1.5878355144490792,-0.6973152771160521,-0.2398347138507434,0.3001652861492558,-8.837767946157291e-15,0.0599999999999912,-0.0600000000000085,0.1199999999999914,0.6599999999999914,0.1199999999999915,0.2699999999999911,0.2699999999999911,5.666910870257526,-0.2178259073551777,0.5399999999999918,0.4499999999999922,0.2399999999999924,0.0599999999999927,0.0299999999999927,0.0599999999999926,0.0899999999999927,-0.2400000000000071,-0.0600000000000071,0.1499999999999927,-0.1200000000000071,5.013952872048105,0.3043674711334621,0.0299999999999926,-7.32380134768706e-15,-7.329146478307621e-15,-7.329146478307621e-15,-7.329146478307621e-15,-7.329146478307621e-15,-7.329146478307621e-15,-7.329146478307621e-15,-7.329146478307621e-15,-7.329146478307621e-15,-7.329146478307621e-15,-7.329146478307621e-15,12.390035014041525,0.0629382187889982,-7.312956525690622e-15,-7.312956525690622e-15,-0.0152967551240159,-0.0104780475781312,0.0172907907206055,-0.0176809327915635,-0.020905828419188,-0.0155117899772779,7.708088105371549e-05,-4.748971977193925e-15,0.010478047578119,-0.0670943022929338,0.0297785337976281,0.0402565813757513,0.1341886045858516,0.0670943022929223,-0.0298905999875987,-6.674660824046441e-15,-0.0134188604585923,-0.0268377209171781,0.0134188604585789,-6.7885032674820806e-15,-0.0033395429316077,-6.797174371040269e-15,-0.0335168067803803,-7.706763049166493e-15,-0.0502752101705681,-0.050275210170568,0.0502752101705517,0.0167584033901782,0.0205702520878992,0.0411405041758073,-8.605765218770643e-15,0.0411405041758072,0.0411405041758071,-0.0205702520879166,-0.1028512604395484,-0.0249458578940368,-0.0249458578940363,-0.1746210052582045,-8.535394613318203e-15,0.1496751473641598,-0.0498917157880649,-0.2400000000000089,0.029999999999991,-0.3000000000000091,0.1199999999999906,-0.1200000000000093,-0.0300000000000093,0.1583448206399193,0.1583448206399193,0.327536231884058,150,184.35820895522386
0.3599999999999999,0.0099999999999998,0.4,400,1.147536231884058,47.001014492753626,40.95819651427128,44.088115942028985,0.0,-0.3472408571473083,-0.4577370832881612,-0.9300000000000088,-0.1786568795858916,-0.2973549392322969,-0.3300000000000092,0.1799999999999906,0.1199999999999905,-0.0007500881213976,0.2099999999999907,-0.0900000000000095,-0.0300000000000094,0.1799999999999905,-9.352518759442318e-15,0.1199999999999905,-0.360000000000009,0.2699999999999909,-0.3609079366138186,0.0599999999999911,0.6617417575251978,-0.2764058689426134,0.0599999999999908,0.0599999999999908,-0.1200000000000091,0.0899999999999906,-9.299228054260312e-15,-9.547918011776346e-15,-0.2400000000000094,-0.0300000000000095,-9.618972285352356e-15,0.1499999999999909,-0.0600000000000089,-0.5662148014092945,-0.0566012434506329,-0.1022689949277902,-0.0254448036123213,-0.1500000000000098,0.14999999999999,0.26999999999999,0.1499999999999901,-0.1800000000000096,0.0299999999999902,-0.1500000000000096,-0.0300000000000096,-0.2100000000000095,-0.1200000000000096,-0.1200000000000098,-0.0887153254585286,-0.4221730884366096,-0.0254006625176722,-0.1500000000000093,0.0299999999999907,-0.300000000000009,-0.0300000000000092,0.0299999999999906,0.1199999999999907,0.0599999999999907,-9.296084414867278e-15,-0.0900000000000093,-0.060000000000009,8.984327001895345,0.5266560372568039,0.4799999999999901,-0.3000000000000091,-0.0900000000000095,-0.1500000000000093,-0.2100000000000092,0.1199999999999905,0.0899999999999906,-0.0300000000000093,0.2699999999999909,0.2099999999999909,0.1199999999999904,-2.5610933703063266,-0.5625403342092868,-8.970602038971265e-15,-0.1800000000000088,0.1199999999999909,0.1499999999999912,-0.300000000000009,-0.0900000000000088,-8.899547765395254e-15,-8.872902412804251e-15,0.3899999999999906,0.149999999999991,-8.810729923425242e-15,0.0299999999999911,16.697460135692012,0.8323320253542331,0.1056868594563574,0.1800381770790114,0.1499999999999917,0.253241596609805,0.103241596609805,0.0299999999999918,-0.0802752101705685,-0.1305504203411286,-0.2700000000000081,0.0432415966098048,0.3802752101705514,-0.0264831932196354,-0.0558185428814439,0.2735168067803646,-8.828493491819244e-15,-0.1873286554781036,-0.0300000000000089,-0.0908166427285842,0.4191833572714157,0.2982567112169803,0.219429747912083,0.0299999999999908,-9.142510712491628e-15,0.0034215125274384,-0.0884351428162866,-0.0094297479121011,0.0599999999999907,-0.1850541421059811,-0.0249458578940372,-0.0849458578940371,0.0303248526358227,0.0751624263179068,-0.044837573682093,-0.1847292894701491,0.1499999999999908,-0.1974756666247631,0.1199999999999907,-0.3000000000000093,-0.1200000000000095,0.0001639319840668,0.3057143394908014,-0.3000000000000093,-0.1376348144246721,0.3776348144246533,0.071284899575322,0.1286802927103263,-0.1689694098068298,0.1375596056342997,0.0659340432591298,0.15947299196585815,0.15947299196585815,0.14753623188405807,151,183.5820895522388
0.3699999999999999,0.0049999999999998,0.4,400,1.1195652173913044,48.14710144927536,43.00517799352751,45.875652173913046,0.0,0.7332924286336128,0.2585963723566161,-0.6314923338820794,-0.120000000000009,-0.1228166538633375,-0.2100000000000093,-0.2100000000000096,0.0599999999999903,0.1499999999999904,-0.0300000000000094,-0.0300000000000093,0.5099999999999905,-0.0300000000000092,-0.180000000000009,0.1499999999999909,0.2999999999999909,0.0899999999999908,0.1190920633861808,0.0599999999999909,0.205310369278793,-0.1892232614333348,-0.1200000000000093,0.0599999999999907,-0.0600000000000095,-0.42000000000001,-0.4500000000000103,0.2699999999999901,-0.0900000000000098,-0.0900000000000096,-9.940763836018751e-15,-0.1800000000000092,0.0299999999999907,-0.1394810407102117,-0.090000000000009,-0.4647721443402812,0.0299999999999901,-0.0600000000000097,0.2699999999999902,0.1199999999999903,-0.2400000000000094,-0.2700000000000094,-0.2100000000000093,-0.0300000000000096,-0.0900000000000095,-0.2400000000000096,0.1499999999999905,-0.0900000000000096,3.082729941525518,3.855672170284508,-0.3723779127141924,-0.1967050187124192,-0.0900000000000089,-0.2400000000000089,-9.348077867343818e-15,-0.2400000000000099,-0.1500000000000094,-0.1500000000000094,0.1199999999999905,-0.1800000000000093,-9.358256904246287e-15,-3.6616674948747128,0.013176518762468,-0.2104160788687496,0.0899999999999905,-0.0600000000000094,-0.2700000000000093,-0.0900000000000091,0.1499999999999909,-0.0900000000000089,0.119999999999991,0.119999999999991,0.299999999999991,-0.330000000000009,10.462266145863785,1.232434642056411,-0.1198347138507434,0.239999999999991,0.3899999999999909,-0.0900000000000088,-0.5700000000000088,-0.0900000000000087,-0.5400000000000089,0.0599999999999912,-0.1200000000000087,-0.1200000000000087,-0.3900000000000087,-0.3600000000000086,14.37964363781238,1.0311758761227114,0.3063737611976504,0.0568377209171633,-0.1500000000000081,0.0434188604585774,0.0165811395414059,-0.166758403390195,-0.2666604570684072,-0.3465811395414224,0.0899999999999915,0.1799999999999916,0.1402752101705518,-0.346758403390195,-0.0397247898294481,-0.1500000000000083,0.2832415966098047,0.0132415966098047,0.2699999999999913,-0.0070336135607555,0.069724789829431,-0.3900000000000087,-0.2735168067803822,-0.1067584033901955,-0.0432415966098221,-0.030000000000009,-0.0505702520879168,-0.1782892437362853,0.0948016137870274,0.0394297479120828,-0.026724386552563,-0.2186930002302338,-0.2298917157880652,-0.0600000000000092,-0.0549458578940373,0.0249458578940189,-0.2797834315761212,-0.3000000000000089,0.1348375736820751,0.0599999999999908,0.1158346442306132,-0.1800000000000093,0.4199999999999902,-0.2400000000000094,-0.0300000000000095,-0.3117565429497849,0.0599999999999903,0.2335130858995409,-9.352518759442318e-15,-0.4076348144246723,-0.17351308589956,0.16658568671646262,0.16658568671646262,0.11956521739130443,152,182.8059701492537
0.4299999999999999,0.0199999999999998,0.4,400,1.3557971014492751,46.86072463768116,34.5632282202031,39.3468115942029,0.0,-1.0321733414217829,-0.9463920165656368,-0.480000000000009,-0.0300000000000091,-0.0920055458960043,0.1199999999999904,0.0599999999999904,-0.0600000000000094,0.2699999999999907,-0.0900000000000091,0.3899999999999907,0.2699999999999909,0.0599999999999909,-0.1800000000000091,-0.0600000000000091,0.0299999999999907,0.0299999999999907,0.029146152002318,-9.120109645657776e-15,-0.0302522239976889,0.1479281485281514,0.0899999999999904,-9.614531393253857e-15,-0.1200000000000098,-0.1200000000000099,-9.987566329527908e-15,0.05999999999999,0.0599999999999899,0.1799999999999901,-0.2100000000000097,0.1499999999999907,0.0899999999999906,-0.5505341422740256,0.0599999999999906,-0.0376809196359815,-0.1500000000000094,0.0899999999999902,-0.1800000000000095,-0.2100000000000094,0.1799999999999904,-0.0300000000000094,-0.2400000000000093,-0.0300000000000092,0.0599999999999907,0.1199999999999906,0.0599999999999907,0.0599999999999904,1.386393299573525,2.852678667962528,0.1881599043131721,-0.0900000000000094,-0.0600000000000094,0.0299999999999905,0.1499999999999904,-0.0002914628180361,-0.1500000000000094,0.3899999999999904,0.0899999999999907,-0.1800000000000093,0.0899999999999906,-2.919345529961318,-0.2782971924540465,-0.0511495826056041,0.2699999999999911,-0.1200000000000087,-0.0300000000000088,0.329999999999991,-0.2100000000000087,-0.0600000000000088,-0.1800000000000087,-0.3000000000000086,-8.837375276016245e-15,-0.1500000000000087,12.108471519368504,0.1022044012055057,0.252984782431305,0.3899999999999914,-0.1500000000000082,0.149999999999992,0.6299999999999923,0.1199999999999917,0.419999999999992,0.3299999999999921,0.0599999999999918,-0.1200000000000079,-0.2700000000000078,-7.966960424710124e-15,11.65311927873072,0.2002764042245815,-0.2937983391145152,-0.0657225215015687,-0.3996579998188376,-0.0469129932890943,-0.2114072797749,-0.1945861163930988,-0.009720396576464,-0.0427684996566516,0.0134188604585789,-6.747870849686581e-15,0.0033395429315941,0.0033395429315942,-0.0167584033901935,-0.1173088237313141,-0.0167584033901936,-0.1173088237313145,0.0167584033901794,0.0335168067803657,-0.1173088237313149,-8.43361106465755e-15,0.0335168067803652,-0.0502752101705687,-0.0038118486977297,-0.0205702520879165,-0.0205702520879165,-8.647365798687596e-15,0.0205702520878992,-0.0617107562637323,-0.1028512604395484,-0.1028512604395483,-8.782494345739582e-15,-0.0411405041758246,-0.0249458578940369,-0.0205702520879166,0.224512721046244,0.0748375736820755,0.1247292894701316,0.0796043763901341,-0.060000000000009,-9.000567526573284e-15,-0.1200000000000091,0.1799999999999909,0.0299999999999905,-0.0955013697821906,-0.1013796412570784,-9.18644336452399e-15,0.1076348144246534,-0.134558564185232,0.1076348144246541,0.1674340576220235,0.1674340576220235,0.3557971014492751,153,182.02985074626866
0.4649999999999999,0.0199999999999998,0.4,400,1.3684057971014494,47.92811594202899,35.024782884981995,39.98985507246377,0.0,-0.4336361146293955,-1.010930155387434,-0.3900000000000094,-0.1200000000000091,-0.2434922314571154,0.0299999999999909,-0.0600000000000091,0.1499999999999909,0.1799999999999909,0.1499999999999909,-0.0300000000000091,0.1799999999999909,0.2099999999999908,0.1199999999999906,-0.1500000000000094,-0.4200000000000098,0.1499999999999903,0.2699999999999906,-0.0600000000000095,-0.1069708668200049,-0.1724669103465018,0.0299999999999901,-0.0600000000000099,-0.0900000000000098,0.2399999999999902,0.29999999999999,0.2999999999999902,-0.3000000000000097,-9.570196761248304e-15,-9.6023973406296e-15,-0.1500000000000098,0.1499999999999902,0.2336115761112121,0.0882636701003931,-0.1978195465784246,-0.2100000000000093,0.3899999999999904,0.0899999999999906,-0.0300000000000093,-9.288774450366794e-15,-0.1200000000000093,-0.0300000000000092,0.209999999999991,0.2399999999999907,0.2699999999999905,-9.45337315938667e-15,0.1799999999999907,-4.646434288026261,-3.38543121049382,-0.3359764244546345,-0.0624475039456004,-0.0900000000000091,-0.3600000000000088,-0.2700000000000089,-0.2400000000000087,-8.855138844410249e-15,-0.1800000000000086,-8.842601508396835e-15,-0.1800000000000088,-0.0300000000000088,7.222885174894588,0.6014983721730977,0.0899999999999911,0.1799999999999911,0.1799999999999914,0.5399999999999915,-0.0600000000000082,0.2399999999999917,0.329999999999992,0.2099999999999923,-0.0600000000000078,0.1199999999999918,0.0599999999999919,14.772292969161976,0.2745924020187643,0.1839099718122899,0.3599999999999925,0.1499999999999927,-0.0900000000000072,0.1499999999999926,0.2699999999999928,0.2699999999999927,0.0299999999999927,0.0599999999999927,0.0299999999999927,0.0835686862931325,-0.1215632644787875,6.37232447592828,0.0192182324818108,0.0285658572656211,0.0263335965215962,-0.0660939151995479,0.0269789044023336,-4.870534387750196e-15,-0.026725654727217,-0.0805131627515193,0.0297785337976279,0.0402565813757515,0.0536754418343374,0.0536754418343363,0.0536754418343363,-0.0134188604585923,-6.714628852932946e-15,-6.7503504968634816e-15,0.0268377209171646,0.0033395429315942,0.0335168067803666,0.0167584033901799,-6.908407354141598e-15,-0.0167584033901936,0.0972108774095121,0.1005504203411128,0.0167584033901786,-7.939849203008022e-15,0.0502752101705516,0.0167584033901781,-8.595159128721641e-15,0.0411405041758072,-0.0167584033901953,0.1028512604395309,-0.0617107562637324,0.2100781266851906,0.1851322687911626,0.020570252087899,0.0043756058061113,-0.0498917157880647,-0.1496751473641766,-0.0748375736820929,0.0748375736820753,0.0249458578940191,-0.0300000000000089,0.0299999999999909,0.3299999999999907,0.0899999999999907,-0.0300000000000093,-0.0600000000000093,-0.1076348144246721,0.0358782714748783,0.17033140518507478,0.17033140518507478,0.3684057971014494,154,181.25373134328356
0.2699999999999998,0.0049999999999998,0.4,400,1.0708695652173914,43.9004347826087,40.99512789281364,42.90768115942029,0.0,-0.7597998292893702,0.0014977213861977,-0.2400000000000092,-9.139355938714288e-15,0.2669099243784607,-0.0600000000000089,-0.1800000000000088,-0.1200000000000089,0.029999999999991,-0.4200000000000091,-0.150000000000009,-0.1500000000000093,0.1799999999999908,-0.0600000000000093,-0.1800000000000093,0.1199999999999905,-9.479814623747296e-15,-0.030963685803027,-0.1200000000000083,-0.2953581664858177,-0.1754882701242002,0.1799999999999906,0.2999999999999906,-9.476863738200336e-15,0.1499999999999905,0.1499999999999905,-0.2400000000000094,-0.1200000000000094,-0.0900000000000093,-0.0300000000000093,0.1499999999999907,0.2699999999999906,-0.0531530486947089,-0.1183428342499599,0.2138176457505692,0.089999999999991,0.0899999999999909,0.1199999999999909,0.0599999999999907,-0.120000000000009,-0.1200000000000091,-9.18263301808629e-15,0.029999999999991,0.0599999999999907,0.0599999999999908,-0.1200000000000092,-0.180000000000009,-0.5208289165377843,-1.9200000000000093,0.3482958001080923,0.1499999999999904,-0.1500000000000098,-0.06000000000001,0.17999999999999,0.20999999999999,0.05999999999999,-0.0600000000000098,0.0299999999999901,-0.06000000000001,0.11999999999999,5.358762528671326,1.019765471324401,0.1499999999999902,-9.765521724602876e-15,0.0899999999999902,0.1799999999999902,-0.0900000000000096,-0.1200000000000096,0.1499999999999903,-0.0900000000000096,0.0599999999999903,0.0299999999999903,0.0299999999999903,6.333347322953188,0.4964549563655345,-0.0600000000000094,-9.561240688071847e-15,-0.0600000000000094,-0.0300000000000094,0.1199999999999904,-0.1800000000000094,0.1199999999999905,-9.450218385609331e-15,-0.3000000000000092,0.0899999999999905,-0.2400000000000093,-0.3900000000000094,1.2844496210453444,0.3364231901183974,0.0730236382246269,0.4037363371123905,0.8199768833547211,0.563557413751736,-0.2078343202371392,-0.1169271600671267,-0.6469864398196337,0.0259775114091495,-0.139930244944988,0.0825321721904923,-0.0597945476465162,0.1756769698796543,-0.3978629233613114,-0.5005624437148584,-0.5051845183807666,-0.3015473524511212,-0.1860980567708935,-0.3147753865502343,-0.2874192868340494,-0.0576504734716504,0.3913317310619173,0.4583373165575214,-0.5030835839585843,0.1987443745810526,0.4609705326048077,0.324519604703644,0.7029248167079101,0.4287007451643253,0.0718237353635668,0.4092505159884107,0.2471126307933481,0.5486928515132143,0.2615761857825619,0.0637453133966644,0.1667649064093858,0.080726677002889,0.1780255815650599,0.5393017429729628,0.6442798409570749,0.4769781357150954,1.0781158101817194,0.8748951320386081,-0.071850077117402,0.8102106306062398,1.5599999999999885,1.1999999999999884,0.9299999999999886,0.6299999999999885,1.1399999999999888,0.17195501705203176,0.17195501705203176,0.0708695652173914,155,180.47761194029852
0.2599999999999998,0.0049999999999998,0.4,400,1.0613043478260868,43.46652173913044,40.955755837771406,42.6672463768116,0.0,-0.4174452988934145,-0.0870955066234858,-0.3600000000000086,0.0031531657285241,0.0931474764552247,-8.835503054955301e-15,-0.1500000000000089,-0.1500000000000088,0.3599999999999912,0.0299999999999911,0.149999999999991,-0.090000000000009,0.4799999999999911,-0.0600000000000091,0.0899999999999908,-0.1800000000000092,0.1499999999999907,-0.2700000000000081,-0.330000000000008,0.0961300661092779,-0.0729901658216813,0.1199999999999904,0.2999999999999904,0.3899999999999904,-0.3900000000000097,-0.3900000000000096,-0.3900000000000093,-0.0600000000000094,0.1499999999999905,-0.0300000000000094,-0.2400000000000093,0.2999999999999906,0.4549340633601351,0.2417465397523298,-0.1422430018884641,-0.1234922314571152,0.1199999999999908,0.269999999999991,0.2999999999999911,-0.1800000000000089,0.0899999999999908,-0.210000000000009,-0.0900000000000091,-0.240000000000009,-0.0900000000000092,0.0899999999999907,0.1799999999999908,-0.0077551247808083,0.8649458578940197,0.2996314975002256,-0.0900000000000094,0.0299999999999903,-0.0300000000000098,-0.2700000000000099,0.0299999999999899,0.0899999999999902,-0.0900000000000099,-1.0018992787542324e-14,0.1199999999999902,-0.0600000000000097,3.8781638612156906,0.82016221105271,-0.0576416175841018,-0.2400000000000098,0.2999999999999901,-0.0300000000000098,0.1199999999999902,0.0299999999999902,-0.1800000000000096,-0.1500000000000096,0.0599999999999902,0.1499999999999902,-0.1500000000000095,-2.217853496987226,-1.0007037282600737,0.0299999999999904,-0.0300000000000095,-0.0600000000000097,-0.0600000000000096,0.2699999999999904,0.0599999999999904,-0.2400000000000092,-9.521272659185343e-15,-0.0600000000000095,-0.1800000000000095,0.1799999999999904,0.0299999999999904,-4.843353010564986,-1.1757658347662228,-0.9940338571271752,-0.8433266097996777,-0.7645837764589135,-0.7943108024544249,-0.9255440529097164,-0.8686720694904494,-0.7945984260788255,-0.8294007526928197,-1.2102407410477722,-1.2273744909768816,-0.1791055537444197,-0.2449397790131721,0.1983735119403523,0.7921111177624105,0.545849589189666,0.4164247440865254,0.3086305185922633,0.3659257073657875,0.4819834720644874,0.1937633780292229,0.4747192759683762,0.3009204406939882,0.6411003134685,0.941149968692207,0.5567990540582667,0.8391823937968143,0.7293823793350195,0.7794735965149039,0.3536677495068256,0.8574644673477373,0.76124213464454,1.0372296721404313,0.7287594361166707,0.7620789592958274,0.955888108564362,0.864437847704379,1.2147847545934476,1.250909143829858,2.3350620557534323,2.3265103188640506,2.0022251282158208,2.01118969472439,1.97999999999999,2.09999999999999,1.67999999999999,1.8592499118786017,1.529999999999989,1.1699999999999893,1.67999999999999,0.17540604097380263,0.17540604097380263,0.06130434782608685,156,179.7014925373134
0.3649999999999999,0.0099999999999998,0.4,400,1.1295652173913044,47.34014492753623,41.91005901975879,44.78130434782609,0.0,-0.4904323466052638,-0.0432633163283351,-0.5700000000000088,0.0044962970363807,-0.0274075113713436,-0.0600000000000094,-0.3000000000000092,-0.1500000000000094,-0.1200000000000094,-0.0600000000000094,-0.1500000000000094,-0.0900000000000093,0.0899999999999907,0.0607500881213789,0.2099999999999907,-0.090000000000009,-0.0292998367182573,0.1799999999999911,-0.0900000000000088,0.1814159680832534,-0.1525383912484315,-0.0585163446440963,-0.0900000000000091,-0.0300000000000093,0.1499999999999906,0.0599999999999905,-0.3000000000000098,-0.5700000000000103,0.1199999999999903,0.1199999999999904,-0.0900000000000091,-0.2100000000000091,0.6168833561235249,0.5684274083129778,0.1760391356596049,-0.0900000000000098,0.23999999999999,-0.1800000000000097,-0.2700000000000097,-0.0900000000000097,-9.72555369571637e-15,-0.3900000000000097,0.0299999999999903,0.0599999999999903,-0.0600000000000095,-0.1200000000000095,-0.0300000000000097,2.7692297557137904,1.8578355144490637,-0.1706188210194847,0.1199999999999906,-0.2700000000000092,-0.0300000000000091,-0.0600000000000092,0.2099999999999907,-0.0600000000000092,0.0599999999999906,0.0299999999999906,0.0899999999999908,0.1199999999999907,4.099480200111992,0.2438855557442634,-0.0600000000000094,0.0299999999999907,0.1499999999999907,0.0299999999999904,-0.1200000000000094,-0.2100000000000094,-9.392486788328824e-15,0.4799999999999906,-9.231328554461639e-15,0.3299999999999906,0.1799999999999906,4.889482126864928,0.6667163528529082,0.2491452004368203,-0.240000000000009,-9.023892744153272e-15,0.2699999999999911,0.029999999999991,0.1499999999999912,-8.828493491819244e-15,-0.2700000000000087,-0.3000000000000086,0.1199999999999911,0.1799999999999911,0.0899999999999911,11.439649313414098,0.0036454257467823,0.2108800995820817,0.0734188604585776,-0.1200000000000081,0.223241596609805,0.2699999999999917,-0.150000000000008,-0.0635168067803816,0.3732415966098048,0.143235367905774,-0.0070336135607552,0.1429663864392443,-0.2532415966098219,-0.0370336135607554,0.0167584033901779,-0.073241596609822,-0.210249074206656,0.2664831932196176,-0.0600000000000088,-0.0600000000000088,-0.0600000000000089,-0.060000000000009,-0.0394297479121011,0.1777241541947155,0.1817107562637147,-0.2211405041758247,0.0505702520878987,-0.0300000000000092,0.2450541421059628,-0.0600000000000092,0.0505702520878987,-0.054945857894037,-0.054945857894037,-0.0774408904617537,-0.4048375736820928,-0.2750541421059809,0.3649576259669605,-0.2700000000000091,-0.1800000000000092,0.1443497767941347,0.095878271474878,-0.0386802927103452,0.2999999999999905,-0.0476348144246723,-0.027197978764561,-0.3624251195427516,0.1645966658049041,0.0305109663001412,-0.6484096516705407,-0.2367263353901174,0.17614469876866018,0.17614469876866018,0.12956521739130444,157,178.92537313432837
0.49,0.0199999999999998,0.4,400,1.342608695652174,48.95304347826087,36.461139896373055,41.59072463768116,0.0,0.2271513399877696,-0.217961106541307,-0.3300000000000091,-0.0600000000000091,0.0611597248007508,0.1799999999999909,-0.0300000000000092,0.0599999999999908,-0.030000000000009,0.2099999999999909,-0.1800000000000094,0.0899999999999904,0.2699999999999904,0.2099999999999901,-0.0900000000000097,-0.0600000000000099,-0.0900000000000099,0.0323225662305108,0.3899999999999907,-0.221157957491349,0.4466699048178102,-0.1500000000000097,0.0299999999999902,0.0299999999999902,0.0899999999999902,0.0599999999999902,-0.0300000000000095,0.0899999999999903,-0.2400000000000093,0.2099999999999903,0.2099999999999899,-0.0600000000000099,0.282718865676099,0.2099999999999906,-0.403332538212972,0.0599999999999907,-0.0300000000000091,0.0299999999999907,-0.1200000000000093,0.2999999999999908,0.2099999999999905,0.2399999999999905,0.1499999999999905,0.0599999999999904,0.1499999999999905,-0.0600000000000093,0.1499999999999907,0.6151720187237598,1.2642499318105562,-0.0072946920414758,0.3305808996599593,-0.0600000000000087,-0.3000000000000087,0.1498347138507258,0.1199999999999911,-0.2098347138507433,-0.1800000000000085,-0.0600000000000086,0.4799999999999907,0.1499999999999911,-1.7279391053414264,-0.7260041291035831,0.0899999999999915,0.1199999999999917,-0.1200000000000079,-0.6000000000000075,-0.3000000000000075,-0.3000000000000075,-0.1500000000000073,-0.3300000000000072,0.0299999999999927,-0.1800000000000073,-0.4500000000000071,7.0025429384566245,0.1482106564628429,-0.0535972917796115,0.0299999999999926,0.0299999999999926,-0.0300000000000073,-7.329146478307621e-15,-7.329146478307621e-15,0.0299999999999926,-7.329146478307621e-15,-7.329146478307621e-15,-7.329146478307621e-15,-7.329146478307621e-15,-7.329146478307621e-15,16.997501140724033,0.0222989121228194,0.0064027082203884,-0.0048330363898126,-9.473725680005266e-05,0.0186510327741719,0.0296675405010183,0.0005196336461181,-0.0533862451729479,-0.031434142734377,-0.0104780475781288,-0.0209560951562529,-0.0670943022929341,-0.0611006103420515,-0.0238969080367152,-0.0402565813757633,0.0268377209171653,0.0805131627515077,0.0103659813881581,-0.0134188604585924,-0.0268377209171781,-0.0134188604585924,0.0234981779855636,-6.813527868947709e-15,-6.822198972505896e-15,0.0837920169509266,-0.0670336135607539,0.0837920169509255,0.0335168067803652,-0.0670336135607551,-8.636446136521347e-15,-0.0167584033901953,0.0411405041758072,0.0205702520878993,0.061710756263715,0.0617107562637151,-8.777801365259244e-15,-0.0822810083516404,-0.0367648983697045,0.0249458578940193,-0.1496751473641766,-8.428813202954189e-15,0.1496751473641596,0.0748375736820754,-0.0300000000000088,-0.2100000000000089,0.299999999999991,-9.343636975245315e-15,-9.29227298490026e-15,0.1499999999999902,0.0658782714748782,0.17742438524830662,0.17742438524830662,0.3426086956521739,158,178.14925373134326
0.0899999999999996,0.0199999999999998,0.4,400,1.0085507246376813,28.19,27.95099870671073,28.177246376811595,0.0,-1.943544372365632,-1.1316726699968174,0.0049283238596098,-0.1265036240326718,-0.4826564132900502,-0.2400000000000089,0.0016571657500402,0.059999999999991,0.269999999999991,0.0899999999999909,-0.1500000000000089,-0.2700000000000089,-0.150000000000009,0.119999999999991,0.0899999999999909,-0.4200000000000086,-0.180000000000009,0.02621674377162,0.4778355144490633,1.0252177654237655,-0.1167704812436983,-0.4200000000000092,0.0299999999999909,-0.1500000000000089,-0.090000000000009,-0.4200000000000088,-0.2400000000000091,-0.5700000000000095,0.1199999999999909,-0.060000000000009,-0.0900000000000091,0.9865962944976032,-0.0076218251565368,-0.0572761947184216,-0.1972559527810621,0.0914923338820616,0.8399999999999919,0.7799999999999919,1.0799999999999914,0.8099999999999916,0.5699999999999917,0.5099999999999916,0.2399999999999905,0.689999999999992,0.8713431204141092,1.0499999999999918,1.0199999999999918,1.237223797114821,2.4628963492352565,-0.2014117331121811,-1.5300000000000074,-2.3081587321343093,-2.4900000000000087,-2.040000000000008,-1.9500000000000075,-2.1300000000000074,-2.1600000000000072,-2.490000000000008,-2.67000000000001,-2.1600000000000072,-1.811433132473428,-0.4016975752492001,0.6173579564064098,0.9299999999999906,1.1399999999999906,0.7799999999999901,1.0499999999999905,0.6599999999999905,0.9299999999999904,1.1099999999999903,1.0499999999999905,1.1999999999999909,1.0799999999999907,1.4815776915612784,0.8611134819920856,1.6478526123873556,2.069999999999992,2.188793307645972,2.129999999999993,2.52254691982817,2.2799999999999923,2.3399999999999928,2.0699999999999923,2.0999999999999925,2.3099999999999925,2.4599999999999924,2.129999999999993,0.7793633149959116,0.4739748170594425,-0.888697824023609,-0.7730807188575364,-1.1444851845289823,0.1492240194249972,1.198158732134294,1.8899999999999932,2.185980357920867,2.2799999999999936,3.3531937357028325,4.352164485550922,4.795673258883715,4.600328259655402,2.162766634969259,0.2011610861385268,-9.663381206337363e-15,-0.0600000000000085,-0.4133621534875537,-1.83609268686114,-2.4884274083129934,-2.7461455393516387,-2.399777502811753,-2.310000000000009,-2.220000000000009,-2.040000000000009,-2.280000000000008,-2.4300000000000086,-2.160000000000009,-2.160000000000009,-2.37000000000001,-2.4000000000000097,-2.220000000000009,-2.400000000000009,-2.31000000000001,-2.130000000000008,-2.220000000000009,-2.2177118665015634,-2.2500000000000098,-2.31000000000001,-2.340000000000009,-2.310000000000009,-2.3100000000000085,-2.0655473809506333,-2.340000000000009,-2.220000000000009,-2.1622881334984543,-2.100000000000008,-2.2200000000000064,-2.310000000000006,-2.340000000000008,-0.17851435525424078,0.17851435525424078,0.00855072463768125,159,177.37313432835822
0.1849999999999997,0.0149999999999998,0.4,400,1.04768115942029,37.12159420289855,35.43214829160326,36.7795652173913,0.0,-1.6009526782573502,-1.5190577672749703,-0.4840988809781763,0.303065140540194,-0.0325812471234217,-0.0600000000000091,0.149999999999991,-0.1200000000000088,-8.626593149250877e-15,-8.713030297258229e-15,0.0599999999999916,-0.2100000000000082,0.1499999999999918,-0.030000000000008,-0.0300000000000081,-0.030000000000008,-0.0900000000000081,0.6586568795858733,0.1499999999999907,0.6016571657500406,0.0467933777171658,-0.0900000000000083,0.1789191873198404,0.0899999999999915,0.2399999999999912,0.0299999999999912,-8.704148513061228e-15,0.2999999999999913,0.0599999999999912,0.2399999999999912,-8.319958425819435e-15,0.2999999999999919,-0.6805412414842507,-0.2038010091985871,-0.3922103474903078,-0.1200000000000088,-0.2700000000000089,-0.3000000000000088,-8.988365607365267e-15,0.089999999999991,-0.090000000000009,0.0599999999999909,0.149999999999991,0.0899999999999908,0.0299999999999908,0.1799999999999908,0.2399999999999911,-2.75123251767556,-4.196939826600136,-0.384325006346916,0.0299999999999905,-0.1200000000000094,-0.0600000000000094,0.0899999999999905,0.2399999999999905,-0.4500000000000094,0.0899999999999905,0.3299999999999907,0.0599999999999905,-0.0900000000000094,2.867359925429403,0.5950315257794159,-0.1085501864445918,0.1799999999999906,-0.0300000000000095,-9.604525406483054e-15,0.1199999999999903,0.1199999999999904,0.0599999999999905,0.2399999999999907,-9.397995964804426e-15,-0.2400000000000093,-9.503987314783188e-15,3.250838513090735,2.377168719147446,1.258772190741769,0.7119020469592064,0.136167076200932,-0.0458697440402544,0.179999999999991,0.0899999999999907,0.1499999999999907,-0.210000000000009,0.4199999999999906,-0.1800000000000091,0.1199999999999907,-0.2100000000000091,-3.4807942246970653,-1.8457522619659352,-2.4674563728599197,-1.7412185212128874,-1.747335339138598,-1.776371668304302,-2.0166723695709905,-1.7715740251066896,-1.4223034368393428,-0.5268466802507451,0.1075308874165898,-0.4350122033181909,0.0908944306529697,0.2099852612349061,-0.12000000000001,-0.1200000000000093,0.3299999999999912,-0.150000000000009,-0.0600000000000094,0.2699999999999918,0.1518412678656903,0.2999999999999923,0.1799999999999922,-7.291944825738029e-15,0.1199999999999912,0.0299999999999931,-0.5700000000000073,-0.3918412678657059,0.209999999999994,-0.0600000000000075,0.0299999999999931,0.3299999999999937,-0.1464121923819694,-0.0900000000000067,0.2399999999999932,0.3319419883626661,0.0290363141969748,0.2999999999999927,0.0599999999999942,0.3599999999999944,0.5699999999999931,-0.1200000000000067,0.1247658341717943,-0.9634679282555983,-0.457352023295816,-1.8384092419002935,-2.1675096778836216,-2.2340275881205094,-1.8637960470263133,-0.5034419784804632,-0.6477901895747944,-0.17879143448406812,0.17879143448406812,0.04768115942028994,160,176.59701492537312
0.1049999999999996,0.0149999999999998,0.4,400,1.011159420289855,31.527971014492756,31.180020065930915,31.514927536231884,0.0,-4.331296342545556,-5.5478036533636805,-4.832288133498454,-0.9030332966298628,-0.5400000000000091,-0.060000000000009,0.0599999999999908,0.3899999999999907,-0.180000000000009,-0.150000000000009,-0.0600000000000092,-9.234482106057571e-15,0.0899999999999907,-0.030000000000009,0.2099999999999908,0.0599999999999908,-0.1800000000000091,0.0299052718866304,0.4800947281133524,0.8332306176664817,0.0851109903113579,-0.0900000000000091,0.2099999999999909,0.1799999999999906,0.4799999999999905,-0.2700000000000094,-9.245937349078304e-15,0.0899999999999907,0.0899999999999909,-0.0900000000000091,-0.1500000000000093,-0.0600000000000092,-1.827711866501564,-3.2677118665015588,-1.04311493319541,-0.2100000000000091,0.1799999999999908,-0.0600000000000094,-0.3900000000000093,0.1499999999999908,0.1799999999999909,-0.0900000000000091,-0.0600000000000091,-0.1200000000000092,-0.1500000000000091,-0.2400000000000091,0.1512066923540121,1.4466201026468717,0.95999999999999,0.4332827921432475,0.7499999999999926,0.8999999999999926,0.9599999999999926,0.9899999999999928,1.0499999999999927,0.9299999999999926,0.9299999999999928,0.8699999999999928,1.0199999999999927,0.929999999999992,2.440855285997282,0.6145348118922942,0.8999999999999928,0.7499999999999926,0.9899999999999928,1.319999999999992,1.2299999999999929,1.43999999999999,1.1699999999999922,0.7499999999999928,0.8399999999999928,0.8099999999999927,1.0799999999999923,-0.3197760029555261,-0.3599237256244064,0.209999999999992,-0.3600000000000076,0.1799999999999922,0.0889191873198409,0.1199999999999922,0.3299999999999919,0.0599999999999922,0.4499999999999914,0.6599999999999917,0.3599999999999921,-0.0900000000000076,-0.2100000000000078,-0.0249362457296408,-0.6010739116672393,-2.0400000000000063,-2.2800000000000056,-1.7111425550784576,-1.9811425550784576,-2.220000000000005,-1.8300000000000056,-2.2800000000000056,-2.2800000000000056,-1.8000000000000056,-2.1300000000000057,-2.340000000000006,-2.3100000000000063,-2.217950559510921,-1.9800000000000055,-1.771206692354027,-2.2200000000000064,-2.6100000000000034,-2.9100000000000037,-2.2200000000000077,-1.1489234353988809,-0.359758843876924,-0.447900348572992,0.2497349106799021,0.6540011852272524,0.4767427640510289,-0.6030352265013671,0.0723106844871657,1.3938640917871197,2.30981622661388,2.4784936869192764,1.6686036284308654,0.7535040200936747,1.1397775028117372,0.7520494404890791,0.5481535954675375,0.2078355144490645,0.1199999999999921,0.119999999999992,0.0279505595109078,-0.2400000000000082,-8.384404281969182e-15,0.0599999999999916,-8.384404281969182e-15,0.0599999999999916,0.0899999999999916,0.0299999999999916,-8.384404281969182e-15,-0.0600000000000081,-8.384404281969182e-15,-0.17944298480605658,0.17944298480605658,0.01115942028985506,161,175.82089552238807
0.2599999999999998,0.0099999999999998,0.4,400,1.065217391304348,42.88173913043478,40.25632653061224,42.0236231884058,0.0,0.4560493356942532,-0.7631305236762995,-0.2383428342499599,-0.1154387493716002,0.087836191568254,-0.0600000000000087,-8.79296635503124e-15,-8.815867265500352e-15,-0.0900000000000089,-0.1200000000000088,-0.1500000000000088,0.4499999999999914,0.1499999999999911,0.3599999999999914,0.179999999999991,-0.060000000000009,-0.2100000000000092,-0.0300000000000086,0.1799999999999914,-0.0362103239142388,0.0488242125898573,-0.0600000000000094,-0.2100000000000093,0.0899999999999904,-0.0900000000000094,-0.1200000000000095,0.0899999999999905,0.1499999999999906,-0.1200000000000095,-0.1200000000000096,-0.3900000000000092,-0.2700000000000093,-0.9452741290104216,-0.1781587321343092,0.0741064124830743,-0.2100000000000092,-0.0600000000000092,-9.237055564881304e-15,-0.1800000000000091,0.1199999999999908,-0.2700000000000089,0.0899999999999909,-9.13667707032617e-15,-0.0900000000000091,0.1199999999999909,-0.240000000000009,0.2399999999999907,-1.538837013304174,-3.1457500681894444,-0.6621369846378512,-0.0600000000000093,-0.1500000000000093,-0.1500000000000095,-0.2400000000000097,0.0299999999999903,0.1199999999999902,-0.1500000000000099,0.1499999999999899,-0.2100000000000096,-0.1500000000000097,-1.9142703360091773,-0.1709080970441975,-0.0300000000000098,-9.977317652406378e-15,-0.2400000000000097,0.11999999999999,0.0299999999999901,0.2699999999999901,-9.761080832504376e-15,-0.0600000000000096,-0.0900000000000096,0.0899999999999902,-0.1800000000000098,7.88901407243472,1.3003428615554171,-0.1010204550229667,-0.1166385793996175,0.0599999999999902,-0.2100000000000095,0.0599999999999903,0.0899999999999903,0.0299999999999903,0.1199999999999903,-0.0900000000000095,0.2399999999999904,0.2699999999999905,0.0899999999999903,2.642682382256563,0.3440307650372456,0.2338986968615209,-0.1017951229635835,-0.0924311626808433,-0.0265366272081489,0.2945751471818794,0.273186246172086,0.378916200768468,0.1245054023505294,0.3776526269023144,0.0744335275704174,0.6581945723588912,0.6734498388658278,0.9896174213226,0.7660653652455341,0.1912439093822362,0.3238400815621572,0.0101341230506918,-0.0235099150813051,0.5310174313921971,0.4379752350316607,0.2883964737063793,0.6291691683796414,-0.0306959268660866,0.0065269680926483,0.226270379930778,0.1973648018381355,0.8085069296237036,0.4321077761532508,0.6876299792632252,0.4468897768022074,0.2675654423329625,0.0964629831414734,0.3414724215366583,0.6886443115018305,0.2585077830218905,0.2569182580358958,0.8161688493193047,0.341980796218123,0.4128530473705772,1.1158236866878186,0.6899999999999901,1.1999999999999886,1.2899999999999898,1.1699999999999908,1.3199999999999903,0.7799999999999891,0.5999999999999901,0.9299999999999912,0.8399999999999905,0.1807954080567388,0.1807954080567388,0.0652173913043479,162,175.04477611940297
0.3249999999999998,0.0149999999999998,0.4,400,1.2152173913043478,44.496811594202896,36.61633870005963,40.55304347826087,0.0,-0.3753277548235079,-1.025423096095624,-0.8400000000000086,-0.1484234171357424,-0.0309663620495987,-0.2700000000000093,0.2399999999999907,-0.0900000000000094,-0.0300000000000095,-0.0900000000000095,-9.413201242269788e-15,-0.0900000000000095,-0.1200000000000094,0.1499999999999908,-0.0600000000000094,-9.485745522397336e-15,0.0899999999999905,-0.1200000000000083,-0.0600000000000084,-0.0028891969331627,-0.0556924114809262,0.0299999999999906,0.1499999999999904,-0.0900000000000094,-0.0600000000000091,0.179999999999991,-0.0900000000000089,-9.112710586123283e-15,0.0599999999999908,-0.1800000000000089,0.3299999999999905,-9.544011261866396e-15,-0.7150540567597139,-0.1782534602476701,0.0103111286979759,0.2399999999999909,-9.454659277707831e-15,-9.49018641449584e-15,-0.1500000000000095,0.0299999999999904,-0.0900000000000098,0.0899999999999902,-0.0600000000000098,0.1199999999999901,-1.0013355109181751e-14,0.02999999999999,0.2099999999999904,-2.735636020823527,-2.907711866501558,-0.7912293653825303,-0.0300000000000097,0.2099999999999903,0.1799999999999904,0.0899999999999903,0.0899999999999903,0.1199999999999902,-9.592326932761352e-15,0.1199999999999903,0.2399999999999903,0.1494890336998396,3.048038263905243,0.2042168199657261,-0.1997385004946698,-0.1500000000000093,-0.3600000000000094,-0.1500000000000092,-0.1800000000000091,0.1199999999999908,0.0899999999999907,0.0599999999999907,0.0299999999999906,0.2099999999999907,-0.0600000000000092,8.543913144602788,0.7940526680848364,0.2999999999999907,-0.0300000000000093,-0.0900000000000094,0.3299999999999903,-0.2703342648822747,-0.1800000000000092,-0.0900000000000094,-0.2400000000000093,-0.210000000000009,0.2699999999999907,0.2699999999999906,0.2699999999999906,-1.4282557701167111,0.0869141443204683,0.5105494938516597,0.0741018494802826,0.061831324113876,0.0353481308942496,0.0900557120532918,-0.1332415966098222,0.0338118486977122,-0.1405702520879168,-0.1912610720259861,0.1422810083516227,-0.128970163866846,0.2148236566078893,0.2169640863816649,0.0170687869654815,0.1554020371112747,0.1217474207471999,0.2209006463908974,-0.2048161811455489,0.0432376458380979,-0.0223627868563807,-0.070280645394435,0.015334787500389,0.0701082842119349,0.4720107719760594,0.0308508974823252,0.2980702494324679,-0.4011310990212653,-0.0886405473613103,0.037024183708482,0.6706273430829879,-0.4024414522427087,0.5564582164394776,-0.0408611784053671,0.428160713346224,0.0083640422669158,-0.1061858568654135,-1.1156819185088265,-0.8505405366956174,-1.962844018685878,-0.7451148707701515,-1.2934535729788998,-0.9578229719137712,-2.0126789759847297,-2.245113798168368,-2.7403816046077254,-3.859866601223556,-3.860091799538927,-4.129242100398161,-4.588147689580693,-0.1819174673511364,0.1819174673511364,0.2152173913043478,163,174.26865671641792
0.3599999999999999,0.0149999999999998,0.4,400,1.2860869565217392,45.441884057971016,35.333446022087,39.62898550724638,0.0,-0.8878471651769531,-0.0493875126759059,0.0299999999999908,-0.090000000000009,0.2682357545709506,-9.530154443382344e-15,0.2999999999999907,0.0299999999999905,0.2999999999999906,-0.0600000000000094,-0.1500000000000094,-0.0600000000000095,-0.0600000000000094,-9.36744386230347e-15,0.0299999999999905,0.0299999999999907,-0.0300000000000093,0.1809079366138014,-0.1200000000000087,-0.1584650452518019,-0.0038610878170845,0.119999999999991,0.0599999999999909,-0.0300000000000091,-0.1800000000000091,-0.0600000000000092,-0.0300000000000092,-9.208576522934826e-15,0.1799999999999907,0.0299999999999905,0.0599999999999908,0.0899999999999907,-0.1380067789741801,-0.2734133255305233,-0.664557287836427,-0.0300000000000099,0.02999999999999,0.1499999999999899,-0.0300000000000099,0.05999999999999,0.1799999999999902,-0.3300000000000097,-0.2100000000000097,0.2099999999999902,0.1199999999999902,0.0299999999999904,-9.983125437429408e-15,2.4697624730171204,2.4948149600062477,0.4659657602039903,-0.0209448696899838,-0.3300000000000093,0.0299999999999905,-0.1200000000000092,0.0899999999999907,0.1199999999999908,-0.0600000000000092,-0.1500000000000091,0.2999999999999904,-0.0300000000000092,9.652323729316745,0.3864289603547554,0.1799999999999908,0.3299999999999909,0.0899999999999906,-0.2700000000000092,0.0899999999999906,-9.488900296174676e-15,-9.483173285755014e-15,0.0299999999999905,-0.1200000000000094,-0.210000000000009,-0.0300000000000094,1.764156787219997,-0.3345553079047155,0.1799999999999908,0.1799999999999907,-0.0900000000000091,-0.4500000000000089,-0.060000000000009,0.1799999999999909,-0.1500000000000089,-0.5400000000000089,-0.060000000000009,0.3899999999999907,-8.891058651339297e-15,-0.1200000000000089,7.87089558739584,-0.6981048949123209,-0.2252350582063359,-0.0001772638487798,0.1340672271214861,0.0767584033901792,-0.1702752101705679,0.0202752101705525,-0.0502752101705682,-0.0026911762687008,-0.1402752101705687,-0.1129663864392614,-0.0638118486977298,-0.0159417606616202,-0.0132415966098218,0.0094297479120832,0.1629465546924567,-0.1200000000000088,-0.0124249538812467,-0.0094297479121008,0.0078648907283607,-0.0428512604395484,0.1139917646153465,-0.015293622347073,0.0077189916483594,0.1249012618354379,0.1061946462817787,-0.1550541421059807,0.095054142105963,-0.0198917157880649,0.1446210052581876,0.1149458578940193,0.1897834315761035,0.0101082842119352,0.035054142105963,-0.104837573682093,0.0050541421059629,0.0050541421059628,0.2346585184961057,0.2044986302178092,-0.0218605409664563,-0.1556040424709054,-0.0025862357319084,-0.1013183819617168,-0.0213919026898976,0.2031070080431493,0.1165590264677737,1.3232027612982822,0.2916850914671165,0.1103044086942081,0.5965493466092154,0.182328278759143,0.182328278759143,0.2860869565217392,164,173.49253731343282
0.3149999999999998,0.0149999999999998,0.4,400,1.1982608695652175,44.12420289855073,36.82353652636672,40.60797101449276,0.0,-0.3541239885137313,-1.1983428342499596,-0.7200000000000084,-0.0900000000000091,-0.2101844753317054,-0.0300000000000089,0.1199999999999908,0.299999999999991,0.0599999999999907,-9.36435871107531e-15,-0.0900000000000095,-0.0900000000000094,0.0899999999999906,-9.454659277707831e-15,0.0299999999999905,-0.0300000000000094,0.2099999999999905,0.1779313444483104,0.0599999999999917,0.4243165694536426,-0.0855382825015246,-0.2700000000000093,0.0599999999999906,-9.36792208629532e-15,-0.0300000000000092,0.1799999999999905,-0.0300000000000092,0.0299999999999908,-0.3000000000000088,0.0299999999999908,-0.0600000000000094,0.0599999999999907,-0.3768201209802358,-0.0863114718849974,-0.1786661617810961,-0.0900000000000092,0.0299999999999907,-0.0900000000000091,0.0599999999999905,-0.1500000000000093,-0.3900000000000101,0.0899999999999904,-9.642713745431843e-15,-0.1200000000000098,-0.1500000000000098,-0.06000000000001,-0.1500000000000093,-3.165559682615895,-3.477835514449075,-0.5197949238694218,0.3899999999999898,0.2099999999999901,0.1199999999999902,-0.1800000000000096,-0.0900000000000096,0.0299999999999903,-0.0600000000000096,-9.583668015502711e-15,-0.3600000000000096,-0.0600000000000096,-3.200679253578091,-0.1379096974937286,-0.1925630928261641,0.0599999999999904,0.0299999999999905,0.3299999999999903,-0.0600000000000093,0.4499999999999902,0.0899999999999906,0.0299999999999906,-0.300000000000009,-0.0900000000000092,0.0899999999999906,9.119182344947696,0.6909550400361326,0.1996203471814465,-0.0822552885624456,-0.1309767670843117,-0.2335037074032104,0.1710857100119312,-0.2400381770790288,-0.0300381770790288,0.0798440479486878,-0.060038177079029,-0.0900000000000093,0.2399999999999908,0.026538905272918,2.639534826164117,-1.462870695127161,-0.6006997392702518,-0.458239392005464,-0.1400577948812034,0.0599999999999909,0.1497302316798787,0.1812363547244423,0.205473861290767,0.0505702520878989,-0.2488902112718761,0.1125219298794194,-0.0723216317937439,0.3087591528742342,-0.3683662304621337,0.1310605515808371,0.3128512604395306,0.1615268895743741,-0.0826673937502079,-0.2434575422027365,0.3205490015490544,0.116436504234569,0.670815310730012,0.1632286845390423,-0.0519978187494116,0.5919299676573344,-0.1363933536599122,-0.033514334327272,-0.3092718759669439,0.1397778385794279,0.8248479367165179,-0.1807353705018241,-0.4516161231645579,-1.201614486088211,-0.5023322996831296,-0.6449989611507694,-0.344350802245411,-0.5943330025440617,-0.8533436427080798,-0.2525533374576401,-0.7450336835729945,-1.2748978956399346,-0.9896903145726504,-1.200458147562608,-1.3595911495635518,-1.640096837661668,-1.3218649023825455,-2.3785203198184384,-2.381494962583349,-2.559297264105493,-3.463531477558137,-0.18282578206372757,0.18282578206372757,0.1982608695652175,165,172.71641791044777
0.2999999999999998,0.0149999999999998,0.4,400,1.1946376811594204,43.27014492753623,36.220308140240206,40.01,0.0,-0.1777241651485853,-0.5958119070386012,0.2416571657500401,0.1215765828642576,0.0227035758367375,-8.879911975940306e-15,-8.997247391562271e-15,-0.0300000000000089,-0.150000000000009,-0.3000000000000091,0.3299999999999907,-0.2100000000000093,-0.2400000000000093,0.0299999999999905,-0.0300000000000094,0.1199999999999905,0.0599999999999906,-0.2400000000000079,-0.1500000000000081,0.2474583836094917,-0.0744593003033012,-0.180000000000009,0.0899999999999904,-0.0600000000000095,-9.488472151536788e-15,0.0299999999999904,0.0299999999999906,-9.408536093763776e-15,0.1199999999999906,-0.0300000000000093,-0.2400000000000093,0.0299999999999905,-0.2031968402750618,-0.2664121923819708,0.0395963257314889,-0.0521898865866602,0.0599999999999907,0.0299999999999908,-0.0300000000000092,0.119999999999991,0.0299999999999906,-9.314312754266196e-15,0.2999999999999904,0.1199999999999904,0.1199999999999905,0.2999999999999903,0.2099999999999909,-2.571377494430045,-4.203847759537791,-0.0803333386756754,0.1077673680220226,0.17999999999999,-0.30000000000001,-0.0900000000000098,-0.2100000000000097,-9.77884440089838e-15,0.2699999999999902,0.2399999999999901,-9.827694213981884e-15,0.1799999999999901,0.0998088918761317,0.3635088562480297,-0.2090983798987147,-0.0600000000000096,-0.0900000000000096,-0.0300000000000096,-0.1500000000000095,-9.499439643590103e-15,-0.1500000000000094,-0.2400000000000093,-0.3000000000000093,-0.0300000000000095,-0.0900000000000094,14.853232670706308,0.9175783056154628,0.2750585102251533,0.0883061753015446,-0.0600000000000092,-0.0900000000000091,-0.3600000000000092,-0.210000000000009,-0.2400000000000091,-0.0900000000000092,-0.1200000000000092,-0.0900000000000091,0.1199999999999908,-0.2400000000000089,-0.0495849630418555,0.7685277173341275,0.1565213572519595,-0.4000771864664368,0.2261435479484783,-0.1668275378232994,0.1382233804031984,0.2002569195263434,-0.262521487171245,0.4056903745057956,-0.4732500502078005,0.0335007550511409,-0.0629297933318727,-1.1041509921715882,-0.1631499205987184,0.2762280462184385,-0.0937431411493233,0.1785014753419202,-0.447214705909035,-0.1314527162661178,-0.9889148212441587,-1.2041293162080142,-0.2402561332816142,-0.5432032121381628,-0.4937578392497667,-0.0917337938559889,-0.5212225050761277,-0.6744224304092827,-0.842030638688674,-0.5822796124362926,-0.7907630958236076,-1.5420798344726625,-1.553749459305752,-1.7869697600033223,-0.8682319654754498,-0.8661962504914122,-1.4090613674352206,-1.1895299843964893,-1.0892373683747711,-0.6534416639613476,-0.522197941488784,0.1533843486251689,-0.7748212517665194,-0.836191110832054,-0.7059713503191146,-0.908777936871649,-1.5474976176902755,-2.8628253420128904,-1.8276203435599327,-1.800000000000006,-1.8900000000000052,-0.18471910848761172,0.18471910848761172,0.19463768115942037,166,171.94029850746267
0.5,0.0149999999999998,0.4,400,1.3044927536231885,50.05536231884058,38.37151427619153,43.53942028985507,0.0,-0.0615989627283728,-0.0149894308850376,0.6914159680832526,0.4499999999999906,-0.2107500881213975,0.1799999999999908,-0.0300000000000093,0.2399999999999905,-0.0900000000000095,0.2099999999999905,0.0899999999999903,0.1199999999999901,-0.1800000000000101,-0.1500000000000099,0.08999999999999,-0.2400000000000098,0.05999999999999,-0.0614188376958272,-0.1500000000000095,0.1816533637978107,-0.0428282524254384,-0.0300000000000096,0.2999999999999904,0.0899999999999905,-0.0600000000000095,-0.0600000000000095,-0.0300000000000094,-0.1500000000000093,0.0599999999999906,0.2999999999999903,-0.3904658231465427,0.0599999999999902,0.3185646338232092,0.0599999999999909,-0.3917637288756135,-0.3000000000000093,-0.1500000000000092,-0.4800000000000093,0.3599999999999902,-0.0600000000000094,0.1799999999999906,0.1499999999999904,0.0299999999999906,-0.0600000000000092,-0.0900000000000091,0.3299999999999902,-0.0600000000000093,-0.3420978781796824,-0.0300000000000068,-0.5129930765928072,0.2099999999999911,0.0299999999999911,-0.1800000000000087,-0.0900000000000085,0.2099999999999915,0.1499999999999915,-0.0300000000000082,-8.210476662931773e-15,-0.2700000000000084,-0.0300000000000086,0.8379016176506618,-0.2495628023927871,-0.2112350154723571,0.1799999999999923,-0.3300000000000075,-0.0900000000000073,-0.4200000000000072,0.3599999999999928,0.0899999999999927,-7.314182776546162e-15,-7.309708394132031e-15,-0.0300000000000072,-0.2100000000000072,12.55997274237592,0.0650797884074996,0.0287649845276434,-7.329146478307621e-15,-7.329146478307621e-15,-7.329146478307621e-15,-7.329146478307621e-15,-7.329146478307621e-15,0.0299999999999926,-7.329146478307621e-15,-7.329146478307621e-15,-7.329146478307621e-15,-7.329146478307621e-15,-7.329146478307621e-15,12.536095435493046,0.0314000556688187,-7.329146478307621e-15,-7.329146478307621e-15,-7.329146478307621e-15,-7.329146478307621e-15,-0.0016126061609829,-7.329146478307621e-15,0.0032204302288224,-0.0004550248955481,-0.011392625437359,0.009709697674189,0.0579937620363631,-0.0718989696598017,0.0241199104497355,-0.0477938160734245,0.0029408128804568,0.0670943022929233,0.0477938160734143,0.0134188604585798,0.0536754418343369,0.0670943022929221,0.0134188604585791,-0.0704338452245363,0.0134188604585789,0.0570149847659371,0.0134188604585789,-0.0502752101705673,-0.0301772638487794,0.0167584033901796,-0.0670336135607548,-0.0167584033901945,-0.0874291122773851,0.0167584033901782,0.0167584033901781,-0.0205702520879165,-0.0205702520879165,0.0411405041758071,0.1234215125274388,-8.777064104084671e-15,0.0748375736820754,-0.1496751473641768,0.0997834315761039,-8.338730992878598e-15,0.2245127210462437,0.0498917157880472,-0.0300000000000089,-9.017501061214531e-15,-0.0953414815038941,0.0299999999999907,0.0599999999999906,0.18643422203549084,0.18643422203549084,0.3044927536231885,167,171.1641791044776
0.3549999999999998,0.0149999999999998,0.4,400,1.2173913043478262,45.75260869565217,37.5825,41.376666666666665,0.0,-0.7563221428791096,-0.4241846068370084,-0.1184274083129959,-0.0014237678770826,-0.1764470026184866,-0.0600000000000094,0.0899999999999905,0.2399999999999907,0.2099999999999907,0.1199999999999905,-0.1500000000000095,-0.0300000000000093,-0.0300000000000094,0.2099999999999907,0.0299999999999905,0.0299999999999906,0.1199999999999904,0.3317347742307481,-0.0300000000000087,-0.1558777122637053,-0.236618788868649,-0.030000000000009,-0.4200000000000091,0.0899999999999908,0.0899999999999908,-0.0900000000000092,0.2099999999999909,-0.0300000000000091,-9.254819133275303e-15,0.1799999999999908,0.1199999999999907,0.2099999999999908,-0.02171401765964,-0.2400000000000093,-0.0332184604289711,-9.780381400485364e-15,-0.0300000000000099,0.2099999999999899,0.1799999999999899,-0.03000000000001,-9.86185445784536e-15,-9.876544027065392e-15,-0.1500000000000098,-0.0300000000000097,0.35999999999999,0.2099999999999904,-0.1500000000000101,2.7582359406847563,4.079999999999995,0.4399345223018581,-0.1800000000000095,0.2099999999999904,-0.1800000000000093,-0.1500000000000092,0.2699999999999906,-0.0300000000000093,-0.1200000000000092,-0.0300000000000092,0.2699999999999903,0.2699999999999904,3.3059716869648805,-0.0025438992721172,0.0299999999999908,-0.0900000000000091,0.1499999999999909,-0.0900000000000094,-9.410250356722827e-15,-0.2400000000000093,-0.0900000000000094,-0.0900000000000094,0.1499999999999904,-0.2100000000000092,-0.1500000000000095,9.07954615283629,0.8434205142734141,-0.1206657327772093,-0.2400000000000091,-0.1500000000000091,0.2399999999999907,-0.090000000000009,0.3299999999999906,0.0599999999999909,0.3299999999999908,0.0899999999999908,0.0899999999999908,0.5099999999999906,0.2699999999999908,3.621825078552255,0.2420389938388643,-0.3434188604585934,-0.0900000000000079,0.0282147696582488,0.1632415966098052,0.1164831932196182,-0.1367584033901949,-0.0935168067803818,0.2135168067803649,0.0767584033901779,-0.103241596609822,0.0467584033901777,0.029999999999991,0.1332415966098044,-0.1105702520879168,0.1761881513022698,-0.1405702520879169,0.0899999999999909,0.0205702520878988,-0.1028512604395485,0.239999999999991,0.0077189916483593,-0.1688594958241932,0.0317107562637147,0.0111405041758067,0.0195380321240269,0.0050541421059629,0.112848716231728,0.0003248526358227,0.0221701799318763,-0.0723867483557815,-0.2100000000000086,-0.2898917157880649,-0.0950541421059809,-0.0249458578940371,-0.0249458578940371,-0.2015477518674069,-0.1173619070573393,-0.51000000000001,-0.3379932775142721,-0.1768701147964084,-0.2768253797773099,0.1525354165626472,0.0449735674976108,0.5765390289379958,0.0582621201999964,-0.2481977676078515,-0.1694400533068116,0.850776723709906,1.5958831343199518,0.1882932316060673,0.1882932316060673,0.21739130434782616,168,170.38805970149252
0.3799999999999999,0.0099999999999998,0.4,400,1.1281159420289857,47.98869565217392,42.53879753340185,45.51231884057971,0.0,1.4055686768306992,1.5705224555680368,0.9299999999999912,0.1514159680832532,0.1418863028179865,-0.2736967426518078,-0.1500000000000095,-9.499546422684691e-15,0.0599999999999906,0.1499999999999903,-0.0900000000000093,-0.2700000000000094,-0.1500000000000092,-0.0600000000000091,-0.1500000000000091,-0.090000000000009,0.3599999999999908,0.2999999999999911,0.119999999999991,0.0127129495015709,-0.3195706774550778,-0.2377977849746967,-0.0600000000000092,0.2399999999999904,0.0599999999999904,-0.1800000000000096,0.0899999999999902,-9.818812429784884e-15,0.0299999999999901,0.1199999999999901,-0.1500000000000091,0.149999999999991,-0.0269286511694252,0.2099999999999908,0.2958699149642098,-9.787726185095381e-15,-0.1200000000000097,0.2699999999999901,0.2699999999999907,-0.3300000000000095,-0.1500000000000096,-0.1500000000000094,-0.0600000000000096,-0.0900000000000095,-0.2700000000000094,0.1199999999999905,-0.0300000000000096,2.935468573415825,2.8966489099792714,0.1830403721130041,-0.024383606084769,0.0899999999999907,-0.2400000000000089,-0.0600000000000093,-0.3900000000000097,-0.2700000000000093,0.2099999999999904,-0.0300000000000094,-0.0900000000000093,0.0599999999999906,2.261093860474692,0.0165541848332371,0.0597509257933433,-0.0300000000000094,-0.0900000000000094,-0.2700000000000091,-0.240000000000009,-0.360000000000009,-0.2400000000000088,-0.1500000000000088,0.299999999999991,0.239999999999991,0.0899999999999909,2.821932089784024,0.3292647596411693,-0.1945192384437988,0.1799999999999911,0.1499999999999909,0.1201652861492564,0.209999999999991,0.2699999999999911,-0.1200000000000087,0.1199999999999911,0.0599999999999911,-8.828493491819244e-15,0.1199999999999911,0.1199999999999912,12.45435205736816,0.1161368210204503,0.1337501209524841,0.0899999999999917,-8.220091274324661e-15,0.0434188604585774,0.2234188604585774,-0.1500000000000082,-0.4200000000000083,-0.3601772638487807,-0.1932415966098215,0.0167584033901784,-0.0335168067803818,-0.2797247898294481,-0.1938070410297675,-0.2135168067803819,0.0335370296216021,0.4067584033901779,0.0767584033901781,-0.0729439526053065,0.0475692831731535,0.2699999999999909,0.1673224267740549,-0.2235974520164845,0.0699673396139248,-0.174382100785638,0.2382892437362672,-0.0600000000000092,-0.0539917646153646,0.2999999999999909,0.1138458655353449,0.0394297479120829,-0.0054078257700012,-0.2100000000000091,-0.5497834315761214,0.074837573682075,-0.0050541421059808,-0.1850541421059807,-0.300000000000009,0.1696043763901338,-0.0600000000000093,-0.0300000000000093,0.2399999999999904,-0.0355013697821906,0.035878271474878,0.1141217285251028,0.2613197072896545,0.3117565429497658,0.0423651855753278,-0.0841217285251218,-0.3351996960853403,0.19244328167390826,0.19244328167390826,0.12811594202898569,169,169.61194029850745
0.4249999999999999,0.0049999999999998,0.4,400,1.2684057971014493,49.00695652173913,38.63665447897623,43.44072463768116,0.0,-0.4210195028823049,-0.554151205997725,0.2399999999999907,0.2999999999999908,0.1127373770059968,-0.0900000000000091,0.2699999999999908,0.1499999999999909,-0.210000000000009,-0.0900000000000092,0.2099999999999909,0.2699999999999909,0.0299999999999908,0.0899999999999902,-0.2400000000000094,-0.4500000000000099,0.1799999999999902,-0.0600000000000094,-0.0300000000000095,0.0367808813521891,-0.2757393966927354,-0.06000000000001,-0.0900000000000098,0.2699999999999898,-0.0300000000000097,-9.801048861390882e-15,0.0599999999999902,-0.2400000000000096,-0.0300000000000096,0.0299999999999903,0.0599999999999902,0.0599999999999901,1.002866833872455,0.1499999999999909,-0.0944530512983923,0.0599999999999905,-0.480000000000009,0.0299999999999906,-0.300000000000009,0.1199999999999907,0.0899999999999907,-0.0600000000000093,-9.234934611202683e-15,0.1799999999999907,-0.2100000000000091,0.0599999999999907,0.1503775460841022,6.090316389797254,4.678058011637321,0.2541021124985732,-0.0900000000000094,-0.1500000000000095,-0.0300000000000092,0.3599999999999906,-0.1800000000000088,0.2099999999999909,-0.0600000000000087,-0.0600000000000087,0.0899999999999908,0.3899999999999906,-2.6513834892928467,0.267468457053109,-0.1800000000000086,0.1499999999999911,0.4499999999999911,0.1499999999999913,-0.1500000000000085,0.2699999999999912,-0.0300000000000083,0.2099999999999915,0.0599999999999916,0.0899999999999916,-8.318782646393917e-15,1.9201744684439523,-0.1008120939221945,-0.0146493526235412,0.2099999999999919,0.2399999999999921,-0.2700411797884181,0.1199999999999925,0.3599999999999926,0.2099999999999926,0.0599999999999925,-0.0300000000000073,0.3599999999999928,0.7199999999999928,0.3899999999999927,9.401673609784796,0.6874467028170124,0.4499999999999929,-0.469521952421883,-0.2295219524218831,0.0899588202115822,-0.054343291598333,-0.2400000000000071,-0.1138969080367169,-0.160478047578131,0.226763179839914,-0.1651938274996993,0.3573144170310181,0.0497434186242351,0.1017242416950335,-0.0424500941339072,-0.1049105141414421,-0.0491399671626916,-0.161044238551898,0.3533340273724383,-0.0167584033901937,0.126263556014274,0.2063834421650858,-0.1401361234008145,0.1320323892612745,0.0299999999999924,0.1402752101705526,0.1402752101705515,0.0767584033901783,-0.0070336135607554,0.0467584033901781,-0.0132415966098218,0.151710756263715,0.2357025208790705,0.0711405041758071,0.1645620167032546,0.071140504175807,-0.1534215125274564,-0.1363258423109449,0.0697834315761037,0.1348375736820756,0.3192420105163841,0.0198917157880473,-8.740505683601986e-15,0.0101082842119349,-0.0300000000000091,0.0299999999999908,0.0299999999999906,0.4855013697821712,0.1258782714748782,0.0113796412570593,0.19399129385742006,0.19399129385742006,0.2684057971014493,170,168.83582089552237
0.2549999999999998,0.0099999999999998,0.4,400,1.1118840579710143,42.0631884057971,37.830552659019816,40.52884057971014,0.0,-0.7265115455826708,-1.1021282398348462,-0.4216571657500583,0.0899999999999911,-0.0286354813172181,0.1199999999999912,-8.818435936537905e-15,-0.1209636858030276,0.0299999999999911,0.1199999999999911,-8.862148407546304e-15,0.029999999999991,-0.0600000000000089,0.179999999999991,0.2399999999999911,-0.030000000000009,0.209999999999991,0.451142555078443,0.4799999999999915,0.0314122910482385,-0.3196998889011198,-9.361393261750287e-15,-0.0300000000000094,0.0599999999999904,0.1199999999999904,-0.1500000000000094,-0.2100000000000093,0.2999999999999907,-0.0600000000000093,-9.43689570931383e-15,-0.3300000000000093,0.0599999999999907,-0.1445983735695077,-0.1200000000000087,0.3325081284343053,0.0299999999999906,0.0299999999999906,0.1199999999999905,0.2099999999999907,0.1799999999999907,-0.060000000000009,-0.120000000000009,0.1499999999999909,0.2099999999999908,0.0299999999999908,-9.178407122923059e-15,-0.1200000000000092,-0.1400090927099081,-0.2977118665015614,-0.2338042942650521,0.1499999999999908,0.1499999999999907,0.1799999999999905,0.47999999999999,-9.72555369571637e-15,-0.0900000000000096,-0.2100000000000097,0.1799999999999902,0.0299999999999905,-0.2100000000000096,3.3063731001053025,0.5036315645806458,-0.0300000000000098,0.20999999999999,0.0599999999999901,-0.1800000000000098,-0.0900000000000098,0.2399999999999899,0.3899999999999899,0.2699999999999901,-0.0600000000000098,-0.1500000000000099,-0.1200000000000097,5.398068673761319,0.708729894893361,0.2621110410600102,-0.1200000000000096,0.2399999999999902,-9.716671911519371e-15,-0.1200000000000096,0.0899999999999903,-0.0300000000000095,-0.0600000000000096,-0.0300000000000097,0.1199999999999902,-0.1200000000000096,0.0899999999999903,-3.567946893081829,-0.8636346245499066,-0.0731830941183232,-0.048215229165648,-0.173690856839057,0.1069521035024267,0.0983070884895805,0.2710975599515193,0.5045628120394732,0.2823376444945671,0.5631412302298678,-0.2131347399896885,-0.1413941571926084,-0.0817248091415739,-0.1303718372658178,0.4300020633085376,0.6486889752690577,0.3057245178432615,0.1404750584074349,0.3633118887951683,0.1086700177523126,0.014627466121208,0.3995402376018482,0.2669798951538221,0.3754364490976338,0.0834563929807201,0.2077435769366447,0.5984963276594687,0.2684512872324789,0.6187490427549706,0.1677634309864723,-0.0013768482041294,0.5685021384877522,-0.1310742410143638,0.5953507645895427,0.255369148612896,0.6113314477397948,0.6459210933571157,0.6481627972891641,1.3979645792304694,0.5986122702339964,1.186196956686683,0.9299999999999916,1.258253460247652,0.8999999999999906,0.8699999999999908,1.0199999999999914,0.6326003877500017,0.9263970588005436,1.139999999999992,1.169999999999992,0.19696874966519634,0.19696874966519634,0.1118840579710143,171,168.0597014925373
0.2349999999999997,0.0099999999999998,0.4,400,1.097246376811594,40.99913043478261,37.365473517368905,39.77811594202898,0.0,-1.0217836512094003,-1.6333934221147528,-1.5264121923819711,-0.1800000000000088,0.1211645987948542,-0.3300000000000082,-0.2400000000000086,-8.486544800234696e-15,0.2099999999999914,0.0299999999999913,0.0599999999999911,0.1199999999999911,0.1199999999999911,-0.0600000000000088,-0.0600000000000088,-0.0300000000000089,-0.1800000000000088,0.2099999999999909,0.1812066923540123,-0.1785023131558362,-0.4377288876783492,-0.0300000000000091,0.0899999999999907,-0.1200000000000091,0.0899999999999906,0.1199999999999905,0.0599999999999905,0.0299999999999905,-0.0900000000000095,0.0899999999999903,0.149999999999991,0.2999999999999911,-2.0577688692286764,-0.8698992795030347,-0.2257175578473932,0.0899999999999905,-0.0900000000000095,-0.0600000000000096,-9.426889722543031e-15,-0.2100000000000092,-9.411318641099926e-15,-0.1500000000000095,-0.0600000000000093,0.2699999999999908,0.0299999999999906,0.0299999999999907,-0.1800000000000094,-0.9517522203606932,-2.2155473809506323,-1.0135273093947146,-0.3300000000000089,-0.060000000000009,0.1499999999999909,-0.0900000000000091,-0.0300000000000091,-0.0300000000000091,-0.2100000000000093,-0.1500000000000092,0.0299999999999909,-0.0600000000000091,1.9260578609584929,-0.0496998597550186,0.3299999999999903,0.0599999999999905,0.0899999999999904,-0.3000000000000098,0.1499999999999902,-0.0300000000000097,-0.0900000000000098,-0.0300000000000098,0.1499999999999901,0.2099999999999903,-0.1800000000000098,2.8405162997737032,0.1140042508992595,0.226301889060666,-0.1800000000000099,-0.1500000000000098,0.02999999999999,0.1199999999999899,0.1799999999999898,0.1799999999999898,-0.1500000000000098,-9.807026753076368e-15,0.0299999999999901,-0.0900000000000099,0.0299999999999901,0.4762592745513109,0.2630467314754645,0.7203457378216498,0.1026721087203574,0.594875851654634,0.996119481641898,1.3952592474718262,1.1769645086648663,0.8194808912979952,0.7248818964308827,0.8651195456219276,0.1577585197606097,0.3161429841946371,0.4631633153198678,0.2407115182071773,0.6069153832893152,0.483177318818748,0.8703519121329868,0.3766595933841851,0.6780827734588564,0.3750332959255623,0.501966650864615,0.4968580208770831,0.6021531461372716,0.5665404841583608,0.3787727988618411,0.4656753244410844,0.534862408428347,0.722118403751927,0.5588716415843031,0.4171858398313863,-0.0162275026154804,0.6087508142944705,0.0920348281043534,0.1282302066190695,0.4015017863283199,0.9548770046404024,0.5399999999999884,0.7199999999999882,0.8699999999999889,0.7199999999999916,1.3499999999999903,1.0499999999999905,1.0799999999999903,0.9908012758586172,1.2580580116373186,0.7808538479976648,1.5299999999999918,1.139999999999992,1.709999999999992,1.3799999999999917,0.20343786615873535,0.20343786615873535,0.09724637681159409,172,167.28358208955223
0.1849999999999997,0.0049999999999998,0.4,400,1.018840579710145,39.84507246376812,39.10825035561878,39.777536231884056,0.0,-2.027979596598754,-2.0495257999439844,-1.8600000000000103,-0.1800000000000089,-0.4801309048356449,0.5699999999999923,0.0899999999999918,0.1199999999999917,0.0599999999999918,-0.1800000000000079,0.0299999999999919,0.0299999999999919,0.0299999999999919,0.1199999999999917,0.0299999999999919,0.2699999999999916,0.1499999999999915,-0.1787265400859211,-0.0600000000000091,0.519887400248258,-0.3707411037637282,0.0899999999999913,0.0599999999999912,0.2699999999999912,-0.5100000000000081,-8.782212349773292e-15,-0.0600000000000088,-0.0300000000000088,0.0599999999999911,-0.1500000000000088,0.1799999999999914,-0.1800000000000085,-1.0836958156872116,-1.8579505595109247,-0.0178782873228967,0.2494439834817802,0.1799999999999908,0.2399999999999907,0.0599999999999905,-0.1500000000000093,-9.362868704523767e-15,0.0299999999999905,0.1499999999999905,0.2399999999999906,-0.1800000000000093,-9.493144581931828e-15,-0.2100000000000091,-1.3694074612084215,-1.292049440489092,0.2926513239579161,-0.1800000000000094,0.1799999999999905,0.0899999999999904,-0.0300000000000094,0.1799999999999906,0.1199999999999904,-0.0600000000000094,-0.2400000000000093,-0.0900000000000094,0.0899999999999905,2.7980693353884862,0.3619616883211294,0.3299999999999906,0.1199999999999907,-0.1200000000000092,-0.0300000000000091,-9.139355938714288e-15,0.2099999999999908,-0.090000000000009,0.0299999999999908,0.1499999999999909,0.0899999999999907,-0.270000000000009,4.121625963792826,-0.1265510820253522,-0.3885163446440968,-0.1500000000000089,-0.090000000000009,-0.0600000000000091,-0.3300000000000094,0.0899999999999908,-0.0900000000000091,-0.0300000000000092,0.1199999999999909,-0.0300000000000092,-0.0300000000000092,0.0899999999999908,0.2555594425415259,0.0282066452727738,0.3952357640521533,-0.175488601217266,-0.1996280200473299,-0.0537899837359616,-0.2616593367738046,-0.3113778653669741,-0.2623451227956648,-0.0224500107919776,0.4171780092553445,0.0299999999999912,0.0114368321598375,0.1530287585436925,0.1013655320927068,-0.1348652931387943,-0.0308418495433249,-0.3903000570292931,0.0067653660760962,0.1199999999999918,0.1799999999999922,-0.0600000000000079,-0.0900000000000083,0.029999999999992,-0.0600000000000077,0.0299999999999917,0.4199999999999897,-0.2100000000000078,-0.1500000000000082,0.1799999999999917,-0.420853847997681,-0.0308538479976806,0.0299999999999919,0.2399999999999923,-0.3000000000000092,-0.2391461520023347,-0.3900000000000078,0.1799999999999925,0.0299999999999922,-0.4800000000000085,0.0318412678656917,0.8999999999999883,0.329999999999991,0.0899999999999899,-1.170000000000008,-2.688120409872984,-3.3208052734652957,-3.4457087817184826,-3.1233397948215766,-4.098242449216813,-6.676374190068641,-0.20452961239614853,0.20452961239614853,0.018840579710144967,173,166.50746268656715
0.0499999999999996,0.0199999999999998,0.4,400,1.0069565217391303,23.40826086956522,23.24654576856649,23.39449275362319,0.0,-1.1645493324225729,-1.8422345090386645,-1.4430863794402164,-1.4347970728607435,-0.8723726581743214,-0.3688752418202691,-0.1779505595109241,-0.2400000000000083,0.749999999999992,0.0299999999999911,-0.2118412678657081,-0.2380580116373359,-0.1500000000000086,-0.2400000000000087,-0.3000000000000086,-0.1818412678657082,-0.6300000000000084,-1.4725662337185952,-1.6499887862964375,-2.012566233718596,-1.3805073198008877,-1.292164485550937,-1.259553134367262,-1.1400000000000083,-0.9300000000000084,-1.4100000000000106,-1.4100000000000106,-1.5900000000000098,-1.1118412678657088,-0.96000000000001,-0.6234531148547549,0.5142139260400045,1.2299999999999909,0.3028963492352565,0.4542139260400039,0.8104179457985814,0.6642499318105561,1.0199999999999922,1.1959856436976906,0.6618412678656899,1.3199999999999903,1.1117465397523285,0.8677118665015449,0.6277118665015448,-0.6578355144490806,-0.2696970992632626,-0.9000000000000093,-0.3239316983201805,-0.506913620559804,0.6919419883626634,-0.0859942465833823,-1.1145762669968995,-0.3300000000000074,-0.3600000000000082,-0.3620494404890925,-0.0300000000000082,0.1216571657500401,-0.3300000000000079,-0.5424215767567401,-1.047835514449079,-2.4869136205598013,-1.0680161903049488,-0.4200000000000093,-0.2100000000000074,0.2099999999999907,0.177711866501545,0.1799999999999907,-0.1800000000000091,-8.810729923425242e-15,-0.0600000000000088,-0.060000000000009,-0.0577118665015623,-0.0278355144490805,-0.8671036507647416,-0.3824872075507656,0.0299999999999909,-0.060000000000009,0.0599999999999909,0.1799999999999907,0.0299999999999909,0.1499999999999909,0.0599999999999909,0.0299999999999911,-0.0900000000000079,-0.3000000000000093,0.0299999999999909,-0.0922881334984555,-0.7796374258413878,-0.2675784232432787,0.0299999999999909,-0.0900000000000091,0.0299999999999909,-0.2678355144490797,-0.1200000000000091,-0.1500000000000091,-0.0600000000000089,-0.060000000000009,0.0599999999999909,-0.060000000000009,0.029999999999992,-0.1800000000000091,0.1221644855509191,-6.8212102632969615e-15,-0.2100000000000078,-0.0300000000000079,-0.060000000000009,0.0277118665015463,0.0622881334984384,-0.0600000000000079,0.1199999999999909,-0.0600000000000079,0.0599999999999931,-0.0900000000000065,0.2722881334984378,0.1199999999999931,-0.0024215767567386,-7.673861546209083e-15,-6.8212102632969615e-15,-0.0600000000000078,0.0925662337185782,0.0899999999999934,-0.1500000000000066,-0.0300000000000065,0.2399999999999932,-6.6791017161449406e-15,-0.1500000000000066,-0.1800000000000066,-0.1500000000000069,0.0599999999999926,0.119999999999994,0.2399999999999932,0.0899999999999933,0.0299999999999938,0.089999999999993,0.2672761947184068,0.0599999999999933,0.0599999999999923,-0.2700000000000082,-0.2073386641105356,0.2073386641105356,0.006956521739130306,174,165.73134328358208
0.2049999999999997,0.0049999999999998,0.4,400,1.038405797101449,40.62217391304348,39.11974877878576,40.26159420289855,0.0,-1.455104624084095,-0.7498730748008741,-0.4199106259977194,-0.0300000000000088,0.0866958195612377,0.0599999999999919,-0.0300000000000079,0.1499999999999918,-8.22897305852166e-15,0.1499999999999917,0.0899999999999915,-0.1500000000000087,-0.3000000000000086,-0.0600000000000085,-8.677503160470223e-15,0.2399999999999912,-0.3900000000000085,-0.5100000000000093,0.0899999999999908,0.5399999999999907,-0.4145617391417593,-8.881784197001252e-15,0.0299999999999911,-0.1500000000000089,-0.0600000000000089,-0.270000000000009,-0.1200000000000091,0.299999999999991,0.2699999999999909,-0.1500000000000091,-0.2109636858030275,-0.2100000000000088,-1.0974061748363488,-1.0500000000000078,-0.3190808766823245,-0.2700000000000092,0.0899999999999904,0.1799999999999904,0.3599999999999907,0.1499999999999904,-0.1500000000000093,-0.1500000000000093,-0.1200000000000093,-0.0900000000000094,0.0599999999999905,-9.405219404239075e-15,-9.453176553045324e-15,2.778462595748185,2.875901119021824,0.5153167432184381,0.0299999999999905,0.1199999999999908,0.1799999999999907,0.1799999999999908,0.0899999999999908,0.149999999999991,-0.240000000000009,0.1799999999999909,-0.1200000000000091,0.2399999999999909,2.716140308923639,0.2770343178618905,0.0899999999999908,0.0299999999999909,-0.1200000000000091,0.2699999999999909,-0.030000000000009,0.0299999999999909,0.0299999999999907,0.4199999999999897,-0.0300000000000093,0.1499999999999908,0.0299999999999907,3.006846790659198,0.3470034558626135,-0.0473776371293758,-0.1800000000000093,0.0599999999999906,0.1799999999999905,-0.0900000000000095,-9.459100169806334e-15,0.0899999999999904,0.3899999999999903,0.1199999999999905,-0.1500000000000094,-0.0300000000000095,-0.0600000000000096,-3.831040825231725,-0.4148696074713819,-0.2871255243263242,-0.1685184851776396,0.2178830862562679,-0.029135380898235,-0.2743524453368568,-0.088604412810264,-0.317998494039259,-0.2684507349722622,0.0553670403634543,-0.2749107917023047,-0.4427920124807859,-0.6412873568211249,-0.2708140283540399,-0.1991654428302434,-0.3672445583825003,-0.2901016335971179,-0.2984695347895789,-0.4236688181712538,-0.3399054064006515,-0.4226666648793216,-0.425408565269412,-0.6306359976319537,-0.6020529632043076,-0.6346934613509858,-1.0835259651012168,-1.0330767167978026,-0.8400000000000089,-1.0500000000000087,-0.7500000000000093,-1.0200000000000085,-0.9000000000000091,-1.2600000000000102,-1.0500000000000091,-0.8700000000000094,-0.9900000000000097,-0.8400000000000092,-1.170000000000009,-1.349198724141383,-1.200000000000009,-0.6600000000000082,-1.2000000000000093,-0.9300000000000088,-1.0517465397523464,-0.7800000000000086,-1.4400000000000086,-0.8075887762399236,-0.8381587321343099,-0.3619221070543434,-2.304888403649356,-0.21051917588405647,0.21051917588405647,0.03840579710144909,175,164.955223880597
0.4299999999999999,0.0049999999999998,0.4,400,1.288405797101449,48.9668115942029,38.00573678290214,42.87072463768116,0.0,-0.227236509630917,-0.3569867250035486,-0.2700000000000094,0.1199999999999908,-0.0611436569707522,0.0899999999999908,-0.0600000000000091,-0.1500000000000091,-9.320515670075078e-15,0.0299999999999907,0.1499999999999907,-0.0900000000000092,0.1499999999999906,0.2099999999999905,0.4199999999999905,-0.1200000000000096,0.41999999999999,0.3308012758586169,-0.3000000000000093,-0.2033911276636853,-0.1456413598253782,-0.3600000000000099,-0.1500000000000099,0.20999999999999,-0.0300000000000097,-0.2100000000000098,-9.703423524203322e-15,-0.2100000000000094,0.1799999999999903,0.0299999999999903,0.2405568842291281,0.1199999999999901,-0.4283354155146417,-0.450000000000009,-0.2897656771026268,-0.0900000000000094,0.1799999999999906,0.0899999999999907,-0.0300000000000093,-0.0600000000000092,-0.0900000000000092,-9.32272976745828e-15,0.1499999999999907,0.0899999999999907,0.0299999999999906,-0.0900000000000094,0.0299999999999907,1.584223058166312,2.1971366369036,0.8128836753907762,0.3241091525979773,0.0850693830463925,-0.0300000000000091,-0.2702070357510089,0.0899999999999912,0.059999999999991,-8.837375276016245e-15,-0.0600000000000088,0.0299999999999909,0.62999999999999,7.777533522006702,0.6228441702960741,0.4131272224687068,-0.0924696776563782,0.1499999999999912,0.3299999999999912,-0.0300000000000084,-0.1800000000000083,0.2099999999999919,0.1799999999999918,-0.180000000000008,-0.3300000000000082,0.4800824160896237,10.927659592046297,0.1320601369764309,0.0526941668221628,-0.4200000000000077,0.0299999999999924,0.1199999999999925,-0.0600000000000074,0.2999999999999928,0.1199999999999925,0.1799999999999927,0.4799999999999928,0.1499999999999927,0.0599999999999927,0.2099999999999928,3.5254285520995,0.1496579234765424,-0.0406428794461095,0.0678762403154564,0.1225855015130625,0.0599999999999929,0.2399999999999929,-0.255246989200085,-0.2143749556148408,0.157131920263152,0.2677113539421129,0.2176241971541222,-0.0225054594219393,-0.0840464317972315,-0.1704770935629723,-0.0691040663679283,-0.0171783361893402,0.2806399052369579,0.115096602253718,0.0460966355305243,0.0492602729197698,-0.0469356672389659,-6.7755534319753586e-15,-0.0670336135607539,-6.8450193014185576e-15,-0.1005504203411278,-7.19384001178967e-15,-0.1005504203411286,0.0502752101705517,-0.1005504203411286,-8.610780879486477e-15,-8.550937735662955e-15,-0.0205702520879165,-0.0411405041758243,-0.0617107562637324,-0.1439917646153642,-0.1028512604395484,0.0043756058061113,-0.1113799844169168,0.0249458578940194,-0.1746210052582048,0.1746210052581879,0.1446210052581876,-0.0796043763901517,-0.0549458578940369,-9.121592370320286e-15,-0.120000000000009,-9.316991622654314e-15,-0.138243457050234,0.1855013697821717,0.0713796412570595,0.2137838908398184,0.2137838908398184,0.2884057971014491,176,164.17910447761193
0.3849999999999999,0.0099999999999998,0.4,400,1.1404347826086956,48.08623188405797,42.16482399288347,45.369565217391305,0.0,0.6839810094043175,0.7774165417194524,0.4499999999999907,0.1812734599140792,0.5053395612275756,-0.0316860046943277,-0.0600000000000095,0.1499999999999905,0.0599999999999905,-0.0900000000000094,-0.1800000000000092,0.2099999999999909,0.1199999999999908,-0.0300000000000089,0.2399999999999909,0.0899999999999908,0.1199999999999909,0.1499999999999911,-0.210000000000009,-0.0285711480289184,-0.382145756241553,-0.1551183836258772,0.1199999999999906,-0.3000000000000097,0.0899999999999903,-0.2100000000000096,-0.1200000000000097,0.0599999999999901,-0.0600000000000099,0.02999999999999,-0.0300000000000091,-0.0300000000000091,0.6430749010542699,0.30165716575004,-0.5568599591820016,-0.3000000000000098,0.1499999999999903,-0.2400000000000094,-0.1500000000000095,-0.1500000000000096,0.0299999999999903,-0.1500000000000096,-0.0300000000000095,0.2999999999999903,0.3599999999999903,0.0899999999999906,0.2099999999999903,2.0031627287838654,1.7999999999999912,0.5188877523633528,0.1796224539158792,-0.0300000000000093,-0.1500000000000092,0.0299999999999905,-0.3300000000000094,-0.1200000000000094,0.0899999999999904,0.1499999999999905,-0.2100000000000093,-0.0300000000000094,0.4939132351863993,0.5415367664648781,-0.0600000000000092,-0.1200000000000093,0.0299999999999907,-0.2700000000000089,-0.3600000000000088,0.1199999999999908,0.2699999999999909,0.1199999999999912,0.059999999999991,-0.0900000000000089,-8.775202786637238e-15,12.83804821044222,0.2241967357978729,0.1954807615562011,-0.7200000000000085,-0.2400000000000087,-8.810729923425242e-15,-0.0300000000000088,-0.1200000000000087,0.479999999999991,0.1199999999999911,-0.0900000000000087,-8.695266728864225e-15,0.0299999999999913,-0.4800000000000082,9.093788451543205,0.5400787091335044,0.2429408128804537,-0.1168377209171795,0.1034188604585775,0.166581139541406,0.2068377209171632,-0.5100000000000081,-0.2265811395414225,-0.1768377209171796,-0.0900000000000082,0.0732415966098048,-0.0026911762687012,-0.3767584033901948,-0.016758403390195,-0.1240423786649268,0.0956824111645128,-0.0335168067803821,0.0670336135607383,0.2634681841999867,-0.1541206508123575,-0.1137294365138839,0.2514444174309208,0.1164673782703415,0.1367584033901779,0.329999999999991,0.1858904597802123,-0.080570252087917,-0.0504997377820956,-0.0381067281695554,-0.2968182422206716,0.1199999999999909,0.0350541421059627,0.1850541421059627,0.349891715788047,0.2754078257699831,0.2699999999999912,-0.0552707105298686,0.1850541421059629,0.1799999999999908,0.1499999999999906,-9.365061614961231e-15,0.2699999999999904,-0.2100000000000092,-0.0841217285251219,-0.0358141551899416,-0.1568487750476748,0.1617565429497658,0.1735130858995409,-0.1623651855753465,0.1499999999999906,0.22275568431223633,0.22275568431223633,0.14043478260869557,177,163.40298507462686
0.3049999999999998,0.0099999999999998,0.4,400,1.1882608695652177,44.24173913043478,37.23234540797658,40.94202898550725,0.0,-0.6237702367506011,0.0629119426194424,0.8099999999999912,-0.120000000000009,-0.2969164421745885,-0.2400000000000089,-0.1800000000000091,0.1199999999999908,0.1499999999999906,-0.1500000000000095,-9.390996781777283e-15,-9.356959651540821e-15,0.2399999999999908,0.1499999999999907,-0.0900000000000094,-0.0300000000000094,0.2999999999999908,0.1799999999999916,-0.0300000000000083,0.0402058140116312,-0.4512968500582721,-9.43742985150238e-15,-9.608966298581555e-15,-0.0900000000000094,0.3299999999999909,0.1199999999999905,0.1199999999999908,0.0599999999999908,-0.3000000000000092,-0.060000000000009,0.0299999999999904,-0.3000000000000092,-0.377017421098097,-0.5464895857893937,-0.3160374949481425,0.2337620617139912,-9.3498398910542e-15,-0.1200000000000091,0.1199999999999906,-0.1200000000000093,-0.0600000000000095,0.0599999999999903,-0.0900000000000097,-0.0600000000000096,0.02999999999999,-0.03000000000001,0.0599999999999906,-0.6339141143703142,-0.1521644855509362,-0.0335808670827581,-0.0300000000000097,0.1799999999999902,0.0299999999999902,0.1199999999999903,-0.1800000000000096,0.2095341768534576,0.0299999999999903,-0.0600000000000096,-0.1800000000000096,-0.0900000000000097,-2.550837410347612,0.176955228662675,0.1499999999999903,0.0599999999999904,0.2699999999999903,-0.1500000000000093,-0.2700000000000092,0.2399999999999904,0.4799999999999902,0.0599999999999906,-0.270000000000009,-0.0600000000000092,-0.2100000000000093,2.032516557227503,0.3215679691903551,0.5970754324426696,0.1199999999999908,-9.316991622654314e-15,0.0899999999999909,0.0599999999999907,0.0899999999999906,-0.2700000000000091,0.1199999999999908,-0.1500000000000093,-0.1200000000000093,-0.210000000000009,0.2399999999999905,-3.5584375610882675,0.5857685294243526,-0.8209543768610363,-0.6755909777697182,-0.2882370464020395,-0.0318078913056666,-0.254155429384206,0.0656450999429898,-0.1566821796868069,-0.1083199591839684,-0.0421086171123477,0.192594906645982,-0.3424976304414689,-0.1697847370359689,-0.0430522743612972,0.310984771028067,-0.2513669843844525,0.0374771412009257,0.0752936223470551,-0.1561036583457887,0.2616745796552757,-0.3863708407906372,0.1713738161785042,0.4517514538365688,0.7086354797142529,0.8252117346403675,0.1852056582595134,0.7834689784001019,0.2367140882362499,0.0515657427152359,-0.111300251784805,-0.1254776155864332,-0.9615108293103068,-1.036628475645205,-0.4835444233039711,0.038906897570378,0.3536654795005639,-0.5093144660289846,-0.4167434578295002,-0.170973495725913,-0.7808202097353326,-1.839323371661912,-1.2342112004318182,-1.9066233374823185,-2.1400856704892357,-2.254462554254008,-1.8677645197628177,-2.443588226682597,-2.712836607656232,-3.5774968981325865,-3.318064605056485,-0.22643331975990857,0.22643331975990857,0.1882608695652177,178,162.62686567164178
0.4249999999999999,0.0199999999999998,0.4,400,1.3614492753623189,46.63565217391304,34.25441771343411,39.01797101449275,0.0,-0.459048374181822,-0.9665537457854892,-0.7500000000000087,-0.1185840319167466,0.1457215066770062,-0.0600000000000097,-0.2400000000000093,0.0299999999999906,-0.1200000000000093,0.0899999999999907,-0.270000000000009,-0.180000000000009,0.0299999999999909,-0.120000000000009,-0.060000000000009,-0.1500000000000091,0.0599999999999907,0.1191461520023179,-9.068301665138281e-15,0.1059055364894757,-0.4209858223601038,-0.3000000000000097,0.1199999999999905,0.1499999999999901,-0.0600000000000099,0.11999999999999,0.0599999999999899,0.08999999999999,0.05999999999999,-0.0600000000000098,-0.0900000000000092,-0.2400000000000093,-0.0741678831907097,0.1499999999999907,-0.3360338513108081,-0.0888949761851518,0.0599999999999904,0.0899999999999902,0.0599999999999903,-0.1500000000000095,-0.0900000000000094,0.1499999999999905,-0.1200000000000093,0.0899999999999908,0.2399999999999905,-0.0300000000000092,0.1499999999999903,0.890342644652479,1.6799999999999948,-0.2008971722803442,0.2099999999999908,-0.0900000000000095,-9.525713551283844e-15,-0.1800000000000093,-9.379625605117203e-15,-9.405809464624326e-15,-0.0600000000000093,-0.3300000000000092,-0.2700000000000091,-0.0900000000000094,8.489294822605778,0.582481067743738,-9.077576119476324e-15,-0.1800000000000088,-0.3300000000000089,0.0299999999999912,0.329999999999991,0.179999999999991,-0.3300000000000087,0.0299999999999911,0.0899999999999912,-0.3900000000000087,0.0599999999999911,6.892113166998096,0.3087895587795895,0.1562267099946206,0.1799999999999915,0.1499999999999914,0.3599999999999915,0.4801237657271139,0.0899999999999917,-0.0900000000000081,0.1499999999999916,-0.1200000000000081,0.4199999999999917,0.5699999999999923,0.2367795697711621,14.51801401760449,0.6322635510764729,0.1997396269690538,0.2782670594848451,0.0239612317116619,-0.0216949215580068,-0.0798939478754221,0.0892486098571506,0.0342598268337829,-0.0521567749098138,0.0820546013652789,-0.0601772638487791,0.0502752101705533,0.0670336135607401,-0.0167584033901935,-0.1040290500424812,-7.0654593287144955e-15,0.0502752101705526,0.1675840339018597,-0.0670336135607549,0.0670336135607388,-0.0373286554781031,-0.0502752101705685,0.0502752101705516,-0.0038118486977298,-8.642036565854521e-15,-8.604942380054685e-15,0.1851322687911626,-0.0205702520879165,-0.1234215125274562,-0.1028512604395484,-0.1070043786107967,-0.0043756058061288,-0.0205702520879167,-8.818525659291261e-15,-8.777064104084671e-15,0.1746210052581879,0.0997834315761037,0.0748375736820756,0.0549458578940191,-0.060000000000009,-0.0350541421059809,-0.1500000000000093,0.1499999999999907,-9.356372189116218e-15,-0.0300000000000093,-0.0058782714748969,-0.0717565429497842,-0.2574030734918157,0.035878271474879,0.1371266752737049,0.2337849577065455,0.2337849577065455,0.36144927536231886,179,161.8507462686567
0.2299999999999997,0.0149999999999998,0.4,400,1.1169565217391304,39.65144927536232,35.49954586739328,38.21376811594203,0.0,-1.6543852283413014,-1.1517671580303883,-0.9318412678657072,-0.5033717246943215,0.1478383746396893,-0.030000000000008,-0.210000000000008,0.0599999999999919,0.2099999999999916,0.0599999999999917,0.2699999999999914,0.0299999999999913,0.0299999999999913,0.1199999999999912,-0.0900000000000088,-8.787349691848401e-15,-0.0900000000000088,0.3312734599140793,0.1499999999999907,-0.1483524542780859,-0.4192729685761509,0.059999999999991,-8.879911975940306e-15,0.149999999999991,-0.0900000000000091,0.0599999999999909,-9.059419880941275e-15,0.0599999999999907,-0.0900000000000093,0.0299999999999905,-0.1200000000000088,-0.2100000000000088,-1.4781281571865386,-1.2580580116373357,-0.2784243834694651,-0.0900000000000095,0.2099999999999907,0.0899999999999905,-0.300000000000009,0.1799999999999905,-0.0600000000000095,0.2999999999999906,-0.0900000000000094,0.0299999999999905,0.0299999999999905,-0.0300000000000094,0.2999999999999906,0.6316863016246558,-0.2121644855509379,-0.293315364923553,0.0615835665952844,-0.1500000000000091,0.179999999999991,-0.030000000000009,-9.101995112570812e-15,-0.180000000000009,-0.1800000000000091,-0.0600000000000092,-0.180000000000009,0.0299999999999909,4.531421595128899,0.8628089764547611,-0.0434603734857765,-0.0300000000000091,-0.0300000000000092,-0.1500000000000094,-0.0300000000000094,-9.454659277707831e-15,0.0299999999999905,-0.4500000000000101,-0.36000000000001,-0.3300000000000095,0.0299999999999905,13.19553969875146,2.552348836470575,0.272123151207178,0.0934207497411135,0.5399999999999898,-0.21000000000001,-9.787726185095381e-15,-0.1200000000000098,-0.1500000000000096,-0.0300000000000099,0.1199999999999902,-0.1800000000000098,-0.0600000000000097,0.0299999999999901,-3.2820780835239045,-0.9336580638655502,-0.2555727851375255,-0.5409478614586861,-0.7322771182219563,-0.3087092993689853,-0.6355604836632357,-0.1597637534917312,0.0580751727829584,-0.1530349755173128,-0.1332496469020807,0.1889020746869485,0.7278944006618171,0.5590132860265462,0.5701411647383413,0.186126146900231,0.3759923823029937,0.2571238933076201,0.3758700848970542,0.2314497973425128,0.5101346018630065,0.3258228113540779,0.3095627497294428,0.5791131457080223,0.7379038697504962,0.6785901265728659,0.7060149826402577,1.0524868934513347,0.5155089736747884,0.4747120382501643,0.7559597941221715,0.1976955851757794,0.920301512114382,1.4099999999999913,0.9299999999999896,0.8999999999999911,0.7799999999999916,0.8399999999999912,0.9899999999999912,0.9899999999999928,1.3799999999999926,1.3491461520023182,0.8399999999999931,0.5699999999999928,0.6599999999999927,0.9299999999999936,1.139999999999994,1.3499999999999923,0.1509636858030122,-0.1055325679876619,0.7752558312111428,0.24149912790158753,0.24149912790158753,0.1169565217391304,180,161.07462686567163
0.2799999999999998,0.0099999999999998,0.4,400,1.117536231884058,43.42739130434783,38.85994034496174,41.62057971014493,0.0,-0.1275729609591078,-0.3079567347644995,-0.2100000000000087,0.0585076661179199,-0.1521756212116191,-0.0900000000000088,-0.0900000000000089,-0.3000000000000088,-0.060000000000009,0.4499999999999913,-0.1800000000000091,-0.1500000000000092,-0.1200000000000094,-0.0900000000000095,-0.2400000000000093,0.0599999999999905,-0.0600000000000094,-0.3300000000000079,0.5399999999999918,-0.3377829156012517,-0.2609444596882403,-0.1463032573482111,0.2999999999999905,0.1499999999999905,0.1199999999999904,0.0899999999999905,-0.2100000000000093,-9.531222727759443e-15,-0.1800000000000095,-0.0300000000000093,-9.556799795973347e-15,0.2999999999999906,-0.6618407338435085,-0.9000000000000079,0.0726418487506462,0.1492998367182391,-0.1500000000000091,0.0899999999999908,-0.120000000000009,-0.1500000000000091,0.0299999999999908,-0.0300000000000092,0.1199999999999909,0.0299999999999907,0.0899999999999908,-0.0900000000000092,-0.0600000000000091,-1.090973279548316,-1.5646520275295197,0.003140543384166,0.0599999999999902,-0.0900000000000098,-9.920436588438144e-15,0.0299999999999901,0.2099999999999901,-0.0300000000000099,-0.3300000000000099,-0.1800000000000099,0.0599999999999899,-9.986199436603381e-15,10.578304031214444,1.5228462099584723,0.4199999999999901,0.1799999999999902,-0.1200000000000095,0.0299999999999904,-0.1200000000000096,-9.655019444996532e-15,0.0299999999999903,0.0299999999999904,-0.1200000000000093,0.0899999999999903,-0.0300000000000095,2.4560205630972245,0.7522240758226463,-0.0871525330190105,0.56999999999999,-0.0300000000000094,0.0599999999999905,-9.450218385609331e-15,-0.2100000000000093,-0.1800000000000093,-0.3600000000000093,-0.3000000000000093,-0.1500000000000092,0.1499999999999906,0.0599999999999907,-2.306521083286721,-0.213727689303398,-0.1139054836352933,-0.3683878088571443,-0.9474959893591566,-0.6682725511116747,-0.988656387135594,-0.5372271143312933,-0.95527948818221,-0.5589985259477479,-0.7289801339945926,0.1419322924645086,0.0685729736750238,0.0776386061894491,0.0312924126197142,0.1629180228107341,0.3279771331788253,0.9755677911086454,0.6723952627830252,1.0421071396805168,0.4847907032575284,0.1419402047771706,0.6000588982208073,0.4701324311556869,0.6796576841654104,0.3524369780605352,0.1990181064629844,0.5479577048508313,0.306590766393543,0.5483659521573988,0.6267350135760769,0.8547580490273949,0.5001315776135903,1.1049017960400869,0.8343061620132499,0.6640669124678586,0.8741416398604153,0.9289724788640004,1.014571632570909,0.2787011858710806,1.0901910955920957,0.724328000990708,1.310460186229112,1.1878319744935604,0.912022196096728,1.7870114347904424,1.96557740471282,2.5499999999999887,2.129999999999989,1.6199999999999892,2.2182534602476505,0.2444673279817036,0.2444673279817036,0.11753623188405804,181,160.29850746268656
0.49,0.0149999999999998,0.4,400,1.3107246376811594,49.69536231884058,37.91441839893852,42.95057971014493,0.0,-0.3950954059053511,-0.6865871167735975,-0.2985840319167467,0.2099999999999908,-0.506299873088292,-9.220982354552593e-15,0.0299999999999907,0.1199999999999908,-0.0906513891436117,-0.3000000000000094,-0.1800000000000096,-0.1500000000000098,0.0899999999999902,0.14999999999999,-0.0600000000000099,-0.0300000000000099,-0.1200000000000099,-0.1492499118786214,-0.3000000000000092,0.039605484153077,0.1572321621870901,-0.0900000000000096,0.0899999999999902,0.0599999999999903,-0.1800000000000094,-0.1500000000000095,-0.0300000000000094,-0.0600000000000094,-0.1500000000000093,-0.1200000000000093,-0.0900000000000098,0.0299999999999901,0.3720506917894616,-0.1500000000000092,-0.5175600637519439,0.1199999999999909,0.0899999999999909,0.2699999999999907,0.1499999999999908,0.0899999999999905,0.3599999999999907,0.1499999999999904,-0.2400000000000092,0.2699999999999908,0.0599999999999906,-0.1200000000000091,0.1799999999999907,5.6458042541746725,5.789999999999997,0.5092420139671215,-0.0300000000000088,0.1199999999999911,-0.1200000000000088,0.0299999999999911,-0.0900000000000086,0.1799999999999913,0.5399999999999916,0.1799999999999915,0.2999999999999911,0.4799999999999909,1.2824168124669264,0.1291430222925021,0.059999999999992,-0.030000000000008,0.26991758391036,-0.3900000000000072,-0.2400000000000074,-0.0600000000000074,0.0299999999999926,0.0599999999999927,0.0599999999999927,-0.1800000000000071,-0.2700000000000072,11.0953373467831,0.1446967134507544,0.0299999999999926,-0.0600000000000073,-0.0300000000000073,-7.329146478307621e-15,-7.329146478307621e-15,-7.329146478307621e-15,0.0299999999999926,-7.329146478307621e-15,0.0299999999999926,-7.329146478307621e-15,-7.329146478307621e-15,-7.329146478307621e-15,10.80728248763288,0.0840907550335146,0.0237070561980894,-7.329146478307621e-15,-7.329146478307621e-15,-7.329146478307621e-15,0.0018096043459204,0.0104780475781167,-0.0045113145379818,-0.0062254518453929,-0.0107648721947705,0.049997648230352,0.0314687892085706,-0.0343749556148387,-0.0075372346976671,0.0134188604585805,0.0402565813757521,-5.916896159419909e-15,0.0402565813757512,-0.067094302292935,-0.0268377209171777,-0.0134188604585923,-6.645389837624843e-15,0.0033395429315941,0.0134188604585789,0.0603545276975381,-0.0335168067803802,-0.0167584033901938,-0.217859244072435,-7.498446308318308e-15,-0.0837920169509419,-0.0502752101705684,-0.0167584033901953,0.0502752101705516,-8.645515448644675e-15,-0.0411405041758244,-0.1234215125274562,-8.668155507162125e-15,-0.0205702520879167,-0.0249458578940368,0.0455161099819275,-0.1247292894701486,-8.30237382233784e-15,0.174621005258188,-8.822101808880506e-15,-0.0326380929426789,-0.0600000000000089,-0.1200000000000091,0.0299999999999908,-0.0600000000000094,0.2699999999999908,0.2461923163350722,0.2461923163350722,0.31072463768115943,182,159.52238805970148
0.1099999999999996,0.0049999999999998,0.4,400,1.010144927536232,34.15565217391304,33.812625538020086,34.14449275362319,0.0,-4.643992082270803,-4.091945901840303,-2.759899279503034,-1.3900479596106678,-0.1785727946091392,-9.15267861500979e-15,0.1799999999999908,-0.300000000000009,0.0299999999999909,-0.1200000000000091,-0.1500000000000092,0.1199999999999908,-0.3900000000000089,-0.0900000000000091,0.1499999999999908,0.0599999999999908,-0.270000000000009,-0.6314880176239861,-0.2700000000000088,-0.5700000000000083,-0.0381821928690429,0.0599999999999906,0.0299999999999906,-0.2400000000000092,-0.1200000000000093,0.1199999999999905,0.0599999999999907,0.2399999999999907,0.1187933076459693,0.0899999999999909,-0.0300000000000092,0.2999999999999908,0.7240988809781607,1.3242139260400043,0.0710834504527965,0.239999999999991,0.3899999999999916,-0.0600000000000086,0.1799999999999914,0.1799999999999914,-0.0600000000000084,-0.1500000000000085,-0.2400000000000081,0.2399999999999917,0.1199999999999917,0.2999999999999918,0.2399999999999912,2.7067376575181354,3.687720469387219,1.3480625563488502,0.3511135087782093,-8.168968094470414e-15,-8.23341395062016e-15,-0.360000000000008,-0.1800000000000082,-8.268941087408166e-15,0.2999999999999915,-0.1200000000000084,0.2099999999999917,-0.0900000000000081,0.1196835983267206,-0.3030907144486201,-0.0310212533532941,-8.661907117403983e-15,-0.3000000000000086,-0.1800000000000087,0.2699999999999913,0.2399999999999913,-0.1200000000000087,0.0899999999999913,0.0899999999999911,-0.1200000000000086,0.2699999999999914,-0.433503875198527,0.2053774390923307,0.5099999999999919,0.1799999999999912,0.329999999999992,0.1199999999999913,0.1799999999999913,-0.0300000000000086,-0.1800000000000088,-0.1800000000000086,-0.3300000000000084,-0.1500000000000082,0.4199999999999915,-0.1500000000000085,0.3238808868105065,0.3450500085419202,-0.2700595593268741,-0.2400000000000083,-0.0300000000000087,-8.65085780787922e-15,-0.2109636858030275,-0.3600000000000086,0.1220425067065624,0.3899999999999915,-0.1500000000000086,-0.0600000000000085,0.118978746646706,-0.0900000000000083,-1.0500000000000076,-0.6600000000000078,0.1199999999999915,-8.570921750106209e-15,0.1199999999999916,-0.1189191873198569,-0.7800000000000079,-0.570000000000008,0.0599999999999915,-0.720000000000008,-0.5388574449215564,-1.0767655715257696,-1.2300000000000098,-0.8700000000000084,-0.1560163259074997,-0.8100000000000083,-1.6716585055196205,-2.8422386925866703,-2.821585299950536,-2.247962025101137,-0.7018659951941953,1.4779585129829391,1.7142849777874345,1.5900178840638708,0.6085959604766186,0.036310682437618,-0.3766135673857396,-0.2526132096858886,-1.2300000000000018,-1.471746539752341,-2.130000000000002,-2.400000000000002,-2.190000000000002,-2.2200000000000024,-2.03805801163733,-2.190000000000003,-2.2200000000000024,-0.25234538211538876,0.25234538211538876,0.010144927536231974,183,158.7462686567164
0.1599999999999997,0.0149999999999998,0.4,400,1.015072463768116,36.70246376811594,36.157481439177616,36.68594202898551,0.0,-1.3938410945858395,-0.1563521597027533,-1.020000000000008,0.1369879358286363,0.3939990861498909,0.2699999999999908,-0.0600000000000093,0.0299999999999904,-0.2400000000000092,0.3299999999999906,0.0899999999999906,-0.0300000000000093,0.1499999999999906,-0.0600000000000091,0.1199999999999907,-0.0600000000000089,0.0587933076459696,0.8099999999999916,0.7199999999999912,0.0299999999999913,-0.1199160687923234,-8.348877145181177e-15,0.0599999999999915,-0.2400000000000081,0.0299999999999918,0.0599999999999919,0.0299999999999919,0.2099999999999919,-0.060000000000008,-0.0900000000000079,0.6299999999999906,0.0899999999999909,-0.6383646102282488,-0.4800000000000086,0.0722554551606393,-0.2700000000000085,0.0599999999999913,-0.0300000000000086,0.1199999999999912,0.0899999999999912,0.0899999999999912,-0.0900000000000088,0.0599999999999912,0.0299999999999911,-0.1800000000000087,-0.1500000000000088,0.1799999999999912,-0.0707816436286075,0.1806898891424724,-0.4197189409202971,-8.943956686380261e-15,-0.7500000000000091,-0.1800000000000091,0.0899999999999909,0.1199999999999907,-9.256294576048785e-15,0.1199999999999907,-9.419132140919828e-15,0.029999999999991,0.5099999999999912,1.3151686598076606,0.1059516055321461,0.0599999999999906,-0.1800000000000094,-0.0900000000000094,-0.0300000000000093,0.0599999999999905,0.2099999999999905,0.0599999999999905,-0.1500000000000094,-0.0008538479976824,0.2399999999999907,-0.3000000000000093,2.449936107701439,0.690065136386647,0.1499999999999905,0.2999999999999908,0.1799999999999908,-0.0900000000000095,0.0899999999999908,0.2999999999999907,0.1199999999999906,-0.0600000000000095,-0.0300000000000094,0.2099999999999906,0.2099999999999906,0.1199999999999905,0.9006042454416,-0.6202372140106026,-0.6300000000000098,-0.8100000000000097,-0.6600000000000107,-0.898253460247671,-0.8100000000000094,-0.840000000000009,-1.1100000000000092,-1.020000000000009,-0.8400000000000096,-0.990000000000009,-0.9000000000000089,-1.1700000000000097,-1.0800000000000096,-1.1700000000000097,-0.9300000000000088,-1.0500000000000087,-0.9300000000000088,-1.200000000000009,-0.7800000000000088,-0.6600000000000089,-0.6600000000000091,-1.0800000000000087,-1.0190920633861993,-1.0500000000000087,-0.8100000000000088,-0.7800000000000092,-0.9900000000000088,-1.2900000000000096,-0.630000000000009,-1.140000000000009,-0.9289787466467234,-0.9000000000000088,-0.9900000000000094,-1.0500000000000091,-0.9900000000000092,-1.2878361915682732,-1.2900000000000105,-1.0473555538688943,-2.2502092757292487,-2.0358770596535045,-1.679233096114913,-0.1615331333454365,0.8689083406068935,-0.2521081723938029,-1.7724103865703535,-1.4975787715307312,0.1155037029636045,1.9111774948916231,2.279999999999995,-0.2568876124903176,0.2568876124903176,0.015072463768116107,184,157.97014925373134
0.2449999999999997,0.0099999999999998,0.4,400,1.0965217391304347,41.69420289855073,38.02405498281787,40.45695652173913,0.0,-1.0895248197403404,-1.0162238764258398,-1.2900000000000085,-0.061572591687022,-0.0022454114750227,-0.2100000000000087,-0.1200000000000087,0.2399999999999913,-0.0300000000000087,0.0299999999999912,0.1499999999999911,0.2399999999999911,0.1499999999999911,-0.0600000000000089,-8.908429549592256e-15,0.1499999999999911,0.089999999999991,-0.1500000000000088,0.089999999999991,-0.1182531221959407,-0.2102122559129682,-0.1500000000000095,-0.1800000000000092,0.1199999999999904,0.0299999999999905,0.1799999999999905,0.1499999999999905,0.0899999999999904,-0.1500000000000094,0.2699999999999907,-0.030000000000009,0.0299999999999908,-1.3887999609407684,-0.8118412678657075,-0.2431566906344634,-0.0300000000000093,-0.1200000000000095,-0.0600000000000094,0.1799999999999907,0.1199999999999905,0.1499999999999907,-0.0900000000000094,-0.2400000000000089,-0.0900000000000091,-0.2700000000000091,0.0299999999999908,-9.391306667558324e-15,-1.328281193798519,-1.590000000000008,-0.2480930631232661,-0.1800000000000088,-0.0900000000000092,-0.0300000000000091,-0.0600000000000094,0.2999999999999905,-0.0600000000000094,0.1499999999999906,-0.1200000000000095,-0.1500000000000092,-0.1800000000000092,0.865816418002524,0.0820725491802109,0.2722022150253029,-9.807196859738823e-15,-0.1500000000000098,0.1499999999999902,-1.0023943999628187e-14,0.02999999999999,0.11999999999999,0.0899999999999901,-9.841016890277388e-15,-0.2100000000000099,-9.903189379656395e-15,2.340651912261574,-0.0314623341698304,0.191691593047217,-0.0300000000000098,0.1499999999999901,-0.3300000000000099,0.2099999999999901,0.1199999999999902,-0.1800000000000098,-0.0300000000000097,-0.1800000000000097,0.2399999999999901,-0.0300000000000097,-9.734435479913372e-15,-2.652538138231173,-1.2995380755540362,-1.3057708785549147,-0.419746544474614,-0.7171479633807358,0.2810583505400547,0.6723282705209627,0.5308018096113455,0.2365337978041928,-0.3844573895671673,-0.1948435707513058,0.0661663123916055,-0.3698350209832414,-0.91238399217971,-0.1687720198768466,-0.1433622897250078,-0.2252300784026494,-0.2193453429539436,-0.4153214801299137,-0.4903573760509663,-0.1251638465236351,-0.3014133967968497,-0.7787732364555651,-0.849828030968635,-0.5159490503866111,-0.4606219456867301,-0.5864164291641616,-0.5580554070410028,-0.7307266281709117,-0.4712025053242818,-0.4826462831464684,-0.7011062660314827,-0.5226776259431343,-0.4704057394012448,-0.063809823933177,-0.237752938262562,0.0283099854930092,-0.2913239813749011,-0.9516251663999172,-0.8277229008569319,-0.7800000000000105,-1.1700000000000097,-1.2000000000000108,-0.9900000000000102,-0.8700000000000095,-1.080000000000009,-1.410000000000009,-1.260000000000009,-1.2600000000000091,-1.2300000000000084,-0.5700000000000093,-0.2570138024404122,0.2570138024404122,0.09652173913043471,185,157.19402985074626
0.2999999999999998,0.0049999999999998,0.4,400,1.087391304347826,45.31260869565217,41.67093162734906,43.90797101449275,0.0,-0.2935322366056068,-0.3033992260698066,-0.6600000000000089,0.2985076661179199,0.3271368591087636,0.179999999999991,0.0899999999999905,0.0599999999999906,-0.0600000000000096,-0.1200000000000096,0.1799999999999905,0.0299999999999905,-0.1500000000000094,0.1499999999999905,-9.405809464624326e-15,-0.0600000000000093,-0.0300000000000091,-0.0890363141969897,-0.4200000000000083,0.1300457553623437,-0.3190928473596934,-0.1200000000000094,0.0299999999999904,-0.0300000000000094,-9.309768183219664e-15,-0.0900000000000093,-0.150000000000009,-0.2100000000000089,-0.060000000000009,-0.2100000000000089,0.3299999999999904,-0.4200000000000095,-0.6525505828532954,-0.6300000000000094,-0.3734402931866542,0.0599999999999907,-9.303668946358811e-15,0.1199999999999906,-0.2100000000000095,0.0899999999999905,0.0899999999999904,-0.1800000000000096,0.0899999999999903,-0.0300000000000098,0.08999999999999,0.14999999999999,0.0899999999999905,-0.5250095379379265,-0.662049440489092,-0.015131893748535,-0.2080813772572008,-0.1800000000000097,-0.2700000000000096,0.0599999999999903,-0.1200000000000097,-0.0600000000000097,0.0599999999999902,0.0899999999999902,-0.3300000000000094,0.0899999999999903,3.197511104456048,1.264932286324861,-9.534595335480844e-15,-0.2100000000000094,-0.1200000000000093,0.2399999999999904,-0.0300000000000093,0.2099999999999905,0.0899999999999906,0.0299999999999906,-0.0600000000000093,0.0599999999999907,-0.1200000000000092,12.56053643426905,1.7885677410311305,0.4690519027055416,-0.0300000000000092,-0.0600000000000092,-0.1500000000000091,-0.0900000000000093,-0.0900000000000092,0.0599999999999907,0.1199999999999907,0.2399999999999908,0.0599999999999905,0.0299999999999907,0.1799999999999907,-0.9669173798610464,-0.2378165453185075,0.1868597857044679,0.0133354464511127,-0.2664831932196356,0.1985897275040627,0.3458932650814229,-0.0773789256809568,0.2885897275040625,0.2323080877851337,-0.3470281717103085,-0.3669096866880404,-0.0492811950907451,0.0288071915748755,-0.1087644808753589,0.1542308174877755,0.2488902112718583,0.1331210287596428,0.0491360180925695,-0.1081345010927018,0.5680261427499886,0.0190215676781001,0.3563953390812348,0.0016308036687448,-0.0753347875004071,0.624782072315272,-0.2981040954337455,-0.4376319663788525,-0.2857842785207145,0.1674150155960941,0.4263840466087332,0.553343134186592,0.8530995347853277,0.2609236324332606,0.4891575579510327,0.4264393811840749,0.3232378467049953,0.6513325105359192,1.0105543533154198,0.6929616898609345,0.6860325378330638,0.9114588713488389,1.5536011722162284,0.6941719018663187,1.072246214451147,1.808600822236064,1.3454911421608509,2.0462767939141724,2.16547909239098,1.9071319699623168,1.7694266692701948,0.26031724576682663,0.26031724576682663,0.08739130434782605,186,156.4179104477612
0.2149999999999997,0.0049999999999998,0.4,400,1.0168115942028986,41.67101449275362,40.982041049030784,41.5995652173913,0.0,-1.3320357003923933,-0.980228571300908,-0.7816571657500578,-0.0583428342499595,0.1142858904566502,0.2099999999999918,-8.353318037279677e-15,0.2999999999999916,0.4499999999999921,0.3899999999999916,-0.1500000000000086,0.0599999999999912,-0.1500000000000087,-0.0600000000000087,0.1499999999999912,0.1199999999999911,0.0599999999999911,0.1788574449215393,-0.090000000000009,-0.1768451474057869,-0.387215976289001,0.059999999999991,0.2099999999999911,0.1499999999999911,-0.1200000000000091,-0.1500000000000092,-9.319949790090304e-15,0.0599999999999907,0.0299999999999906,-0.0300000000000094,-0.0900000000000088,0.0599999999999912,-1.3647563809859584,-1.5281587321343109,-0.1469399645357887,0.1199999999999905,0.0299999999999905,-0.3600000000000097,0.0299999999999904,0.2699999999999907,-9.480180427725036e-15,0.1799999999999907,-0.1500000000000094,-0.1200000000000095,-0.0900000000000095,0.0599999999999906,0.1499999999999904,1.0352615209021143,1.7380580116373203,0.4254430419434278,0.3554374618825441,0.3599999999999907,0.0899999999999909,-9.121592370320286e-15,-0.270000000000009,0.0299999999999908,-0.180000000000009,-0.1800000000000089,-0.0300000000000091,0.1199999999999908,3.042310050513495,-0.3184544735865927,-0.1200000000000091,-0.1200000000000092,0.0599999999999906,-0.1500000000000094,0.0599999999999906,0.1799999999999905,-0.0900000000000094,-0.0600000000000096,-0.1500000000000094,-0.2400000000000094,0.0899999999999906,2.205784672505751,0.2998296079868676,-0.1500000000000096,0.2099999999999902,-0.1500000000000095,0.0299999999999902,0.4199999999999899,0.0299999999999902,-0.1200000000000095,-0.1500000000000098,-9.63229496164786e-15,-0.1500000000000098,-9.850068781136844e-15,-0.2100000000000099,-1.2211364904208464,-0.7787315532701723,-0.4066026905248772,-0.6008252103197522,-0.5851477510342644,-0.4333981751466249,-0.5251477510342643,-0.2251477510342639,-0.5028474356758675,-0.4651477510342642,-0.5251477510342644,-0.3745360428815196,-0.6008252103197524,-0.4233856855991468,-0.705147751034263,-0.5433856855991464,-0.3807285630818695,-0.6062100162640587,-0.3703719799526901,-0.6203085868533489,-0.354827315058277,-0.5203719799526901,-0.130371979952689,-0.4015478230920832,-0.6301368403747158,-0.3600000000000092,-0.3510609867887779,-0.4564905781437785,-0.4159497718380466,-0.9131836381461506,-0.5513148697342046,-1.1700000000000077,-0.9000000000000077,-0.690000000000008,-1.020000000000008,-1.3200000000000105,-0.990000000000008,-0.5400000000000093,-0.9000000000000077,-1.0500000000000076,-0.6000000000000085,-1.0800000000000076,-1.0800000000000076,-1.319146152002335,-1.1400000000000077,-0.8700000000000077,-1.320000000000008,-2.160000000000012,-1.8788411040776765,-2.249306520052983,-1.7100000000000128,-0.26736301909573557,0.26736301909573557,0.016811594202898572,187,155.6417910447761
0.3199999999999998,0.0149999999999998,0.4,400,1.201304347826087,44.38057971014493,36.9436602726505,40.7768115942029,0.0,-0.5854554073035088,-0.7274611713986979,-0.540000000000009,-0.1229004187819555,-0.2119849391563133,-0.0600000000000092,0.0899999999999908,-0.2100000000000092,0.0299999999999906,0.1799999999999907,0.0599999999999905,0.0599999999999904,0.0599999999999905,-0.0900000000000094,-0.0300000000000094,0.0899999999999905,-9.463541061904834e-15,0.2990363141969729,-0.3000000000000083,-0.2012901040597362,-0.4992397376887016,-0.2400000000000096,-0.1200000000000093,0.1799999999999906,-0.0300000000000092,0.2399999999999908,-0.3600000000000088,-0.0600000000000089,0.3299999999999909,-0.0900000000000091,0.2699999999999907,-0.4200000000000095,-0.9668709293639708,-0.5381587321343092,0.2440027153798921,-0.0906513891436115,0.1199999999999906,0.1799999999999905,-0.1500000000000095,0.0599999999999904,0.1199999999999903,-0.0300000000000096,0.1799999999999902,-0.0300000000000098,0.1499999999999901,-0.12000000000001,-0.0600000000000094,-2.7695571173794598,-3.630000000000003,0.0351759838930179,-9.743317264110374e-15,-0.0600000000000097,0.0299999999999902,0.0899999999999903,-0.1200000000000097,0.0899999999999903,0.0599999999999903,0.0899999999999904,-0.0300000000000096,-0.0600000000000096,1.279391076559682,-0.0509518929032355,-0.000673205776352,0.0599999999999905,0.0899999999999905,-0.1500000000000092,-0.1200000000000091,-0.0900000000000092,-0.1500000000000091,0.1199999999999907,0.1199999999999908,0.0599999999999908,-0.1500000000000091,4.986164748581448,0.3593655932922191,-0.0517047483267706,0.0574128437873878,0.1499999999999907,-0.3900000000000094,-0.270000000000009,0.1499999999999907,0.3599999999999904,0.1199999999999906,-0.1200000000000093,-0.1800000000000093,0.0299999999999905,-0.1500000000000094,9.9366635222241,-0.223426652358694,0.2615249455102939,-0.1517295182884511,-0.039429747912101,-0.5073035375773691,-0.3040816170178425,-0.3467026913368947,-0.1667584033901958,0.0649036092028589,0.2811405041758068,0.1588902112718583,-0.1570870035927007,-0.0559766468330764,-0.3125126511066243,-0.235812384009261,-0.0485897275040808,0.0415268895743741,0.048393157830638,0.0037212779972018,0.149999999999991,-0.092948039144634,-0.052667393750208,0.2656154328948151,-0.2448394401306841,0.2868622213713432,-0.2151681344667377,0.1635828614172883,-0.4524543186218672,0.319217116639246,0.1443105526263745,0.5815964341938025,0.4431308803699321,0.3038228438633031,0.0877459520769094,0.9005498059188551,1.4090127846035776,0.2465947288465504,0.6999413866141964,0.5035418455032218,1.033391525390697,0.4098476237415107,0.4579779658569377,1.216727351972602,1.584338298968064,2.5216509407930987,3.4832814950445816,3.76373963383288,3.3250126802679008,4.825179889353091,5.046594848699997,0.26968255647739026,0.26968255647739026,0.20130434782608697,188,154.86567164179104
0.48,0.0099999999999998,0.4,400,1.29231884057971,50.01739130434783,38.7035998654256,43.655072463768114,0.0,0.0132639091709787,-0.0082283411044523,-0.1213431204141266,-0.1800000000000091,0.2173635368324267,-0.0300000000000092,-0.2700000000000094,0.2999999999999908,0.1793486108563881,0.1799999999999905,0.0899999999999903,-0.0300000000000098,0.0599999999999901,0.2399999999999897,-9.912241270515854e-15,-9.845457782375887e-15,0.0599999999999901,-0.2377497356358449,0.0299999999999905,0.0510038358056699,-0.9194459494227236,0.1199999999999902,0.1199999999999902,-0.0300000000000096,-0.0300000000000096,-0.2700000000000092,-0.2100000000000093,0.2099999999999904,-0.0900000000000093,-0.1200000000000093,-0.3904658231465427,0.0599999999999901,0.0958885798237075,0.1499999999999909,-0.4298169229072515,-0.0900000000000092,-0.2100000000000093,0.0899999999999905,0.0599999999999905,-0.0600000000000094,0.0899999999999904,0.0599999999999905,-0.0600000000000094,0.0899999999999907,-0.0600000000000093,0.0599999999999908,0.0899999999999905,4.966165375968683,5.4899999999999975,0.4470730391427115,0.0001652861492565,0.0601652861492564,-0.0900000000000088,-0.1200000000000087,-0.1200000000000086,-0.0300000000000085,0.2999999999999914,0.2399999999999913,0.1199999999999912,0.2099999999999912,5.467787051547716,-0.3034727809421628,0.123645577962837,-0.4200000000000077,0.1499999999999924,-0.5700000000000073,-0.1800000000000073,-0.1800000000000074,-0.2100000000000072,0.0899999999999928,0.1499999999999928,0.0899999999999927,-0.2400000000000071,9.337557466710765,-0.011487576927558,0.0492743845100093,-7.323868328318324e-15,-0.0300000000000073,-7.329146478307621e-15,-7.329146478307621e-15,-7.329146478307621e-15,0.0299999999999926,-7.329146478307621e-15,-7.329146478307621e-15,-7.329146478307621e-15,-7.329146478307621e-15,-7.329146478307621e-15,13.324426367091624,0.0015469501774813,0.00796775424832,-7.329146478307621e-15,-7.329146478307621e-15,-7.329146478307621e-15,-7.329146478307621e-15,-7.329146478307621e-15,0.0016126061609682,-0.003957716632828,0.0049787551039066,0.0027742615875499,0.0810974605088972,-0.0276654339291258,-0.0463329701684806,-0.0480414886297028,0.0029408128804568,0.0536754418343374,0.0612126765319999,0.0536754418343368,-0.0268377209171775,0.1073508836686792,-6.564643404289144e-15,-0.0402565813757638,0.0134188604585789,0.0570149847659371,0.0167584033901799,-0.0837920169509407,-0.0469356672389663,-0.0167584033901939,-0.0335168067803812,0.0636940706291381,-0.0706707088871985,-0.0167584033901952,0.0205702520878992,0.0411405041758072,-0.1028512604395482,0.1234215125274389,0.0205702520878992,0.020570252087899,-8.651361984642894e-15,-0.0498917157880646,-0.0249458578940363,-0.1247292894701485,-8.608938988152476e-15,0.0798917157880472,-0.0300000000000089,-0.030000000000009,-0.0953414815038941,0.1199999999999906,0.2099999999999907,0.26998346656789735,0.26998346656789735,0.2923188405797099,189,154.08955223880596
0.2599999999999998,0.0149999999999998,0.4,400,1.1789855072463769,40.89811594202899,34.689244007375535,38.30144927536232,0.0,-1.789748053937939,-1.3007144555880297,0.3017465397523295,0.1199999999999911,0.1787999989467738,-0.0300000000000086,-0.2100000000000088,-0.2100000000000087,-0.0900000000000087,0.1499999999999911,-8.839943947053801e-15,0.0599999999999911,0.2099999999999911,0.149999999999991,0.029999999999991,0.179999999999991,0.119999999999991,0.0287933076459697,-0.0900000000000088,0.0518739773014648,0.1957304681320233,-0.1200000000000093,0.0299999999999905,-9.5109008684368e-15,0.1199999999999904,-9.451693828382811e-15,0.1199999999999905,-0.0300000000000094,-0.0600000000000094,-0.2400000000000092,-0.240000000000009,0.3299999999999908,-1.4722645292055356,-1.6180580116373369,0.2366285079915734,-0.0560932212441672,0.0899999999999904,-9.316401562269063e-15,0.2099999999999905,0.0299999999999907,-0.2400000000000092,0.1799999999999908,-0.0600000000000092,0.0299999999999908,-0.270000000000009,0.0299999999999908,-0.0900000000000093,3.440386573502899,2.5005121295203003,-0.4192491170721286,-0.1513860464811534,0.0899999999999907,0.0299999999999906,-0.1200000000000095,-0.2100000000000096,-0.2100000000000095,0.3899999999999904,-9.690026558928366e-15,0.2099999999999907,0.3599999999999905,6.698076520457545,1.096716691999092,0.1205109663001408,-9.940253516031387e-15,-0.03000000000001,0.02999999999999,-9.876544027065392e-15,-0.0300000000000099,-9.823253321883386e-15,0.1199999999999902,0.0899999999999901,0.0899999999999901,-0.0300000000000098,1.699887861469025,-0.0609954026935571,-0.2403979702361757,-0.1314370756932475,-0.1200000000000096,-0.0600000000000097,0.0299999999999902,0.2099999999999904,-0.2100000000000096,0.0599999999999902,0.0899999999999903,-0.0300000000000096,-0.1500000000000096,-0.1500000000000095,-5.372719969984479,-0.1231070150163321,-0.0542929552106414,0.3747074802825633,0.1972259709988378,0.6704808854071862,-0.1425641571552292,0.9760894981549412,1.1774236660884263,0.9041525749790996,1.0026032820173822,0.6975813979977655,0.5512685952588573,0.964604586637634,0.7230371110952569,1.0655980205361748,1.4604990273243317,1.1857119191076135,1.0772035635296828,1.281736854544391,0.6877173376069178,0.6509232294502764,0.3847149363704576,0.5859051914792341,0.2135770741298783,0.0879339016591829,0.6190480778673525,0.5093840063530518,0.2146410366106726,0.5188782521385242,0.7254251382396808,0.392484809345742,0.9484725502182918,0.745413851326018,0.2888053062293221,0.4238869759449971,-0.0677765050930893,0.4662600889278683,0.6961244178838676,0.6406192023867681,1.2918184554162144,0.5399999999999898,0.7499999999999918,0.8699999999999902,0.8399999999999921,0.6899999999999926,0.9599999999999912,1.3499999999999923,0.9599999999999924,0.8390920633861831,0.8099999999999925,0.2769558651717396,0.2769558651717396,0.17898550724637685,190,153.3134328358209
0.2899999999999998,0.0099999999999998,0.4,400,1.126086956521739,43.86594202898551,38.95431145431145,41.78855072463768,0.0,-0.3775868127290847,-1.2062995690144498,-0.8100000000000087,-0.4769310832536713,0.143585830328366,-0.2700000000000089,-0.180000000000009,-0.3000000000000089,0.0599999999999908,-0.0900000000000091,0.1799999999999906,-0.0600000000000094,-9.299228054260312e-15,0.0899999999999905,-0.0900000000000094,-0.0300000000000094,0.0599999999999905,-0.0891174785510395,0.299999999999992,-0.2070955066234861,-0.3295882201608828,-9.521272659185343e-15,-0.1500000000000095,-0.0300000000000094,-9.506235719930791e-15,-9.482372914675936e-15,0.0599999999999904,0.1499999999999903,0.1199999999999905,0.0599999999999905,-0.0300000000000094,-0.3000000000000093,-0.8667433495583664,-0.2382534602476701,-0.346687636538285,-0.1200000000000089,-0.120000000000009,0.0599999999999908,0.1499999999999908,0.0599999999999908,-0.0600000000000092,-0.0600000000000092,0.1199999999999907,-0.1200000000000095,0.2699999999999906,0.2099999999999904,0.269999999999991,-1.5519037271189835,-2.0700000000000087,0.6142793580934177,0.0605109663001407,-1.0024970679227812e-14,-0.0300000000000099,-0.1200000000000099,-0.3000000000000096,0.0299999999999902,-0.1500000000000097,-0.0300000000000097,0.2099999999999901,0.29999999999999,-0.8257612904554013,0.4007998919238617,-0.0900000000000096,-9.618972285352356e-15,0.0299999999999903,-0.0295341768534768,-0.1800000000000093,-0.0900000000000095,0.0299999999999904,0.0899999999999904,0.0299999999999904,-9.579078545445304e-15,-0.1500000000000094,-0.7023600118472776,-0.0778316459787764,-0.0600000000000094,-0.0900000000000093,0.2399999999999905,-0.2400000000000092,-0.3000000000000092,-0.3900000000000092,0.2099999999999906,0.1799999999999906,0.0899999999999907,0.0599999999999907,-9.297656234563797e-15,-0.2100000000000091,5.091736906441427,0.8293896663777176,0.9027223698254312,1.4793463344008426,0.5401694371659214,0.3091300070696748,0.2938026100426628,0.2388822210952189,0.7930481859763802,1.1080264529815471,1.0901794732228631,-0.0077100125735941,0.3249834940484756,-0.0515218392920792,0.1892872383555438,0.4098178601107842,0.3739460864095027,0.9571355808124128,-0.1801188717085647,0.7189155819645179,0.0922765434936596,-0.0614160532299431,0.0662644816356991,-0.1913350353245743,-0.5631144152376973,0.2470004965316148,0.331632308767165,-0.1262156802331174,0.1569815056960629,0.6140934512308168,1.337408549355224,1.136342867538196,1.2476923806037632,1.4695652176149054,1.2399721441132594,0.9455439692414832,1.2447069871191323,0.9995042056177468,1.087512650691342,1.124198630796042,0.7233912138694971,1.3081865302880409,0.8481194961886374,1.188909514219101,1.0456752111650418,1.736857421979327,2.470986711996605,2.5855833052774813,2.5686398606823397,2.8199999999999914,2.9099999999999917,0.2776059082038247,0.2776059082038247,0.12608695652173907,191,152.53731343283582
0.4499999999999999,0.0149999999999998,0.4,400,1.356666666666667,48.0463768115942,35.41501976284585,40.39376811594203,0.0,0.0665723863609706,-1.0227841861648734,-0.7200000000000084,-0.1500000000000089,-0.3583987111803585,0.1799999999999908,0.179999999999991,0.2999999999999909,0.2099999999999908,0.0299999999999908,0.1199999999999909,0.0899999999999909,0.3599999999999907,-0.0900000000000095,-0.1500000000000094,0.0299999999999904,0.3899999999999904,0.5699999999999901,-0.0600000000000094,0.1136615447931315,0.0397372286316368,0.5094431157708513,-0.0300000000000099,0.2399999999999899,0.1799999999999902,0.2699999999999899,0.1199999999999902,-0.0300000000000097,0.0599999999999903,0.1799999999999904,0.0599999999999902,0.1799999999999902,-0.7188289903039796,0.4816571657500401,0.2681576050267056,-0.0900000000000093,-0.0300000000000093,0.1799999999999905,-0.090000000000009,0.1799999999999908,-0.0600000000000092,0.1199999999999908,0.1499999999999906,0.2099999999999907,-0.0300000000000094,-0.0600000000000094,-0.1500000000000091,-2.207240324884552,-1.772164485550939,-0.5309751749901376,0.2043173782295683,-0.0300000000000092,-0.060000000000009,-0.0900000000000089,0.0599999999999911,0.4799999999999905,0.0599999999999911,0.0899999999999911,-0.1800000000000089,0.239999999999991,2.3708552324604426,-0.1304258992708071,-0.2700000000000088,-0.3000000000000087,-0.4500000000000083,0.1499999999999914,0.3899999999999917,0.1499999999999916,0.0299999999999917,0.0598762342728696,0.2999999999999918,-0.2700000000000081,0.0299999999999917,13.937028709155983,0.3845304665911475,0.0599999999999923,-0.3600000000000075,-0.0600000000000075,0.2699999999999927,-7.415213832930588e-15,0.1799999999999928,0.2399999999999928,-0.0600000000000072,0.1199999999999927,-7.212008767965016e-15,0.0899999999999927,-0.0348187075458919,24.259512276430502,0.1868998850711368,-0.1052220812374494,0.1095219524218692,-0.0701880642151727,0.0234221292387491,0.141151301220902,0.0230792383566135,-0.0143774379898342,0.0163596733390422,-5.610505044303047e-15,0.0939320232100949,-6.603201362689088e-15,-0.0402565813757638,-0.0402565813757637,-0.0268377209171781,0.0134188604585789,-0.0033395429316077,-0.0167584033901935,0.0335168067803666,-0.0134188604585924,-0.0670336135607538,0.0167584033901798,0.0167584033901795,-7.434053372890048e-15,0.0167584033901787,-7.877676713629013e-15,0.0502752101705516,0.0167584033901781,-8.596090866943834e-15,-0.0205702520879165,-8.608669332943465e-15,0.1645620167032547,-8.587753580278017e-15,0.0455161099819272,0.0411405041758071,-8.777064104084671e-15,-0.0367648983697045,-0.1159780778579087,-0.0249458578940363,-0.0748375736820929,0.0249458578940193,-8.850697952311748e-15,-0.0050541421059808,0.029999999999991,-0.1800000000000092,-0.0300000000000092,0.0299999999999906,-9.343636975245315e-15,-0.1376348144246723,0.0299999999999907,0.2875435763934101,0.2875435763934101,0.3566666666666669,192,151.76119402985074
0.1549999999999997,0.0049999999999998,0.4,400,1.0144927536231885,37.86043478260869,37.31957142857143,37.845217391304345,0.0,-1.7015828270069904,-1.8418275837763785,-1.3500000000000083,-0.210000000000009,0.1211425550784424,-0.0600000000000093,0.1799999999999907,-9.237055564881304e-15,0.0899999999999907,0.1199999999999908,-0.1200000000000088,-0.0600000000000085,0.0299999999999914,-0.2700000000000083,-0.1800000000000085,-0.0600000000000084,-0.0300000000000083,0.8113431204141084,0.4499999999999906,0.1550608712524282,-0.0885471714910461,-0.0300000000000079,-7.992759045757324e-15,-0.150000000000008,0.2399999999999919,-0.2700000000000079,-8.388845174067683e-15,0.0599999999999917,-0.0300000000000084,0.0599999999999915,0.2399999999999916,0.0599999999999916,0.0338907083547752,-1.0500000000000087,-0.0477219314876388,-0.3000000000000086,0.1799999999999912,-0.0300000000000088,-0.0900000000000087,0.2399999999999911,0.1799999999999911,0.2099999999999911,-0.2400000000000088,0.059999999999991,-0.1500000000000089,0.2999999999999911,-8.755566997182288e-15,0.6137414035849302,-0.1926276203912647,0.364573309427474,0.0899999999999908,-0.150000000000009,-0.0600000000000093,0.2699999999999908,-0.1500000000000093,0.1799999999999905,0.0899999999999905,-0.0300000000000094,-0.1200000000000092,0.059146152002318,0.8621673290870215,0.3300132155023989,0.2399999999999905,-0.0600000000000094,0.0899999999999905,0.1499999999999905,-0.0300000000000095,-0.2700000000000094,-0.2700000000000094,0.2099999999999905,-0.0600000000000094,-0.1500000000000094,-0.1200000000000094,0.9765919575128704,-0.4689881741385405,-0.4200000000000101,-0.1800000000000094,-0.0600000000000095,-0.0900000000000095,0.0899999999999905,-0.1200000000000096,-0.2400000000000094,0.4499999999999901,-0.1800000000000093,0.0899999999999904,-0.0900000000000095,0.4199999999999903,-0.1221329546209057,0.6012710384551453,-0.0600000000000093,-0.4500000000000102,-0.0600000000000094,0.0899999999999904,-0.1800000000000094,-0.3000000000000092,0.3599999999999902,-0.0300000000000094,-0.1500000000000095,-0.1200000000000094,-0.1200000000000093,0.1799999999999906,0.2399999999999907,0.2691987241413645,0.209999999999991,0.2699999999999908,0.2399999999999907,0.7208012758586171,0.4799999999999907,-9.197087535994796e-15,0.1799999999999908,-0.1500000000000091,-0.0600000000000091,-0.2100000000000091,0.2099999999999909,0.4199999999999912,-8.886225089099754e-15,-0.1800000000000089,-0.0900000000000088,0.0899999999999911,0.0299999999999912,-0.2700000000000087,-0.0300000000000087,-0.5700000000000078,0.0599999999999911,-0.2400000000000087,0.0599999999999913,-0.2389191873198572,0.5452687389919899,2.4680565982966662,3.999710558212088,3.9590509866309582,2.6292256938057146,2.2041884361613846,4.384487504033582,4.107574335541267,4.844562327726407,5.943227074484498,6.204472994521466,0.2891044888322053,0.2891044888322053,0.01449275362318847,193,150.98507462686567
0.1399999999999996,0.0049999999999998,0.4,400,1.0127536231884058,36.73420289855073,36.27160847166572,36.721014492753625,0.0,-1.879995053798203,-1.5184306042753706,-2.1300000000000083,0.0551883197074487,0.6599999999999904,0.1199999999999908,-0.0900000000000093,-0.1500000000000094,-0.0600000000000093,0.0899999999999906,0.0299999999999906,0.0299999999999907,-0.0300000000000091,-0.1800000000000091,-9.235636358399103e-15,-0.0600000000000089,-0.1212066923540302,0.1772483623791964,0.2999999999999908,-0.325004193976029,0.1212906235616976,-0.1200000000000084,-0.2400000000000082,0.0299999999999916,-0.5400000000000074,0.1499999999999918,-8.106583922205454e-15,0.0299999999999918,-0.090000000000008,-0.2700000000000079,0.179999999999991,0.0599999999999911,-0.7182889198484316,-0.9300000000000082,-0.1177195770712766,-0.0900000000000083,-0.2700000000000085,-0.0300000000000084,0.1499999999999913,0.2099999999999914,-0.0600000000000087,0.1499999999999914,-0.0900000000000088,0.0299999999999911,-0.1500000000000087,0.1799999999999912,-0.450000000000008,-0.705820998684371,-1.622288133498455,-0.2094061794326663,0.1209079366138013,0.119999999999991,0.059999999999991,0.3599999999999911,-0.300000000000009,0.149999999999991,-0.0900000000000091,-9.026850911589262e-15,-0.1800000000000088,0.089999999999991,-0.6946719076998237,-0.2723993508093906,0.3069789294962429,0.1499999999999907,0.299999999999991,0.0599999999999906,-0.2400000000000093,-0.0600000000000093,0.2099999999999908,-9.319949790090304e-15,0.0599999999999905,0.0599999999999907,-0.0300000000000092,0.6930620295853656,-0.1474712146596968,0.0299999999999906,-0.0300000000000094,0.0599999999999906,0.2399999999999906,-0.0900000000000094,0.0899999999999906,0.1499999999999905,-0.3300000000000093,-0.3900000000000093,-0.0600000000000094,-0.4500000000000097,-0.0600000000000094,0.9394614986164256,0.9916820747168124,0.1799999999999907,-0.3600000000000093,0.6299999999999905,-0.1500000000000093,-0.0600000000000092,-0.0900000000000093,-0.4800000000000093,-9.386563171567814e-15,0.239999999999991,-0.2400000000000091,0.5099999999999915,-0.090000000000009,0.0299999999999909,0.4499999999999911,0.1499999999999909,-0.2100000000000089,-0.0900000000000089,-0.1200000000000089,0.0899999999999911,-0.3300000000000091,-0.1800000000000087,-0.1500000000000087,-0.2400000000000086,0.1799999999999913,-0.5400000000000087,-0.3300000000000086,0.0599999999999913,-0.2100000000000086,-0.4790363141969896,-0.0300000000000086,-0.2700000000000086,0.5999999999999914,0.2399999999999913,-0.2100000000000082,0.4499999999999916,-0.0889191873198571,-1.3623422615236656,-2.4144648603828376,-3.82410365097877,-1.9259351524306751,-1.476112422662807,-2.0788158080898844,-3.1815829083852414,-2.6214061076393618,-2.543288348062964,-2.0813659589337608,-2.071941988362679,-2.250000000000006,-2.2800000000000065,-0.28932027551015355,0.28932027551015355,0.012753623188405783,194,150.2089552238806
0.2049999999999997,0.0149999999999998,0.4,400,1.086376811594203,38.267826086956525,35.22518676627535,37.42623188405797,0.0,-1.0665356600066258,-1.5414850273980547,-1.0819419883626804,-0.0547801068761645,-0.1500641372755781,0.0299999999999916,-0.1500000000000081,0.0599999999999917,0.0599999999999919,-0.030000000000008,0.0299999999999919,0.0599999999999919,0.1199999999999918,-8.120118281386908e-15,0.1499999999999919,-0.1200000000000084,-0.0300000000000083,0.2413431204141084,0.3913431204141078,0.4270267908747593,-0.4440078280104377,0.1799999999999912,-0.1500000000000087,0.0899999999999911,-0.1200000000000088,-8.838768175969463e-15,0.2399999999999911,-8.847649960166464e-15,0.0899999999999911,0.0599999999999911,-0.0300000000000085,-0.3900000000000083,-0.8091205920576463,0.0899999999999915,0.0144551148624447,0.1199999999999908,-0.0300000000000092,0.0299999999999906,-0.3600000000000092,-0.1200000000000094,-0.0300000000000094,0.1799999999999907,-9.530147161493314e-15,0.2999999999999906,-0.2100000000000091,-0.1500000000000095,0.0899999999999906,-1.9545757285461247,-2.8501446569618616,-0.6448349420470924,-0.0885811623041916,0.1499999999999905,-0.3600000000000095,-0.0300000000000093,-0.0600000000000093,0.1199999999999905,0.0599999999999906,-9.289756209678062e-15,0.0899999999999905,0.1199999999999905,-0.1285049125456708,0.370546073687181,0.0299999999999907,-0.2100000000000089,-0.2100000000000089,-0.2100000000000089,-0.570000000000009,0.119999999999991,0.0299999999999908,-0.210000000000009,0.3299999999999909,0.2399999999999909,-0.090000000000009,-1.9585505617175756,-0.7622781222981163,-0.1618039873153575,-0.1181593283021133,-9.157749689205671e-15,0.1799999999999909,0.0599999999999908,-9.255664312307952e-15,-0.090000000000009,0.0899999999999908,0.1506513891435931,-0.0900000000000092,0.0299999999999907,0.1199999999999907,3.807946944130346,1.3616706576385034,0.8732406168514288,0.5659593104032782,0.1089887633765291,0.5717185605158731,0.9445393677981428,0.8844210880231895,1.0711666999103562,0.9174018167231934,0.794307925159851,1.066466563971878,1.3099142349780388,0.8854479785056446,1.050843342981822,1.1258197195584132,0.5232044026865768,0.9976272050078144,0.9030031588526816,0.5554069050050134,0.2721986582377803,0.1402752779243641,0.5968158140353591,0.9382981696711874,0.9877019536206086,0.9527432026125248,1.2299999999999918,1.0199999999999922,0.9599999999999924,0.9899999999999928,0.809999999999993,1.049999999999993,1.169999999999994,1.1399999999999932,0.9299999999999928,1.499999999999992,0.9599999999999944,0.8381587321342951,1.1099999999999943,1.1699999999999953,0.9899999999999946,1.529999999999996,1.529999999999996,1.4109636858030132,1.1999999999999944,1.1783614000795894,2.4646808901339243,2.0331520292004983,0.9917703707894358,0.7858964097447693,-0.3652652180362187,0.29213654714057924,0.29213654714057924,0.08637681159420296,195,149.43283582089552
0.1899999999999997,0.0049999999999998,0.4,400,1.0160869565217392,40.238985507246376,39.60191128227072,40.19231884057971,0.0,-2.008836174001725,-1.9567475952035016,-1.230000000000008,0.2148021104433151,0.3588574449215405,0.1799999999999918,-0.0600000000000081,0.3599999999999921,-0.0600000000000079,-7.955699432299411e-15,-0.150000000000008,-0.1800000000000082,-0.3900000000000075,-0.2700000000000084,0.2699999999999917,-0.0300000000000085,-0.0600000000000085,0.2712734599140793,0.3599999999999907,-0.0801178175210189,-0.2029713896992726,0.0899999999999912,0.0899999999999912,0.0599999999999911,-0.2700000000000088,-0.0300000000000088,-8.885049318015414e-15,-0.0300000000000088,0.029999999999991,0.119999999999991,0.1499999999999913,-0.0600000000000086,-1.139841789697854,-0.9260085711482512,-0.1496187234314857,-0.0300000000000093,0.0299999999999907,0.0899999999999907,-0.3300000000000091,-0.0300000000000095,-0.0900000000000095,-0.0600000000000092,0.0899999999999904,0.4499999999999906,-0.1500000000000093,-0.3300000000000092,-0.1800000000000093,0.0780563945475206,1.114612489718006,0.2234513786811073,0.1191461520023175,0.1499999999999905,-0.2100000000000093,-0.0300000000000093,-0.0300000000000093,0.1499999999999904,0.2699999999999904,-0.0300000000000092,0.2399999999999904,0.2699999999999905,0.5334826141516003,-0.5842116147525818,-0.3000000000000091,-0.120000000000009,-0.210000000000009,-9.118913501932168e-15,-0.120000000000009,0.119999999999991,-0.0300000000000091,-0.150000000000009,0.0299999999999909,0.1199999999999908,-9.046097204645776e-15,3.821545168578961,0.6035052856478548,-9.089589280953044e-15,0.2699999999999909,0.1199999999999907,0.1199999999999908,0.0299999999999908,-0.120000000000009,0.1199999999999908,0.2399999999999909,0.0599999999999907,0.2399999999999909,0.0599999999999907,0.2999999999999908,0.1828142224472286,-0.1672058847133798,0.5331385945923394,0.3599999999999896,0.3771479379910413,0.5399999999999897,0.5699999999999901,0.5203719799526696,0.7233856855991276,0.8296280200473124,0.4003719799526711,0.4799999999999897,0.7436777021856927,0.6110844786992436,0.629999999999991,0.3413778653669552,0.6824500107919598,0.9196280200473126,0.8219024451631017,0.6110844786992424,0.7302426291559282,0.9019567271277502,0.9907500881213802,1.049999999999992,1.169999999999992,0.8999999999999916,1.0499999999999925,0.6899999999999923,1.079999999999992,0.8099999999999921,1.049999999999992,1.109999999999992,1.2599999999999911,1.1699999999999915,0.8999999999999921,1.139999999999992,1.4099999999999906,0.8099999999999922,1.109999999999992,1.079999999999992,0.3899999999999919,0.419999999999992,1.1099999999999917,1.5299999999999885,1.0490363141969734,0.9300595593268584,1.1129082339599925,0.90808277538856,0.5285252432499995,0.8338917452404688,1.3773889096283096,0.3008266564157138,0.3008266564157138,0.016086956521739193,196,148.65671641791045
0.1899999999999997,0.0099999999999998,0.4,400,1.0330434782608695,39.15072463768116,37.89842873176207,38.93739130434783,0.0,-1.9377823303991757,-1.4003156167435242,-1.5000000000000078,-0.1183428342499596,-0.2999358627244385,0.0899999999999915,-8.300027332097671e-15,0.1499999999999916,-8.113509863960644e-15,-0.120000000000008,-0.1200000000000079,0.029999999999992,-8.071162626860425e-15,-0.0600000000000081,-0.2400000000000079,0.0299999999999917,0.2099999999999919,-0.4463241285593123,-0.0287265400859207,0.2430651405401937,-0.3056890328132649,-0.0600000000000087,-0.2700000000000087,-0.3000000000000087,-0.3600000000000087,-0.0300000000000087,-0.1800000000000087,-0.1200000000000087,0.2699999999999911,0.0899999999999911,-0.2400000000000084,-0.0900000000000083,-1.0451691642744294,-0.6620494404890916,-0.3626462539671297,0.389999999999991,0.1199999999999909,-0.0600000000000091,-0.2700000000000091,-0.2100000000000091,-0.0900000000000093,0.0599999999999905,0.2099999999999907,0.1499999999999905,0.0299999999999905,-0.1200000000000095,-0.149092063386199,-1.6074663176000188,-1.9547097102551865,0.0936335582324735,-0.0600000000000094,0.0899999999999905,-0.1800000000000094,-0.0300000000000095,-0.0300000000000093,0.1499999999999904,0.1499999999999905,-9.387455835845072e-15,-0.3600000000000093,-9.459100169806334e-15,4.0781861865462,0.3132251891447168,0.3299999999999906,0.1499999999999906,-0.2700000000000094,0.2099999999999908,-9.139355938714288e-15,-0.120000000000009,0.1199999999999908,0.1499999999999909,0.1499999999999908,-0.2700000000000092,-0.3300000000000093,-0.4379626916525758,-0.1072013437104273,0.0182929656874499,-9.13223617822767e-15,-0.0900000000000089,0.1199999999999908,-0.060000000000009,-0.090000000000009,0.0899999999999908,-0.1200000000000091,-0.1500000000000089,-0.2700000000000091,0.2099999999999909,-0.0300000000000091,-1.1116373515697917,0.1637082485937463,-0.0514207088521285,0.2020918466606825,0.0639154302383866,0.9570568278589544,0.7220313167264654,0.6915155586201522,-0.0742349315368526,0.6135224536318457,0.4287014602838491,0.6464890024192552,0.6678556131017698,0.9334921854745496,0.5300450969184675,0.8954997761575662,0.7987494520455632,1.3371317720448963,1.1042560085609574,1.0604090663387529,1.251803427404883,0.6299999999999905,0.9599999999999904,0.7199999999999899,0.8699999999999903,0.9899999999999904,1.1699999999999908,0.7499999999999905,0.9899999999999904,0.8099999999999905,0.6899999999999905,0.9299999999999912,1.55999999999999,0.899999999999991,0.8999999999999914,0.8399999999999913,1.1699999999999913,0.9299999999999912,1.37999999999999,1.6490920633861803,1.7099999999999924,1.7099999999999915,1.8299999999999923,1.2899999999999907,1.7399999999999922,1.781420468829979,3.177567110951976,2.1549649355853755,2.2486564899278605,2.6240230433677127,2.262253178352203,0.31834745326639724,0.31834745326639724,0.03304347826086951,197,147.88059701492537
0.0849999999999996,0.0149999999999998,0.4,400,1.011304347826087,28.84507246376812,28.522642591000288,28.82927536231884,0.0,-1.4362213654440683,-0.9831330984484936,-0.3900000000000083,-0.3253248922635727,0.024538757882755,0.0032297574370533,0.359999999999991,0.299999999999991,-0.120000000000009,0.1199999999999909,-0.2400000000000087,-0.0600000000000089,-0.2700000000000089,-0.4200000000000086,-0.1500000000000091,-0.2400000000000091,-0.060000000000009,-0.7481346616265735,0.5699999999999921,0.3577118665015453,0.2698962440559956,-0.240000000000009,-0.2700000000000091,0.149999999999991,0.3299999999999909,0.1499999999999908,-0.0900000000000091,-0.2700000000000092,0.1785076661179198,-0.180000000000009,-0.7800000000000089,-0.7500000000000085,-0.330372136267656,-0.1500000000000081,0.2548426078306565,0.1499999999999908,0.2999999999999908,0.2099999999999907,0.4199999999999906,0.1499999999999908,-0.1800000000000091,-0.3900000000000091,-0.4213431204141268,-0.3600000000000093,-9.205263294642841e-15,-0.2400000000000091,-0.4500000000000095,-1.6444115909257715,-2.7002781002201486,-2.4841531258869187,-1.7412627043574482,-1.1100000000000088,-1.200000000000009,-0.9000000000000088,-0.8412734599140976,-1.020000000000009,-1.0200000000000085,-1.3200000000000087,-0.8100000000000089,-1.1700000000000086,-0.2518383432435231,-1.0550223182070713,-1.4417465397523472,-1.82872654008592,-1.9800000000000089,-2.190000000000009,-1.8887265400859203,-2.4000000000000115,-2.1900000000000084,-2.1300000000000083,-1.920000000000008,-1.8900000000000088,-2.250000000000009,-1.6357342396524868,-0.434324558714834,0.3883428342499411,1.1712066923540114,0.4512734599140788,0.7499999999999907,0.9624801522681008,0.7199999999999909,1.319999999999992,1.25999999999999,1.22999999999999,0.89999999999999,0.5746200178845257,-0.0012066923540303,0.24503196168715,0.2288978076660008,0.5564533156505911,0.4727485261168729,0.2979505595109075,0.3312734599140803,-0.0300000000000087,0.2099999999999918,0.4785076661179209,0.6899999999999917,0.3242534582746346,0.2999999999999919,-0.1172618585217912,-1.0220494404890912,-1.3576666549066028,-2.6633155466060674,-2.5295928891206825,-2.092091989171399,-0.6281585340037021,0.4199999999999916,0.6917418433339246,0.2026965200453609,-0.0300000000000065,0.0899999999999923,-0.1200000000000073,0.1199999999999923,-7.389644451905042e-15,0.0599999999999911,0.0320494404890752,0.0599999999999926,0.0620494404890749,0.1799999999999912,-0.2700000000000088,0.1199999999999911,-0.0900000000000099,-0.0300000000000088,0.05999999999999,-0.1200000000000099,0.14999999999999,-0.1200000000000096,-0.0300000000000096,0.02999999999999,-0.1800000000000099,-0.0900000000000088,0.02999999999999,-0.150123647947527,-0.0300000000000096,-8.526512829121202e-15,-0.0900000000000099,0.0577118665015447,0.0599999999999914,-0.3275034685966591,0.3275034685966591,0.011304347826087024,198,147.1044776119403
0.3349999999999998,0.0149999999999998,0.4,400,1.2185507246376812,44.92492753623189,36.867507136060894,40.70855072463768,0.0,0.160310322115552,0.5322128204998612,0.3899999999999909,0.0599999999999908,-0.1495343839754994,-0.0600000000000093,0.0299999999999905,-0.0300000000000094,0.0599999999999905,-0.1500000000000095,-0.0900000000000095,0.3599999999999906,0.3599999999999904,0.0599999999999905,0.0899999999999906,-9.380822456795671e-15,0.0599999999999905,0.3009636858030101,-0.1800000000000086,-0.0912478548617636,-0.0807857673181166,-0.1200000000000094,-0.2100000000000091,-0.180000000000009,0.0599999999999908,-0.1500000000000089,-0.1200000000000091,-0.0600000000000091,0.0299999999999908,-0.2100000000000089,-0.1200000000000095,-0.0600000000000094,-0.7116873791824169,-0.6581587321343098,0.2938410184872966,-0.211032142702392,0.2399999999999905,-0.0300000000000096,0.0299999999999901,0.20999999999999,0.0594431157708517,0.1199999999999901,0.0599999999999898,-0.18000000000001,0.14999999999999,0.3899999999999899,0.1499999999999902,1.7394547085826573,1.797711866501546,0.2489999882587026,0.030510966300141,-0.0300000000000097,0.0299999999999904,0.0599999999999904,-0.0600000000000095,-9.494701595573791e-15,-0.3300000000000094,0.1499999999999904,0.0599999999999904,-0.0900000000000095,1.7682063988214256,-0.3363120429255312,-0.5708858374369558,0.2099999999999906,0.2699999999999906,0.0299999999999908,0.0899999999999907,-0.0900000000000091,-0.0600000000000093,0.0899999999999906,0.2399999999999907,0.2099999999999908,0.0299999999999906,7.016107256009182,0.4961564242797761,-0.0300000000000094,-9.426727806795667e-15,-0.1200000000000094,-0.1500000000000095,0.1199999999999905,0.0899999999999907,0.1799999999999905,0.1799999999999904,0.1499999999999904,0.2099999999999909,-0.0600000000000094,0.1799999999999908,4.267514704188241,0.3445798419123684,0.1852081479897878,0.2885993457852224,-0.045072920723707,-0.2100000000000089,0.0899999999999911,-0.0467584033901955,0.1932415966098043,0.0767584033901777,0.2005702520878988,0.0129465546924565,-0.1088594958241931,-7.995259497875022e-05,-0.3694297479121009,-0.2719805245838451,-0.0822810083516407,-0.0411405041758248,-0.1025015395244665,0.1062071970851592,-0.150000000000009,-0.090000000000009,-0.2026673937502079,-0.0489394484191629,-0.0505702520879169,0.029999999999991,0.105334787500389,-0.0736582113627119,-0.159554632439908,-0.4020054577662193,-0.0599653826553252,0.5378527318853099,0.0678066346167391,-0.3485369453745436,-0.503730751320361,-0.1276452099194618,0.0243639952749391,-0.6307197951564592,-0.3052446265830519,-0.0755517328347005,0.487407249876239,1.2949782454346572,1.4694341425727062,1.078946894736985,2.546797051184615,2.551421007116736,2.473719879439753,2.355397057409407,3.715913545873149,5.418837114248257,6.318474043606073,0.3325339921641915,0.3325339921641915,0.21855072463768122,199,146.32835820895522
0.0499999999999996,0.0149999999999998,0.4,400,1.0060869565217392,24.446666666666665,24.298761163929704,24.438840579710146,0.0,-2.0424538860296058,-0.5172202953209402,-0.6624215767567412,-1.0800594866157076,-0.5864407373558955,-0.2998622193504523,-0.5978355144490799,-1.3740697569945977,-1.3140665827855784,-0.6300000000000086,-0.1781587321343095,-0.300000000000009,-0.7800000000000088,-0.360000000000009,-0.2400000000000088,-0.3265069204953315,-0.1500000000000091,2.2498763520524725,1.9799999999999909,1.2599999999999922,1.1400158198384895,0.899999999999991,0.299999999999991,-0.3900000000000092,-0.2417465397523477,0.089999999999991,-0.2100000000000091,0.2420494404890752,-0.3600000000000091,-0.4200000000000095,0.5380580116373188,1.2621644855509206,0.7473674346507514,0.6652900390001656,-0.3019419883626819,0.9319419883626644,1.499999999999991,1.6182534602476528,1.2299999999999909,0.9260889746967236,0.9941064739135916,1.0199999999999907,2.187950559510907,1.797835514449062,1.5879505595109054,2.4899999999999904,3.5739110253032584,3.719842428436991,3.602408662155578,3.20500484982327,3.237950559510908,2.9697715104281235,2.910115045061838,1.9874936495542264,1.4099999999999937,0.4220494404890788,0.1777118665015481,-0.3889294768117436,-0.4759803579208794,0.5399999999999946,-0.3628963492352721,0.8375031697706734,1.6799999999999944,1.2899999999999945,1.1699999999999933,0.8399999999999943,0.4499999999999949,0.269999999999995,0.3578355144490653,-0.0300000000000051,0.1799999999999947,0.1199999999999936,-5.2580162446247405e-15,0.3332439510031992,-0.1200000000000052,-0.0300000000000065,-0.1500000000000064,-0.0600000000000065,-0.0278355144490782,-5.115907697472721e-15,-0.1821644855509346,-0.1500000000000052,-0.3300000000000052,-5.4001247917767615e-15,0.0599999999999934,-7.673861546209083e-15,-0.0300000000000076,-0.3897569963442349,-0.029809701465576,-7.673861546209083e-15,-0.0900000000000065,-0.0040196420791332,-0.0600000000000076,-0.0600000000000065,-0.0900000000000074,0.0599999999999937,0.1199999999999923,0.1799999999999923,0.0299999999999934,0.1799999999999923,0.2421644855509205,0.0644526190493675,-6.536993168992922e-15,0.1177118665015464,-0.0600000000000054,0.0899999999999923,0.1199999999999934,-0.0300000000000076,0.0299999999999923,0.1799999999999934,-0.0600000000000076,-0.2078355144490794,0.1499999999999934,0.1199999999999923,0.1499999999999934,-0.0300000000000076,0.0599999999999923,0.0299999999999923,0.1499999999999923,-0.0900000000000054,-0.0300000000000054,0.1499999999999934,-0.1800000000000076,-0.0275784232432747,-0.1200000000000054,-0.1800000000000065,-0.0900000000000065,-0.1800000000000054,0.0899999999999934,0.0599999999999934,-0.2122881334984512,0.0922881334984404,-0.0024215767567372,-0.0600000000000041,-5.4001247917767615e-15,0.2999999999999957,0.0899999999999957,-0.2074337662814193,0.3454251718587612,0.3454251718587612,0.006086956521739184,200,145.55223880597015
0.2649999999999998,0.0049999999999998,0.4,400,1.0902898550724638,43.39434782608696,39.80074438388941,42.04608695652174,0.0,-0.6954828257530196,-1.2429921051692667,-1.140000000000008,-0.0600000000000091,0.0879889800366959,-0.1800000000000087,-0.0600000000000088,-0.3600000000000088,-0.090000000000009,0.059999999999991,0.1199999999999909,0.2699999999999909,-0.1500000000000092,-0.0600000000000094,0.0299999999999906,0.0299999999999905,0.1499999999999904,0.1499999999999917,0.359999999999992,-0.1469348594598061,-0.2427585988728809,0.5646510873255335,-0.1500000000000094,0.0299999999999905,0.0599999999999904,0.0299999999999905,0.2099999999999907,0.1199999999999906,0.0299999999999906,-0.0900000000000096,0.0599999999999905,0.1499999999999904,-0.3050791186945517,0.0599999999999908,0.031076273703787,-9.167659636067642e-15,0.0899999999999908,-0.2400000000000089,-0.060000000000009,-0.1500000000000091,-9.228173780684302e-15,-0.120000000000009,0.0599999999999908,0.0299999999999907,0.1499999999999907,0.1499999999999908,-0.0300000000000091,-2.2973777804478845,-3.8079505595109215,-0.676868594397406,-9.63229496164786e-15,-0.2700000000000099,-0.0300000000000099,-0.0900000000000099,0.0299999999999899,-0.0300000000000099,-0.27000000000001,0.02999999999999,-0.0900000000000098,-0.1200000000000099,3.099057704584064,0.1838407843996339,-9.783285292996882e-15,-9.814371537686384e-15,-0.2700000000000096,-0.1200000000000095,0.1499999999999903,-0.1800000000000094,-0.1500000000000094,0.2099999999999903,-0.1500000000000096,-0.0900000000000097,-0.0300000000000097,-4.072777482569596,-0.5888525610459913,0.0374456882091252,0.1199999999999902,0.0599999999999903,-0.0600000000000095,0.2699999999999904,0.1799999999999904,-0.3000000000000093,-0.0600000000000095,0.0299999999999904,0.1199999999999904,0.3599999999999902,0.2399999999999903,2.7760622884666515,1.834377694125012,0.7340788042590789,0.0347312863333333,-0.1257122648621692,-0.5711526035412272,0.2412895796920039,0.0343813021350674,0.0999140737982909,-0.4035415096607316,0.0827062346985163,0.0838303070715664,0.4017713468280031,0.6189030890810046,0.3547141027570321,0.4492184250631891,0.3061887190738686,0.4813793705664912,-0.0054222175803613,0.2440966912406261,-0.255413423254665,-0.3945238456909603,-1.0181430273992544,-0.7083218010885581,-0.6393574352522823,-0.5554313239189204,-0.437327174348039,-1.091456516410537,-1.1548804733533726,-1.017951898026901,-1.0141491256703852,-0.7296643647992112,-0.6833723243430522,-0.8406764880215236,-1.2774365081984755,-1.0951798164806883,-1.595826337894381,-0.9059509379409626,-0.9509730580056582,-1.5359773376794408,-1.755200280343997,-1.5905056222177054,-3.044342535582128,-2.6814011462227074,-3.333082558461947,-2.61000000000001,-2.700000000000009,-3.05834283424996,-2.5482534602476723,-2.218253460247673,-2.760000000000009,-0.3598014084309348,0.3598014084309348,0.09028985507246379,201,144.77611940298507
0.3299999999999998,0.0149999999999998,0.4,400,1.224782608695652,44.641304347826086,36.44834930777423,40.33028985507247,0.0,-0.4262952653586827,-0.6949613563840896,-0.4500000000000087,-0.2369310832536713,-0.0907964083081421,0.1799999999999908,0.0599999999999905,0.0599999999999904,-0.0600000000000093,-0.1200000000000095,-0.0900000000000095,-0.1500000000000091,-0.0300000000000095,-0.3300000000000095,-9.485745522397336e-15,-0.2700000000000094,-0.1800000000000092,0.2717347742307482,-0.7489191873198567,-0.2099160264519747,-0.0842565781742522,-9.327531751613663e-15,0.1799999999999905,0.3299999999999906,-0.0600000000000091,0.0899999999999908,0.1499999999999908,0.3299999999999908,-0.1500000000000089,0.0299999999999907,0.2099999999999905,0.0599999999999905,-0.4964892438425182,-0.2400000000000089,-0.2532462287480732,-0.1200000000000093,0.0299999999999904,-0.0900000000000095,0.1499999999999903,0.2399999999999904,-0.0900000000000099,-0.1200000000000097,0.1499999999999901,0.0899999999999899,-0.0900000000000098,-0.24000000000001,-0.2100000000000097,-0.5576393720370846,-0.03194198836268,0.1920689080698157,0.2399999999999904,0.0299999999999903,0.0299999999999903,0.1499999999999902,-0.0600000000000095,-0.1200000000000095,0.3899999999999902,-0.1500000000000095,0.0599999999999904,-9.570716784104473e-15,0.3334103532072773,0.3969372712689035,0.0899999999999905,-0.0600000000000092,-9.33994420187018e-15,0.1799999999999909,-0.0900000000000093,-0.0300000000000092,-0.0300000000000092,-0.1200000000000093,0.1199999999999905,0.0299999999999907,0.2099999999999909,14.878345277303016,0.3885431876945414,-0.1803701074716322,-0.0300000000000094,-0.0300000000000094,-0.0900000000000094,0.0899999999999905,0.0899999999999905,-0.1800000000000092,-0.0300000000000095,0.0599999999999904,0.0299999999999903,-0.1800000000000094,0.2399999999999906,10.44229517626082,-0.0842148698761591,0.0097483539332718,0.046758403390178,-0.0953481308942674,-0.0300000000000089,-0.0378934657155636,-0.0767584033901955,0.0111405041758068,-0.0581686758861238,0.0617107562637148,0.028168675886106,0.1645120612579356,-0.2672497526554606,0.0245313012555711,-0.1182892437362851,-0.0317107562637327,0.0188594958241751,-0.1405702520879169,-0.1838078979260237,0.0891140708555268,0.227146913650681,0.278963409918546,-0.1222784641438379,-0.2143756058061289,-0.0293214637001571,-0.2773326062498097,0.2821215506420411,-0.0690817873138861,-0.0729007586351375,-0.0874093153293909,-0.0434265484193431,-0.0828082410294359,-0.1474763066254455,0.1267554600271393,-0.0360926295447135,0.6373891384374869,0.0237811008224582,-0.1140103247338004,0.2147382817603253,0.9959178046660366,0.9211276261013244,0.3561054438424541,1.7298801511872426,1.0232937940057625,2.480024883504828,2.709003402613129,2.8107511633595994,3.035382381217994,5.209135695003028,5.658212843915209,0.3604008787672215,0.3604008787672215,0.22478260869565192,202,144.0
0.1349999999999996,0.0049999999999998,0.4,400,1.0105797101449276,36.303333333333335,35.92327549118027,36.29217391304348,0.0,-1.821105008724951,-1.641785848815593,-1.171841267865709,-0.4465962944976215,-0.3544487970630476,-0.1200000000000091,-0.1800000000000091,0.1199999999999907,-0.0600000000000094,0.1499999999999906,0.1799999999999906,0.0299999999999906,-0.1200000000000093,-0.2700000000000089,0.2999999999999909,-0.1500000000000092,0.0299999999999908,-0.3300000000000094,-0.1500000000000093,0.4851598652828442,0.5935537720894677,0.1199999999999915,0.0299999999999913,-0.1500000000000085,-0.0300000000000083,0.1199999999999915,0.0299999999999917,0.0899999999999916,0.1199999999999918,-0.0600000000000082,0.209999999999991,0.1199999999999907,-0.0811902100238564,-0.5422795306127813,-0.2044767799281325,-0.1800000000000081,-0.1800000000000081,0.0299999999999917,-0.0600000000000084,-8.5087492607272e-15,0.2999999999999915,0.2699999999999913,0.1499999999999914,0.3599999999999916,0.1199999999999912,0.2099999999999912,-0.2100000000000083,0.905884892719934,-0.0621644855509363,0.0499218828594024,-0.0900000000000086,-0.0900000000000087,0.1799999999999911,0.1499999999999911,-8.886225089099754e-15,0.2099999999999911,-0.1500000000000089,-0.2700000000000088,0.0899999999999911,0.0899999999999911,1.590994069389548,0.0690546749498514,0.149999999999991,0.0299999999999909,-0.1200000000000091,-0.1800000000000091,-0.3900000000000091,-0.1200000000000091,-0.0900000000000091,-0.0300000000000092,-0.0600000000000091,0.0299999999999908,0.149999999999991,-0.3363288514535077,-0.0022204153000137,-0.1500000000000093,-0.0900000000000094,0.4199999999999905,0.2099999999999907,0.1799999999999908,-0.0600000000000093,0.0299999999999907,0.0599999999999905,0.0899999999999907,-9.405809464624326e-15,-0.210000000000009,0.0599999999999905,0.5559905545248247,-0.4904980335897593,-0.1829720295197524,0.0599999999999908,0.0299999999999907,0.1199999999999907,0.3599999999999908,0.3899999999999907,-0.0900000000000092,-0.0600000000000091,0.0599999999999909,0.1799999999999909,0.059999999999991,0.2399999999999914,-0.030000000000009,0.1199999999999912,0.4499999999999911,-0.2700000000000089,-0.1800000000000088,-0.0600000000000088,-0.4500000000000086,0.4799999999999916,0.2699999999999912,-0.1500000000000085,-0.3910212533532939,0.1199999999999914,-0.3600000000000086,-0.1800000000000086,-0.5400000000000079,-0.0300000000000086,-0.5100000000000086,-0.0579574932934373,0.1499999999999913,-0.0923327510265882,0.119999999999992,1.1099999999999912,2.4277576284474,3.870165286149257,4.926851360261005,4.775535242180271,5.476127033172792,4.014242779359722,3.406732807203123,2.1819243042648484,2.7664822422768465,3.7290754093016583,3.798864910886722,3.185280251122425,2.646942670359435,2.4054481970384565,2.076489585789381,0.36477724905079234,0.36477724905079234,0.010579710144927645,203,143.22388059701493
0.0599999999999996,0.0149999999999998,0.4,400,1.0059420289855072,25.444492753623187,25.29419392018441,25.434057971014493,0.0,1.8709116144844813,2.4199013743498914,3.2148431535134536,2.34692905365037,1.164575683202454,0.3223421405977195,-0.6881587321343089,-9.384757973213586e-15,-0.2700000000000092,-0.3600000000000094,-0.2100000000000093,-0.5400000000000094,-0.3000000000000092,-0.0616571657500586,-0.2400000000000092,-0.2400000000000092,-0.1800000000000091,0.9898849549381474,2.455547380950617,1.8299999999999912,1.3329580018952365,0.2099999999999908,0.2699999999999909,-0.1500000000000094,-9.072742557236779e-15,-0.3000000000000091,0.1799999999999906,-9.023892744153272e-15,0.3299999999999909,0.2999999999999909,-0.2402081726233935,-0.1179505595109235,-0.1151568464865449,0.8425662337185784,1.101227434463852,-0.2400000000000094,-0.2100000000000096,0.1499999999999904,0.7178355144490599,0.9299999999999892,1.0219419883626624,1.1399999999999897,1.7099999999999926,1.4099999999999897,1.23165716575004,0.9299999999999906,0.8399999999999896,1.3452577378137422,1.1348675325628177,1.7952569556782223,0.4215725916870053,0.2679505595109063,-0.1500000000000092,0.4499999999999899,0.6599154259369574,1.1699999999999933,1.7999999999999978,2.335004193976017,3.1861841276300527,3.427866238984468,3.212393689764905,3.641651435653316,3.5120494404890827,3.479999999999998,3.3599999999999977,2.701572591687011,2.37194198836267,2.492049440489083,2.489999999999997,1.7369348594597944,1.983417523407237,1.8296306033243368,1.9877015162532317,3.007613796990844,1.2427223970915666,0.3381971602238466,-0.62980772559869,-1.170000000000005,-1.6200000000000063,-1.9759803579208797,-2.190000000000006,-2.250000000000006,-2.2200000000000064,-2.217950559510921,-2.4300000000000064,-2.6766342039260773,-3.090000000000007,-2.610000000000008,-2.584664313906963,-2.2246613157802555,-1.9500000000000075,-2.1300000000000074,-2.0979505595109225,-2.4000000000000075,-2.1900000000000075,-2.5800000000000063,-2.0700000000000074,-2.310000000000008,-2.2200000000000077,-2.010000000000008,-2.280000000000008,-2.1300000000000074,-2.1900000000000075,-2.310000000000008,-2.2200000000000077,-1.9800000000000084,-2.100000000000007,-2.1900000000000075,-2.1900000000000075,-2.370000000000007,-2.4900000000000078,-2.21783551444908,-2.2200000000000077,-2.1900000000000075,-2.2200000000000077,-2.100000000000007,-2.1600000000000072,-2.2200000000000077,-2.280000000000008,-2.2200000000000077,-2.310000000000008,-2.307711866501561,-2.280000000000008,-2.400000000000007,-2.3122881334984533,-2.550000000000008,-2.580000000000007,-2.0400000000000085,-2.492164485550936,-2.220000000000006,-2.490000000000005,-2.340000000000007,-2.190000000000006,-2.310000000000006,-2.367578423243276,-2.010000000000007,-2.430000000000005,-2.4024215767567383,-0.39221671747360104,0.39221671747360104,0.0059420289855072195,204,142.44776119402985
0.1399999999999996,0.0099999999999998,0.4,400,1.01231884057971,35.84246376811594,35.40629921259843,35.82666666666667,0.0,-1.0448648911951717,0.0978736911451948,0.2379505595109076,0.3299999999999909,-0.2057222569771359,-0.1200000000000092,-0.45000000000001,-0.0300000000000092,-0.0300000000000092,-0.3000000000000092,0.5099999999999905,-0.0900000000000094,-0.1200000000000091,0.0899999999999906,0.0299999999999906,-0.0600000000000092,-9.268004586395891e-15,0.0599999999999907,-0.2700000000000091,-0.2981587321343093,-0.2125777264662567,0.1799999999999912,0.1499999999999912,0.2399999999999912,0.1499999999999915,0.2399999999999915,0.0599999999999915,-8.397726958264684e-15,0.5099999999999918,-0.180000000000008,0.5112734599140787,0.2087265400859021,0.1044411058198097,0.8099999999999925,0.518207294378102,-0.2663240072627178,-0.1500000000000081,0.1799999999999918,0.0899999999999917,-0.0300000000000083,0.2099999999999915,-0.0600000000000085,-0.2100000000000085,0.0899999999999913,0.0299999999999913,-0.0600000000000086,0.1499999999999918,1.430753364579502,1.197702071190778,0.2353562008507242,-0.2700000000000088,0.0599999999999911,-0.0300000000000088,0.029999999999991,-0.0590920633861986,0.119999999999991,-0.1800000000000088,-0.1200000000000089,0.0599999999999911,-0.3300000000000084,-1.509246201357023,-0.1516386594583872,0.149999999999991,-0.060000000000009,-9.09050612563078e-15,-0.210000000000009,0.1199999999999908,0.2099999999999908,-0.1800000000000091,-0.3900000000000089,-0.2400000000000091,0.0899999999999909,-0.1200000000000091,-0.8242461536379991,-0.5432730070130898,-0.7190920633861984,-0.8400000000000085,-0.8400000000000083,-0.8400000000000083,-1.0800000000000085,-0.7200000000000085,-0.7200000000000084,-0.9300000000000084,-1.2300000000000098,-1.2000000000000086,-0.9300000000000084,-0.9600000000000084,-1.2652055878238346,-0.6487447230538398,-1.0800000000000085,-1.1400000000000083,-0.8700000000000078,-1.0200000000000082,-1.2900000000000085,-1.2000000000000082,-0.5100000000000081,-1.140000000000008,-0.870000000000008,-1.530000000000011,-0.9900000000000077,-0.7500000000000077,-0.8400000000000076,-1.0500000000000078,-0.9600000000000074,-0.9900000000000072,-0.8700000000000072,-0.6600000000000079,-1.0200000000000071,-0.8100000000000075,-0.7790363141969887,-0.9600000000000088,-0.9900000000000077,-1.0510212533532954,-0.9000000000000073,-1.0781587321343078,-0.7200000000000075,-0.4500000000000077,-0.2700000000000078,-0.9000000000000073,-1.2900000000000122,-0.9600000000000074,-2.03885744492156,-1.5600000000000105,-1.648919187319861,-1.4700000000000124,-2.0193766885610587,-2.6265424234051693,-2.2257706026189474,-2.104928498603621,-0.0011828091596467,2.2086272507161784,1.158647276829902,0.1312443499502447,-0.0964434746845327,-0.0297775028117477,-0.0300000000000048,0.2699999999999939,-0.0900000000000041,-0.3981695495648727,0.3981695495648727,0.01231884057971011,205,141.67164179104478
0.2299999999999997,0.0049999999999998,0.4,400,1.04231884057971,42.087826086956525,40.37903225806452,41.642753623188405,0.0,-1.0737337908503124,-0.9453839648599138,-0.5700000000000087,-0.120000000000009,0.206792964217892,0.4199999999999917,0.2399999999999913,-0.1500000000000087,0.1199999999999912,-0.1800000000000087,-0.1200000000000088,-8.808378381256566e-15,0.1799999999999911,-0.1200000000000088,0.2399999999999911,-0.1200000000000089,-0.0300000000000089,0.0287933076459696,0.089999999999991,-0.1847177750610487,-0.1472494238811608,-0.0900000000000091,-0.0600000000000093,-0.0900000000000093,0.1799999999999907,0.1799999999999907,0.0599999999999905,-9.423543905462207e-15,0.0599999999999905,0.3899999999999902,0.3299999999999912,-0.0900000000000089,-0.1195324025602036,0.2682534602476524,0.0545885538709628,0.1199999999999905,-0.0900000000000094,-0.1800000000000094,-0.1500000000000094,0.0299999999999906,-0.0300000000000094,-9.490720556684388e-15,-0.1800000000000093,-0.0600000000000091,0.0899999999999908,-0.0900000000000091,-0.1500000000000095,-1.544565553613837,-1.9800000000000089,-0.4063813372785087,0.087501615175048,-0.0300000000000091,0.1499999999999907,0.1199999999999908,-0.2100000000000092,-9.261022049084188e-15,-0.2700000000000093,-0.2100000000000093,0.0599999999999908,0.1199999999999907,3.9455984364581,-0.0342135677716715,-0.0600000000000095,-0.2100000000000096,0.0599999999999903,0.0599999999999903,0.0899999999999902,0.0599999999999901,-0.0900000000000098,-0.2700000000000099,0.08999999999999,0.0899999999999902,-0.3000000000000098,4.604919790232566,0.0511404772312926,-0.0131254343022048,-0.2400000000000099,-0.2400000000000099,-0.0300000000000099,-0.0600000000000099,-0.2700000000000099,0.2405568842291281,-0.1500000000000098,-0.0900000000000098,-0.1500000000000097,0.0299999999999901,-9.872103134966892e-15,0.7830063789966022,0.1224228732265071,0.5541440869257682,0.0837996572745517,0.6486168986894941,0.8264852524286838,0.3759693259104455,0.7918330875099548,0.5246233040031663,0.6205046629008624,0.5392244459479312,0.9115664887639804,0.5499650688295032,1.0993244484646223,0.5115590927013652,0.6874768243473366,0.6176758961290496,0.6497563967687406,0.6882307141162413,0.9516501957337676,0.7263859861982701,0.6167214885633262,1.1078021171400436,0.6726697629292899,0.6181780142731008,0.7622146090591683,1.0395083299781802,0.9341978462171658,0.9022540494407698,1.1892545073227223,0.8566722577078497,1.0154652863765434,1.0127956210857827,0.991563498732893,1.5036554063262446,1.6768462581663988,2.1554049325042555,2.009999999999988,2.009999999999988,1.919999999999988,1.7999999999999892,1.9799999999999889,2.0999999999999885,2.1899999999999893,2.130801275858615,2.429999999999988,1.590853847997662,1.2599999999999891,1.6799999999999893,1.2599999999999898,2.0399999999999885,0.4193501625701148,0.4193501625701148,0.042318840579709915,206,140.8955223880597
0.1099999999999996,0.0199999999999998,0.4,400,1.013768115942029,31.242608695652173,30.81829878484632,31.2268115942029,0.0,-2.564986716168201,-3.1203656675265323,-3.154709710255185,-1.4282009184015942,0.2666064159836315,-0.150000000000009,0.0299999999999909,-0.1200000000000091,-0.0300000000000091,-0.030000000000009,-0.1500000000000091,0.3299999999999908,-0.0600000000000092,-0.3300000000000092,-0.0900000000000091,0.2099999999999909,0.1499999999999909,0.1835878076180295,0.1199999999999914,-0.0600000000000088,-0.3064812240352501,0.0899999999999908,0.209999999999991,0.3299999999999909,-0.180000000000009,-0.270000000000009,-0.240000000000009,-0.120000000000009,0.1499999999999908,-0.210000000000009,-0.7800000000000091,0.5670153322358487,0.4863135750689629,1.0475784232432606,1.212278932007033,0.4455037029636005,-0.1200000000000091,0.0599999999999906,-0.2700000000000091,-0.2100000000000091,0.1199999999999906,0.0299999999999905,-0.1500000000000094,-0.0600000000000092,-9.270842999360288e-15,0.1799999999999907,-0.0600000000000091,-0.0677243472035532,-0.4800000000000081,-0.670669233099272,-1.378793307645989,-1.0500000000000085,-1.4400000000000102,-1.170000000000008,-1.1700000000000077,-0.8100000000000083,-1.0500000000000078,-1.0511425550784594,-0.960000000000008,-0.7800000000000082,-1.6319425232073137,-1.246578825926878,-2.22000000000001,-1.8600000000000096,-1.9200000000000093,-2.1900000000000097,-1.8600000000000092,-1.8000000000000094,-2.400000000000009,-2.43000000000001,-1.95000000000001,-2.4600000000000093,-2.160000000000009,-3.806148924658549,-3.2388511514019296,-2.7263240072627184,-3.2100000000000093,-3.0600000000000085,-3.36108081268016,-2.85108081268016,-2.6700000000000084,-2.9700000000000086,-2.7600000000000087,-2.7900000000000085,-3.180000000000009,-3.2700000000000085,-3.120000000000009,-3.4388163471649555,-2.160875224083695,-2.792522128519304,-2.9700000000000064,-3.268919187319855,-3.481142555078458,-3.630000000000007,-3.2400000000000064,-2.940000000000006,-2.670000000000006,-3.090000000000006,-3.750000000000007,-3.420000000000006,-4.340795918148098,-4.440000000000005,-4.8300000000000045,-4.800000000000006,-5.160000000000005,-5.008726540085916,-6.093456698178776,-4.734101964558764,-3.619016630117228,-1.4434556193790633,0.0352802511224199,0.5085840319167291,1.7371832397775997,1.85440762694494,3.884296929039747,4.96584426823862,6.054147824396747,5.873012732948511,4.993461229628643,4.405671347796083,4.32213458963865,4.319999999999992,4.499999999999989,4.617711866501545,4.7399999999999896,4.229999999999991,4.289999999999989,4.58999999999999,4.379999999999991,4.499999999999989,4.619999999999989,4.619999999999991,4.439999999999991,4.679999999999992,4.70999999999999,4.679999999999992,4.679999999999992,4.70999999999999,-0.4249731117593914,0.4249731117593914,0.013768115942029091,207,140.11940298507463
0.2899999999999998,0.0149999999999998,0.4,400,1.1671014492753624,42.914927536231886,36.77052030299267,40.265507246376814,0.0,0.165888238946853,-0.2987497189243089,0.2699999999999912,-0.030000000000009,-0.0627331332021579,-0.0600000000000088,0.029999999999991,-0.3000000000000089,-0.090000000000009,-0.090000000000009,-0.1500000000000091,-0.1500000000000092,-0.3000000000000091,-0.0300000000000093,-0.0900000000000093,0.0299999999999905,0.1799999999999906,-0.1178383746397058,0.0299999999999917,0.0373668220486398,0.1245964841750014,0.2399999999999905,0.3899999999999907,-0.1200000000000094,-0.0600000000000094,0.0899999999999904,-0.0600000000000094,0.0899999999999904,-0.1500000000000094,-0.0300000000000093,0.0299999999999908,0.4199999999999903,0.5122546562324467,-0.2400000000000085,0.169302955899858,0.0299999999999909,-0.180000000000009,0.0299999999999909,-0.090000000000009,-0.0600000000000091,0.0299999999999908,-9.155987665495287e-15,0.1799999999999909,0.0899999999999906,-0.1200000000000093,0.1499999999999906,-0.0600000000000092,-1.916565062098297,-1.6771338691795084,0.252053972136421,0.0899999999999902,-0.0300000000000099,0.11999999999999,-9.984662437016394e-15,-0.1200000000000098,-0.0300000000000099,-0.0600000000000098,-0.1800000000000097,-0.2400000000000099,-0.1200000000000098,-1.3794575416129513,-0.5620205199951004,-0.3600000000000096,-0.2400000000000094,0.1799999999999902,0.0599999999999902,0.0599999999999903,0.1199999999999903,-0.1800000000000096,-0.0600000000000095,0.0299999999999904,-0.1500000000000095,-0.0300000000000096,11.778906498342351,1.1810653380537877,0.5441366757821084,0.0599999999999905,0.2099999999999904,-0.0300000000000093,0.1199999999999906,-9.348077867343818e-15,0.2099999999999904,0.2999999999999905,-0.2100000000000093,-0.0600000000000092,-0.2100000000000092,-0.1500000000000093,-3.720521312776857,-0.3799603816335682,-0.2117477124658211,-1.109951052513576,-0.5692833470734356,-1.1825086269366785,-1.1960140919114846,0.1066405497259949,0.1505254339421264,-0.265578621393243,-0.5389314389744022,-0.9283964836689012,-0.3764729832624114,-0.1369581692253951,0.1807578820747229,-0.1574161884367257,-0.0776690292693212,-0.3645476841836059,0.062740511293341,-0.3434552119586054,-0.3513022047698343,0.5786697711545723,0.1983890874490727,0.332478039938351,0.2777688698809424,-0.1022655728993329,0.1269874018042263,-0.6239150297670877,-1.0296814189532102,-0.8293028446121624,-1.2141622624815611,-1.6368092662950948,-1.760637625895956,-1.5919710497494244,-1.7701307625481777,-1.8290581095329432,-1.5116045700094043,-1.6721287657953945,-1.5845034458268474,-1.762325375028577,-1.9329028364478251,-2.584271736376896,-1.8668635219679857,-2.120957353566153,-2.894306308017776,-4.049418719946927,-4.825892500577602,-4.444811961694949,-5.0100000000000025,-5.130000000000003,-4.768158732134302,-0.4401504589952996,0.4401504589952996,0.1671014492753624,208,139.34328358208955
0.2199999999999997,0.0049999999999998,0.4,400,1.04,41.56188405797101,39.96335005574136,41.16666666666666,0.0,-1.3314547049986063,-2.0293120011739973,-0.8700000000000087,-0.0300000000000089,0.08885744492154,0.0599999999999917,0.2699999999999917,0.0299999999999915,0.0299999999999914,0.1499999999999913,-0.2100000000000087,-0.0300000000000087,0.0899999999999911,-0.1500000000000088,-0.0600000000000088,-0.0300000000000087,-0.3000000000000088,-9.044037006509936e-15,-0.030000000000009,-0.2100000000000093,0.0277949235835285,-0.180000000000009,0.0599999999999909,-0.2100000000000091,-0.0900000000000092,0.1199999999999908,-0.0900000000000094,0.2999999999999908,0.0599999999999905,0.0299999999999906,0.239999999999991,0.0299999999999911,-0.9009176176268778,-1.140000000000008,-0.6453023231996129,0.3591987241413643,-0.1200000000000094,-0.0900000000000093,0.1799999999999906,-9.454659277707831e-15,0.0299999999999905,0.0899999999999904,-0.0600000000000096,-0.0900000000000095,0.0299999999999905,0.0899999999999906,-0.1800000000000095,-0.3899812162330595,-0.4219419883626804,0.0413935000934007,-0.240000000000009,-0.030000000000009,-0.120000000000009,-0.0900000000000089,-0.0900000000000092,-0.1200000000000091,-0.2100000000000091,-0.180000000000009,0.0299999999999908,-0.240000000000009,1.1917311372670645,0.1002217028768942,-0.1086278653621791,-0.0900000000000093,0.1199999999999906,-0.0300000000000095,-0.2700000000000097,-0.0600000000000096,-0.2700000000000095,0.2099999999999902,0.3299999999999902,-0.0600000000000095,0.3599999999999905,5.376126383391164,0.6963360069717659,-0.2700000000000099,-0.0300000000000097,0.1199999999999901,0.2099999999999898,-9.921123054712855e-15,0.0899999999999902,0.05999999999999,-0.1200000000000098,-0.2100000000000102,-0.0300000000000098,-0.0600000000000099,-0.1200000000000098,2.369843834287236,-0.0266697651857954,0.8606247797979069,0.3051350873777848,0.4989285025492602,0.5514461792979559,0.5233514059529225,0.6311920285286754,0.7091434797103255,0.6864854230180714,0.6002955020684982,0.3867934686217382,0.3605889161280377,0.691100543034529,0.6302955020684978,0.9983314234885704,0.953219191598825,0.9501654593236148,1.2284213230937753,0.771907823565376,1.269120900784388,0.8222458095591821,0.9507439599053492,0.7522110320164387,0.930997593689416,0.913729677446096,0.945591534774458,1.7087650537290588,0.9126486290494468,0.6812453329929778,0.9403302286286196,1.270007431601688,1.6179932169997766,2.4899999999999927,2.0399999999999925,2.0699999999999927,2.189999999999992,2.1899999999999924,1.7999999999999927,1.6199999999999912,1.889999999999992,1.5899999999999912,1.8899999999999912,1.9199999999999915,2.369999999999992,1.859999999999992,1.7399999999999922,1.6799999999999924,1.349999999999991,1.6809079366138024,1.6799999999999924,0.44066130835076384,0.44066130835076384,0.040000000000000036,209,138.56716417910448
0.1449999999999996,0.0049999999999998,0.4,400,1.0115942028985507,36.9368115942029,36.5134670487106,36.92434782608696,0.0,-2.225586100045042,-2.108832672908663,-1.6500000000000086,-0.0600000000000093,0.3299999999999903,-0.0300000000000092,-0.1200000000000093,0.0299999999999905,-0.0300000000000092,-0.118793307645988,0.1499999999999908,0.1499999999999907,0.269999999999991,-0.2700000000000088,0.089999999999991,-8.739675649849232e-15,-0.2700000000000087,-0.1800000000000092,-0.5400000000000093,-0.2700000000000089,-0.2377954496443449,-0.300000000000008,-0.150000000000008,0.2099999999999918,0.2099999999999919,-8.024586180547657e-15,-0.1800000000000081,0.0599999999999919,0.0299999999999919,0.0899999999999918,0.5399999999999914,-0.1800000000000086,-0.269069505055995,-0.6000000000000079,-0.2828497880179632,-0.2700000000000085,0.2399999999999913,-8.655298699977721e-15,0.0599999999999913,0.0299999999999913,0.1799999999999912,-0.0600000000000087,-0.0600000000000087,-0.0600000000000087,-0.3300000000000087,-0.2100000000000087,0.1199999999999912,-0.1776272490090354,-0.0021644855509364,0.2879564674739587,0.0669789294962429,-0.3000000000000089,-8.988365607365267e-15,-9.015010959956271e-15,0.1199999999999909,0.1499999999999908,0.1799999999999909,-0.3000000000000091,-0.2100000000000089,0.119999999999991,1.1187044838516402,-0.4917271668653219,0.00944398348178,-0.0900000000000093,-0.0900000000000094,-9.478339180973816e-15,-0.1500000000000096,0.0899999999999905,0.0899999999999905,-0.0300000000000093,-0.0900000000000094,-0.1200000000000092,0.2699999999999908,1.1480563549776603,-0.2288613663699242,-0.2153489126744662,-0.3300000000000092,-0.0900000000000094,-0.0300000000000094,0.1799999999999908,0.0599999999999905,0.2999999999999906,0.0599999999999905,-0.1500000000000093,-0.2100000000000094,-0.0600000000000093,-0.1500000000000094,0.8053361242602687,0.7304717380025292,0.1470279704802488,0.2999999999999921,0.149999999999992,0.2999999999999917,0.5099999999999899,-0.2700000000000083,0.0599999999999922,0.0899999999999919,0.35999999999999,0.0299999999999916,-0.4200000000000091,0.2699999999999912,-0.0600000000000081,-0.2700000000000084,-0.0600000000000078,0.029999999999992,-0.0600000000000078,-0.0600000000000078,-0.0600000000000078,0.0299999999999919,-0.5700000000000085,-0.3600000000000085,0.0290920633861815,-0.2100000000000081,0.329999999999992,0.7199999999999891,0.4499999999999922,0.5099999999999905,0.8999999999999876,0.4799999999999905,0.4199999999999907,0.5999999999999879,-0.1500000000000099,-0.3610212533532932,-0.1500000000000078,-0.0889787466467227,0.0578361915682539,1.0352940620387463,2.685715543772814,1.9216046600296333,-2.559907998605527,-4.689271835905668,-5.953532533735122,-7.685439520566,-8.854789150892927,-9.14624999032408,-9.161417985392454,-9.570000000000002,-9.927563524842828,-0.46582108674806716,0.46582108674806716,0.011594202898550732,210,137.7910447761194
0.2249999999999997,0.0149999999999998,0.4,400,1.093913043478261,39.77434782608696,36.35969793322735,38.73130434782609,0.0,-1.167468559780343,-1.3696342926608365,-0.9600000000000076,-8.979483823168266e-15,0.1754497579785183,-0.090000000000008,0.029999999999992,-0.060000000000008,-0.150000000000008,0.0599999999999918,0.3599999999999918,-0.1800000000000086,0.1199999999999913,0.0599999999999914,-0.1800000000000086,-0.0900000000000087,-0.3900000000000084,0.0887265400859024,0.1499999999999908,-0.1217514887432982,-0.310293181959054,-0.1500000000000089,-0.1200000000000089,0.029999999999991,0.299999999999991,-8.997247391562271e-15,-0.060000000000009,0.2699999999999911,0.299999999999991,-0.2400000000000092,-0.2400000000000087,-0.1200000000000087,-2.1221813268743945,-0.896116023274663,0.3327912880803727,-0.2100000000000093,-0.0600000000000095,-9.472422846101836e-15,-0.4200000000000093,0.1499999999999906,0.0599999999999906,0.0599999999999906,0.2099999999999909,-9.414691248821327e-15,0.1199999999999904,0.0299999999999905,-0.1500000000000094,1.605209674456593,3.0277118665015474,0.0872057151754131,-9.311426527982012e-15,-0.1500000000000092,-0.4200000000000091,-0.3300000000000092,0.3599999999999905,-0.0300000000000091,-0.1200000000000091,-0.060000000000009,0.179999999999991,0.1499999999999908,3.554490312381314,-0.1759220079883568,-0.0592998367182575,-0.0600000000000092,0.0299999999999908,-9.27878561747819e-15,0.1799999999999907,0.0899999999999906,0.0599999999999906,-0.1200000000000094,-0.4800000000000101,-0.0900000000000093,0.1199999999999907,1.2897604715774984,0.3392810908505526,0.1880718289845477,0.1474065663536947,0.2991346618646465,-0.0300000000000096,-0.1800000000000096,0.2699999999999903,-0.0600000000000096,-0.2100000000000094,0.1499999999999903,-9.703349235223867e-15,0.2999999999999903,-0.0600000000000097,-2.034537164740964,0.1307889293767087,0.0813338634936122,-0.4651261449339122,0.0693243887008185,-0.1399376146552498,-0.4278132125245769,-0.274601364882055,-0.4175500341482211,-0.4030254873910223,-0.9659612063538364,-1.0061564705336274,-1.3296294108614135,-1.1024901723491487,-0.7275615100091996,-1.0877858584704678,-0.8807911123733595,-0.6724043780113486,-0.5894737622183811,-0.6190116812824339,-0.6205042680155686,-1.0012789707767988,-0.99661954476959,-1.2650055936570643,-1.0618760356892556,-1.1196251988490318,-1.177249044380251,-1.02882292428185,-1.0211619791485154,-1.7061665604069032,-1.1953203293455497,-1.2591035475049042,-1.7239703965682998,-2.130750088121398,-1.890000000000009,-2.1000000000000085,-2.1000000000000085,-2.010000000000008,-1.9200000000000077,-2.1900000000000075,-2.370000000000007,-2.4600000000000075,-2.7000000000000077,-2.370000000000007,-1.9500000000000075,-1.8000000000000085,-1.6800000000000077,-1.7070943258343163,-2.4396131296243944,-2.8800000000000057,-3.802866112809874,-0.4760642347656591,0.4760642347656591,0.0939130434782609,211,137.01492537313433
0.2149999999999997,0.0099999999999998,0.4,400,1.0472463768115945,40.49144927536232,38.66468308884584,40.01623188405797,0.0,-2.0545058752230507,-1.4048401347171555,-1.5600000000000085,0.059999999999991,0.061018998731428,-8.100187187665141e-15,-0.1500000000000078,-8.113404022517669e-15,-0.2400000000000079,-0.0600000000000082,0.0299999999999915,-0.0600000000000086,0.0899999999999914,0.0899999999999914,-0.2100000000000087,0.0299999999999912,-0.3300000000000086,-0.4500000000000093,0.0899999999999908,-0.1467655715257712,-0.2387951652787781,0.1799999999999911,0.0599999999999911,-0.0900000000000089,0.299999999999991,-0.2100000000000089,-0.210000000000009,0.3299999999999912,0.149999999999991,-0.3300000000000092,-0.1500000000000087,-0.1500000000000088,-1.262510201570603,-0.2100000000000088,0.058424505208629,-0.0900000000000094,0.0299999999999905,0.1799999999999907,0.1199999999999905,-0.0900000000000094,0.0599999999999905,0.1199999999999905,-0.3900000000000099,-0.2100000000000095,0.2399999999999906,0.1199999999999905,0.2699999999999906,2.2163305755230924,1.915077807195236,-0.0129516798037997,0.2392998367182387,-0.0900000000000093,-0.0900000000000091,0.089999999999991,-0.180000000000009,-0.1200000000000091,-0.030000000000009,-9.00612917575927e-15,0.2099999999999908,0.0899999999999908,2.991560826866471,-0.4167125901852749,-0.2100000000000089,0.0299999999999908,-0.0900000000000091,-0.1200000000000091,0.0899999999999907,-0.1200000000000093,-0.0900000000000092,0.2099999999999901,0.2099999999999907,-0.1500000000000091,0.1199999999999908,6.563032718277283,1.3791405227231512,0.2999999999999906,0.0899999999999905,-0.0600000000000095,-0.2100000000000094,0.0599999999999905,-0.0900000000000095,0.0599999999999905,-0.1800000000000096,-0.0300000000000095,0.0599999999999904,0.4199999999999898,0.14999999999999,4.535207454842561,1.160148837137412,1.065617432971575,1.1261867172199609,1.255646603465734,1.3193782496876707,1.3042876905843823,1.138741196719972,0.7489616604375747,0.9734897229463456,1.049296595045896,0.5113613960109116,0.4143735962782378,0.5085771468401215,0.6537603372362233,0.7562522138799747,0.3216218464154711,0.3572520791200217,0.2607285630818495,0.6732820595593862,0.6937838152630341,0.3509892394382125,0.942408627707204,0.535233407155078,0.350392479169007,1.0935825917440471,0.5174346174027314,0.4292366038947383,0.9542343160742652,0.8730673033311959,1.4999999999999885,0.86999999999999,1.2599999999999891,1.1699999999999902,1.259999999999989,1.0799999999999894,1.2599999999999896,0.9918412678656892,1.1699999999999906,0.80999999999999,0.7499999999999897,0.8399999999999908,0.8399999999999906,0.5099999999999905,0.4799999999999911,1.2590363141969725,1.259999999999991,2.744456218230147,3.476851319283297,4.064061362427121,3.808193627718117,0.47721579045884366,0.47721579045884366,0.04724637681159449,212,136.23880597014926
0.1749999999999997,0.0099999999999998,0.4,400,1.019130434782609,38.4263768115942,37.705062571103525,38.37391304347826,0.0,-1.0092352491774594,-1.575129287517265,-0.8737832562283798,0.0055476080383179,0.2050053681685354,-0.1800000000000091,-0.1500000000000088,-0.2400000000000086,-0.0600000000000085,0.1799999999999913,-8.437589145708215e-15,-0.1800000000000081,0.1499999999999918,0.0599999999999918,-0.1200000000000081,-0.0600000000000081,0.0599999999999919,0.5985840319167283,0.2999999999999904,-0.2151598652828617,0.246045884809347,-0.2100000000000082,0.1489191873198403,-0.3900000000000079,-0.1200000000000085,-0.0600000000000085,-0.0300000000000086,-0.2400000000000087,-0.0300000000000088,0.1199999999999913,0.0599999999999917,0.3899999999999917,0.1692952863661019,0.064213926040004,-0.3312969585944496,-8.859579736508749e-15,0.1499999999999911,-0.1200000000000089,0.0599999999999912,0.0599999999999911,0.059999999999991,-0.060000000000009,0.0599999999999909,-0.0300000000000092,-0.1500000000000092,0.3599999999999907,0.0899999999999911,0.5566179815997643,1.0845860623076522,-0.5436114915207478,0.0899999999999903,0.0599999999999904,-0.2100000000000091,-0.1800000000000093,-0.3300000000000094,-0.5400000000000099,-0.2400000000000092,0.1799999999999907,0.0299999999999904,-0.2700000000000094,1.6139511807074065,0.5704285168408971,0.2699999999999905,0.1499999999999903,-0.2700000000000093,-9.64615178013191e-15,0.2099999999999906,0.0599999999999905,-0.0900000000000095,-0.0600000000000095,0.0599999999999905,-0.0600000000000095,0.0299999999999905,3.453365514584903,1.4072015431186573,0.1213189131656556,-0.1800000000000094,-0.2700000000000092,-0.0900000000000094,0.0299999999999906,-0.3900000000000094,0.0599999999999905,0.0899999999999905,-0.0900000000000093,0.0599999999999907,-0.0600000000000093,0.1199999999999904,-1.042245496867773,-0.3244217345070446,-0.2089413756813537,-0.7124500107919767,-0.6297036544917091,-0.5471352173323845,-0.4762191855604765,-0.4454610064571196,-1.1984924508774608,-0.7452797355618302,-0.5333979509797215,-0.6753271267338505,-1.093803043313316,-1.0500000000000091,-0.9300000000000096,-1.2900000000000096,-1.1100000000000096,-0.9000000000000093,-0.6600000000000095,-0.9600000000000086,-0.9300000000000096,-0.8400000000000095,-0.9000000000000091,-1.1100000000000088,-1.5600000000000105,-1.1100000000000094,-0.8700000000000085,-1.0190920633861984,-0.68825346024767,-1.1100000000000083,-1.5900000000000098,-0.6600000000000088,-1.2300000000000084,-1.170000000000009,-0.8700000000000087,-0.3600000000000078,-1.229092063386198,-1.5000000000000084,-0.4200000000000077,-0.4500000000000076,-0.8700000000000082,0.3204082410420818,1.1376016035700265,1.014750812791421,-0.0908130164103989,-1.883201914686705,-4.691042059186359,-6.552185203806067,-7.753099486872222,-8.253148251861766,-6.926986253910078,-0.4789867116582922,0.4789867116582922,0.019130434782608896,213,135.46268656716418
0.1249999999999996,0.0199999999999998,0.4,400,1.015072463768116,32.56478260869565,32.081239291833235,32.54753623188406,0.0,-1.61021268238236,-1.0504001146290276,-0.7454237330031159,-0.2177412651765827,-0.1936132934089639,0.1799999999999908,0.4499999999999902,0.0599999999999908,-0.0300000000000092,-0.210000000000009,0.1199999999999909,0.0599999999999908,0.179999999999991,-0.2986568795858918,-0.150000000000009,-0.0900000000000091,0.1199999999999908,-0.9900000000000077,-2.0682534602476723,-1.0278241954418186,0.0434526468030841,-0.1500000000000091,0.1799999999999909,-0.1200000000000092,-0.1200000000000091,0.1199999999999907,-0.180000000000009,-0.1200000000000091,-0.0900000000000094,0.1499999999999907,-0.030000000000009,0.2113431204141083,0.3622881334984376,-0.4151568464865456,-0.2662613078561236,-0.630000000000009,-0.1500000000000091,-9.072742557236779e-15,0.2699999999999911,-0.1500000000000087,0.0899999999999911,-0.4500000000000082,-8.597567102697212e-15,-0.0300000000000085,-0.2100000000000083,0.1799999999999916,-0.2100000000000091,2.078182953482575,3.303534674558841,1.6417392792077163,2.008427408312978,2.2799999999999896,2.099999999999991,1.8899999999999912,1.8299999999999912,2.309999999999991,2.2199999999999918,1.82891918731984,1.7999999999999912,1.9499999999999915,3.773310685451561,2.1048426370632267,2.2876765133521606,2.5199999999999885,2.249999999999991,2.129999999999991,2.0699999999999914,1.6799999999999913,1.8582534602476528,2.219999999999992,2.009999999999992,2.1899999999999893,2.039999999999992,1.7413606009836833,2.30841674413823,2.159999999999989,2.0699999999999887,2.399999999999989,1.9199999999999888,2.159999999999989,1.7399999999999889,2.0699999999999887,2.009999999999989,1.859999999999989,1.9499999999999889,1.9199999999999888,2.0699999999999887,4.289602978272142,2.8509769721517064,2.8199999999999896,3.2099999999999898,2.731021253353275,3.2099999999999898,3.2099999999999898,3.05999999999999,3.2399999999999896,3.1789787466467043,3.05999999999999,3.4199999999999897,3.17999999999999,3.6299999999999897,3.4799999999999898,3.509999999999989,3.3889191873198383,3.268919187319838,3.389999999999989,2.9399999999999897,2.9399999999999897,3.5399999999999894,3.239999999999989,3.26999999999999,2.643234428474228,2.1918412678656884,1.6866016540250492,1.5163295576107267,0.7344320077724876,-1.3924487614077623,-4.186582156885932,-5.742692053971516,-6.192880335752734,-6.528369531047739,-4.978838289042767,-4.485067498710518,-2.032779996499644,-2.24547312609207,-3.060821365136818,-3.863193735702846,-4.530000000000007,-4.410000000000007,-4.590000000000007,-4.500000000000007,-4.560000000000007,-4.497835514449078,-4.440000000000007,-4.470000000000007,-4.470000000000007,-4.620000000000007,-4.530000000000006,0.4929860807444019,0.4929860807444019,0.015072463768116107,214,134.6865671641791
0.1049999999999996,0.0099999999999998,0.4,400,1.012463768115942,32.444782608695654,32.04537646722015,32.43188405797101,0.0,-1.7551353770953504,-3.132061001737203,-2.123736633470912,-0.9242272002454568,-0.4800000000000092,-0.0300000000000092,0.1199999999999907,0.2099999999999908,-0.2700000000000091,-0.1200000000000091,0.2999999999999909,0.0599999999999907,0.2699999999999909,-0.0013431204141266,0.209999999999991,0.209999999999991,-0.1200000000000091,0.5683428342499415,1.6217465397523296,0.3299999999999914,-0.0115549257179725,-0.1500000000000091,0.0899999999999908,0.1499999999999909,0.0299999999999908,-0.0900000000000093,0.0599999999999907,0.0899999999999908,0.1799999999999907,-9.277023593767808e-15,0.2099999999999909,0.2399999999999904,-0.2994131742523793,-0.6621644855509367,0.250054715975162,0.1199999999999908,-0.1500000000000092,0.0299999999999906,-0.0900000000000093,0.0599999999999911,-0.060000000000009,-0.0300000000000091,0.0012066923540124,-0.0900000000000089,-0.2700000000000087,-0.0300000000000088,-0.0300000000000091,0.3184846820412205,0.1799999999999921,-0.2995534274881791,-7.212008767965016e-15,0.0899999999999926,-0.2700000000000077,-0.0600000000000074,-0.0600000000000076,-0.4800000000000072,0.0899999999999925,0.0899999999999925,0.0299999999999925,-0.0900000000000076,0.4891604052498968,-0.2627570494520763,-0.5700000000000082,-1.2300000000000078,-1.1400000000000083,-0.9600000000000084,-1.5000000000000084,-1.1400000000000083,-0.9300000000000082,-1.0200000000000078,-1.020000000000008,-1.110000000000008,-1.230000000000008,1.0682159023834403,-0.2958958775218235,0.0288574449215404,-8.089032036697403e-15,0.0599999999999919,0.1499999999999916,0.3599999999999906,0.2699999999999922,-7.904682093888139e-15,0.4199999999999902,0.1499999999999923,0.3299999999999902,-0.2400000000000081,-0.1200000000000079,1.0264603272779818,1.5640055166044955,0.2699999999999923,0.5099999999999909,0.0299999999999923,0.2989191873198414,0.1499999999999926,-0.1800000000000072,-0.600000000000007,-0.3311425550784588,-7.318590178329032e-15,-0.0600000000000071,-0.2100000000000076,-0.3900000000000087,-0.0900000000000074,0.0899999999999909,-0.3300000000000077,0.058058011637319,0.1799999999999925,-0.7800000000000082,0.1199999999999923,-0.8100000000000088,-0.2100000000000079,-0.5700000000000088,-1.377091960306829,-1.207556966930825,0.5164846403472982,0.2985424379702533,-0.7699239949514669,-1.7931900000222505,-2.0310263814875884,-3.219337452787379,-3.7570228555916505,-4.111786567369632,-3.750000000000004,-2.144828055278308,-1.920000000000005,-1.6482581566660712,-1.5020494404890912,-1.5333987565493823,-1.8600000000000068,-2.37204944048909,-2.2500000000000084,-2.2820494404890908,-2.217950559510923,-2.160000000000008,-2.310000000000007,-2.160000000000009,-2.160000000000008,-2.1000000000000094,-2.1000000000000094,-0.5043330834700038,0.5043330834700038,0.012463768115942075,215,133.91044776119404
0.2399999999999997,0.0049999999999998,0.4,400,1.0502898550724638,42.527536231884056,40.49123775355319,41.93753623188406,0.0,-0.7667755428463903,-1.8912606245919792,-2.188342834249961,-0.300000000000009,0.1254382608582405,0.0899999999999911,-0.1200000000000087,-0.1200000000000087,0.0599999999999912,-0.0900000000000088,-0.0300000000000088,0.1199999999999911,-8.913566891667365e-15,0.2399999999999911,0.119999999999991,-0.0600000000000089,0.209999999999991,-0.2088574449215569,0.181142555078443,0.4590347744569199,-0.2430061307100842,-0.1200000000000095,-0.0300000000000093,-9.4413293195233e-15,0.1499999999999904,0.1199999999999904,0.0299999999999904,0.1199999999999905,-0.1800000000000091,-0.2700000000000094,-0.0300000000000091,0.2699999999999908,0.4133148545484375,0.1534133255305049,-0.0727006756007889,0.1499999999999905,-0.0600000000000094,-9.351928699057067e-15,0.2099999999999907,0.1199999999999906,-0.1200000000000092,-0.2700000000000091,-0.090000000000009,0.5099999999999907,-9.023892744153272e-15,0.1499999999999909,-9.327419915220264e-15,-1.1345523664533992,-0.1219419883626808,-0.2149666138717592,-9.210266881000121e-15,-0.0300000000000091,-0.2400000000000092,-0.1500000000000094,0.0899999999999906,0.1199999999999906,-0.0900000000000095,0.0599999999999905,0.0899999999999907,0.1199999999999906,3.996243980368839,0.1522543498745819,0.0680869814044098,-0.1200000000000099,-0.1200000000000101,0.0899999999999899,0.1499999999999901,0.0899999999999899,-9.9209529480504e-15,0.02999999999999,-0.0600000000000097,-0.0600000000000099,0.2099999999999897,-0.8192340875785306,-0.2010146782618113,0.0908498874754666,-0.2100000000000098,-0.0300000000000097,0.2099999999999902,-0.2400000000000097,-0.3000000000000098,-0.48000000000001,0.2099999999999902,-0.4500000000000096,-0.3300000000000096,-0.2400000000000095,0.3299999999999901,3.5503240740251294,1.035335592858171,0.6000361649812469,0.7592068917073205,0.908262170232601,0.5791645642708332,0.7097552698377299,0.295312404974823,0.5421953234552297,0.7623023927043449,1.0298965874719304,1.1115574287160843,0.6620583856170561,0.8886878685129642,0.6936319444112377,0.9024407380325508,0.498263021778426,0.753044947063787,0.6063410415550463,0.2938054530222252,0.7882094458389137,1.1312185195190174,1.0621256329804896,1.2994199337645873,1.182483583086528,0.7726431083166534,1.1219587825871062,1.4353228424230795,0.9263200242690734,0.927834378261806,1.4250517046150326,1.2590268795388209,1.9489932446479823,1.6035846100228537,1.8161487889917105,1.3624481184871966,1.5759603346260116,0.8422033297580933,1.672864150027143,2.739354794692713,2.3999999999999893,2.57999999999999,2.879999999999989,2.9099999999999886,3.179999999999989,2.939999999999989,3.119999999999989,2.2783428342499388,2.129999999999988,2.2491461520023166,2.370853847997662,0.5095671252759395,0.5095671252759395,0.05028985507246375,216,133.13432835820896
0.0749999999999996,0.0049999999999998,0.4,400,1.00768115942029,29.88826086956522,29.6604343448871,29.877971014492758,0.0,-1.2462057098213033,-1.776564267874824,-0.8678355144490798,-0.3582805088255916,-0.1846471864763025,-0.3900000000000089,-0.210000000000009,0.0299999999999909,-0.090000000000009,-9.059419880941275e-15,-0.120000000000009,0.1199999999999909,-0.1800000000000089,-0.270000000000009,0.2399999999999909,-0.0900000000000091,-0.0014923338820801,-0.3601739480653341,1.0817465397523305,0.8999999999999919,0.2685076661179196,0.2999999999999909,-0.0300000000000091,0.1499999999999909,0.149999999999991,0.149999999999991,-0.1800000000000091,0.1199999999999909,0.2399999999999909,-0.060000000000009,-0.2400000000000091,0.5114923338820618,0.0242096790991036,-0.2677118665015622,-0.4249629311681681,-0.1200000000000091,0.2085840319167285,-0.0585840319167468,-0.1200000000000092,0.1799999999999909,0.0299999999999907,0.4499999999999904,0.0899999999999907,0.1799999999999908,0.1199999999999908,-0.120000000000009,0.3613431204141074,1.6177562755500212,2.279999999999992,1.7167798475360758,0.5713431204141088,0.994587754697732,1.1699999999999924,0.9299999999999926,1.349999999999988,1.379999999999991,0.5687265400859036,0.5699999999999906,0.7199999999999926,1.1999999999999929,0.4752998977428813,0.4907870607129025,1.199999999999991,1.4387265400859004,1.7099999999999895,1.8599999999999892,2.159999999999989,1.5299999999999891,1.589999999999989,2.2799999999999883,2.0999999999999885,2.069999999999989,2.1899999999999893,1.6547644527355316,0.65244814191412,-0.5383332142218348,-1.1065015663842608,-1.1716571657500578,-0.8700000000000087,-0.9587265400859202,-1.860000000000011,-0.8687933076459871,-1.14000000000001,-1.5875198477319006,-0.3300000000000097,-1.0800000000000092,-0.8700000000000085,1.1864109509458547,3.697405803465856,3.9583428342499447,4.8991936506738405,5.640100720496967,5.476679641241954,6.005982450114589,5.944727444281231,4.910990994786766,4.319999999999996,4.079999999999995,4.596231424581933,5.398253460247656,4.78042577353553,4.650383705835956,4.713413325530508,4.19344227833252,3.330889034317837,3.059999999999994,1.1496667923304498,-0.3052372571861478,-1.9171531432246227,-2.276666398252236,-3.061395844273759,-4.4121161486311165,-5.642021119069232,-6.420000000000003,-6.360000000000003,-6.598158732134305,-6.270000000000002,-6.420000000000004,-6.420000000000004,-6.480000000000003,-6.540000000000004,-6.3300000000000045,-6.360000000000003,-6.480000000000003,-6.450000000000004,-6.690000000000003,-6.5400000000000045,-6.600000000000005,-6.600000000000003,-6.210000000000004,-6.722164485550931,-6.570000000000005,-6.510000000000004,-6.690000000000003,-6.720000000000004,-6.687950559510918,-6.687835514449076,-6.692164485550933,-0.5104435531957101,0.5104435531957101,0.007681159420289907,217,132.3582089552239
0.1149999999999996,0.0049999999999998,0.4,400,1.0107246376811594,34.60855072463768,34.24132492113565,34.597101449275364,0.0,-3.241994815738865,-3.474101938429252,-2.1810205516119527,-0.5660649791547677,-0.2026754625996494,0.1199999999999907,0.3299999999999908,0.2099999999999909,0.1499999999999909,-0.210000000000009,-0.4200000000000095,-0.0600000000000092,0.0299999999999908,0.2999999999999908,0.3299999999999902,-0.0300000000000093,-0.0600000000000092,0.3285076661179198,0.6599999999999911,0.0599999999999912,-0.2372887201800141,0.0899999999999906,0.2699999999999908,-0.2400000000000088,-0.1200000000000093,-0.0900000000000093,-0.1200000000000093,0.1799999999999907,-0.1800000000000089,-0.2400000000000088,0.0599999999999908,0.2099999999999908,-0.0231314194273944,0.8721644855509212,-0.1770545309317125,-0.2400000000000083,-0.1200000000000083,-0.3000000000000078,0.2699999999999917,-0.1500000000000084,0.2699999999999918,-0.0300000000000082,0.1499999999999919,0.269999999999992,0.3599999999999919,-0.1200000000000081,-0.2100000000000083,3.067029424275713,2.909999999999993,0.7114479090359034,-0.3309636858030266,-0.3300000000000082,-0.0300000000000084,-0.1200000000000084,0.0899999999999914,-0.1800000000000087,-0.2700000000000086,-0.2100000000000087,-0.1200000000000083,0.3310808126801427,0.8166502265316531,0.3470059491295711,-0.1500000000000087,-0.0600000000000086,0.2099999999999913,-8.675630939409277e-15,0.2099999999999912,-0.1500000000000087,0.1199999999999911,-0.3300000000000087,0.3599999999999914,-0.1500000000000087,0.0599999999999912,-1.2001869064179305,-0.1583415412776714,0.1199999999999911,0.0299999999999912,-0.0900000000000088,0.5699999999999916,-0.2700000000000085,-0.1800000000000088,-0.2100000000000087,-0.2400000000000088,-0.2400000000000086,0.0599999999999911,0.2999999999999913,0.1799999999999912,1.7539524392419714,1.0610909835573572,0.1499999999999912,0.1499999999999912,-8.700404070939335e-15,-0.0300000000000087,0.0299999999999913,-0.1800000000000087,-0.0600000000000087,0.4490363141969728,-0.2400000000000087,0.1799999999999912,-0.3600000000000085,0.0899999999999914,-0.2100000000000083,-0.690000000000008,0.1199999999999913,0.1489787466467059,0.3899999999999914,0.361021253353277,0.2099999999999915,-0.0600000000000084,-0.4500000000000083,0.0899999999999915,0.1510808126801427,0.4189191873198401,0.9589191873198404,-0.0311425550784598,0.5087265400859028,0.2966808685606398,-0.2267340243059505,-1.04963410066702,0.0807195838691117,2.032092070914472,4.43646264784866,5.133754807208842,6.123541774371149,5.739136543007737,3.2686585515754683,1.856683214632864,2.046429615169306,2.617524058665265,3.024010167976605,3.616268790157195,3.9299999999999935,4.169999999999993,4.289999999999994,4.4699999999999935,4.469999999999992,4.077835514449065,4.259999999999994,0.5182976443080126,0.5182976443080126,0.010724637681159388,218,131.5820895522388
0.1699999999999997,0.0049999999999998,0.4,400,1.0147826086956522,38.82434782608696,38.25878320479863,38.80144927536232,0.0,-1.6223454917730789,-0.8417928715990034,0.2999999999999921,-0.0015725916870222,0.0610808126801424,-0.0900000000000087,-0.2100000000000084,0.2099999999999915,-0.2100000000000082,-0.1200000000000084,-8.277822871605167e-15,-0.1800000000000081,-0.1500000000000082,0.1799999999999918,-0.1200000000000079,-8.022101130890967e-15,0.0299999999999919,-0.0576672489734295,0.0599999999999905,0.2247937415857694,0.0962226489553045,-0.0300000000000083,-8.553158181712207e-15,-0.5400000000000079,-0.1500000000000088,0.0599999999999912,-0.2100000000000086,-0.1500000000000087,-0.1800000000000088,-0.1200000000000088,-0.4200000000000078,0.0899999999999918,-0.2927524246441635,-0.8360313067359629,-0.3519076178264594,-0.0300000000000089,0.029999999999991,-0.0300000000000089,-9.013138738895326e-15,-0.1800000000000089,-0.2400000000000089,0.4199999999999912,-9.121592370320286e-15,0.1199999999999908,0.1799999999999908,0.2099999999999907,0.1799999999999911,1.0265254055484545,1.287950559510907,0.0160304752840719,-0.2100000000000091,-0.2400000000000091,-0.0300000000000094,0.0299999999999905,-0.3300000000000094,0.0299999999999905,-0.0600000000000094,0.2699999999999907,-0.0300000000000094,-0.3000000000000092,1.519355803589562,0.3418131082155123,0.0883139953056722,0.2099999999999907,-0.0900000000000094,-0.0600000000000095,0.0299999999999902,-0.0300000000000096,-9.383014943746572e-15,0.1199999999999904,-0.1500000000000095,-0.0900000000000094,-0.1200000000000094,1.0199179777200686,-0.2146668349516434,-0.3000000000000092,-0.0300000000000093,-9.426889722543031e-15,-0.1800000000000093,0.0899999999999909,0.0599999999999907,0.1799999999999908,0.1799999999999909,-0.1500000000000093,0.2099999999999905,-0.0900000000000093,0.0599999999999907,-3.8047049641929855,-0.5923736404064408,-0.582787765525897,-0.6629728817097882,-0.8729728817097882,-0.9441132372429611,-0.657723711772094,-0.568131709937888,-0.850675699243445,-1.1700000000000093,-1.1400000000000097,-1.0500000000000094,-1.1700000000000097,-0.9300000000000094,-1.1100000000000094,-1.2300000000000093,-0.8400000000000092,-0.7200000000000094,-0.7800000000000094,-1.0800000000000096,-0.9000000000000093,-0.8400000000000094,-1.1400000000000092,-1.1700000000000093,-0.690000000000009,-0.9600000000000092,-1.230000000000009,-0.9600000000000092,-1.1400000000000092,-1.0500000000000091,-0.8100000000000087,-0.3000000000000085,-0.8400000000000086,-1.2000000000000086,-1.0500000000000087,-1.2600000000000084,-1.0500000000000087,-0.630000000000009,-1.050963685803027,-0.8409079366138188,-0.7481587321343091,-2.2548472769449464,-2.1043174303184022,-2.5200000000000085,-2.8292140933300374,-1.112930730649314,-2.1397191104824524,-5.01026043482338,-5.562647150964236,-3.608897295827165,-3.4549246869582,-0.5221809921477301,0.5221809921477301,0.014782608695652177,219,130.80597014925374
0.2649999999999998,0.0099999999999998,0.4,400,1.1071014492753624,42.64463768115942,38.51917790286687,41.08202898550724,0.0,-0.4282349050682013,-0.6735284044921543,-0.1800000000000089,-0.1137818223023024,-0.0941687298085278,-0.1200000000000087,0.0899999999999911,-0.02903631419699,0.0309636858030099,-0.1500000000000088,0.1799999999999911,-0.0900000000000089,-0.1200000000000089,0.0299999999999909,-0.0600000000000092,-0.2400000000000092,0.3899999999999908,0.2399382576016916,-0.1200000000000083,0.0961302810803969,0.2376403243420105,-0.0300000000000094,-9.428013925116831e-15,0.0299999999999905,-0.1800000000000093,0.1499999999999908,0.1499999999999905,0.0299999999999905,-0.0900000000000094,-0.1800000000000092,0.209999999999991,0.0299999999999906,-0.057168570951115,0.2135878076180295,-0.0540008960613832,0.2699999999999904,0.0899999999999908,-0.1200000000000091,0.1499999999999908,0.4199999999999908,-0.0900000000000089,-0.150000000000009,-0.0600000000000091,-0.090000000000009,-9.194408667606678e-15,-9.208576522934826e-15,0.0299999999999908,-0.4711573161003729,-1.647596821439717,-0.5024928225884732,-0.2400000000000093,0.3599999999999904,-0.1200000000000097,0.0299999999999901,-9.9298347322474e-15,-0.0600000000000098,-0.03000000000001,-9.956480084838403e-15,-9.761080832504376e-15,-0.0300000000000096,0.0207966856172493,0.34821075953311,-0.1654218374939055,0.05999999999999,0.20999999999999,0.0599999999999901,0.0299999999999901,-0.1800000000000097,0.0299999999999902,-0.1200000000000097,-0.3600000000000096,0.0299999999999902,-0.0900000000000097,11.26411173955042,0.9751506816951806,0.3154436275916835,0.3299999999999902,-9.628596959343888e-15,-0.0600000000000095,-9.641251034824311e-15,-0.0600000000000096,-9.552581770813204e-15,-0.0300000000000095,-0.0600000000000095,-0.1500000000000095,-0.0300000000000095,0.0299999999999903,-5.2365741298434285,-0.0014658193592812,-0.1400261298460628,-0.5021958770064371,-0.744235219367777,-0.5206155454624167,-0.3580171661709548,-0.44830346694775,-0.266601237762461,-0.1840377812968188,-0.2976863800062639,-0.0614158474718361,-0.6251796267366173,-0.5318719081220233,-0.2284013556085796,-0.5729434434642382,-0.2502886656422737,-0.4957868509983995,-0.6223949241323161,-0.3934415520790956,-0.289595273621431,-0.3466134308183825,-0.7306625522654089,-0.7573513723811169,-0.849932035818904,-1.512160879039424,-1.3270812239031466,-2.1629521612464586,-1.255967020810559,-0.9137262842269058,-1.1938441149697188,-1.4648230357735177,-2.1072333214954586,-1.54617769524398,-1.8545665092694887,-1.7952766506805742,-1.7729024683556929,-1.387359241082534,-1.760437217081689,-1.6832360390288192,-2.4468605973410824,-2.9752100654270386,-4.27753853325235,-3.9900000000000055,-3.8700000000000063,-4.200000000000005,-3.990000000000005,-3.7500000000000058,-4.140000000000006,-4.170000000000006,-4.440000000000004,-0.5232435162357226,0.5232435162357226,0.10710144927536236,220,130.02985074626866
0.2849999999999998,0.0099999999999998,0.4,400,1.1182608695652174,43.68391304347826,39.064152410575424,41.81014492753623,0.0,-0.5511995872369068,-0.7248068803532973,-0.5115725916870223,0.0285076661179198,-0.1148496730220845,0.089999999999991,-0.0600000000000089,0.0899999999999909,-0.2100000000000089,-0.120000000000009,0.0599999999999907,-0.1500000000000092,-0.1500000000000093,0.1199999999999905,-0.0900000000000093,-0.0900000000000095,0.1199999999999903,-0.1500000000000083,-0.2400000000000081,-0.2400000000000092,-0.508702493744565,-0.3600000000000095,-0.4500000000000099,0.1499999999999904,-0.1800000000000096,-0.2100000000000094,-0.0300000000000094,0.0599999999999905,-0.0300000000000093,-0.0600000000000094,-0.2700000000000093,-0.1500000000000094,-0.6309622292097592,-0.5699052718866481,-0.2615162890771511,-0.0600000000000091,-0.060000000000009,-0.0300000000000092,-0.0600000000000091,-0.0900000000000091,0.1799999999999907,0.0299999999999907,-9.2192919964873e-15,0.2399999999999907,0.0599999999999907,0.1199999999999905,-0.3300000000000092,1.8485846357358424,3.629653854864222,0.9843547418808865,0.41999999999999,0.11999999999999,-0.1200000000000099,0.02999999999999,0.2699999999999899,0.0599999999999901,-0.3600000000000097,0.0299999999999902,-0.1500000000000098,0.02999999999999,4.92428900668633,1.0447371308975413,0.1012226833984993,-0.1500000000000097,-9.579152834424755e-15,-9.565830158129254e-15,0.0899999999999903,-0.1200000000000095,0.0299999999999904,0.0299999999999905,0.1199999999999904,-0.0300000000000096,0.1499999999999903,6.768692477444549,0.8234023601340164,0.1204213749180868,-0.0300000000000094,-0.0900000000000093,0.1499999999999906,0.2399999999999904,0.1799999999999905,0.0299999999999906,-0.1200000000000093,0.1199999999999907,0.0599999999999906,0.2999999999999906,-0.2100000000000092,-12.782423211978427,-2.117669221247648,-0.7684796415409536,-0.4310640875024152,-0.308422337401953,0.0280396280601891,0.2394821362313616,0.0346354815007718,0.1226275806830292,-0.2171539021068255,-0.2551119885943821,0.4233649944701749,0.6904645098446344,0.6370467184300777,0.3444126910049936,0.8075417833376052,0.3995824651115018,0.5801562910749394,0.6650530968339834,0.5429594554681766,0.5499176854838282,0.5022895828064718,0.5106022953014506,1.222667735167965,0.8320811847586866,0.4358296382706288,0.2377018826461372,1.1847540026743224,1.254653090902284,1.2317025364924168,0.872262792842271,1.4260275880462314,1.35481433020397,1.7901880685249458,1.5207021026756675,1.565193842327034,1.444139963593096,1.7954401484275817,2.0404434451256077,2.068645343514601,2.6690452593836675,2.819571529498447,2.567998210782016,2.5104017218837757,2.7728094541342614,3.611158915377536,5.279828414232487,6.278850643535542,6.335772167114587,6.299999999999994,6.419999999999993,0.5432672966178705,0.5432672966178705,0.11826086956521742,221,129.2537313432836
0.1799999999999997,0.0049999999999998,0.4,400,1.0157971014492753,39.57927536231884,38.963760878870026,39.54608695652174,0.0,-1.782854475906141,-1.8529988668514576,-1.7100000000000086,-0.1750338242966364,-0.4452373678594925,-0.5700000000000078,0.1199999999999916,-0.0600000000000082,0.0299999999999918,0.2099999999999918,-0.0900000000000081,-0.0300000000000079,-0.060000000000008,0.059999999999992,-0.2100000000000079,0.0299999999999916,0.2399999999999919,0.3313431204141082,0.2713431204141081,0.2699999999999908,-0.1547145573686096,0.1199999999999913,-0.3300000000000086,-0.2700000000000088,-0.2100000000000088,0.1199999999999911,0.0299999999999912,0.1499999999999911,0.2099999999999912,-0.0300000000000088,-0.3900000000000082,-8.331113576787175e-15,-1.290348613602749,-1.0197918273766229,-0.0791728591856473,0.179999999999991,-0.060000000000009,-0.300000000000009,-0.3300000000000094,0.0299999999999907,0.1499999999999907,-0.1800000000000092,-0.0300000000000094,0.0299999999999905,0.209999999999991,-0.1800000000000094,-0.1190920633861988,-0.5296391278652304,0.034249931810556,0.3749424414344683,0.3299999999999907,-0.2400000000000095,-0.3300000000000097,-0.3600000000000096,0.0899999999999904,-0.1800000000000095,0.0299999999999905,0.1499999999999904,-0.3600000000000098,0.0899999999999906,2.1312619141062696,0.3090709947068745,0.0504516913657954,0.0299999999999905,0.1499999999999906,-0.1500000000000093,0.0599999999999906,-0.1200000000000093,0.0299999999999907,-9.216509449151147e-15,0.2399999999999907,0.0299999999999907,0.1799999999999906,1.6793493657079726,0.2328651858811735,-0.1324153052162159,0.2399999999999909,0.3899999999999906,0.0599999999999909,-0.1200000000000092,0.1199999999999908,0.2699999999999908,0.0299999999999908,-0.1492998367182572,0.4799999999999907,-0.1500000000000091,-0.0900000000000091,-0.2845361025194399,-0.4603663092419239,-0.6616658820217982,-0.4716593367738041,-0.3900000000000091,-0.7737899837359605,-0.3000000000000091,-0.4013778653669735,-0.8806531243075537,-0.5129728817097882,-0.9441132372429611,-1.018989510522735,-1.3414815098965778,-1.2583428342499603,-0.7200000000000094,-0.8700000000000094,-0.9600000000000092,-0.9300000000000094,-1.1100000000000092,-1.0792499118786214,-1.2300000000000098,-1.0800000000000094,-0.7500000000000093,-1.41000000000001,-0.51000000000001,-0.7500000000000093,-1.0500000000000091,-1.2008538479976822,-1.2300000000000089,-1.0500000000000094,-0.9900000000000092,-0.4800000000000095,-0.9000000000000091,-0.9300000000000088,-0.600000000000009,-1.2000000000000086,-1.1700000000000086,-1.1100000000000088,-1.4700000000000093,-1.3210212533532948,-1.288158732134309,-0.4510212533532938,-0.1510212533532937,-0.8990363141969898,-1.3210212533532946,-1.941777712270135,-3.380217942289965,-4.237876494449326,-6.643039990577388,-6.987902764341806,-7.794256041880168,-0.5446530746580563,0.5446530746580563,0.015797101449275264,222,128.47761194029852
0.1249999999999996,0.0149999999999998,0.4,400,1.014927536231884,33.83231884057971,33.33471369413109,33.81449275362319,0.0,-2.071199173498822,-1.866472166218668,-0.4800000000000081,0.0320746776628289,0.0044962970363807,-0.300000000000009,0.0599999999999908,-0.0300000000000092,-9.192646643896296e-15,-0.150000000000009,0.0299999999999908,0.2699999999999908,0.3299999999999909,-0.0300000000000091,0.1199999999999907,-0.270000000000009,-0.0600000000000092,-0.9299106259977188,-0.4800000000000088,0.1499999999999912,-0.0797974491973122,-0.1200000000000093,0.0899999999999906,-9.343636975245315e-15,-9.341897272936298e-15,-0.0287265400859208,-9.348077867343818e-15,0.3299999999999908,-0.1800000000000091,0.0299999999999907,-0.0300000000000091,-0.2086568795858917,-1.3567107562693417,-0.1800000000000086,-0.1002462857051955,-0.0900000000000088,0.361142555078443,0.2999999999999915,0.2099999999999914,-0.0300000000000084,-0.2400000000000083,0.0299999999999916,-0.240000000000008,0.2699999999999919,0.4199999999999921,0.1499999999999918,0.269938257601691,1.6656888200892763,3.687711866501551,0.0621501649267761,0.0523234866478219,0.1199999999999917,-0.0600000000000081,-0.0300000000000086,-0.2400000000000085,-0.1800000000000086,0.1199999999999914,0.2699999999999913,0.3599999999999918,0.3299999999999918,2.408641892652789,-0.1914724754935627,-0.1423234866478381,-0.3000000000000087,-8.674455168324941e-15,0.0899999999999913,0.0899999999999912,-0.0300000000000087,-0.3000000000000087,-0.0900000000000087,-0.1200000000000088,-0.0900000000000087,0.0299999999999913,-3.290471651238726,0.1313338717242518,-0.1200000000000088,-8.766321002440235e-15,-0.1200000000000087,0.1499999999999912,-8.837375276016245e-15,-8.742940770863394e-15,-0.0900000000000088,0.1199999999999912,0.2999999999999911,0.2099999999999912,-0.1200000000000087,-0.3600000000000082,-2.3021206324652392,-1.9522515099092148,-2.2200000000000117,-2.070000000000011,-2.0400000000000107,-2.0400000000000107,-2.220000000000011,-2.160000000000011,-2.1600000000000104,-2.5810212533532937,-2.4000000000000115,-1.9800000000000104,-1.9189191873198592,-2.0100000000000104,-1.9800000000000109,-2.2200000000000104,-1.5600000000000107,-2.0100000000000104,-2.1000000000000103,-1.7400000000000104,-2.220000000000011,-2.100000000000012,-1.6800000000000108,-1.5000000000000109,-2.220000000000011,-2.4900000000000078,-2.130000000000011,-1.4387933076459896,-2.5200000000000093,-1.9845405236021776,-1.8295188491766472,-1.7112066923540283,-2.36884085099896,-3.850258259553166,-2.7306580599118786,-1.6145278365914535,-1.1803745009792608,-0.6738042347694548,-0.4859910442443448,-0.4220494404890911,-0.3891606418022715,-0.3024382621505432,-0.2400000000000065,0.269999999999993,-0.0300000000000065,0.2121644855509218,-0.0600000000000081,-0.0600000000000081,0.0599999999999919,0.0578355144490636,-0.0600000000000079,-0.5878765267198184,0.5878765267198184,0.01492753623188392,223,127.70149253731344
0.1949999999999997,0.0149999999999998,0.4,400,1.0578260869565217,38.20217391304348,36.11385121249487,37.76014492753623,0.0,-1.6017524657872273,-3.3133494985943472,-2.1600000000000086,-0.1500000000000094,-0.3013576625618221,0.0899999999999913,-0.0600000000000084,-0.3900000000000081,-0.030000000000008,-0.2100000000000079,-0.4200000000000075,-0.3600000000000073,-0.210000000000008,0.029999999999992,0.0899999999999919,0.1499999999999919,-0.060000000000008,0.2699999999999907,0.541273459914079,-0.0551977797780109,-0.232668485650742,-8.72191208145523e-15,0.2999999999999916,-8.677503160470223e-15,-0.0900000000000087,-0.0600000000000087,-0.1200000000000087,0.2399999999999912,0.2099999999999911,0.2399999999999912,-0.0600000000000081,0.449999999999992,-1.7146977259723402,-0.9000000000000079,-0.3749906630023206,-0.180000000000009,0.4199999999999912,0.089999999999991,-0.1200000000000091,-0.0900000000000093,0.0299999999999907,-0.1500000000000094,-0.1500000000000093,0.0299999999999905,0.0899999999999904,0.0299999999999904,-9.050538096744276e-15,2.5107796355318275,3.062164485550921,-0.081618467848747,-0.3000099304559405,-0.3300000000000094,-0.2100000000000093,-0.1200000000000095,0.0899999999999904,-0.1800000000000096,0.1199999999999905,0.0899999999999904,0.0599999999999905,0.1799999999999907,0.0991555254875143,0.0403778934316459,0.145437461882544,0.0599999999999906,-0.1200000000000094,0.2999999999999908,0.2099999999999907,0.1799999999999907,-9.174883075502294e-15,0.0599999999999908,0.2099999999999909,0.0599999999999906,-0.1200000000000092,-1.037105395913902,0.4067877609221564,0.3328077989395672,-0.1800000000000089,0.0299999999999908,0.0599999999999908,-0.300000000000009,0.1199999999999908,0.0899999999999908,-0.030000000000009,-0.2400000000000089,-0.2100000000000089,-0.060000000000009,-0.0300000000000091,-0.2208498208958704,0.2426845383709483,0.0861272109638288,0.1385139528972643,-0.0984924682380117,-0.0262484926665808,1.1013202109213025,0.5156447318261692,0.2321219744612007,0.920399255290894,1.3393816183531624,0.8605826091483063,0.753345014257611,1.270876396666211,1.2323909796150097,1.003341659885837,0.8947653643369889,0.9459160499053832,1.0859487616076284,1.8005503370831872,1.9410962328567865,2.116104230126206,1.7999999999999925,2.039999999999991,1.8599999999999923,1.9499999999999909,2.040750088121381,1.9199999999999928,2.189999999999992,1.8899999999999932,2.069999999999993,2.609999999999992,2.579999999999993,2.489999999999993,2.1899999999999924,1.8899999999999928,1.8899999999999937,2.309999999999994,2.2799999999999945,1.2299999999999942,1.8899999999999944,2.279092063386184,1.9799999999999944,2.4599999999999937,2.3710212533532795,2.3885864070337703,3.1606912601321944,3.368835479294055,3.368215571113552,3.785618672393422,4.092667729198612,0.5885292378035798,0.5885292378035798,0.057826086956521694,224,126.92537313432837
0.0399999999999995,0.0049999999999998,0.4,400,1.004927536231884,25.52478260869565,25.399625036054225,25.5168115942029,0.0,-0.3102888783070927,0.6124156048252707,1.3499999999999914,1.4978355144490627,1.9566858416728112,2.3736885281150037,2.519999999999992,2.5799999999999925,2.549999999999992,2.399999999999992,3.058253460247652,3.3563970588005425,3.2399999999999904,2.87999999999999,3.2699999999999907,2.759999999999991,2.8499999999999908,2.788058011637318,2.642049440489076,2.9099999999999917,2.4880795679847427,2.3099999999999907,2.7016571657500403,2.7899999999999907,2.549999999999991,2.5199999999999907,3.659999999999992,3.0865069204953137,3.1482534602476524,3.0317465397523296,2.553783256228364,3.1182534602476526,3.389999999999992,2.397711866501545,2.7018412678656905,2.90631147188498,3.2065962944976034,3.031831058012949,2.7299999999999915,2.9099999999999917,2.45999999999999,2.788158732134292,2.429777502811736,1.5644139039954703,1.85368796217973,1.6201841021156411,1.0783428342499417,1.3452354319005408,0.2078355144490633,-0.271941988362682,-0.7820494404890926,-0.3564008458872865,-2.040208172623394,-3.4200000000000044,-3.540000000000005,-3.3600000000000048,-3.775023702810604,-4.020000000000005,-3.8400000000000034,-2.818146008121254,-1.585235431900558,-1.8879793887048557,-1.8600000000000043,-1.6479505595109218,-0.8416571657500522,-0.4516571657500527,-0.4519419883626757,-0.0861092916452213,-0.4200000000000044,-0.2100000000000042,0.1199999999999946,-0.2139686932640491,-0.2100000000000041,0.1754139376923329,0.4199999999999963,0.1799999999999963,0.3599999999999963,0.117950559510912,-0.0278355144490767,0.0899999999999954,0.1780580116373218,0.3299999999999947,-0.1179505595109211,0.2099999999999934,-0.1800000000000042,-0.1200000000000045,-5.2580162446247405e-15,0.3899999999999926,-0.1458162967469339,0.0299999999999957,0.1799999999999943,-0.1240196420791316,0.0299999999999954,0.0299999999999944,-0.2100000000000046,-0.0021644855509336,0.1499999999999941,0.0899999999999944,-0.240000000000005,0.1477118665015493,-0.0300000000000049,-0.0300000000000048,0.1179505595109093,0.239999999999995,-5.115907697472721e-15,-0.0300000000000049,-0.3000000000000065,-0.1200000000000052,0.1499999999999939,0.0021644855509227,-0.2100000000000048,0.1479505595109083,0.0299999999999937,0.1178355144490632,-0.3000000000000058,-7.247535904753022e-15,-0.0577118665015608,-0.1500000000000062,0.0020494404890777,0.0299999999999933,0.0620494404890776,-0.0300000000000073,-0.2121644855509347,0.119999999999992,0.1822881334984391,-0.1200000000000079,-0.1500000000000068,-0.0622881334984543,0.0021644855509208,0.1499999999999937,0.269999999999992,0.089999999999992,-0.0300000000000076,0.0877118665015461,0.299999999999992,-0.1800000000000054,-0.1777118665015609,-0.3921644855509345,0.6040326418623502,0.6040326418623502,0.004927536231883911,225,126.14925373134326
0.1349999999999996,0.0149999999999998,0.4,400,1.0134782608695652,34.625942028985506,34.16545116545117,34.61144927536232,0.0,-1.2985239585254198,-3.1798436499834604,-3.270000000000008,-0.4177800874405747,0.1498542240458337,0.0299999999999908,0.0599999999999907,-0.1200000000000089,0.0299999999999907,-0.270000000000009,-0.3900000000000094,-0.0900000000000093,0.0299999999999907,-0.1200000000000091,-0.1500000000000091,-0.0600000000000092,0.0299999999999906,0.3299999999999913,-0.0300000000000089,0.4499999999999919,0.3343474035228926,0.2399999999999907,0.0599999999999906,0.0899999999999907,0.1499999999999907,0.0299999999999907,-0.060000000000009,-0.090000000000009,-0.2400000000000085,-0.0900000000000088,-0.360000000000009,0.1499999999999908,0.1762265272857876,0.7499999999999919,-0.2893466134314513,-0.0600000000000082,-0.0300000000000081,0.4799999999999922,0.1199999999999917,-0.3000000000000077,-0.060000000000008,0.3899999999999924,0.0299999999999919,-0.2400000000000081,0.0899999999999918,-8.293313073228432e-15,0.0899999999999916,0.653411925841859,0.5350121895246741,-0.1900458253978792,-0.0402098065084766,-0.2100000000000086,-0.0900000000000087,-0.510000000000008,-0.1200000000000087,-0.2700000000000087,0.0299999999999912,-0.0600000000000088,0.1199999999999913,-0.2389787466467232,-1.1527163583151243,-0.0260094188319676,-0.1500000000000087,0.0299999999999911,0.0299999999999911,-0.2100000000000088,-0.1800000000000089,0.029999999999991,0.0599999999999911,0.3299999999999911,-0.3900000000000089,0.3599999999999912,0.0899999999999914,-0.2783871126929444,0.9851965852758542,1.4099999999999893,0.9299999999999916,0.7799999999999915,1.2599999999999911,0.6899999999999913,0.8099999999999913,0.7799999999999914,1.0799999999999914,0.8099999999999913,0.8399999999999913,0.7199999999999916,0.8399999999999914,0.5457573572903732,0.2203504427462136,-0.1200000000000091,-0.3600000000000111,0.1199999999999912,0.1799999999999911,-0.0600000000000087,0.1199999999999911,0.0899999999999908,-0.1800000000000091,-0.3000000000000096,-0.1500000000000101,-0.4800000000000111,0.2699999999999911,0.2399999999999914,0.0599999999999909,-0.0300000000000087,0.1199999999999911,-0.5400000000000104,-0.0600000000000085,-0.2100000000000105,0.209999999999991,0.0310212533532763,0.1499999999999911,0.4799999999999911,0.4499999999999911,0.689999999999991,-0.5089787466467253,-0.5400000000000107,0.1199999999999913,-0.0361560608718291,0.4563966118832872,0.7811425550784431,-0.2625558302903064,0.0543432029949418,-0.1074526383819352,0.9534288782826924,1.495857980842129,2.3676196015876623,4.1659826975372765,5.218222376632935,7.248161859943322,6.667282480570027,5.731841267865698,6.041453277382102,6.659999999999999,6.539999999999999,6.539999999999999,6.539999999999999,6.779999999999998,6.4499999999999975,0.6087385930834898,0.6087385930834898,0.013478260869565162,226,125.37313432835819
0.1749999999999997,0.0049999999999998,0.4,400,1.0142028985507243,39.15391304347826,38.60560160045728,39.11115942028985,0.0,-2.54614179415185,-2.6231034394805404,-1.5017465397523473,-0.2699154259369728,-0.1512066923540301,-8.553158181712207e-15,0.0299999999999915,-0.0900000000000084,0.1799999999999917,0.0299999999999916,-0.2400000000000079,-0.2100000000000075,-0.2400000000000078,-8.084591144598902e-15,0.1499999999999919,0.0599999999999919,-0.1500000000000081,-0.2400000000000091,0.4512734599140785,0.5514599919352711,-0.334813475017228,-0.0600000000000085,-8.539835505416704e-15,0.0299999999999913,-8.72191208145523e-15,-0.1500000000000087,-0.0600000000000087,0.2399999999999912,0.1799999999999911,0.0299999999999911,-0.0300000000000081,0.3299999999999919,-2.079748114443596,-1.621841267865708,-0.4695321941033736,-0.0900000000000089,-0.4200000000000091,0.3299999999999911,-0.240000000000009,-9.07718344933528e-15,0.1799999999999909,0.389999999999991,0.0899999999999907,0.0899999999999906,0.1799999999999907,0.2399999999999906,0.119999999999991,0.1548592086513604,1.589999999999991,0.3497905408299468,0.0599999999999904,-0.2400000000000093,0.3899999999999906,0.2699999999999908,0.1199999999999905,0.0899999999999905,0.0299999999999905,-0.1200000000000094,-0.4500000000000097,-0.1500000000000092,1.645615854315152,-0.1154914718013555,-9.5884201828514e-15,0.1199999999999904,-0.0900000000000094,-0.1800000000000095,-0.1800000000000094,-9.401368572525826e-15,0.0299999999999905,-0.0600000000000092,0.1499999999999906,-0.0600000000000095,0.1499999999999904,0.336493257964773,-0.1340055881044602,-0.1514502514031491,0.0899999999999908,0.0299999999999908,0.0599999999999908,0.0599999999999908,-0.1200000000000092,-0.1200000000000091,0.1799999999999909,-0.2100000000000091,-0.1500000000000091,0.0599999999999908,0.1799999999999909,5.472195977538619,1.6834633633880085,0.8389895105227168,1.6198706492032473,1.4061185981910789,1.2010058854142769,0.7603673758896812,1.2037412572902637,1.393760883782348,1.2390908425534466,1.3275111882226551,1.220173722564044,1.6767276095004522,2.009999999999992,1.889999999999992,2.189999999999991,2.249999999999991,2.009999999999992,2.099999999999992,1.8891987241413657,1.7999999999999918,2.129999999999991,1.979999999999992,1.9799999999999915,1.829999999999992,2.339999999999992,2.219999999999992,1.949999999999992,1.949999999999992,2.279999999999992,1.9799999999999915,2.009999999999992,2.129999999999992,2.369999999999991,1.919999999999992,1.859999999999992,1.589999999999992,2.009999999999992,1.829999999999992,2.219999999999992,2.4581587321342924,1.652795874862264,0.3310212533532773,0.9319419883626638,1.1999999999999915,1.8139098498000468,2.253575942894632,1.181157746762458,1.532277347906544,1.0302537984402107,0.538688395819117,0.6113513954908175,0.6113513954908175,0.014202898550724319,227,124.59701492537312
0.2699999999999998,0.0099999999999998,0.4,400,1.1581159420289855,42.37130434782609,36.58640971092479,39.936521739130434,0.0,-0.6699881925558064,-0.9779364756152988,-0.9300000000000088,-0.3915725916870219,-0.2990920633861985,-0.0600000000000088,-0.0600000000000089,0.0599999999999911,-0.0300000000000089,0.1499999999999911,0.4499999999999912,0.2099999999999911,-9.026850911589262e-15,-0.0900000000000092,0.0899999999999908,-0.3300000000000094,-0.1500000000000093,-0.0300000000000083,0.1799999999999916,-0.1800800428338325,0.0091718381564476,0.2099999999999905,0.2099999999999905,0.4199999999999905,-0.2400000000000093,0.0299999999999905,-0.3000000000000092,-0.1800000000000094,0.2099999999999907,-0.0300000000000094,-0.1200000000000095,0.3899999999999904,-0.1443595173736999,-0.0900000000000088,0.5363284773565761,-0.3300000000000091,-0.0300000000000091,-0.150000000000009,0.119999999999991,-9.099387909827782e-15,-0.0300000000000091,-0.1500000000000089,0.0299999999999908,-9.242971818109828e-15,-9.283154843931602e-15,0.1499999999999909,-9.121592370320286e-15,-0.1246717261874662,0.1801150450618364,0.5528071722338325,0.0299999999999904,-0.0600000000000097,-0.1200000000000098,-0.1500000000000098,-9.952039192739903e-15,0.17999999999999,-0.0900000000000098,0.2699999999999898,0.1499999999999902,-0.1800000000000099,-3.192527216363315,-0.1133962916723321,0.0111975590062799,-0.0600000000000097,0.29999999999999,0.0299999999999902,-0.3300000000000097,0.0299999999999903,-0.2700000000000094,0.2699999999999904,-0.2400000000000094,-0.2700000000000094,0.0599999999999902,8.304390900091057,0.958117027363816,0.0599999999999903,-9.601208716958354e-15,-0.1800000000000093,-0.0900000000000095,-0.1200000000000093,0.0599999999999904,-0.0600000000000094,0.0299999999999904,0.2999999999999904,-0.0900000000000094,-9.450218385609331e-15,-0.2100000000000095,-6.68906665137134,-1.974685899972996,-0.6990905398855639,-0.3581914339839712,0.178156641769272,-0.1495025107378608,0.3386040344117292,-0.4887184550625529,-0.2227756084969293,-0.8899469645598808,-0.2236600619557417,-0.9028163914476098,-0.7036891880278304,-0.5479746386100249,-0.8390241528352186,-0.9080400345646112,-0.7050423145368001,-0.668744200024353,-1.2055851968627271,-0.6775792611713097,-0.5034688905079724,-0.7477218427930317,-0.8824379209475517,-1.2296017276983489,-0.8481325824418449,-1.1592360789811953,-0.868851157349003,-1.5904477025877344,-1.2567889943067307,-1.0446860096777082,-1.4805605818822891,-1.4116630321461077,-1.551353651649532,-1.2441116023295171,-1.237682888964267,-1.4351596030817724,-1.5014709008017362,-1.0683174356874197,-1.7658018562529332,-2.5469857933302684,-3.027418136217641,-3.226960805480691,-3.8038189981072335,-4.334566192292931,-4.065884076880414,-4.320000000000005,-4.380000000000004,-4.470000000000003,-4.200000000000002,-4.290000000000003,-4.230000000000003,-0.614289836150203,0.614289836150203,0.1581159420289855,228,123.82089552238804
0.1549999999999997,0.0099999999999998,0.4,400,1.0114492753623188,37.1372463768116,36.71686488035535,37.125217391304346,0.0,-1.3193311874545506,-0.8600686846663013,-0.7480580116373357,-0.2287287691796157,0.3899999999999899,-9.281464485866308e-15,-0.2100000000000092,-0.0300000000000095,-0.0900000000000093,0.091206692354012,-0.0300000000000092,-0.060000000000009,0.3599999999999911,-0.0600000000000087,-0.1200000000000088,-8.704148513061228e-15,-0.0600000000000086,0.5699999999999912,0.1199999999999906,0.5099999999999915,0.3226480145254118,-0.1200000000000081,0.0899999999999918,-0.2700000000000079,-0.150000000000008,-8.093472928795903e-15,-0.1200000000000079,-8.091199562025166e-15,-0.2700000000000079,-0.2100000000000081,-0.3887933076459869,0.0299999999999913,-0.8901339981958443,-1.0200000000000076,-0.2555931850117911,0.0299999999999912,0.0599999999999913,0.3299999999999912,0.0599999999999911,0.0599999999999912,0.3299999999999912,-0.0900000000000088,-0.3900000000000082,0.1499999999999912,0.2399999999999911,0.0599999999999911,-0.0900000000000087,-2.2619092946853323,-2.8154237330031147,-0.740813334742733,0.0343455821580541,-0.150000000000009,-0.3600000000000091,-9.170442183403792e-15,0.0599999999999907,-0.0600000000000093,0.0899999999999906,-0.0600000000000094,0.0299999999999909,0.179999999999991,-0.8603999936170382,0.511903676016647,-0.0900000000000094,0.2099999999999908,0.1799999999999907,-0.1500000000000094,0.0299999999999905,0.2399999999999905,0.2699999999999906,-0.0900000000000094,0.0899999999999906,-0.0900000000000094,-9.467981954003335e-15,-0.6640556965151687,-0.1934830973591959,0.3584333223009858,0.1799999999999905,-0.1200000000000094,-0.2700000000000094,-0.2700000000000094,0.3899999999999903,0.2099999999999904,-0.1500000000000095,0.0599999999999907,-0.1200000000000094,-0.0600000000000093,0.2999999999999906,2.477901153302112,1.1495687117537583,1.1999999999999909,1.0199999999999907,0.9299999999999906,0.6299999999999908,0.8399999999999909,1.1099999999999903,1.1999999999999909,1.3199999999999898,1.1399999999999906,0.5999999999999899,0.8699999999999908,0.8399999999999906,1.2299999999999909,1.1999999999999909,0.9599999999999907,0.6899999999999907,0.8099999999999907,0.8099999999999911,1.1399999999999908,1.1699999999999908,1.1099999999999908,1.0499999999999912,0.9609079366138013,0.8399999999999909,0.7799999999999911,0.7199999999999914,0.6009636858030106,0.7199999999999914,1.1999999999999913,1.0199999999999916,0.9599999999999916,0.6899999999999916,0.601984939156296,0.7499999999999915,1.3510212533532768,1.739999999999991,1.554731261007993,2.466852278378768,2.4471110137717416,0.3465143087811567,2.9499434554208714,3.640676557950611,3.7953376278269286,4.530516183530669,6.399100034239008,6.393434322244741,7.542303403362241,8.300643102628221,8.489999999999998,0.6294293929185898,0.6294293929185898,0.011449275362318767,229,123.04477611940297
0.2499999999999997,0.0049999999999998,0.4,400,1.0859420289855073,42.63536231884058,39.26117709862538,41.452608695652174,0.0,-0.1522543819418476,-0.1198388264363836,0.5999999999999911,-0.2115725916870221,0.0020797101939595,-8.822876828636407e-15,0.0899999999999911,-0.1200000000000088,-0.1500000000000089,-0.1800000000000087,-0.2100000000000089,-0.0600000000000089,-0.2400000000000089,0.3599999999999914,0.1199999999999909,0.119999999999991,0.4499999999999911,-0.0310808126801597,-0.2700000000000083,0.1514923338820617,-0.2432757254855006,0.0299999999999905,-0.1500000000000095,-0.0900000000000094,0.2399999999999908,-9.462058337242324e-15,0.1199999999999905,0.0599999999999905,-0.0300000000000094,-0.2100000000000096,-0.2400000000000092,-0.1500000000000093,-0.2356190353508788,-0.6300000000000092,-0.0186629373229799,-0.1500000000000095,-0.2400000000000092,-0.1500000000000092,0.0299999999999908,0.2999999999999909,0.0899999999999909,-0.1200000000000091,0.119999999999991,-0.2700000000000091,-9.176645099212676e-15,-0.0900000000000089,0.0299999999999908,-0.0695120464971119,-0.483968693264054,0.317014933336028,-0.024590983993498,-0.2100000000000093,0.1499999999999905,-0.0300000000000095,0.2099999999999903,-0.0300000000000097,-0.1200000000000097,0.23999999999999,-0.0900000000000095,0.2099999999999905,-0.5196195187957166,0.7700370744935011,-9.937519730182331e-15,-0.0900000000000099,-0.1800000000000098,-0.0600000000000098,0.0299999999999901,0.0599999999999901,0.47999999999999,-0.1800000000000097,-0.1800000000000097,0.0599999999999901,0.20999999999999,5.527883251252248,0.3245547887579871,0.0908498874754666,-0.2400000000000094,0.1199999999999902,0.0599999999999902,0.2999999999999903,-9.614531393253857e-15,-9.618972285352356e-15,0.1499999999999905,-0.1200000000000096,-0.0600000000000096,-0.0900000000000096,-0.1200000000000096,6.3757764603423,1.2818333863362934,1.148651150015492,1.0871553445849953,1.3388569973634004,0.9317433547791776,0.491613295254587,0.4416611667800079,0.2732086014852722,0.1220908472599299,0.6995653130999483,0.4398702296772321,1.2361670268520373,1.325608792817702,0.8451510861769269,1.3052084487865738,0.9248111993365106,1.061397910966141,1.161801648240395,1.396847489692186,1.3301588061018834,1.1654226508138308,0.8233415061175681,0.7837558684487652,0.5797555657732165,1.1049820650520727,0.9319781530699228,1.4150356552347316,1.1139166264113698,1.280086386507853,1.1322594284122938,0.9993613548664472,1.166155169544204,1.552054391059304,1.304439159754478,0.9993168272417344,1.7424933060282577,2.0138316750929137,1.819839081077044,2.8837482385044035,2.7465942506341565,2.938158732134293,2.9099999999999926,3.179999999999992,3.2999999999999927,3.5099999999999927,3.1499999999999915,2.5199999999999885,3.0299999999999927,3.149999999999992,3.1799999999999926,0.6392001527077045,0.6392001527077045,0.08594202898550729,230,122.2686567164179
0.2349999999999997,0.0049999999999998,0.4,400,1.047391304347826,42.26608695652174,40.35367372353674,41.71405797101449,0.0,-1.2458768723255935,-0.8565457658409465,-0.6017465397523476,0.059999999999991,-0.264263846740256,0.1199999999999913,0.0599999999999913,-0.1800000000000086,-0.1800000000000087,-0.0600000000000087,0.1799999999999911,0.0599999999999911,0.1199999999999911,0.029999999999991,-0.0600000000000089,0.059999999999991,0.029999999999991,0.0899999999999911,0.2399999999999913,0.1529009091872173,-0.4354303483996392,-0.2400000000000092,-0.0600000000000093,0.0899999999999904,0.0899999999999905,0.1499999999999904,0.1799999999999906,-9.58196242390184e-15,-0.1200000000000094,0.1199999999999906,-0.0900000000000091,0.2999999999999911,-0.7799052718866478,-0.8117465397523462,0.1936722852809288,-9.487403867159689e-15,-0.2100000000000091,-9.551234701301047e-15,0.1499999999999907,0.1499999999999906,0.0299999999999906,-0.0600000000000094,-0.0300000000000092,-0.1800000000000091,0.0599999999999909,-0.0900000000000091,-0.0900000000000096,0.1893875326624617,0.0919419883626639,-0.0080627375959789,-0.0600000000000091,-0.0300000000000092,-0.0900000000000092,0.2999999999999909,-0.1200000000000093,-0.2100000000000094,0.0299999999999905,-0.1500000000000095,0.1799999999999909,0.0899999999999907,-3.0085060290659715,0.2760925456564034,0.0013860464811346,0.2699999999999902,-0.0900000000000097,-0.1200000000000098,0.08999999999999,0.11999999999999,-0.1200000000000097,-0.1500000000000099,0.05999999999999,-0.0300000000000098,0.0899999999999901,7.03626602693193,1.7993736047623707,0.070404348112542,0.05999999999999,-0.1200000000000098,0.2399999999999899,-0.2700000000000098,-0.1200000000000097,0.0599999999999901,-0.0900000000000098,0.2099999999999901,0.0899999999999901,-0.0900000000000097,0.0899999999999902,-7.220649349169082,-2.072001523562897,-1.6181784548800957,-1.2885829701222442,-1.4011368717075443,-1.1695763818029077,-1.307640508058692,-1.2529345486726515,-1.1188664896219056,-0.8882711279052568,-0.9043684264870352,-0.4304239108196768,-1.1086363580819254,-1.080499765818748,-0.9278773803802962,-0.9872252060984048,-1.0243261521495717,-0.6939748989653708,-1.0713323329404143,-1.0843164925262954,-0.7670013742759724,-0.9556137916107916,-1.070753079396454,-0.7659966474156943,-1.309444673759256,-1.2712053739774607,-1.2976334848775202,-1.4481315264628225,-1.4895160146617823,-0.9289583607651116,-1.3737662888891395,-1.4746081935727289,-1.6306416179367391,-1.8407857251100013,-1.874492153373767,-2.161779991711273,-2.940173668877378,-2.6014815098965705,-3.075194269584588,-3.0300000000000016,-3.4200000000000013,-3.0000000000000018,-3.150000000000003,-3.2700000000000022,-3.2981587321343038,-2.6700000000000035,-3.3000000000000016,-3.3900000000000032,-2.8800000000000017,-2.9100000000000024,-3.240000000000001,-0.6800493789274136,0.6800493789274136,0.04739130434782601,231,121.49253731343282
0.0649999999999996,0.0149999999999998,0.4,400,1.0056521739130435,26.172463768115943,26.025363885286065,26.16376811594203,0.0,-0.3973849757873335,0.4027691125509709,1.1974337662814056,0.5402300901236804,0.1303424108119706,-0.2116673198003825,0.418253460247652,0.3899999999999906,0.3599999999999907,-0.0900000000000093,0.0899999999999908,-0.1800000000000093,-0.2100000000000094,0.2699999999999908,0.3317465397523296,-0.1800000000000091,0.2099999999999908,-0.0338907083547918,-0.4800000000000087,-1.0221644855509384,-1.2030651405402135,-0.967472285384391,-0.9000000000000076,0.2999999999999906,0.239999999999991,0.1499999999999909,0.1799999999999908,0.179999999999991,-9.130474154517288e-15,-0.210000000000009,-1.6498045513896735,-1.560000000000008,-2.1213685348947107,-3.1254040450518072,-1.821831442661334,-1.35000000000001,-0.5700000000000081,-0.3000000000000082,-0.2100000000000081,-0.5400000000000085,-0.088507666117937,-0.4800000000000078,-0.1500000000000081,-0.6000000000000083,-0.1500000000000079,0.2699999999999922,-0.8082534602476708,-1.0045253149732365,-0.8700000000000091,-1.578656932391989,-2.491941988362678,-3.5380580116373324,-3.9900000000000033,-3.750000000000005,-3.3600000000000048,-3.9900000000000047,-3.631492333882075,-4.0800000000000045,-4.230000000000005,-4.920000000000004,-4.720050171076249,-3.103440179377983,-3.240000000000005,-2.2200000000000086,-1.291841267865708,-1.0500000000000085,-0.5700000000000086,-1.081492333882079,-0.5156523816885413,0.3299999999999924,0.7199999999999929,1.7965866744694787,2.16401964207912,3.192694670740251,2.6480854654770325,2.784066582785562,3.50619544663731,3.865004193976014,4.502027009745909,5.486195446637311,5.336008571148239,5.254332069842401,4.376031306735949,3.74795055951091,2.9717465397523326,2.54756283649926,1.8318622971196123,1.6472761947184045,2.121537751806505,2.0999999999999943,2.129999999999994,2.3099999999999943,2.249999999999994,2.129999999999993,2.399999999999993,2.219999999999993,2.159999999999992,2.159999999999992,2.399999999999993,2.159999999999993,2.1299999999999923,2.009999999999992,2.369999999999993,2.039999999999994,2.157835514449065,2.339999999999993,2.1899999999999933,2.219999999999993,2.252288133498438,2.0099999999999927,2.3121644855509205,2.219999999999993,1.979999999999992,2.489999999999992,2.189999999999992,2.279999999999992,2.1299999999999915,2.129999999999992,1.919999999999992,2.189999999999992,2.219999999999992,2.339999999999992,2.309999999999992,2.3377118665015457,2.457711866501545,2.489999999999992,2.069999999999992,2.489999999999992,2.159999999999992,2.159999999999992,2.219999999999992,2.429999999999992,2.3099999999999934,2.2222881334984392,2.342288133498438,2.0699999999999936,2.099999999999993,2.1899999999999933,0.6851759510291909,0.6851759510291909,0.005652173913043512,232,120.71641791044775
0.1449999999999996,0.0099999999999998,0.4,400,1.0131884057971017,36.17666666666667,35.70576455442712,36.161159420289856,0.0,-1.7608980305673956,-0.4433748534424511,-0.3618412678657074,-0.0819695871291273,-0.3886568795858919,-0.2700000000000092,-0.060000000000009,0.1199999999999908,0.1799999999999909,0.1499999999999906,0.2099999999999906,-0.0900000000000093,-0.3000000000000092,-0.3300000000000088,0.0299999999999907,-0.1500000000000091,0.0299999999999908,0.3614923338820617,0.0599999999999906,-0.0600000000000085,0.2990482061571912,0.20879330764597,0.2099999999999915,-0.0300000000000084,-0.4800000000000077,-0.210000000000008,-0.090000000000008,-0.0900000000000082,-0.030000000000008,-0.2400000000000081,-0.1200000000000091,0.0299999999999908,-1.6787263009974618,-1.71216448555094,-0.4903608773216339,0.2689787466467061,0.0599999999999916,-0.3000000000000083,-0.3000000000000085,0.1799999999999914,-0.3000000000000087,0.3299999999999914,0.2399999999999912,0.1499999999999912,-0.0300000000000087,-0.0600000000000087,-0.0600000000000083,0.6441912930712139,0.9302570912057946,0.4148760857786713,0.0645755541997739,-0.0300000000000088,-8.917311333789257e-15,-8.912870441690757e-15,-0.0300000000000089,-0.0900000000000089,-0.210000000000009,0.2999999999999911,0.1199999999999911,0.119999999999991,1.951078192836715,0.2777913457964373,0.3669789294962429,0.1799999999999909,0.2099999999999909,-0.1200000000000091,-0.5100000000000096,-0.0600000000000092,-0.0300000000000092,-0.1200000000000093,-0.2100000000000093,0.0299999999999907,0.1199999999999906,1.6758129664840384,0.2431958180701435,0.0299999999999905,-9.399878565974285e-15,0.2399999999999906,0.4799999999999903,0.3599999999999903,-9.562716130845328e-15,0.1499999999999905,0.1199999999999905,0.1199999999999908,-0.1500000000000094,-0.3900000000000095,-0.0300000000000093,2.515681157811892,1.8326618911173875,1.111707695995336,1.109999999999991,1.6799999999999915,0.9599999999999907,0.9899999999999908,1.0799999999999912,0.7799999999999908,1.1091461520023185,0.929999999999991,0.7499999999999912,1.379999999999991,1.3199999999999912,0.8999999999999911,0.8699999999999914,0.8399999999999913,0.9609079366138016,0.7799999999999911,0.8699999999999917,0.4499999999999915,1.3199999999999914,0.6299999999999913,0.479999999999992,1.0799999999999916,0.5399999999999916,0.5399999999999905,0.9599999999999907,1.2310212533532778,1.139999999999992,1.3499999999999917,0.8099999999999921,0.3599999999999922,0.3010808126801415,0.5410808126801432,0.6299999999999912,-0.0915725916870224,0.5711425550784421,0.7479446865465664,2.452197034087469,4.163833398375236,6.666805449831555,8.636532277878446,5.816936483723161,5.447960656431806,4.422020078767925,4.271340869914589,4.259999999999998,4.289999999999997,4.139999999999998,4.319999999999998,0.6885326536232751,0.6885326536232751,0.013188405797101677,233,119.94029850746267
0.2249999999999997,0.0099999999999998,0.4,400,1.0704347826086955,40.75173913043479,38.07026807473599,39.93855072463768,0.0,-1.4106834066628091,-1.0193434554665868,-1.2141312454701507,-0.2715725916870219,0.0625951800571303,-0.2400000000000081,0.1499999999999917,-0.1800000000000083,0.2999999999999915,-0.1500000000000085,-0.0300000000000087,-8.695266728864225e-15,-0.1500000000000086,-0.0900000000000087,0.0599999999999912,0.0899999999999911,0.0299999999999911,-0.2722851101569122,-0.2400000000000092,-0.0865962944976213,-0.2912540021224172,-0.0300000000000089,0.029999999999991,0.1799999999999911,0.0599999999999909,-0.0900000000000091,-0.1200000000000093,-9.22520833135928e-15,0.0599999999999907,0.0299999999999905,-0.2100000000000088,0.0899999999999912,0.0072916404837409,-0.1500000000000082,-0.1041038411275905,-0.1800000000000093,-0.2100000000000094,0.0299999999999905,0.1199999999999904,-0.0300000000000094,0.1799999999999905,-0.1800000000000092,-9.361400543639319e-15,-0.0600000000000096,-0.0900000000000094,0.0899999999999906,0.1199999999999904,-0.490270984965248,-0.902288133498454,-0.1875672098372226,0.0899999999999908,0.0599999999999909,-0.030000000000009,0.0599999999999908,0.179999999999991,0.0599999999999909,0.2099999999999908,-0.120000000000009,0.1499999999999909,0.2999999999999909,-2.543948975283005,-0.084045438207495,-0.1079277020804275,-9.221899199230329e-15,0.1799999999999907,0.1499999999999906,-0.1500000000000095,-0.1200000000000094,-0.1800000000000094,0.0899999999999904,0.1499999999999904,-0.1200000000000094,-0.1200000000000095,5.249026877592407,0.4867809638042326,0.17999999999999,0.2399999999999902,-0.0600000000000097,-0.2100000000000099,0.0299999999999901,0.0899999999999901,-0.1500000000000101,-0.2100000000000099,-0.0900000000000097,-9.903529592981308e-15,0.11999999999999,-0.0900000000000099,4.86699505898105,1.0306081388356572,0.3687031084199017,0.0619836862103526,0.1649884610512228,0.4774366900528995,0.3410949463001692,0.7788606332867799,1.2625275313402662,1.1245519268502049,1.1724709109444378,1.0624556973464776,1.3988780811794117,1.2764702443623148,1.141928363084728,1.264526138085157,1.3535537910612527,0.909988900467704,1.24525948324023,1.228681992693126,1.1950076793871016,1.2672783549260054,1.4124850982057149,1.1710449505712923,1.606147882058483,2.036180253435135,1.8518128087137145,1.5024664718683547,1.8498403094273776,2.0345764341641925,2.058333003233153,2.2640386244921684,2.918021335493118,3.0299999999999976,3.149999999999997,3.3599999999999954,3.119999999999997,3.059999999999998,2.7299999999999978,2.639999999999996,2.642695115863369,3.4482534602476576,3.2999999999999976,3.389999999999999,2.8799999999999977,3.3599999999999977,2.9399999999999977,2.5199999999999987,3.119999999999997,4.229999999999999,4.589999999999999,0.7239842162083626,0.7239842162083626,0.07043478260869551,234,119.1641791044776
0.2449999999999997,0.0149999999999998,0.4,400,1.1659420289855071,40.06797101449276,34.36532007458049,37.86724637681159,0.0,-0.0003594908291955,-0.3559841166460848,0.3599999999999919,-0.0566012434506325,-0.0588354012051455,0.1199999999999916,-0.3600000000000083,-0.0600000000000085,-0.0600000000000086,-0.0300000000000086,0.0299999999999912,0.0899999999999911,0.0299999999999912,-0.0600000000000088,0.0299999999999911,0.0299999999999911,-8.833630833894354e-15,-0.3598690951643724,0.0899999999999908,0.6615725916870037,-0.2794451920214608,-0.2700000000000091,-9.103828801926284e-15,-0.3300000000000097,-9.346566015125186e-15,-9.356959651540821e-15,0.0299999999999906,0.0599999999999906,-0.0900000000000095,0.0899999999999903,0.3299999999999912,0.2699999999999911,-1.5996024871550143,-1.531841267865708,0.1074303698989116,0.0899999999999906,-0.1500000000000095,0.0299999999999904,-0.1500000000000095,-0.1200000000000095,-0.1200000000000095,-0.1200000000000095,0.0299999999999905,0.1199999999999906,-0.1800000000000093,0.0299999999999908,-0.1800000000000093,-2.3791340289650864,-2.0956710288981517,-0.9474074346072776,-0.180000000000009,0.0299999999999907,0.1499999999999907,0.0299999999999907,-0.2700000000000091,0.0299999999999907,-0.0300000000000092,-0.1200000000000093,0.0599999999999908,0.0299999999999907,-2.5445516388224463,-1.0311092938360042,-0.0300000000000095,-0.2400000000000097,0.1499999999999903,-0.0600000000000096,0.1499999999999901,0.2099999999999901,-0.24000000000001,-0.0300000000000098,-0.0300000000000099,-9.882521918750881e-15,-0.1800000000000099,5.144655177675324,-0.2745266554723112,0.0408621681904196,0.02999999999999,-0.1525444337803601,0.1799999999999901,-0.1500000000000098,-0.1800000000000099,0.1799999999999902,-0.0900000000000098,-0.1500000000000097,-9.879788132901822e-15,-0.0600000000000097,0.0899999999999901,-1.6331358951963626,-0.0887295739255852,0.0666111686348198,0.5917340202617862,0.287200634614888,-0.3606276826778029,-0.6617172468625552,-1.3001864179928468,-1.455444723274888,-1.6885144965226282,-1.7549382973546293,-1.145135051846631,-1.1609581500034918,-0.9130556479078084,-1.3851123421626483,-1.346333793748011,-1.1411631734264889,-0.9805653442929744,-1.204807605358694,-1.4153152584233453,-1.1772823900696925,-0.9736411773620928,-0.7476344784383008,-1.0788624126964717,-1.2030917056434205,-1.055417171219764,-1.0612379392661486,-1.5219522914002217,-1.434013663902392,-1.5153769895449636,-1.7850437320330943,-2.0925923232491206,-1.6873718906875792,-1.8549099457518936,-2.814370433390985,-2.5622430385076687,-3.572246543682727,-3.5767754783307395,-3.1577760327559936,-3.1200000000000045,-3.210000000000006,-3.0300000000000056,-2.850000000000006,-2.8500000000000045,-3.299198724141378,-3.390000000000005,-3.0881587321343056,-3.060000000000004,-3.4780580116373314,-3.0300000000000047,-3.120000000000003,-0.7242058875694235,0.7242058875694235,0.16594202898550714,235,118.38805970149252
0.1599999999999997,0.0049999999999998,0.4,400,1.0107246376811594,38.1931884057971,37.78792658445655,38.18159420289855,0.0,-1.2180573776005208,-1.359165930070248,-0.7500000000000084,-0.1500000000000092,-0.1800000000000091,-0.1800000000000091,-0.030000000000009,-0.3000000000000089,-0.1800000000000087,0.0299999999999912,0.5099999999999913,0.0299999999999915,-0.0300000000000084,-0.1800000000000081,-8.293313073228432e-15,-0.0900000000000082,-8.222258799652422e-15,0.419999999999991,0.9299999999999912,0.4250704912805537,-0.2439046425315729,-0.0600000000000079,-0.150000000000008,0.2999999999999919,-8.424372310855687e-15,0.0899999999999916,-0.0900000000000084,-0.2100000000000084,0.0299999999999914,0.0899999999999913,0.1799999999999917,0.5699999999999917,-0.193244947797944,-0.2718412678657074,-0.4775727268795148,-0.0300000000000088,-0.02903631419699,0.2699999999999911,-0.1500000000000088,-0.0600000000000088,0.0599999999999911,-0.1800000000000088,0.149999999999991,-0.1200000000000089,-0.060000000000009,-0.1500000000000091,-0.1200000000000088,0.5762003989418186,0.0598849549381477,0.2966007884790347,-0.1500000000000092,-0.0600000000000095,0.0899999999999906,-0.0591461520023363,0.0299999999999906,-0.0300000000000094,-0.2700000000000092,0.0299999999999905,-0.0600000000000093,0.0299999999999905,-0.2318435742007683,0.220920856618287,-0.2609812672864151,0.2099999999999905,-0.1200000000000094,-0.0600000000000092,0.3299999999999903,-0.1500000000000094,-0.2700000000000092,0.2699999999999906,0.1199999999999905,0.0599999999999905,0.1499999999999905,1.8086353009363343,0.4903132374167357,-0.0600000000000095,0.1199999999999907,-0.3600000000000097,0.2099999999999903,-0.0300000000000094,-0.2400000000000093,0.2099999999999904,0.2099999999999905,-0.0900000000000095,-9.484621319823535e-15,0.0599999999999905,0.2999999999999904,0.2801682693826879,-0.8027500958450153,-1.2300000000000093,-0.8400000000000094,-1.2000000000000093,-1.32000000000001,-1.0200000000000091,-0.7800000000000094,-0.8700000000000094,-1.170000000000009,-0.8400000000000094,-1.0200000000000091,-0.9300000000000094,-0.6300000000000094,-0.9300000000000094,-1.0200000000000091,-1.1400000000000097,-1.2300000000000093,-1.4100000000000097,-1.2300000000000093,-1.170000000000009,-1.2600000000000091,-0.7800000000000094,-0.51000000000001,-0.6300000000000093,-1.020000000000009,-0.8108538479976819,-0.9900000000000088,-1.1400000000000088,-1.3200000000000094,-1.410000000000009,-0.8400000000000089,-0.6900000000000087,-0.3600000000000086,-0.4809636858030275,-1.13903631419699,-0.7800000000000087,-0.7200000000000082,-0.8400000000000086,-0.958978746646723,-1.0800000000000085,-1.0200000000000082,-1.5966528336353765,-2.7577124949658374,-3.630788847320263,-3.874885756364516,-7.421689353432256,-10.080118278204944,-10.286531638383511,-10.274948058470486,-11.091349184243848,-0.7251757901300714,0.7251757901300714,0.010724637681159388,236,117.61194029850745
0.1499999999999997,0.0099999999999998,0.4,400,1.0133333333333334,36.64855072463768,36.16633295194508,36.63463768115942,0.0,-1.4573226962437025,-0.8680434461324613,-0.6280580116373357,-0.0023739904389589,-0.1800000000000092,0.2399999999999905,-9.334755191048316e-15,-0.0600000000000094,-0.1500000000000092,0.2999999999999909,0.0299999999999906,-9.320013308270616e-15,0.1799999999999906,-0.0300000000000092,-9.130794650344108e-15,-0.0600000000000088,0.0287933076459696,0.3643242700485865,-0.2700000000000091,-0.17825346024767,-0.4435006475198706,-0.3288574449215566,-0.3900000000000081,-0.1800000000000081,-0.1500000000000081,0.1499999999999918,0.209999999999992,0.299999999999992,0.1799999999999919,-0.0300000000000081,0.4799999999999909,0.2699999999999911,-1.260000000000008,-0.962049440489092,-0.0031100323933366,-0.2400000000000084,0.0599999999999913,-0.2700000000000085,-0.2700000000000087,0.0899999999999912,-0.1800000000000088,-0.0300000000000086,-0.1200000000000087,-8.80698548130335e-15,-0.0300000000000087,0.1199999999999911,-0.1500000000000085,0.4627696905989354,0.7454237330031,-0.2315130381539395,-0.1200000000000088,-0.0300000000000089,0.149999999999991,-0.270000000000009,-0.240000000000009,0.1199999999999909,-9.112710586123283e-15,-0.1500000000000092,-0.1500000000000089,0.2699999999999911,-0.0286302235213371,0.6027562122506221,-0.1800000000000092,-0.1200000000000093,-0.0300000000000093,0.1799999999999908,0.0908538479976634,-0.0900000000000096,-9.426523918565288e-15,0.0599999999999908,0.1799999999999906,0.0899999999999906,0.0299999999999905,2.4181238460681054,0.7855574208835236,-0.2700000000000093,-0.1500000000000094,0.0599999999999905,0.0899999999999904,0.0599999999999905,-0.2100000000000093,-0.0300000000000094,-0.3300000000000094,0.0899999999999907,-0.3600000000000093,-0.2400000000000091,-0.3300000000000092,0.5350912161257554,1.9717085052797887,1.349198724141362,2.099999999999988,2.099999999999988,2.339999999999988,2.009999999999988,1.7399999999999878,2.009999999999988,2.339999999999988,1.769999999999988,2.369999999999988,2.309999999999988,2.369999999999988,1.889999999999988,1.829999999999988,2.339999999999988,1.919999999999988,1.859999999999988,2.249999999999988,2.369999999999989,2.009999999999988,1.7399999999999884,2.1299999999999883,1.8890920633861783,2.4599999999999884,1.6799999999999884,1.7999999999999887,2.189999999999989,2.4299999999999886,2.218978746646703,2.2799999999999887,2.8499999999999903,1.9199999999999884,1.799999999999989,2.009999999999988,1.9799999999999889,1.448983668900809,0.6247309792568332,0.1233101732032953,-0.4474201110902632,-0.6125533818429564,-1.0209036886854796,1.147605030434153,4.722350751473911,4.101290713504104,3.2119419883626694,3.6241496508566033,4.297161881486514,4.382049440489079,4.349999999999997,0.7400264945559805,0.7400264945559805,0.01333333333333342,237,116.83582089552237
0.1649999999999997,0.0099999999999998,0.4,400,1.0121739130434784,37.78565217391304,37.33118556701031,37.77289855072464,0.0,-1.23135440784649,-1.7375571112007422,-2.0100000000000096,-0.4800000000000095,-0.0248085679119043,-0.0300000000000093,-0.1500000000000091,-9.308109838457311e-15,0.2699999999999908,0.1199999999999908,-0.1200000000000089,-0.0900000000000086,-0.1200000000000084,-0.3000000000000081,-0.1200000000000084,-0.0300000000000083,0.0299999999999917,0.598584031916729,-0.2100000000000091,0.0899999999999911,-0.532521400030046,-0.150000000000008,-0.0900000000000079,-0.0600000000000081,-8.224532166423161e-15,-0.1800000000000081,-0.3000000000000082,-0.2400000000000084,0.0599999999999914,0.1199999999999916,0.2099999999999915,-8.357758929378179e-15,-0.5236376689671381,-1.260000000000008,-0.4261765780431221,-0.1500000000000086,-0.0900000000000088,-0.0300000000000088,-0.2100000000000088,-8.826141949650568e-15,0.0299999999999911,-0.0300000000000088,-0.1800000000000088,0.059999999999991,-8.93951579428176e-15,0.3299999999999913,-0.0900000000000088,-1.1483034749655894,-1.2345762669969,0.4832037837171512,-9.248895516514294e-15,-0.0900000000000093,0.1199999999999906,0.1508538479976635,-0.2100000000000094,0.1799999999999907,-9.383605004131824e-15,0.4799999999999903,0.2699999999999909,0.1199999999999905,2.2757270778020726,0.3587401237545333,0.2699999999999907,0.0299999999999905,-0.2700000000000092,0.2399999999999905,0.3899999999999906,0.4199999999999905,0.0599999999999905,0.2399999999999906,0.0899999999999905,0.0599999999999905,-0.4200000000000096,4.577640747385191,0.8787017933410627,-0.0445127634890203,0.2399999999999906,0.1199999999999903,-0.0300000000000095,-0.0900000000000096,-0.3300000000000095,-0.0900000000000095,-0.0300000000000094,-0.0300000000000095,0.1199999999999904,0.2099999999999907,0.0599999999999905,-1.5105023637067905,-1.2844761569063403,-0.9900000000000094,-1.4407500881213984,-1.0500000000000091,-1.5000000000000102,-1.2608012758586356,-1.0800000000000094,-1.1100000000000094,-0.9300000000000092,-0.8100000000000095,-1.2000000000000095,-0.9000000000000091,-1.080000000000009,-0.7500000000000091,-0.6900000000000089,-1.0200000000000091,-0.840000000000009,-0.7800000000000092,-1.1700000000000088,-0.870000000000009,-0.7500000000000093,-1.2600000000000091,-1.080000000000009,-0.990000000000009,-1.020000000000009,-1.2300000000000089,-1.3200000000000087,-0.7800000000000087,-1.2600000000000091,-1.0800000000000087,-0.8100000000000087,-1.2000000000000086,-0.9600000000000086,-0.6600000000000087,-1.740000000000008,-1.6800000000000082,-1.7990363141969896,-0.9600000000000086,-1.5000000000000084,-1.1251931626411669,-0.198220664690166,-1.5989080358617906,-1.6691237986580725,-2.801374634488815,-5.7578265764013645,-8.068038381527003,-8.208763720634256,-8.64798379980905,-9.600075148553714,-10.083937130708314,-0.7460507832340679,0.7460507832340679,0.012173913043478368,238,116.0597014925373
0.0449999999999995,0.0149999999999998,0.4,400,1.0069565217391303,23.98985507246377,23.82412204951065,23.9768115942029,0.0,0.1349967661979397,0.3568342797266379,0.689999999999991,0.387142751460119,0.5182485992907897,0.2443918758764479,0.6599999999999915,0.3599999999999926,0.299999999999992,0.6599999999999924,-0.0300000000000084,-0.4200000000000083,-0.7800000000000078,-0.8681587321343084,-0.3900000000000083,0.0299999999999916,-0.3000000000000085,-0.5950716761403894,-1.6152902897448302,-1.140000000000008,0.6688752351485806,1.378158732134292,1.409607725260957,0.7799999999999914,0.0299999999999914,0.8999999999999919,1.319999999999992,0.8699052718866308,1.1717465397523303,0.6299999999999915,0.4201074521264031,0.8956624260124616,1.8899999999999912,1.6827238052815776,1.7020709402699028,1.7399999999999909,2.189999999999991,2.3699999999999903,3.4799999999999915,4.019999999999991,4.439999999999991,5.339999999999992,6.118360912374064,6.299999999999994,6.449999999999993,5.729999999999992,6.089999999999992,5.939999999999991,5.579999999999992,4.4920451935481776,4.409999999999994,4.047835514449063,2.97401964207912,2.3099999999999925,2.127950559510909,1.5899999999999934,1.0199999999999936,0.7799999999999927,0.2699999999999939,0.3578355144490645,0.146773535248047,0.3577118665015463,-0.2400000000000072,0.1521644855509221,-0.1800000000000071,-0.0301236479475244,0.2099999999999938,-0.0600000000000072,-0.1800000000000062,0.1199999999999928,0.2099999999999927,0.1799999999999926,0.1821644855509208,-0.3634164949568907,0.2391004571152694,0.1499999999999926,-0.1500000000000048,-0.2721644855509346,0.0299999999999927,0.0299999999999926,-0.3600000000000072,0.0299999999999926,-0.1200000000000073,-0.0300000000000073,-0.1200000000000073,0.0599999999999926,0.0599999999999926,0.3901725439536723,0.237884675208007,-0.0600000000000073,0.0899999999999926,0.0899999999999926,-0.0300000000000062,0.0299999999999926,-0.0900000000000074,-0.1200000000000073,-0.2100000000000074,0.1199999999999926,-0.0900000000000074,-0.1222881334984532,-0.0900000000000074,-0.027835514449078,0.0899999999999926,-0.2100000000000074,-0.2400000000000074,-7.389644451905042e-15,-0.1800000000000073,-0.0300000000000073,-0.0600000000000073,0.1199999999999926,0.0899999999999926,-0.0900000000000074,-0.0300000000000073,0.1199999999999931,0.0599999999999937,-0.0900000000000074,-0.1800000000000062,0.2399999999999926,-0.0300000000000073,-7.389644451905042e-15,0.0299999999999937,0.1199999999999937,0.1799999999999926,0.062421576756725,0.1774337662814065,-6.252776074688882e-15,0.0275784232432619,0.1199999999999926,-0.2122881334984526,-0.1824215767567381,-0.1474337662814213,0.1499999999999937,0.0924215767567255,-0.0300000000000061,-0.1177118665015603,-0.0624215767567378,-0.1200000000000051,-0.3648431535134705,0.7506730295744235,0.7506730295744235,0.006956521739130306,239,115.28358208955223
0.1949999999999997,0.0099999999999998,0.4,400,1.0336231884057971,39.53579710144928,38.2497195737521,39.31463768115942,0.0,-1.764762024283634,-0.8369732896414628,-0.3600000000000078,-0.4767704812436982,-0.1223492474324812,0.1499999999999915,0.1199999999999918,0.2399999999999918,0.1199999999999918,0.029999999999992,0.1199999999999919,-8.013007663808015e-15,0.1199999999999918,0.1199999999999918,0.119999999999992,-0.0600000000000083,-8.426539836183451e-15,-0.150000000000009,0.1513431204141081,-0.0901835680934607,-0.1176705841740027,0.0299999999999913,0.1799999999999912,0.2699999999999911,-0.1800000000000088,-0.0300000000000087,0.2999999999999911,-8.840857525899287e-15,-0.0900000000000089,-0.0900000000000088,0.1499999999999914,-0.3600000000000082,-0.0604709235499746,-0.272049440489093,0.3803147689096861,0.2099999999999909,-0.2400000000000089,0.1799999999999907,0.0599999999999906,-0.0600000000000094,-0.0300000000000093,-0.0900000000000095,0.2399999999999908,0.0899999999999905,-0.1500000000000094,-0.2400000000000094,-0.1800000000000093,0.2133579672206599,0.6875784232432589,0.2785785709382712,-0.3300000000000093,0.0599999999999906,0.0599999999999905,-0.0600000000000094,-9.349736212106168e-15,0.0599999999999906,0.1499999999999904,-0.0600000000000094,0.0599999999999905,0.0299999999999905,0.6342791263094979,-0.3393328392109868,-0.0600000000000092,-0.3000000000000092,-0.0300000000000091,-0.420000000000009,-0.1800000000000091,0.1799999999999909,0.1199999999999909,-0.1200000000000089,0.1499999999999909,0.2099999999999908,-9.099387909827782e-15,6.649317826557317,1.2628936991958362,0.3899999999999906,0.0899999999999907,0.0299999999999907,0.0899999999999908,-0.2100000000000091,-0.0300000000000091,-9.201528428093295e-15,0.1499999999999908,0.0299999999999907,-0.0300000000000092,0.0599999999999907,0.1499999999999908,-1.646471630730112,-0.4510522414737522,-1.0563620904813726,-0.911372570980323,-0.7419505151952389,-1.1257040445010609,-1.0490846231315736,-1.080000000000009,-0.90444619568736,-0.6674544322490745,-1.1115304652104394,-1.085692428899071,-0.707541044211333,-0.924287684117042,-0.8543527533699714,-1.3181430673787171,-1.323748945136239,-1.1756046825616782,-1.206399307414931,-1.1403258801081468,-1.2548544167148818,-1.6093035642894824,-1.910027319201911,-1.9800000000000109,-1.8900000000000108,-1.7400000000000104,-1.6800000000000102,-2.31000000000001,-1.9500000000000104,-2.0100000000000104,-2.0100000000000104,-1.95000000000001,-1.7100000000000102,-2.22000000000001,-2.0100000000000096,-2.3400000000000105,-2.220000000000009,-2.340000000000009,-2.610000000000009,-2.700000000000009,-2.370000000000009,-2.2800000000000096,-2.160000000000009,-2.3400000000000096,-2.6400000000000063,-3.571021253353292,-4.33946663771594,-5.974535145248559,-5.786668261234383,-8.259763612400214,-10.662470027309032,-0.7561777806930154,0.7561777806930154,0.033623188405797144,240,114.50746268656715
0.1849999999999997,0.0099999999999998,0.4,400,1.0333333333333334,38.70434782608696,37.45582047685834,38.52202898550725,0.0,-1.839024168979767,-2.2511568363061505,-1.800000000000008,-0.208427408312996,0.2687933076459698,-0.0600000000000085,-0.2700000000000082,-0.3300000000000082,0.0599999999999917,-0.3000000000000079,-0.360000000000008,-0.3000000000000073,-0.2400000000000078,-8.049064007810898e-15,0.0299999999999919,0.1799999999999919,-0.1500000000000081,-0.2100000000000091,0.5399999999999904,0.1562144609291975,-0.0313006895160782,0.0599999999999914,-8.519798570251963e-15,0.2099999999999912,0.0299999999999912,-0.1800000000000087,-0.0009636858030276,0.1199999999999911,0.0899999999999911,0.1199999999999911,0.2399999999999918,0.239999999999992,-0.2467173309386582,-1.2019419883626807,-0.3850167070549283,0.239999999999991,0.029999999999991,0.0299999999999908,0.0899999999999909,-0.1200000000000091,0.1199999999999907,0.2699999999999908,0.0299999999999906,-9.426531200454321e-15,0.0899999999999906,-0.0600000000000094,0.149999999999991,0.9715092709720302,0.6278355144490625,-0.2896470957203771,-0.0600000000000092,-0.0300000000000094,-9.476863738200336e-15,-0.1800000000000092,-0.0600000000000094,0.1199999999999905,0.1799999999999903,-0.0600000000000094,-0.3000000000000092,0.3899999999999906,4.146162999419247,0.0062158516590194,0.2425040424713619,0.2099999999999905,-9.329190096376016e-15,0.0299999999999905,0.2999999999999907,-0.0900000000000093,-0.0300000000000092,-9.14989606767364e-15,-0.2400000000000091,0.2099999999999909,0.0299999999999906,1.3357487098708487,0.1063092177011627,0.2692711353322955,-9.192646643896296e-15,-0.0300000000000091,0.0599999999999908,0.029999999999991,0.2099999999999909,0.3299999999999909,0.0299999999999909,0.119999999999991,-9.094947017729284e-15,-0.300000000000009,0.2999999999999909,-1.2918849730619006,-0.6529052587008856,-1.2928495388360808,-1.4068391724346017,-1.4833561741937522,-1.0242203066973483,-0.7718590371988401,-1.109544090333517,-1.3849581821185646,-1.1687486400317375,-1.0573976014754014,-0.965433695138868,-1.6348665116386476,-1.3350763662146117,-2.075250063202266,-2.6728310913623265,-2.4746728732661696,-1.8900000000000103,-2.13000000000001,-1.68000000000001,-1.8000000000000111,-2.1900000000000106,-1.7382534602476718,-1.92000000000001,-1.9800000000000095,-2.3400000000000105,-1.7991987241413847,-2.07000000000001,-2.4600000000000093,-1.9800000000000104,-2.34000000000001,-2.370000000000009,-2.160000000000009,-1.68000000000001,-1.7082534602476704,-2.37000000000001,-1.8900000000000088,-2.16000000000001,-2.0700000000000087,-1.8900000000000092,-2.130000000000009,-2.218978746646723,-2.1300000000000088,-1.7700000000000085,-0.965817581795688,0.082839061866923,0.035988648350609,-3.9093889923412912,-6.74448525810767,-7.130339605426841,-10.055723923412272,-0.767521282743482,0.767521282743482,0.03333333333333344,241,113.73134328358208
0.1299999999999996,0.0099999999999998,0.4,400,1.0130434782608695,35.094927536231886,34.64306151645207,35.08115942028986,0.0,-1.541212382231868,-1.369612600890418,-0.9320494404890922,0.2905943159383851,-0.2672409115026292,-0.0600000000000091,0.0599999999999907,-0.150000000000009,-0.3600000000000092,0.0012734599140792,0.1199999999999907,0.2099999999999907,0.2699999999999907,-0.2400000000000092,-0.3000000000000092,0.1499999999999908,-0.0900000000000093,-0.8084274083129955,-0.9900000000000084,-0.0019419883626814,-0.2882152319633591,0.0599999999999907,-0.300000000000009,-0.2700000000000088,0.1499999999999911,0.1212066923540123,-0.1500000000000089,-0.0300000000000087,0.0899999999999913,-0.0600000000000086,-9.285905377964811e-15,-9.15267861500979e-15,0.0819246298017227,0.1799999999999915,0.8813135714527764,-0.0246837020972641,-0.2700000000000077,0.3299999999999919,0.2099999999999919,0.1799999999999918,0.2099999999999921,-8.038014698286134e-15,0.149999999999992,-0.0600000000000082,-0.0300000000000082,-8.353318037279677e-15,-0.2100000000000082,0.7102960604606359,-0.1423930081778549,-0.0111771644887949,0.2999999999999916,-0.0300000000000086,0.3299999999999913,-0.2700000000000088,-0.0900000000000088,-0.0300000000000087,0.0599999999999912,-0.0600000000000088,-0.0300000000000086,0.0599999999999913,1.174252355633417,0.3043012629123054,-0.2100000000000087,-0.0600000000000088,0.1499999999999911,-0.2400000000000088,-8.908429549592256e-15,-0.0600000000000089,-8.917311333789257e-15,0.179999999999991,0.029999999999991,0.059999999999991,0.0599999999999911,0.6651503272037498,-0.1551312754021193,-0.053021070503757,-0.3000000000000089,-0.3900000000000088,-0.030000000000009,-0.1200000000000089,0.3299999999999913,-0.150000000000009,-0.090000000000009,-0.2100000000000088,-0.2100000000000089,-0.120000000000009,-0.2400000000000089,-0.2455140641347413,-1.3649934940168975,-0.9600000000000074,-1.2300000000000082,-1.0500000000000071,-1.3800000000000086,-1.320000000000008,-1.0500000000000074,-1.2900000000000071,-0.8390363141969887,-1.0500000000000071,-1.2600000000000071,-1.1390363141969884,-1.1100000000000072,-1.38000000000001,-1.740000000000013,-0.9900000000000072,-1.140000000000007,-1.3500000000000092,-0.8400000000000073,-1.050000000000008,-1.050963685803026,-0.6610212533532929,-1.4100000000000108,-1.408978746646725,-0.5710212533532933,-0.9900000000000072,-0.9900000000000077,-1.1700000000000097,-1.5900000000000096,-1.7100000000000106,-1.4770028712152383,-1.6466012434506354,-1.9720787333793863,-2.1338961203513818,-2.307259638376463,-2.439313412447428,-3.4853204429190123,-3.735195336259128,-3.0969737949291014,-3.887005742375672,-4.314620278288368,-4.10604323928194,-3.59184656900353,-3.240000000000005,-3.841657165750055,-4.3184464992896405,-4.3779505595109205,-4.290000000000005,-4.4100000000000055,-4.530000000000004,-0.7715693498643652,0.7715693498643652,0.01304347826086949,242,112.955223880597
0.2499999999999997,0.0149999999999998,0.4,400,1.1344927536231884,40.85840579710145,36.01469085334696,39.08304347826087,0.0,-1.5890248171747856,-1.97205324659092,-1.170000000000008,-0.2398351681320306,-0.1787382565484908,-0.3877545885249941,-0.480000000000008,-0.360000000000008,-0.0900000000000087,-0.2100000000000088,-0.0900000000000087,0.1499999999999911,0.1799999999999911,0.0299999999999911,0.1499999999999911,0.029999999999991,-0.1200000000000089,-0.3900000000000089,0.269999999999991,0.3346330611900314,-0.154585666704927,-0.0900000000000091,-0.3000000000000091,-0.0900000000000094,-0.0300000000000093,0.1199999999999905,-0.0600000000000094,-0.0900000000000095,0.0599999999999905,0.0899999999999904,-0.180000000000009,-0.300000000000009,-1.3554201027981292,-0.2700000000000077,-0.1514997872675204,-0.1200000000000095,0.0299999999999906,0.0599999999999905,-0.0300000000000093,-0.0600000000000095,0.0899999999999906,0.1199999999999905,0.0899999999999909,-0.2100000000000091,0.3299999999999907,0.0299999999999909,-0.1200000000000094,-2.087916360065921,-2.577578423243277,-0.2865130100118626,-0.2100000000000089,0.0599999999999907,-9.287524070385011e-15,0.2399999999999909,-0.2400000000000091,-0.2400000000000093,-9.454659277707831e-15,-0.1200000000000094,0.1499999999999909,0.1499999999999907,2.198852981148926,0.2229175248880611,-9.610090501155355e-15,0.0599999999999901,-0.0900000000000097,0.0599999999999901,0.1199999999999901,0.08999999999999,0.0599999999999899,-0.0300000000000099,0.11999999999999,-0.06000000000001,-1.0000889005823412e-14,13.52036027711762,1.7206498154590506,0.3318725680017551,-0.0300000000000097,-0.1800000000000098,0.1199999999999901,-0.0600000000000097,-0.2700000000000098,-0.1500000000000098,-0.1500000000000098,-0.1200000000000098,-0.0300000000000097,0.0899999999999902,0.3299999999999901,-2.337207970127555,-0.6739302107389209,-1.0149005634754027,-1.2662188394769898,-1.266461032806144,-1.4725156574060614,-1.2913236456337218,-0.8160083825509316,-0.9485136685899722,-0.9022512895250692,-0.9707643154872824,-1.0331813430466787,-0.9717190113045452,-0.996805429665096,-1.1969829878793734,-1.3164158647423927,-1.2391341047195492,-1.3832952878673248,-1.0223731642495533,-1.1640581293889487,-1.3969444450718864,-1.4206658902985825,-1.2111416995229445,-1.6908362412943263,-1.3367422963204634,-1.5000386475014886,-1.2394228000771097,-1.656871294003603,-2.354774761542481,-2.023024787561173,-2.057709363047777,-1.5858017816181158,-1.5719865990135988,-2.0619631909409133,-2.8226693555899964,-2.3972714963637367,-3.980513531823464,-3.806731121160872,-4.205340352788776,-4.171080776159746,-4.124789600982763,-3.780000000000007,-3.750000000000008,-4.440000000000008,-4.080000000000007,-3.961841267865706,-4.170000000000005,-3.9600000000000057,-3.7800000000000056,-4.0818412678657054,-3.9300000000000055,-0.7814905555532963,0.7814905555532963,0.13449275362318835,243,112.17910447761193
0.1249999999999996,0.0049999999999998,0.4,400,1.011159420289855,35.41913043478261,35.02823563136018,35.40768115942029,0.0,-1.5041780876265596,0.2641803383710759,0.4161092916452068,0.1031460378728847,-0.0273939709987901,-0.0600000000000092,0.1499999999999907,-0.2400000000000091,-0.1200000000000091,-0.120000000000009,-0.0300000000000092,-0.0300000000000092,0.1499999999999908,0.1199999999999906,-0.1800000000000093,0.0299999999999907,0.0299999999999906,0.5999999999999908,-0.2100000000000091,-0.4817465397523472,-0.1801336108283038,0.0599999999999907,-0.0900000000000092,0.1799999999999911,-0.0900000000000088,0.5699999999999911,0.1799999999999913,0.2699999999999913,-0.1500000000000084,0.0899999999999914,-0.060000000000009,0.1199999999999909,-0.1105165873877377,0.2699999999999914,0.1065329046954394,-0.4200000000000077,0.2099999999999918,-0.0900000000000078,-0.1800000000000076,-0.4200000000000073,-0.1200000000000079,0.3599999999999924,-0.0900000000000083,-0.0900000000000084,0.4799999999999918,-0.1500000000000084,-0.1800000000000082,-0.5980581226479263,-0.6300000000000097,-0.4005862334501604,-0.1500000000000087,0.2399999999999912,0.1199999999999911,-0.0300000000000087,-8.842512618091355e-15,-0.0900000000000088,-0.1200000000000088,0.1499999999999912,-0.0600000000000087,-0.4500000000000075,-0.0495946247953585,-0.67136926925577,-0.2700000000000088,0.0599999999999911,-0.0900000000000088,0.059999999999991,0.089999999999991,-0.3600000000000086,0.029999999999991,-0.210907936613819,-0.2400000000000089,-0.2700000000000089,-0.2400000000000089,-0.6949617524411529,-0.064388444995747,0.1490920633861808,0.3299999999999912,-0.5400000000000093,-0.120000000000009,-0.030000000000009,-0.1500000000000089,-0.150000000000009,-0.030000000000009,-0.090000000000009,0.0599999999999909,-0.2100000000000089,-0.5400000000000091,-0.6541965043173071,0.5879021245753885,0.4199999999999911,0.6899999999999917,0.7499999999999919,0.5699999999999918,0.6899999999999921,0.8399999999999921,0.929999999999992,0.9609636858030108,0.929999999999992,1.37999999999999,1.0509636858030111,1.2290363141969731,0.9299999999999922,0.6599999999999921,1.0499999999999925,1.139999999999992,0.9899999999999922,1.1999999999999909,0.7799999999999921,0.7199999999999922,1.201021253353278,1.2299999999999922,0.5999999999999921,1.289999999999992,1.4399999999999915,0.7799999999999924,0.8699999999999909,1.4099999999999882,1.6857721671145809,1.2899999999999885,1.8599999999999883,2.7299999999999933,3.026934859459791,4.27908568708845,5.579616328740145,6.069184731433204,6.057268391804439,4.187422182190586,3.789310873809653,5.611725268124172,6.562898625184798,5.639755015246481,4.469999999999995,4.31795055951091,4.229999999999995,4.229999999999995,4.409999999999996,4.379999999999996,4.229999999999995,0.7853466717702738,0.7853466717702738,0.01115942028985506,244,111.40298507462686
0.1249999999999996,0.0099999999999998,0.4,400,1.011014492753623,34.58492753623188,34.20814220183486,34.57289855072464,0.0,-2.905958309839689,-4.304563654197423,-3.778058011637335,-0.0922229587292442,-0.5644705856976422,-9.237055564881304e-15,0.1199999999999908,0.1499999999999909,-0.240000000000009,-0.1800000000000089,-0.300000000000009,0.0599999999999907,-0.0600000000000091,-0.180000000000009,0.1499999999999909,-0.2100000000000092,0.0899999999999908,0.866935074430907,0.0599999999999907,0.1199999999999911,-0.1554118670640556,0.0299999999999907,0.0599999999999905,-0.1200000000000093,0.1199999999999907,0.1199999999999907,-0.330000000000009,0.0899999999999909,-0.1500000000000088,-0.1500000000000088,0.0312734599140794,-0.180000000000009,0.8418626584726363,1.0778355144490634,0.0162783662386655,0.0299999999999915,-0.3300000000000081,0.1199999999999917,-0.0900000000000081,-0.3600000000000078,-0.2100000000000079,-0.0900000000000082,-0.2700000000000077,-0.4200000000000076,-0.0900000000000081,-0.4500000000000076,0.0899999999999915,2.43625084507855,2.3977020711907766,1.3408767586439192,1.079999999999992,1.1099999999999917,0.9599999999999916,1.0799999999999916,0.6299999999999915,1.1699999999999915,0.9899999999999916,0.8999999999999915,0.6899999999999917,1.4399999999999904,3.202970065142036,1.4227786542938547,1.1999999999999915,1.229999999999991,0.8099999999999916,0.7199999999999913,0.6899999999999916,0.8699999999999914,1.1699999999999915,1.0499999999999912,0.6899999999999916,1.3799999999999903,1.380963685803009,1.6791848697520078,1.543689517835376,1.4399999999999904,1.1999999999999915,1.289999999999991,0.7782534602476529,1.2299999999999909,1.0199999999999911,1.37999999999999,0.8399999999999913,1.28999999999999,0.9299999999999912,0.9599999999999912,1.0199999999999911,1.454329291673118,2.1501589277482505,2.3099999999999903,2.009999999999991,1.8899999999999908,2.159999999999991,2.5799999999999907,1.769999999999991,1.619999999999991,1.9799999999999909,2.0999999999999908,1.9499999999999915,2.129999999999991,2.0689787466467053,2.5499999999999905,1.8889787466467056,1.6810808126801424,1.7099999999999915,2.3099999999999907,2.039999999999992,2.039999999999992,1.8899999999999917,2.129999999999991,1.8889191873198403,1.7089191873198402,1.7099999999999915,2.399999999999991,2.371080812680142,2.5499999999999905,2.039999999999992,1.8289191873198405,2.634166601886001,2.754316675178221,3.89576659316328,3.7052434814692448,1.691714356807457,0.8225469273421377,-1.181815955759565,-1.9225225821899188,-1.810305558527847,-0.4619608096765251,-0.3533045520303677,-0.3659707603587226,-0.5174441697097104,-0.0900000000000072,-0.1200000000000075,-0.0300000000000075,-0.1200000000000073,0.2699999999999924,0.0899999999999916,0.0599999999999914,0.7865069910286564,0.7865069910286564,0.011014492753623095,245,110.62686567164178
0.2199999999999997,0.0099999999999998,0.4,400,1.0431884057971017,40.9568115942029,39.26118366212837,40.54608695652174,0.0,-1.35251441128783,-2.342251584991368,-2.0100000000000096,-0.0018311138153839,0.3887361431963744,0.2099999999999919,0.0299999999999917,-0.0600000000000081,0.1499999999999916,0.1799999999999917,-0.0600000000000086,0.3899999999999917,0.6599999999999921,0.2099999999999912,0.1199999999999912,-0.1500000000000088,-0.0900000000000088,0.0599999999999906,0.0299999999999908,0.3619070478979496,-0.5967892676384787,-0.0300000000000089,-0.1200000000000089,0.1199999999999909,-0.180000000000009,-0.060000000000009,-0.0300000000000091,0.0299999999999908,-0.1800000000000093,0.1199999999999905,-0.0600000000000087,-0.1800000000000088,-0.7603926353362742,-0.3857500681894434,0.2218284396637825,-0.0300000000000094,0.4199999999999902,0.1199999999999904,0.0299999999999905,-0.3000000000000092,-0.2100000000000092,0.0299999999999905,0.0299999999999904,-0.0300000000000095,-0.1500000000000093,0.0299999999999906,-0.1800000000000093,-1.868899922045749,-1.055625648353805,0.3876627911758797,-0.3300000000000091,-0.2692998367182573,-0.120000000000009,0.0599999999999908,0.0599999999999909,0.1499999999999909,0.0299999999999908,-0.0900000000000092,-0.240000000000009,-9.041656312547276e-15,2.882135412484871,0.0949905179113408,-0.0306036617135731,-0.1200000000000092,0.1199999999999909,-9.285905377964811e-15,-0.0600000000000094,-0.1800000000000094,0.1799999999999905,-0.0300000000000094,0.0299999999999906,-0.4500000000000102,-0.2400000000000093,3.1311258302645006,1.336980593256795,-0.0045614993967394,-0.0900000000000096,-0.0900000000000095,0.2399999999999902,-0.0600000000000096,0.1199999999999903,0.0299999999999903,0.3899999999999902,0.2999999999999903,-9.703349235223867e-15,0.5099999999999898,-0.2700000000000099,-3.625221292026517,-0.976777786787983,-0.8650607324692271,-1.1100060008014767,-1.116853770306142,-0.8174866422803652,-0.9002003180423721,-0.819410990189856,-1.1117113055482517,-1.0757990148014591,-0.9492031735055724,-1.2109345221608507,-1.5323498741782904,-1.2642627338576948,-1.338950656450441,-1.3794309519839367,-1.237660122795189,-1.2762149143927282,-1.2101763108416208,-1.4034007450030703,-1.2518187922529356,-1.5811153159474278,-1.7351508244067906,-1.8052940793319183,-1.587790747010153,-1.5195672069762278,-1.5993232753384865,-2.284189828598338,-2.588280845352025,-2.1154616708643785,-1.8892028498454136,-2.4299238031406545,-2.8200000000000114,-3.0000000000000115,-3.120000000000011,-3.2400000000000118,-2.790000000000012,-2.760000000000012,-2.970000000000011,-2.880000000000011,-3.1200000000000125,-2.82000000000001,-3.00000000000001,-3.330000000000011,-3.57000000000001,-3.15000000000001,-3.09000000000001,-3.9000000000000057,-3.900000000000008,-3.1975189717419283,-4.141159703154955,-0.7939134974349339,0.7939134974349339,0.0431884057971017,246,109.8507462686567
0.1899999999999997,0.0149999999999998,0.4,400,1.051159420289855,37.5131884057971,35.68743968013236,37.11159420289855,0.0,-1.301188329356898,-1.6461160232746632,-0.5100000000000082,-0.086601243450633,-0.0612066923540302,-0.0300000000000086,-0.2700000000000087,0.0899999999999913,0.1199999999999915,-0.2400000000000085,0.0599999999999916,-0.3900000000000078,-0.0300000000000081,0.0899999999999919,-0.2100000000000078,-0.0300000000000079,0.1499999999999919,-0.1200000000000092,0.2699999999999903,0.3299999999999911,-0.3251461081745394,-0.4200000000000083,0.0599999999999915,-0.0610212533532941,0.3899999999999914,0.0599999999999913,0.0299999999999912,-0.0300000000000087,-0.1200000000000088,-0.0300000000000087,-0.2100000000000079,0.0899999999999917,-0.5329718801406345,-0.3020494404890929,-0.120514144709588,-0.0600000000000088,0.0299999999999909,0.269999999999991,-0.060000000000009,0.179999999999991,0.1199999999999907,-0.060000000000009,0.0299999999999906,-0.0600000000000093,0.0899999999999906,0.2399999999999906,-0.1200000000000089,-1.943281964237696,-1.7074449799849902,-0.5130138623062999,-0.2515576169017898,-0.2400000000000094,-0.0600000000000095,-0.0300000000000093,-0.0900000000000094,0.2399999999999906,-0.1800000000000094,-0.1800000000000093,0.1499999999999907,0.0899999999999904,2.597312690462738,0.4776105989789369,0.1595483086341853,0.0299999999999903,-0.1200000000000095,-9.375791504311922e-15,-9.380822456795671e-15,0.1199999999999908,0.1499999999999905,0.2399999999999909,-9.228173780684302e-15,0.2399999999999907,-0.1500000000000095,2.3526025681926823,0.692050009179703,0.3480642676022222,0.0290818518847221,0.0299999999999908,0.0899999999999908,-0.0600000000000089,-0.330000000000009,0.0899999999999908,0.0599999999999907,0.1199999999999909,-0.360000000000009,-0.090000000000009,0.0599999999999909,0.3692348847110973,-0.1106921812170558,-0.0569082251159009,0.5222938571886111,0.7467495494801563,0.8243369291996758,0.6577017778607933,0.8234412691073367,0.8340266940560008,1.1614955763607324,1.2275180319081376,1.5157342724849174,1.5192953044586257,2.119476137862564,2.885531986717823,1.766690677950051,1.15240771614799,1.5921464701100652,1.3904312727609591,2.099198724141365,1.3799999999999906,2.0999999999999925,2.3999999999999915,2.0399999999999925,2.129999999999991,2.129999999999993,2.2199999999999926,1.8299999999999923,2.099999999999994,2.429999999999994,1.7999999999999927,1.9799999999999935,1.8299999999999923,2.311941988362665,2.0099999999999936,2.2199999999999926,2.099999999999994,2.159999999999994,1.8299999999999936,1.7419419883626666,1.9499999999999935,1.4699999999999944,1.807981409797924,1.2899999999999925,1.4399999999999926,2.199799426574985,4.320082655166443,6.976119516968502,10.521578719312377,10.52970634104394,7.63914292111334,0.8061779887614282,0.8061779887614282,0.051159420289855095,247,109.07462686567163
0.1999999999999997,0.0149999999999998,0.4,400,1.0581159420289854,38.45086956521739,36.33899465826599,37.93086956521739,0.0,-1.6811975620594626,-2.210512395338168,-1.2036825357314067,-0.0332297574370717,0.0624973159157192,-0.3000000000000083,-0.0600000000000083,0.0599999999999916,-0.0300000000000081,-0.0900000000000082,-0.2100000000000078,0.1199999999999919,-8.024268656218731e-15,0.0299999999999919,-0.1200000000000079,0.1499999999999917,0.1199999999999918,-0.3276672489734297,0.3599999999999906,0.0899106259977015,-0.2349080125187535,0.1799999999999912,-0.3000000000000087,-0.3600000000000085,-0.2700000000000087,-0.0300000000000087,-0.0300000000000088,-8.802544589204849e-15,-0.0600000000000088,0.0299999999999911,0.0599999999999916,-0.2400000000000081,-0.5311003575994573,-0.1436215884090674,-0.0884973471106757,-0.150000000000009,-9.124550537756276e-15,-9.207444762965278e-15,0.3599999999999908,0.1499999999999906,0.0599999999999904,-0.0900000000000094,0.1499999999999904,0.1499999999999905,0.0899999999999905,-0.0600000000000094,-0.0600000000000092,0.9253359123152278,1.4124215767567243,0.0307664250211879,-0.0300000000000094,0.0599999999999904,-0.0300000000000095,0.0299999999999905,0.1199999999999904,-9.417417877960776e-15,0.1499999999999905,-9.422392912247828e-15,0.0599999999999904,0.0299999999999904,1.5104063974078832,-0.2177277543647154,-0.0300000000000092,0.1499999999999907,-0.0300000000000092,-0.240000000000009,-0.180000000000009,-0.240000000000009,-0.1200000000000089,-0.090000000000009,-0.030000000000009,0.2999999999999909,-0.4500000000000091,3.354035236225725,1.1300805618098069,-9.145558854523171e-15,-0.0900000000000091,-0.2100000000000089,0.1799999999999909,-0.120000000000009,0.1799999999999909,0.0299999999999909,-0.0900000000000091,-0.1500000000000091,-0.4800000000000092,0.1199999999999908,-0.0600000000000091,-2.600223189126805,0.1825665075290195,-0.7719722481479901,-1.4068001062566498,-1.6479337279033013,-1.133798247293747,-1.3967102920688177,-1.386556851774962,-1.1105468717905196,-0.951363112755596,-1.4002583719015056,-1.720903587462944,-1.333824372061526,-1.768278307518863,-1.483991713569757,-1.4146756920270716,-1.586290584979014,-2.0104278773022117,-1.5975616247229811,-1.9581171324825704,-1.8175090693161795,-3.1229186789515704,-2.951746482893195,-2.9100000000000046,-3.0300000000000056,-3.240000000000005,-2.910000000000005,-3.600000000000006,-3.3300000000000045,-2.9700000000000064,-3.120000000000006,-3.360853847997678,-2.9400000000000044,-2.8500000000000045,-3.270000000000005,-3.3600000000000034,-2.7300000000000035,-3.1800000000000046,-3.2400000000000047,-3.0300000000000047,-3.3000000000000047,-3.390000000000005,-3.2400000000000047,-3.1800000000000046,-2.340000000000005,-0.968357143590638,1.1346015928309148,0.1597863485035129,-1.5219059528076044,-2.9687640024111004,-3.406662618025873,-0.8136861432345666,0.8136861432345666,0.0581159420289854,248,108.29850746268656
0.1199999999999996,0.0099999999999998,0.4,400,1.0108695652173914,34.09130434782609,33.7247311827957,34.07753623188406,0.0,-2.7788886605230108,-1.3747323691024982,0.1499999999999913,0.2119204320152381,0.0585840319167285,0.0299999999999908,0.4199999999999907,0.0899999999999907,-0.0300000000000091,-9.239378380332926e-15,0.1199999999999909,-0.090000000000009,-0.0900000000000092,0.5999999999999899,0.5099999999999901,-0.0600000000000091,0.1499999999999907,0.1784274083129778,-0.091572591687022,0.6298045513896583,0.1787121936700856,0.3599999999999905,-0.0300000000000091,-0.1200000000000092,-0.0600000000000093,-0.0900000000000093,-0.180000000000009,-0.1800000000000093,-0.0600000000000091,0.0599999999999908,-0.0612734599140976,-0.1500000000000091,-0.2983885559872631,0.6299999999999911,0.573490218770152,0.0299999999999914,-0.2100000000000084,0.0899999999999914,0.4499999999999914,0.2399999999999917,0.419999999999992,0.3299999999999917,0.0599999999999918,0.0599999999999918,0.299999999999992,0.0599999999999918,0.2999999999999913,1.072427164559433,1.1652902897448143,0.6647263893524824,0.0899999999999916,-0.1500000000000082,-0.1500000000000082,0.0299999999999914,0.4499999999999917,-0.0300000000000086,0.0299999999999914,-0.3600000000000086,0.2099999999999914,0.7810808126801434,0.7650255311462001,-0.1400252958159733,-0.1200000000000088,0.0599999999999912,0.0299999999999912,-8.69783539990178e-15,0.1799999999999912,-8.769586123454399e-15,0.0899999999999912,0.2699999999999912,-0.1500000000000087,0.1499999999999912,0.2699999999999919,-0.3858646289884923,-1.7693893944994954,-1.7400000000000118,-1.6800000000000122,-2.040000000000012,-1.7400000000000122,-2.100000000000012,-1.980000000000012,-1.980000000000012,-2.220000000000012,-2.1900000000000124,-2.010000000000012,-1.950000000000012,-2.100000000000012,-1.352520516021379,-1.7799626551527743,-2.4900000000000104,-2.5500000000000105,-3.2100000000000097,-3.2400000000000104,-3.57000000000001,-3.33000000000001,-3.0000000000000098,-2.761021253353296,-2.700000000000009,-2.82000000000001,-3.0000000000000098,-2.9400000000000097,-3.1800000000000104,-3.3000000000000096,-2.731021253353296,-3.0900000000000096,-3.2100000000000097,-3.418978746646724,-3.1200000000000103,-2.910000000000009,-3.15000000000001,-3.15000000000001,-3.6000000000000103,-3.6000000000000103,-2.88000000000001,-2.79000000000001,-3.690000000000009,-2.6909142747186854,-2.156014920013136,-4.062740958898417,-5.621929170930969,-6.347904994294238,-6.218712322973123,-5.521139768411204,-3.55749268307016,0.3203526899288257,2.3430351148676705,2.970410417770438,1.948641635007725,2.099910625997704,2.367950559510908,2.369999999999992,2.0399999999999925,2.099999999999992,2.372049440489077,2.0699999999999923,2.309999999999992,2.159999999999992,2.2199999999999918,-0.8144104997625067,0.8144104997625067,0.010869565217391353,249,107.52238805970148
0.0099999999999995,0.0049999999999998,0.4,400,1.0047826086956522,22.718840579710147,22.610702437617192,22.711739130434783,0.0,15.690114852108648,9.343613804905132,8.22013344325828,16.684497444656166,17.45771186650155,11.377512792449238,11.607578423243265,11.577711866501552,18.87242157675673,18.36,18.09,11.33771186650155,11.044709710255171,10.652164485550925,10.292288133498444,9.867835514449066,9.089999999999996,8.549999999999994,1.385011938780024,0.4199999999999915,-0.6900000000000108,-1.0524215767567404,6.029999999999993,-2.100000000000009,-2.1552902897448303,-1.2851456327829751,-2.1900000000000084,-1.710000000000009,-1.6524215767567387,-1.8949878104753288,-9.32771186650156,4.259999999999993,4.587578423243261,-3.1845860623076696,-4.20000000000001,-2.9700000000000086,-3.4545762669969005,-3.6000000000000085,-3.930123647947524,-4.38484315351347,-10.827835514449076,-10.740000000000007,-10.892288133498452,-4.4124215767567385,-4.350000000000006,-4.437711866501563,-4.650000000000006,-4.622288133498452,-5.194709710255182,-4.500000000000004,3.5701334432582787,-10.825290289744828,-11.707409387232058,1.229999999999995,7.619742908794194,0.6599999999999935,1.410133443258278,0.0599999999999951,-0.5422881334984541,-0.2400000000000079,0.0599999999999926,0.1202570912057929,6.9899999999999975,7.892288133498443,14.462421576756729,13.714586062307658,14.12771186650155,14.009999999999996,7.589999999999995,0.809999999999993,1.407711866501547,0.8999999999999951,1.4422881334984416,9.089999999999996,1.8899999999999928,1.5877118665015495,1.2899999999999918,1.3824215767567245,1.287578423243262,1.4056166249311437,1.3499999999999943,1.9524215767567263,2.4899999999999936,2.372421576756727,2.249999999999993,9.749999999999998,8.789999999999997,8.849999999999998,9.357578423243266,9.809999999999995,2.8175784232432624,10.082421576756728,3.179999999999993,3.8677118665015495,-3.030000000000008,-9.83771186650156,-2.9400000000000057,-2.8524215767567376,-9.872421576756738,-9.600000000000009,-8.612288133498453,-9.750000000000009,-9.212566233718594,-8.700000000000006,-2.4000000000000057,-1.5643289711018644,-8.732288133498452,-1.6500000000000057,-1.3222881334984518,-1.770000000000005,5.84771186650155,6.260435922527788,6.3278355144490686,5.759999999999996,5.697711866501551,5.282421576756727,5.009999999999996,-1.4143289711018674,-7.680000000000007,-7.707578423243276,-7.832164485550936,-7.470000000000006,-6.445290289744829,-6.240000000000006,-6.0024215767567375,-6.600000000000006,-5.940000000000007,-5.847835514449077,-6.210000000000005,-6.150000000000005,-7.140000000000004,-7.562421576756737,-6.632566233718593,-7.050000000000006,-6.597578423243276,-6.120000000000007,-6.060000000000006,-6.540000000000005,0.8195840478300898,0.8195840478300898,0.0047826086956521685,250,106.74626865671641
0.2099999999999997,0.0049999999999998,0.4,400,1.0308695652173914,41.08130434782608,39.85111767186841,40.7995652173913,0.0,-1.375101725527905,-1.34974456178373,-0.7165069204953315,-0.0600000000000088,-0.3266119618961277,0.1499999999999918,-0.0600000000000082,-8.248904152243425e-15,-0.1800000000000084,0.1499999999999915,0.0599999999999914,0.1199999999999913,0.30096368580301,0.0899999999999912,0.0899999999999912,-0.1800000000000088,-0.0600000000000087,-0.2699358627244391,0.0599999999999908,0.0899999999999906,-0.1472828334022637,0.089999999999991,-8.833630833894354e-15,0.2099999999999911,-0.150000000000009,0.0599999999999909,-0.3300000000000092,-0.1200000000000092,-0.2400000000000092,0.0599999999999906,-0.3000000000000087,-0.2400000000000087,-1.3707109596759617,-0.8982534602476688,-0.2514312851300709,-0.0600000000000094,0.1199999999999905,0.0299999999999904,0.0299999999999905,-0.1200000000000094,-0.0900000000000095,0.1499999999999904,0.2099999999999908,0.0899999999999903,0.3599999999999907,0.1199999999999904,0.0299999999999907,-1.6972070535390444,-2.0420494404890928,-0.4409852255349233,-0.0600000000000092,-0.0892998367182573,-0.1500000000000091,-0.1500000000000091,0.269999999999991,0.299999999999991,-0.0300000000000091,-0.270000000000009,0.2099999999999909,0.1199999999999908,3.2593430671178583,-0.0417683896320715,-0.4500000000000092,-0.1200000000000092,-0.0300000000000092,0.0299999999999906,0.0299999999999908,-0.0300000000000092,-0.2700000000000094,-9.351601914764582e-15,-0.3600000000000095,-0.1200000000000092,0.2399999999999908,1.0514887023930246,0.120356372542927,0.0899999999999904,0.2699999999999905,0.1199999999999904,0.0899999999999903,0.0899999999999904,-0.2100000000000098,0.0899999999999901,-9.687122666416852e-15,0.1799999999999904,0.2099999999999901,0.2099999999999903,-0.2400000000000096,-5.168655749747814,-1.0732584226230355,-1.2293161549783849,-1.040430724024082,-0.9894128396934528,-0.7668111796766963,-0.690524486443733,-0.659552482304288,-0.947689992643346,-0.8007562505508047,-1.1900027127642945,-1.3618292987195282,-1.4374999342801416,-1.1514725229872278,-1.1292711673197104,-1.0588420234867382,-1.2463971524403157,-0.9737576655518252,-1.5262501597439573,-1.0618049466941364,-1.265989195971637,-1.6523448221560186,-1.2970321786018155,-1.799532413702409,-1.612591451999208,-1.6451665291836084,-1.5409235944824888,-2.010468135996089,-2.3099420878922934,-2.5614412238281936,-2.5642084943129992,-2.640000000000009,-2.8500000000000085,-3.090000000000008,-2.640000000000008,-2.8800000000000083,-2.7900000000000085,-3.1800000000000086,-3.510000000000008,-2.940000000000008,-3.2100000000000084,-2.160000000000009,-2.4300000000000104,-2.8200000000000087,-3.600000000000008,-3.660000000000008,-3.809092063386198,-3.630000000000008,-2.710792371740069,-3.735046578872188,-4.338506847128229,-0.8292126923541144,0.8292126923541144,0.03086956521739137,251,105.97014925373134
0.1599999999999997,0.0099999999999998,0.4,400,1.01231884057971,37.25623188405797,36.80286327845383,37.24173913043478,0.0,-2.1386050223136546,-2.758277533244452,-1.9818412678657076,0.0599999999999905,0.1239883935739474,0.1199999999999904,-0.1200000000000093,-0.0600000000000092,-9.240077250497605e-15,0.0599999999999907,-0.0300000000000089,-0.3300000000000089,-0.0900000000000087,0.0299999999999912,-0.2400000000000086,-0.2700000000000083,0.0299999999999914,0.8099999999999912,-0.1500000000000097,-0.0917465397523476,-0.0913909776327343,-0.2700000000000076,-0.2100000000000076,-0.0300000000000081,0.1499999999999919,-0.090000000000008,-0.1200000000000081,-0.0300000000000081,0.1799999999999917,-0.4500000000000078,-0.3000000000000085,0.2699999999999914,-0.0483420892305724,-0.1822881334984548,0.0428821562481895,-0.0600000000000086,-0.0900000000000087,-0.0300000000000087,0.1199999999999912,0.1499999999999912,0.2999999999999911,-0.1500000000000088,-0.1500000000000088,-0.0600000000000088,-0.0900000000000088,0.149999999999991,0.1799999999999912,0.3430515108773544,1.8922093111577152,-0.1205223628522805,-0.1200000000000091,-9.259260025373806e-15,-0.2400000000000093,-0.1800000000000092,-9.479800059969235e-15,-0.1200000000000093,-0.1800000000000093,-0.0300000000000093,0.0299999999999908,-9.211885655063781e-15,2.2278200497504907,0.4210589987834003,0.2729720295197342,-0.3600000000000099,0.0599999999999905,-0.1500000000000095,-0.4800000000000095,0.3299999999999905,-0.2100000000000093,-0.4200000000000098,0.4499999999999906,-0.0900000000000093,-0.1200000000000093,1.112127280014961,-0.5906804015014537,-0.6900000000000094,-1.500000000000011,-1.2000000000000088,-1.2300000000000084,-1.020000000000009,-0.9600000000000086,-0.8700000000000087,-0.7191987241413824,-1.1100000000000094,-0.8400000000000089,-1.3200000000000107,-0.9000000000000087,-1.277552677109927,-0.0415589021881155,-0.5648544836140035,-1.2300000000000102,-1.1400000000000092,-1.1400000000000088,-1.3500000000000107,-1.170000000000009,-0.8991987241413822,-0.9000000000000088,-1.1100000000000088,-1.2300000000000102,-0.9000000000000088,-0.7800000000000084,-1.290000000000009,-1.0800000000000085,-0.9900000000000092,-1.3500000000000103,-0.8100000000000084,-1.0200000000000085,-0.8400000000000083,-0.9600000000000084,-0.9300000000000084,-0.8700000000000087,-0.9308538479976812,-0.7800000000000082,-0.8700000000000085,-0.5700000000000081,-0.8700000000000081,-1.110000000000008,-1.6509636858030283,-1.44000000000001,-1.290000000000009,-1.80000000000001,-0.9300000000000084,-1.2000000000000075,-1.5000000000000098,-0.5700000000000086,-1.5600000000000094,-1.23108081268016,-1.8650531664853125,-3.2968187179134527,-3.95034285924702,-5.661810896686706,-6.552963288633408,-7.612200474953202,-6.985093669491514,-6.1153287960277245,-5.370000000000002,-5.040757000377521,-4.410000000000002,-0.8377044588801328,0.8377044588801328,0.01231884057971011,252,105.19402985074626
0.0199999999999995,0.0049999999999998,0.4,400,1.006231884057971,23.61478260869565,23.468529454126458,23.60623188405797,0.0,5.90264233498008,7.155512997786107,7.019999999999995,7.3220408376034065,7.20181834041515,7.292342991342716,6.9948543672170285,6.632049440489081,7.2642499318105616,6.629999999999996,5.252164485550923,6.066502059538453,5.155338684219747,5.342049440489079,4.802049440489079,4.3179505595109084,4.022421576756724,3.2999999999999945,2.762421576756724,2.849999999999992,2.579999999999992,1.2899999999999907,1.0180580116373183,0.7199999999999914,0.660257091205795,1.6799999999999906,2.13409888097816,1.4699999999999915,0.7738440855973053,0.3599999999999898,-6.990000000000006,0.1778355144490655,-0.810000000000009,-1.4397429087942066,-1.2900000000000074,-2.517950559510924,-2.790000000000008,-3.539899279503034,-3.145586096004526,-4.320000000000005,-11.490000000000004,-11.222288133498452,-12.480000000000008,-12.844586062307666,-12.57228813349845,-5.940123647947522,-7.020000000000006,-7.077578423243274,-6.420000000000004,-7.65445261904938,-0.4221644855509311,-7.350000000000005,-6.990000000000005,-0.8978355144490755,-0.6602570912058061,-0.9900000000000042,-0.237835514449074,-0.3600000000000031,-0.5378355144490737,-0.3900000000000035,-1.3800000000000034,-0.5743289711018619,0.0299999999999968,-0.6922881334984495,-0.4175784232432727,-0.510000000000003,-0.0900000000000035,-0.3300000000000034,-0.83795055951092,-0.1200000000000035,0.0322881334984424,-0.2100000000000036,6.509999999999998,6.719999999999998,6.657968957707353,6.869999999999997,6.842164485550925,6.9899999999999975,6.752288133498444,6.6599999999999975,6.267835514449068,6.599999999999998,6.119884954938154,6.117835514449069,6.149999999999998,6.029999999999998,6.689999999999998,6.902288133498444,6.689999999999998,6.987835514449069,6.779999999999998,6.835980357920871,6.929999999999998,6.629999999999998,-0.3621644855509353,-7.650000000000007,-0.3300000000000059,-0.2078355144490788,-7.052164485550934,-6.870000000000005,-7.08025709120581,-7.200000000000006,-7.135662426012475,-6.600000000000006,-0.240000000000003,-0.1800000000000036,-7.140123647947524,-0.4800000000000034,-0.362164485550933,-0.3900000000000059,-0.1200000000000059,-0.62771186650156,-0.2978355144490754,-0.6022881334984522,-0.7500000000000034,0.0622881334984423,-0.5377118665015579,-7.587835514449077,-7.830000000000005,-7.890000000000006,-8.280000000000006,-8.190000000000005,-8.640000000000006,-8.702164485550936,-8.820000000000006,-8.400000000000006,-8.757835514449077,-8.880000000000006,-8.787835514449078,-8.220000000000004,-8.790000000000006,-8.967711866501558,-9.270000000000003,-9.322868712988097,-8.130000000000006,-8.727711866501558,-9.212164485550936,-8.700000000000006,-0.8396772251173418,0.8396772251173418,0.006231884057970927,253,104.41791044776119
0.2549999999999998,0.0149999999999998,0.4,400,1.1452173913043475,41.06434782608696,35.85725132877752,39.088115942028985,0.0,-0.9363236262249772,-1.115179603091912,-0.3582534602476696,-0.1500000000000088,0.1799999999999913,0.1499999999999913,-0.0600000000000087,0.1799999999999912,-8.730793865652231e-15,0.1499999999999911,0.0599999999999911,-0.1500000000000088,0.1799999999999911,-0.1800000000000088,-8.908429549592256e-15,0.089999999999991,0.209999999999991,0.3299999999999909,0.1799999999999909,-0.0932344284742476,-0.0120061243454835,-0.0900000000000093,0.0599999999999907,0.0599999999999905,0.0299999999999905,0.0299999999999905,0.1199999999999904,0.1499999999999904,0.0299999999999905,0.2999999999999907,0.239999999999991,0.2699999999999911,-0.2256059232029125,-0.2400000000000086,-0.2144304548807369,0.1199999999999904,-0.0600000000000093,-0.0600000000000094,-0.0300000000000093,0.0599999999999906,0.1799999999999907,-0.1800000000000092,-0.0300000000000091,-0.0600000000000091,-0.1500000000000091,-0.120000000000009,0.0299999999999905,-1.618274453544598,-2.455494374794627,-0.6032514234638707,-0.0600000000000091,0.0599999999999907,0.0899999999999909,-0.1500000000000094,0.3299999999999905,0.2399999999999902,-0.0900000000000095,-0.0300000000000095,-0.0900000000000093,0.0299999999999906,-1.8399996953106732,0.6964550571555411,0.1589788967955742,-0.0900000000000099,-0.0900000000000098,-0.1200000000000099,0.1199999999999901,0.02999999999999,-9.876544027065392e-15,-0.2100000000000099,-0.1800000000000099,-0.0600000000000099,0.14999999999999,3.662336946542355,-0.0421897891893954,-0.4281634535792872,-0.2759274596687865,-0.5095341768534773,0.1499999999999902,-0.1500000000000098,-0.1500000000000099,-0.1194890336998589,0.0299999999999904,-0.1200000000000097,-0.3300000000000096,0.2699999999999902,-0.2700000000000097,3.1919344594956893,0.6615477062282913,0.9954175849656508,0.9871712797059246,0.8741102621321949,0.7033780284831821,0.1506155941915992,0.1103408249172101,0.2071053120026422,0.3039579847928945,0.4664706696224983,0.6574700214697557,0.2583764125258735,0.7764607368545059,0.7142893746005659,1.2208839582432132,1.771558241051688,1.4171761330699226,1.3674887608804367,1.2063430419507406,1.7094589002896785,1.4656252766948692,1.5099776607608586,1.5264307292843062,1.951754504090493,1.9315645512889148,1.902248645797861,2.415835697627026,2.150751462174234,2.2543912803890542,2.0424810937922317,2.0318161492565814,2.257237600038149,2.9291448241553457,2.324908558263075,2.7655006938580926,2.689541596018721,3.124748990758434,4.614707824602479,5.404312956243173,4.649999999999994,4.949999999999994,5.159999999999994,5.309999999999995,5.129999999999996,5.2173574562756695,5.459999999999996,5.309999999999997,5.459999999999996,5.219999999999996,5.219999999999995,0.8619007699910435,0.8619007699910435,0.14521739130434752,254,103.64179104477611
0.2249999999999997,0.0049999999999998,0.4,400,1.038550724637681,41.82333333333333,40.27086240580519,41.40608695652174,0.0,-0.5279592893695664,-0.8828460957264194,-0.8417465397523476,-0.266770481243698,0.11891918731984,0.2399999999999915,-0.0900000000000085,-0.0900000000000085,-0.2100000000000087,0.0299999999999912,-0.1500000000000088,0.0299999999999911,0.2099999999999911,-0.0900000000000088,-8.8443848391523e-15,-8.903988657493756e-15,-0.2400000000000089,-0.3911425550784604,-0.1800000000000087,0.2684230920548833,-0.1588125707444961,0.0599999999999909,0.0899999999999909,-0.0300000000000091,0.0599999999999906,0.1499999999999906,0.0299999999999906,0.0599999999999906,-0.0900000000000095,0.1499999999999908,0.089999999999991,0.2699999999999911,-0.98834818836103,0.1199999999999912,0.0346130980273623,-0.2400000000000092,-0.0300000000000096,0.0299999999999905,0.1199999999999904,-0.2100000000000092,0.0299999999999906,-0.2100000000000094,-0.0600000000000095,-0.0600000000000094,-0.1200000000000093,0.0899999999999907,0.0599999999999905,0.2712684334722841,0.2099999999999919,0.5436709064980048,0.0006036617135547,-0.2400000000000089,0.0599999999999908,-0.0900000000000089,-0.0300000000000092,-0.3600000000000094,0.1799999999999907,-0.1500000000000091,0.0899999999999908,-9.125116417741051e-15,-0.6381720692582594,-1.444713643930147,-0.1200000000000091,0.1799999999999907,-0.2100000000000095,-0.2400000000000097,0.0899999999999903,0.2699999999999904,0.2999999999999901,-0.3300000000000097,-0.0900000000000098,0.17999999999999,0.1499999999999903,6.977246334851026,1.375842814130668,0.4409135277607334,0.1499999999999899,-0.1500000000000098,-0.1800000000000097,-0.1200000000000098,-9.873810241216335e-15,-0.0900000000000098,-0.0300000000000098,0.26999999999999,-0.0300000000000098,0.0899999999999899,0.2699999999999898,-6.036350302778804,-1.5708569288964065,-1.150432007247187,-1.510125792921648,-1.6456333464234836,-1.0924625936742194,-1.0097158877281744,-0.7187984910014761,-0.7757913927365108,-1.2531420016535533,-0.8511850681940742,-1.4834087831480849,-1.0812932830307118,-1.4514453840016583,-1.8438715008262336,-1.5964697971338233,-1.2139794881622883,-0.9338627392254074,-1.5559950473827882,-1.384870428701837,-1.542137692969745,-1.6227899412720364,-1.9143833517624265,-1.641373433302986,-1.9083201050718983,-1.8741889955803592,-1.6995082441993332,-2.055883505471854,-2.0660025089310152,-1.7528041640792775,-1.93063665379349,-2.241982424494376,-3.312995447008468,-3.414476009888357,-4.08224373515124,-3.8808619839724825,-3.96000000000001,-4.17000000000001,-3.95834283424996,-4.26000000000001,-4.020000000000009,-3.780000000000009,-4.20000000000001,-4.11000000000001,-3.660853847997682,-3.48090793661382,-3.419146152002337,-3.26815873213431,-3.1781587321343103,-3.4800000000000084,-4.260000000000009,-0.8736583845984562,0.8736583845984562,0.038550724637681055,255,102.86567164179104
0.1999999999999997,0.0099999999999998,0.4,400,1.0340579710144928,39.80057971014493,38.48969866853539,39.52347826086957,0.0,-1.6853155953306846,-1.135784227767494,-1.2000000000000095,-0.3815602365542578,0.1487735872564143,0.2699999999999917,-0.1500000000000081,0.239999999999992,0.0599999999999919,-0.060000000000008,-0.1800000000000077,-0.3000000000000082,-0.1800000000000081,-0.1500000000000084,0.3899999999999918,0.0299999999999915,-0.0300000000000085,-0.0912066923540304,-0.1213431204141265,8.937400227996051e-05,0.0965806506896966,0.0899999999999911,0.1199999999999911,-0.1200000000000088,-0.3000000000000086,0.2099999999999912,-0.0300000000000088,-0.1500000000000088,0.3599999999999912,0.3299999999999911,0.4799999999999917,-0.0300000000000085,-1.1112402554131493,-0.0562167437716366,-0.5632834865680576,-0.1800000000000091,-0.2100000000000092,-0.1200000000000094,-0.1200000000000095,-0.1500000000000094,-0.1200000000000095,-0.1200000000000093,0.1199999999999906,-0.0300000000000095,-0.3600000000000093,-0.1200000000000095,-0.4800000000000096,0.0882491778425123,-0.0024215767567395,0.014285056455225,0.0899999999999904,-0.0900000000000095,-0.1200000000000095,0.0599999999999905,-9.36471723316402e-15,0.1199999999999906,0.0599999999999905,0.1499999999999905,0.2699999999999906,0.1499999999999904,0.2801828948128103,-0.2043594475351123,-0.3000000000000091,-0.150000000000009,0.0299999999999909,0.299999999999991,0.2099999999999909,0.2399999999999909,0.0299999999999909,-0.2700000000000089,0.1499999999999908,-0.1500000000000089,0.1499999999999909,3.675489099088436,0.9257939789987204,0.0899999999999907,-0.0900000000000091,0.1199999999999908,0.0599999999999907,-0.1200000000000091,0.1199999999999908,0.0899999999999908,-0.090000000000009,0.0599999999999907,-9.292036628128604e-15,-0.1800000000000091,0.0599999999999907,1.7282725643195307,-0.7718914681212087,-1.4726507070047488,-1.4254493205097558,-1.2862644887047188,-1.4891942007955767,-1.0845016254571844,-1.0281560900231776,-1.65338206664694,-1.2316184706301372,-1.3455178857832757,-1.5041619636886407,-1.4884147591972416,-1.7495195177091285,-1.556626881070877,-1.7240487392469286,-1.4548689933504702,-1.3166568810855128,-1.8612302068608508,-1.7662421133317272,-1.5987996261036148,-2.1880540622707065,-2.3558949781544087,-2.4460626926962004,-2.5304312727609792,-2.844691768688181,-3.090000000000011,-2.7900000000000102,-3.15000000000001,-3.0000000000000107,-2.760000000000011,-3.09000000000001,-2.61000000000001,-2.7300000000000115,-2.88000000000001,-3.300000000000009,-2.9400000000000093,-3.060000000000009,-3.33000000000001,-2.6700000000000097,-2.4900000000000104,-2.310000000000011,-2.3700000000000108,-3.4200000000000093,-4.080000000000005,-4.512934129142427,-4.230000000000007,-4.488533048256957,-5.398919187319852,-4.982341665865616,-2.3991118442436745,-0.8897912003892842,0.8897912003892842,0.034057971014492816,256,102.08955223880596
0.2299999999999997,0.0099999999999998,0.4,400,1.062463768115942,41.27144927536232,38.84504160414677,40.57739130434783,0.0,-0.4025815968240074,-0.4596492732073339,-1.0447603807429924,-0.2084274083129958,-0.2677545885249941,0.1799999999999918,-0.1500000000000086,-0.0600000000000083,0.0599999999999913,-0.0600000000000086,0.0899999999999913,0.2099999999999912,0.0299999999999912,-0.1800000000000088,-0.0900000000000088,-0.0600000000000088,-0.1800000000000088,0.0599999999999908,0.2099999999999908,-0.0268451474057869,-0.6441735695496537,-0.060000000000009,0.149999999999991,-0.1500000000000091,0.0299999999999907,0.0599999999999907,-0.0300000000000094,0.2099999999999907,-0.0300000000000094,-0.0300000000000095,0.089999999999991,-0.0600000000000088,-1.0256485946018143,-1.3781587321343098,-0.4243528051752275,-0.0600000000000094,-0.0300000000000094,0.1499999999999907,-0.0300000000000094,0.0899999999999904,0.0599999999999905,-9.489596354110588e-15,-9.525713551283844e-15,-0.0900000000000094,-0.0600000000000093,0.0299999999999907,0.1199999999999907,-0.1946920232747185,-0.5377118665015626,-0.0860443289782863,0.0899999999999909,-0.3600000000000088,-0.060000000000009,0.0899999999999908,0.0299999999999907,-0.0900000000000091,-9.22366122294071e-15,-0.1200000000000092,-0.090000000000009,0.1199999999999908,4.443189717104851,1.0092943612430765,0.1613721346378205,0.2399999999999908,0.0899999999999905,0.2099999999999904,0.2099999999999903,-0.1200000000000095,0.1199999999999904,-0.2100000000000096,-0.1500000000000096,0.2399999999999905,0.3299999999999903,7.503238308313709,0.6938135771200189,0.0299999999999901,-9.894477702121852e-15,-0.1500000000000098,-0.0600000000000098,-0.09000000000001,-9.871246562029728e-15,0.0899999999999902,0.0299999999999901,0.20999999999999,-0.1500000000000098,-9.965361869035406e-15,0.1199999999999901,-1.6052377204835575,0.184360859369213,0.4608611246377496,0.6771957115491699,0.9990626956510148,1.0219529662095457,1.1337606027492406,1.1238751064512018,1.4234031445887556,0.903504599622982,0.9608277900389351,1.3082902387784243,1.0855002838246015,1.5089230597680223,1.2765778598668551,1.1856923248861562,1.6463976015622124,1.4272909548248054,1.475177986674552,1.398849300240453,1.448479643335045,1.7420388691415345,1.7806618664697234,1.6340012087127682,1.44732594670163,1.7657791494449304,1.897873476034072,2.458834794907863,1.8767177520181684,2.0902183329189303,3.2639945310138514,2.4917841503732947,2.9225777668460555,3.490582744833647,3.976353047091061,3.752452014814817,4.185348839047391,4.199999999999992,3.929999999999992,4.0199999999999925,3.899999999999993,4.3519419883626655,4.229999999999993,4.049999999999993,4.1399999999999935,4.64805801163732,3.989999999999993,3.929999999999994,4.259999999999994,4.198158732134294,4.4699999999999935,0.9294895444915541,0.9294895444915541,0.0624637681159419,257,101.31343283582089
0.1049999999999996,0.0199999999999998,0.4,400,1.0139130434782608,30.38231884057971,29.965408805031448,30.36521739130435,0.0,-2.2534208828587263,-1.3023968268669492,-1.3500000000000096,-0.2010757536956703,0.0735545202996643,-0.116770481243698,0.089999999999991,0.029999999999991,-0.1200000000000089,-0.360000000000009,-0.1200000000000089,-9.00612917575927e-15,-0.270000000000009,0.0299999999999909,0.1799999999999908,-0.060000000000009,-9.174883075502294e-15,0.892823157921363,1.1999999999999922,0.9873881247088276,0.1551187320860706,-0.0600000000000091,-0.1200000000000091,0.0599999999999909,-0.1800000000000091,0.1199999999999908,0.209999999999991,0.1799999999999907,-0.2400000000000094,-0.2100000000000091,-0.5385840319167468,-0.2700000000000093,-0.6710738910630522,-0.3846304276543913,-0.9858767057908504,-1.1400000000000086,-0.7200000000000091,-0.5700000000000095,-0.4800000000000095,-0.6300000000000088,-0.5100000000000098,-0.5382534602476705,-0.960000000000009,-1.29000000000001,-1.1100000000000088,-0.7800000000000087,-0.4500000000000098,-0.3343354253655987,-0.8780933776272124,-2.8415668394817355,-3.5400000000000085,-3.7800000000000087,-4.230000000000008,-4.140000000000009,-3.900000000000008,-4.140000000000009,-4.440000000000008,-3.9300000000000086,-4.080000000000009,-3.9300000000000086,-4.312468089790517,-4.693039879845539,-4.950000000000006,-4.891142555078458,-5.280000000000007,-5.040000000000007,-4.920000000000007,-5.161142555078459,-5.250000000000007,-5.370000000000008,-5.100000000000007,-4.860000000000007,-5.340000000000007,-4.935089360225598,-3.811559289355972,-3.690000000000008,-4.38000000000001,-4.110000000000008,-4.170000000000007,-4.140000000000008,-4.591080812680159,-4.318857444921557,-4.530000000000008,-4.050000000000008,-4.3500000000000085,-4.53000000000001,-4.350000000000008,-7.203726220536654,-7.2792997540827775,-6.272074861957322,-5.61194198836268,-5.940000000000007,-5.131142555078458,-5.458857444921556,-5.370000000000007,-5.700000000000008,-5.310000000000007,-5.190000000000008,-5.160000000000008,-5.310000000000007,-5.670000000000008,-5.010000000000007,-5.419188117291608,-4.629864934461114,-4.004398901702902,-4.281397695927706,-5.124786516437645,-4.082149619011512,-2.1132844920558678,-0.0802338815271793,2.46707587987213,3.7274409392020256,3.0774618296457685,2.679618043717756,3.7541910839663775,5.330817805623295,5.989918118967596,6.509999999999994,6.659999999999993,6.599999999999993,6.629999999999993,6.449999999999993,6.599999999999992,6.869999999999993,6.719999999999992,6.629999999999992,6.749999999999992,6.689999999999992,6.809999999999992,6.599999999999992,6.839999999999993,6.929999999999992,6.7177118665015465,6.9299999999999935,6.9299999999999935,6.869999999999993,6.777711866501547,6.989999999999993,-0.9484925587328285,0.9484925587328285,0.013913043478260834,258,100.53731343283582
0.0449999999999995,0.0049999999999998,0.4,400,1.0060869565217392,26.074782608695653,25.917026793431287,26.06449275362319,0.0,4.308270582623392,4.107761557806477,4.61554738095062,4.913306565391743,3.869999999999991,2.7281587321342915,1.4433748763084446,2.130085586915555,2.9399999999999915,2.669999999999991,2.5799999999999907,3.448158732134292,3.14999999999999,3.6599999999999904,3.659999999999991,3.479999999999991,2.761746539752329,2.159791827376606,2.191941988362664,1.589999999999992,0.8118310580129489,2.12999999999999,1.3499999999999912,2.249999999999991,1.9499999999999915,2.129999999999991,2.39999999999999,3.0599999999999907,3.029999999999991,2.9083428342499413,1.9517465397523304,1.4718412678656907,1.4981716449461575,1.440123647947509,1.2234368794959078,2.1299999999999915,1.888342834249942,2.1284274083129784,2.639999999999991,1.6199999999999914,1.5599999999999905,1.9499999999999909,1.705750068189427,0.963706606239124,0.5917473208960479,0.0268548166259643,0.2066856684998929,1.525338684219742,1.082049440489074,1.292049440489074,0.7236825357313887,0.7182534602476504,2.0394428933929807,2.3962040197585703,3.809999999999997,4.408427408312985,4.412049440489082,4.619999999999997,4.259999999999996,3.451841267865691,2.845156846486526,1.46631147188498,0.4834037055023795,-0.999247652509446,-1.1715725916870203,-1.119715743322654,-1.289791827376622,-1.0619179955520806,-0.8719419883626798,0.240094728113353,0.418158732134293,0.4499999999999927,0.2379505595109094,-0.2745860623076704,-0.2383643905973836,-0.0619419883626791,-0.0263970588005591,-0.1200000000000066,0.0599999999999937,-0.0900000000000062,-6.252776074688882e-15,0.0899999999999926,0.0599999999999917,-0.1800000000000056,0.0299999999999931,-7.531752999057062e-15,0.3299999999999939,1.5599999999999914,0.1497849900109668,0.2999999999999933,0.0278355144490643,-0.2440196420791336,-0.0600000000000073,0.0299999999999931,-0.1800000000000073,0.1199999999999931,0.179999999999993,0.149999999999993,0.1199999999999937,0.2399999999999927,0.029999999999992,0.1479505595109086,-0.0620494404890906,0.029999999999993,0.0599999999999923,-0.0600000000000076,0.0299999999999924,-0.0300000000000068,-0.1500000000000069,-0.1200000000000082,0.239999999999992,0.179999999999992,-0.1498849549381637,-0.0300000000000082,-0.0878355144490794,-0.1200000000000082,0.0022881334984376,0.0299999999999917,-8.242295734817162e-15,-0.0900000000000081,-8.242295734817162e-15,-0.1800000000000079,0.2999999999999918,0.0920494404890749,0.0599999999999917,0.0899999999999916,-0.1800000000000093,-0.2122881334984552,-9.663381206337363e-15,-9.521272659185343e-15,-0.1800000000000105,0.0299999999999906,-0.0900000000000096,0.2399999999999909,-0.0277118665015621,-9.521272659185343e-15,-0.1800000000000093,-0.2122881334984566,1.051912472849959,1.051912472849959,0.006086956521739184,259,99.76119402985074
0.2099999999999997,0.0099999999999998,0.4,400,1.0515942028985508,40.12608695652174,38.15738699007718,39.62159420289855,0.0,-2.012413221731597,-1.838673014657171,-1.6800000000000097,-0.2950286517636195,0.001122834688887,-0.1800000000000079,-0.1200000000000079,-0.060000000000008,0.0299999999999919,-0.1200000000000081,0.2399999999999917,0.1199999999999915,-0.2700000000000085,0.1199999999999913,0.1199999999999913,-0.0300000000000088,-0.3900000000000087,-0.1500000000000091,-0.1800000000000092,0.4814880176239674,0.2354396470534501,-0.0900000000000088,-0.0600000000000088,0.1199999999999911,-0.1800000000000089,-0.1200000000000088,0.239999999999991,-0.2700000000000089,0.0299999999999908,0.3899999999999912,0.1499999999999912,0.1199999999999912,-0.4867092551450203,-0.262011664656836,-0.0308914365208708,-0.2100525721390556,0.0599999999999905,-9.4575883175877e-15,-9.43985387674982e-15,-0.1500000000000095,0.1799999999999907,-0.0300000000000094,0.0599999999999905,-9.389704240992674e-15,-0.1800000000000092,-9.231490470209e-15,-0.3000000000000091,-1.170654712402514,-1.830000000000008,0.0019425155890573,0.0414498135554081,-0.0300000000000093,0.0299999999999906,-0.2400000000000091,-0.240000000000009,0.1499999999999909,0.0599999999999908,0.0899999999999908,-0.060000000000009,0.1799999999999909,0.5801262751891244,0.3829237820870358,-0.0300000000000091,-0.3000000000000089,-0.090000000000009,0.3299999999999907,-0.150000000000009,0.1499999999999909,0.1199999999999908,-0.1500000000000093,0.1799999999999907,0.1199999999999907,-0.0600000000000092,2.326411531888908,0.2061238316655148,0.1199999999999905,0.1199999999999907,0.1799999999999908,0.0299999999999905,0.4799999999999904,0.0899999999999904,0.0899999999999905,0.0599999999999904,0.0899999999999904,-0.0900000000000093,-9.574563364367351e-15,0.1799999999999905,-4.6611445412054255,-0.6823759219826432,-1.0318941676717523,-0.8967748369543669,-1.4028505024056923,-1.390683254186333,-1.4111148279106935,-1.243735888813235,-1.6869764291250955,-1.6655294922912074,-1.8446325238835075,-1.600887965648124,-2.145156568493757,-1.79532356093237,-1.9706587169380152,-1.8674619003459731,-1.7043898685771235,-2.2544514467258505,-1.867845700079426,-2.1648714371226454,-2.0522965637027224,-2.2586958991566704,-1.8960769319036983,-2.066138369800416,-2.0647291949111133,-2.3885850536111404,-2.6992271654901363,-3.784464401905634,-3.1990965920304903,-4.170000000000011,-3.690000000000009,-3.7200000000000095,-4.11000000000001,-4.08000000000001,-4.47000000000001,-4.560000000000009,-4.230000000000011,-3.990000000000009,-4.020000000000009,-4.050000000000009,-3.930000000000008,-4.110000000000009,-4.200000000000008,-4.231841267865708,-4.20000000000001,-4.11000000000001,-4.570033423419711,-4.260000000000006,-4.560000000000005,-4.27816984147887,-5.627740406215568,-1.1298207314671107,1.1298207314671107,0.05159420289855077,260,98.98507462686567
0.1049999999999996,0.0049999999999998,0.4,400,1.0094202898550724,33.62797101449275,33.314142139267766,33.61826086956522,0.0,-4.010318437077576,-3.34721832840208,-3.030000000000008,-0.6548754728344691,-0.1199236342012005,-0.2085840319167472,-0.0314159680832714,-0.1800000000000091,-0.1500000000000091,0.2999999999999909,-0.0300000000000091,-0.150000000000009,-0.0900000000000091,-0.0600000000000091,-0.3900000000000093,-0.0900000000000092,-0.0900000000000093,-0.0331451833740352,-1.348342834249959,-0.6300000000000082,-0.7297874530925923,-0.0900000000000093,-0.0900000000000091,0.0312734599140791,-0.2400000000000091,0.1499999999999908,-0.4500000000000094,0.2399999999999908,0.3899999999999907,-0.1200000000000093,-0.2399271523308642,-0.5700000000000093,-0.7178355144490797,-0.3320494404890931,-0.2700143464158256,-0.1512066923540303,0.1512066923540124,-8.975042931069766e-15,0.5399999999999908,-0.0600000000000087,0.2399999999999912,-0.3000000000000084,0.1499999999999913,0.0599999999999914,-0.3000000000000081,-0.0900000000000083,0.2099999999999909,0.0214951654595818,0.0599999999999918,0.0239045184923185,-0.300000000000008,-0.0300000000000081,0.1788574449215405,-0.2100000000000078,0.329999999999992,-0.180000000000008,0.0299999999999917,0.2699999999999916,0.2699999999999917,0.1199999999999917,-0.252720729877435,-0.3266156192446023,-0.1500000000000083,0.0299999999999916,0.2699999999999915,0.1499999999999915,-0.2400000000000084,-0.1200000000000084,-0.1500000000000085,-0.1800000000000085,0.1499999999999913,-0.3000000000000082,-0.1800000000000084,-0.0514015662650475,-0.168976258243867,0.0899999999999913,0.0299999999999914,0.0899999999999913,-0.2700000000000085,0.4199999999999916,0.539999999999992,0.6299999999999922,0.2999999999999913,0.0299999999999914,-0.0300000000000086,0.1499999999999913,-0.3900000000000084,0.6739630331855831,0.0078259473586368,-0.1520425067065788,-1.3200000000000087,-1.080000000000007,-1.080000000000007,-1.4410212533532976,-1.080000000000007,-1.0800000000000076,-0.8110808126801585,-1.1400000000000077,-1.2000000000000095,-0.8710808126801582,-0.8400000000000079,-0.6600000000000077,-0.9000000000000071,-1.111080812680158,-0.9000000000000073,-0.9900000000000078,-1.1700000000000077,-1.3510808126801594,-1.200000000000009,-1.2300000000000078,-1.5000000000000098,-0.9000000000000072,-0.4200000000000088,-1.3200000000000092,-2.757514324507444,-4.477008320076426,-5.973013601748639,-6.784056870554917,-11.117646226112,-11.759922270638764,-11.33431544695275,-10.685006794570644,-8.541250833449098,-5.645983978247389,-4.559358919844954,-3.4762328489525163,-3.656497308262725,-3.124123922494791,-2.010000000000004,-2.100000000000004,-2.0700000000000043,-2.0400000000000045,-2.2800000000000047,-2.0700000000000047,-2.130000000000005,-2.128058011637332,-2.2800000000000047,-2.040000000000005,-1.1332116600728086,1.1332116600728086,0.009420289855072372,261,98.2089552238806
0.0999999999999996,0.0199999999999998,0.4,400,1.0120289855072464,29.62927536231884,29.27710153229271,29.614057971014493,0.0,-0.1985121753642498,0.3207144472254066,0.5075784232432596,1.0590182362895313,0.9385539238147488,0.149999999999991,0.1499999999999909,0.269999999999991,0.089999999999991,0.059999999999991,-0.1200000000000089,-0.1800000000000089,-0.1200000000000089,-0.330000000000009,0.2699999999999909,-0.150000000000009,-0.1814159680832714,-0.3000000000000075,-0.6281587321343085,-0.2977118665015623,-0.1471079576716759,0.1499999999999907,0.0299999999999908,0.209999999999991,-0.0900000000000091,-0.0300000000000092,-0.2700000000000098,-0.150000000000009,0.3299999999999904,0.1499999999999909,0.8699999999999918,1.1999999999999924,0.6572514281687637,1.2599999999999885,0.290726799876075,-0.4487265400859209,-0.0313431204141266,-0.1200000000000091,-0.1200000000000091,-0.4500000000000099,-0.1800000000000091,0.5413431204141073,0.2999999999999905,-0.3912734599140977,-0.0300000000000091,-9.2237328885858e-15,-0.1500000000000091,0.2180528787544234,-0.1798274560463303,-2.1295519042491464,-2.9328305673845967,-2.8782534602476666,-3.120000000000006,-2.6700000000000044,-2.8800000000000057,-2.7300000000000053,-3.2100000000000053,-3.090000000000007,-3.510000000000005,-3.090000000000005,-2.657094097983008,-3.7419939422659927,-3.241206692354026,-3.5100000000000056,-3.270000000000006,-2.550000000000007,-2.910000000000005,-3.240000000000005,-3.120000000000005,-3.0000000000000058,-2.8200000000000047,-3.090000000000005,-3.330000000000006,-1.180513604666857,-1.090116817484572,-1.7496358167431325,-2.0687933076459872,-2.0700000000000087,-2.2800000000000087,-2.2200000000000086,-2.370000000000009,-1.9800000000000089,-2.2800000000000087,-2.250000000000009,-1.7100000000000088,-1.8912066923540305,-2.3112066923540304,-2.6055642929622547,0.2150563535353796,1.473543374283158,1.4099999999999913,1.1399999999999924,1.4999999999999891,1.1999999999999909,1.6799999999999895,1.1099999999999917,1.1399999999999928,1.2073260583252634,1.0167704812436815,0.3298925478735798,1.0865702631740648,0.6344886934461487,-0.0574458864959863,-1.0010263269111443,-1.4475727783795267,-2.0392306195858563,-2.806131840123288,-2.406992028129997,-2.580282877940352,-1.7447916635429264,-1.886235621125252,-1.889562341516172,-2.5434631493580726,-2.8870101247628384,-2.253855068042351,-2.1600000000000072,-2.0700000000000087,-2.0400000000000085,-2.0700000000000087,-2.100000000000007,-2.0400000000000085,-2.1300000000000083,-2.2800000000000087,-2.4300000000000086,-2.2200000000000086,-2.3400000000000087,-2.1600000000000086,-2.1300000000000083,-2.4600000000000084,-2.1600000000000086,-2.2200000000000086,-2.3400000000000074,-2.3700000000000063,-2.1622881334984543,-2.310000000000008,-2.3100000000000085,-2.3422881334984544,-2.100000000000007,-1.1550241646967723,1.1550241646967723,0.012028985507246404,262,97.43283582089552
0.1349999999999996,0.0099999999999998,0.4,400,1.0139130434782608,35.41289855072464,34.92695826186392,35.39840579710145,0.0,-1.8979405579698312,-1.6796610969550727,-0.7479505595109239,-0.6321099852974481,-0.444543433366787,-0.3600000000000091,-0.1500000000000092,-0.300000000000009,0.0599999999999907,0.0299999999999907,-0.0300000000000092,-0.1500000000000092,-0.2100000000000093,0.0899999999999905,0.0299999999999906,0.1499999999999907,-9.440558386583774e-15,0.7799999999999911,0.6284274083129777,-0.0581587321343094,0.0626309267440136,-0.120000000000009,-0.1500000000000091,0.0299999999999912,-0.0600000000000086,0.2099999999999913,-0.2700000000000087,0.0899999999999914,-0.3300000000000079,-0.1500000000000083,-0.2700000000000091,0.0599999999999908,-0.9952255379789544,-0.3000000000000085,-0.1578829716036225,0.1510808126801432,0.1799999999999921,-0.120000000000008,-0.2400000000000081,-0.1800000000000081,-0.0600000000000082,0.0899999999999917,0.2999999999999919,-0.2100000000000083,-8.537963284355758e-15,0.1799999999999915,0.0599999999999919,1.0923709945733882,2.427711866501546,0.7854610651272341,0.0299999999999913,-0.1500000000000087,0.0299999999999912,0.1799999999999912,-8.817739486561297e-15,0.2099999999999911,-0.0900000000000089,0.2399999999999911,-8.817739486561297e-15,-0.0300000000000087,0.8727210889963655,-0.0767307747846237,0.3868606929853621,-0.1800000000000088,0.059999999999991,-8.925406843300356e-15,-0.1200000000000089,-0.3600000000000091,-0.090000000000009,0.299999999999991,-0.2700000000000089,-0.3600000000000088,0.119999999999991,-0.4381753526360551,-1.6132813381540592,-0.960000000000008,-1.1400000000000083,-0.7800000000000081,-1.1100000000000083,-1.0500000000000085,-0.7200000000000082,-1.3200000000000092,-1.2000000000000082,-1.170000000000008,-1.2300000000000082,-1.0800000000000085,-0.8700000000000082,-0.973846365860478,-2.3848683964301536,-2.5800000000000103,-3.090000000000009,-2.8200000000000096,-3.120000000000009,-3.1491461520023365,-3.5100000000000104,-3.33000000000001,-3.0000000000000098,-2.850000000000009,-3.060000000000009,-3.180000000000009,-2.790000000000009,-2.8800000000000097,-3.5700000000000096,-3.0609636858030287,-2.910000000000009,-2.970000000000009,-2.820000000000009,-2.970000000000009,-3.360000000000009,-3.690000000000009,-3.720000000000009,-3.090000000000009,-3.4200000000000093,-3.42000000000001,-3.6300000000000097,-2.970000000000009,-3.148857444921558,-3.120000000000009,-2.910000000000009,-3.1500000000000097,-2.321032322954707,-3.564859691992498,-3.862936070966453,-4.309068945250599,-4.611306845907915,-3.394119479415892,-1.2767460942872508,-0.4343081983640507,-3.2047680027705128,-3.1741875492664557,-2.0127846282559343,-1.288507666117932,-1.4013038493448975,-1.9750028507504689,-2.1000000000000045,-1.9479505595109208,-2.1600000000000046,-2.1300000000000043,-1.1781229006133735,1.1781229006133735,0.013913043478260834,263,96.65671641791045
0.2449999999999997,0.0049999999999998,0.4,400,1.067536231884058,42.57217391304348,39.87890306815096,41.69289855072464,0.0,-0.7702751661345916,-0.9239641906243424,-0.360000000000009,-0.2100000000000089,0.2099999999999912,-0.0900000000000087,-0.0600000000000087,0.1199999999999911,0.0299999999999911,-0.0900000000000088,-0.0600000000000088,-0.2100000000000089,0.2099999999999911,-0.2100000000000089,0.089999999999991,-0.3300000000000089,0.0899999999999908,0.1799999999999914,-0.2400000000000083,0.1893647095546352,-0.5144007355988423,0.0899999999999905,0.0599999999999906,0.1199999999999903,0.0299999999999905,-0.1200000000000094,-0.2400000000000093,0.3299999999999902,-0.0900000000000094,-0.0600000000000094,-0.2100000000000092,0.0299999999999907,-0.6780642474593408,-0.6300000000000086,-0.3173046316413815,-0.0300000000000095,-0.0600000000000093,0.1499999999999907,0.1199999999999907,0.1199999999999905,-0.1200000000000091,-0.210000000000009,-0.0900000000000089,-8.979483823168266e-15,-9.127795286129167e-15,0.1199999999999909,0.1199999999999906,-0.4770069050190987,0.1499999999999917,-0.7334020871670924,0.1199999999999907,0.0899999999999906,-0.1800000000000094,-0.1800000000000094,-0.60000000000001,-0.0600000000000095,0.0599999999999903,0.0899999999999902,-9.396927680427323e-15,0.3599999999999905,4.355355991054821,0.2935075214551076,0.2099999999999899,-0.03000000000001,-0.09000000000001,-9.997985113311895e-15,-0.0300000000000098,-0.0300000000000099,-9.894307595459396e-15,-9.814371537686384e-15,0.02999999999999,0.0299999999999901,0.2999999999999899,4.680925459457216,0.5133877933465635,-0.0900000000000097,0.0599999999999902,-0.2400000000000096,-9.725627984695824e-15,-0.0300000000000097,0.2399999999999902,-9.72555369571637e-15,-0.2400000000000095,0.0899999999999902,-0.3000000000000094,-9.601208716958354e-15,-0.2700000000000094,6.788335358487809,3.020683634147705,2.158961749726109,1.8767668123314127,2.013167641670617,1.63297154685854,1.5553310753301397,1.6259268430285851,1.7727487371133792,1.842620529388942,1.5740284627058367,2.18213329645113,1.7197041205066683,1.5691698085353176,1.5155204524467587,1.4652780223347164,1.708342629063262,1.4726784217610231,1.666319222251165,1.9795323599487071,1.226732517693829,1.5729813975540907,1.7123006716276223,1.982417976320932,2.045232835290592,1.872642482228844,1.898836036288685,2.34544500801301,2.34970039958994,2.878059588433062,2.3860625105135003,2.7540663674635395,2.6490405348885586,2.250209138691236,3.055534495050816,2.815162982350892,3.7957174912870393,3.933245058231668,4.649314017431734,5.941012789313819,5.699999999999992,5.759999999999992,5.999999999999992,6.119999999999992,6.179999999999992,6.209999999999992,5.939999999999993,6.060853847997664,6.029999999999992,6.1781587321342935,5.639999999999992,1.1931237037225075,1.1931237037225075,0.067536231884058,264,95.88059701492537
0.0199999999999995,0.0099999999999998,0.4,400,1.0057971014492753,22.58652173913044,22.456340057636886,22.574927536231883,0.0,19.16789368545676,6.644953537121597,-1.7400000000000058,-2.067433766281423,-3.087711866501561,3.899999999999992,4.41470971025517,3.5353386842197434,-3.7500000000000058,-3.359653854864232,-3.512164485550935,-4.020123647947523,-3.5100000000000047,-3.542421576756737,-2.88204944048909,3.3599999999999928,-4.802049440489089,-5.760000000000004,-6.030000000000007,-5.850000000000007,-5.547835514449077,-6.150000000000005,-5.911925792541574,-4.680000000000006,-4.590000000000004,-4.380000000000005,-4.465671028898148,-4.650000000000005,-4.800000000000004,-3.447835514449078,-3.7200000000000046,-2.967835514449078,-2.1874208516802747,-2.4325662337185934,-1.3522881334984531,-0.5424215767567404,-0.4222881334984527,-1.8900000000000077,-1.1444526190493816,-1.625011938780039,-0.9600000000000084,-1.080123647947525,-1.9500000000000075,-1.6475784232432773,-1.1100000000000068,-0.3600000000000073,0.775290289744815,1.23514538203831,0.6924215767567224,0.9925564384078112,0.3899999999999914,1.0499999999999927,1.3799999999999903,1.4697429087941898,1.613585582638499,2.099999999999992,2.3377118665015466,2.3699999999999943,2.7299999999999933,2.069999999999994,2.8198424284369934,2.404452619049367,2.279999999999992,2.5777118665015477,2.6699999999999933,2.072421576756723,2.097835514449066,1.8899999999999932,2.009999999999992,2.099999999999993,2.55228813349844,2.097433766281408,2.5777118665015477,3.207433766281408,2.3077118665015472,2.609999999999993,3.0022881334984377,2.2199999999999926,2.759999999999993,2.669999999999992,2.517433766281407,2.222421576756725,2.0699999999999936,2.219999999999993,2.37272380528158,2.0099999999999927,2.159999999999994,2.192723805281579,2.277578423243262,2.582288133498439,2.369999999999994,2.127711866501546,1.9499999999999935,2.2499999999999925,2.099999999999993,2.8499999999999925,2.7899999999999943,3.2099999999999933,3.269999999999994,3.179999999999991,3.419999999999994,2.7624215767567257,3.182164485550922,2.8827238052815813,2.822421576756723,3.087578423243261,3.5399999999999943,3.5099999999999936,3.207578423243261,3.1799999999999944,3.202699927721514,3.239999999999995,3.059999999999994,3.629999999999996,3.962566233718581,3.6022881334984413,3.3275784232432635,3.2399999999999936,3.237578423243262,3.389999999999995,3.30228813349844,3.029999999999995,3.087578423243262,3.5099999999999936,3.112887441007766,3.4199999999999955,3.5954237330031025,3.8124215767567273,4.015235431900545,4.289999999999996,4.652421576756728,4.472421576756726,4.70743376628141,4.832288133498442,4.834709710255172,5.162421576756729,4.744987810475311,5.279999999999997,1.2413088253416191,1.2413088253416191,0.005797101449275255,265,95.1044776119403
0.0499999999999996,0.0099999999999998,0.4,400,1.0060869565217392,25.44768115942029,25.293719389225007,25.43695652173913,0.0,3.231370606863933,2.9603332753501324,2.849999999999992,2.547331127348225,2.1336879868979324,2.219899279503017,2.4618412678656902,2.671841267865691,2.821841267865691,3.0318412678656905,3.838253460247652,4.409999999999991,3.451746539752329,3.359999999999991,3.8099999999999903,3.6599999999999904,3.239999999999991,2.6679505595109068,1.499999999999992,1.799999999999992,2.876506920495313,3.1799999999999904,2.5799999999999903,2.821746539752329,2.699999999999991,2.6999999999999904,2.5499999999999905,2.519999999999991,3.508342834249942,3.2399999999999904,3.300107452126404,3.872049440489076,3.929999999999992,4.737433766281406,3.143108163945937,2.3999999999999915,2.491572591687005,1.6199999999999892,1.1732297574370512,1.018058011637316,1.4399999999999888,2.27834283424994,2.4299999999999917,2.3699999999999903,2.4280580116373165,2.096854816625964,2.4316571657500385,3.1753386842197413,2.27514563278296,2.3272774538609484,1.4700893740022798,2.1012877690743803,1.919408106136076,1.528227789188097,2.0384274083129785,1.5599999999999914,0.299999999999992,0.1515725916870059,-0.6917465397523466,-1.7700000000000058,-1.6617569512430748,-2.125797329520567,-1.6184425113163303,-0.8742139260400217,-0.0936220321761055,0.1818412678656915,1.106397058800544,1.5920494404890764,1.91620401975857,2.101941988362667,2.482983733270032,2.394249671187912,2.579999999999996,2.07587827147488,2.63611602327465,2.3099999999999934,2.129999999999993,2.0999999999999925,2.2779505595109075,1.979999999999993,2.129999999999992,2.039999999999992,1.6520494404890764,1.7699999999999931,1.4620693834427465,0.6993608298762821,0.2889678722359068,-0.654867532562838,0.1450519265586939,-0.1800000000000078,0.0299999999999913,-0.2700000000000081,-0.0600000000000082,0.0599999999999917,0.0899999999999909,0.089999999999991,0.2699999999999909,-0.0600000000000079,0.0899999999999914,-0.1500000000000086,0.0899999999999911,-9.094947017729284e-15,-0.0321644855509383,-0.0600000000000082,0.0299999999999909,0.059999999999991,-0.2120494404890935,-0.2077118665015635,0.059999999999991,-0.0878355144490819,0.0599999999999909,0.0299999999999909,-0.0900000000000102,-0.0900000000000096,-0.1500000000000099,-9.663381206337363e-15,0.0322881334984367,-0.0900000000000102,0.2099999999999909,-0.0900000000000102,0.2099999999999892,0.0899999999999897,0.1499999999999907,-1.0231815394945442e-14,0.26999999999999,-0.1200000000000099,0.1199999999999903,0.4499999999999903,-0.1200000000000099,0.1244526190493638,-8.810729923425242e-15,0.0621644855509197,0.2099999999999897,0.2422881334984373,0.1799999999999912,-0.0300000000000096,0.0599999999999911,-0.2122881334984543,1.3114028233163786,1.3114028233163786,0.006086956521739184,266,94.32835820895522
0.1199999999999996,0.0199999999999998,0.4,400,1.0131884057971017,32.05507246376811,31.6378200543556,32.03811594202899,0.0,-1.9322585209932897,-1.2205759519955206,-0.870000000000008,-0.2197852848006267,0.6788356858799601,0.1199999999999908,-0.1200000000000091,-0.1500000000000091,-9.237055564881304e-15,-9.237055564881304e-15,-0.1500000000000091,0.0299999999999907,0.0599999999999907,-0.090000000000009,0.0299999999999908,-0.2700000000000092,-0.3300000000000097,-0.8134037055023964,0.4499999999999916,0.9549925390839696,-0.2407784109449887,-0.240000000000009,0.0899999999999908,0.1512734599140793,0.0299999999999907,-0.2100000000000092,-9.311844705006854e-15,0.0599999999999907,0.1187265400859021,-0.1500000000000093,-0.0300000000000092,-0.1800000000000093,-1.5994742783546363,-1.950144656961864,-0.1290526069833177,0.2294591503556669,0.5099999999999906,0.4199999999999905,-0.0900000000000091,0.269999999999991,0.0299999999999909,0.419999999999991,-0.120000000000009,0.2387933076459697,-0.0900000000000088,0.0599999999999912,-0.0888574449215576,2.350927328031849,4.532421576756726,2.9842044108911137,1.5299999999999907,2.0399999999999907,1.8899999999999904,1.8599999999999903,2.069999999999991,1.7099999999999909,1.9199999999999908,1.589999999999991,1.8899999999999908,2.3099999999999907,1.7700322783977922,1.5893085089279098,2.011080812680142,1.9799999999999909,1.6499999999999908,1.9799999999999909,1.9799999999999909,1.859999999999991,2.279999999999989,1.7099999999999909,2.369999999999991,2.39999999999999,1.9799999999999909,4.010951215302395,3.3305104173113897,3.1499999999999915,3.149999999999991,3.2390363141969725,2.9099999999999917,3.2399999999999918,3.1499999999999915,2.999999999999992,2.759999999999992,3.2999999999999914,3.4490363141969724,3.4199999999999915,3.2099999999999915,5.474580685055255,6.157761704550958,6.600963685803013,6.479999999999993,6.629999999999993,6.029999999999993,6.539999999999993,6.029999999999993,6.689999999999993,6.659999999999993,5.849999999999993,6.419999999999993,6.539999999999993,6.479999999999993,6.359999999999993,6.299999999999994,6.178857444921542,6.421142555078445,6.479999999999993,6.149999999999993,6.451206692354016,6.569999999999994,7.049999999999994,6.059999999999994,5.467638498524702,4.224466113343825,1.866038260820876,-0.704524454163109,-2.957054504277446,-4.969084566063341,-5.811734309386947,-7.350404803993201,-6.109025166458699,-5.103234428474243,-5.3143458613494765,-3.250339855956672,-2.040000000000006,-2.0700000000000047,-2.160000000000006,-2.100000000000006,-2.310000000000006,-2.100000000000006,-2.340000000000006,-2.070000000000006,-2.160000000000006,-2.157835514449077,-2.400000000000006,-2.310000000000006,-2.160000000000006,-2.340000000000006,-2.220000000000006,1.3252197911165244,1.3252197911165244,0.013188405797101677,267,93.55223880597015
0.1999999999999997,0.0049999999999998,0.4,400,1.0310144927536231,40.5136231884058,39.29491144222659,40.28739130434783,0.0,-1.1183435693861337,-0.5625402222076522,-0.8946656526296317,-0.0281738351376455,-0.0587933076459867,-8.01581023779363e-15,-7.937618339576481e-15,-0.0300000000000081,-0.2100000000000079,-0.1500000000000081,-0.0900000000000081,-8.553158181712207e-15,0.0599999999999915,0.1199999999999913,0.2399999999999912,-0.0600000000000084,-0.3000000000000087,-0.150000000000009,0.3599999999999907,0.2715725916870037,-0.437898322503826,-0.0600000000000087,0.1199999999999912,0.2099999999999911,0.2099999999999911,-0.1800000000000088,0.5399999999999915,-8.983924715266767e-15,-0.0600000000000091,0.0599999999999909,0.0599999999999913,0.2099999999999912,-0.3337358789613168,-0.3300000000000079,-0.2128026644072428,-0.1200000000000095,-0.1500000000000095,0.0599999999999905,0.1199999999999905,0.0299999999999905,-0.3300000000000092,-0.3300000000000092,-0.0900000000000094,0.1499999999999905,-0.1200000000000093,0.0299999999999906,0.1199999999999905,0.843193712321711,1.4399999999999915,-0.0294367209640729,0.0299999999999905,0.1199999999999903,-0.0300000000000092,-0.0900000000000092,-0.1200000000000091,-0.3000000000000092,0.0299999999999909,0.1799999999999909,0.1799999999999907,0.4199999999999902,2.711018036773675,0.141542763531696,0.1199999999999908,-0.0900000000000089,0.0299999999999908,0.0599999999999908,0.0599999999999907,-0.0600000000000092,0.0299999999999908,-9.241424791334714e-15,0.0599999999999908,0.2699999999999908,-0.0600000000000091,4.430168057510773,0.9262822905164984,0.0599999999999906,0.1799999999999907,-0.2400000000000092,-0.0300000000000093,-0.2700000000000093,-0.2400000000000093,0.1799999999999907,-0.1200000000000093,-0.1200000000000093,-0.4200000000000097,0.3299999999999907,-0.0600000000000094,-3.921893524732978,-1.8414040413634185,-1.9654351793902831,-1.969345206268993,-2.2256767877843533,-2.40173081386262,-1.876198506781624,-2.262292188572186,-2.365606377307166,-2.294787293102074,-2.250248873715855,-2.640717912395386,-2.666827185876721,-2.6445260266393107,-2.5759035172834275,-2.225122147674939,-2.186058939767008,-2.705989195971638,-2.325730321322053,-3.1191398540123623,-2.954095184108948,-3.115428643668198,-3.110887265550533,-3.692206918982963,-3.591841631568369,-3.791910573734224,-4.5709843683992775,-5.040000000000007,-5.010000000000007,-4.500000000000007,-4.770000000000007,-4.800000000000007,-4.920000000000007,-5.160000000000007,-5.428342834249958,-5.250000000000007,-5.190000000000007,-5.040000000000007,-4.290000000000012,-4.200000000000008,-4.680000000000007,-4.888058011637334,-4.890000000000006,-4.799092063386196,-5.550000000000007,-5.610000000000007,-5.729036314196986,-5.370000000000004,-5.724206309690327,-6.0266250904369,-6.070733402328244,-1.370367356719317,1.370367356719317,0.031014492753623113,268,92.77611940298507
0.1549999999999997,0.0149999999999998,0.4,400,1.0146376811594202,35.88434782608696,35.36666190544208,35.858260869565214,0.0,-1.26285109129892,-3.4145323477103697,-3.0900000000000096,-0.5146327161678848,-0.2373690732559866,-0.0900000000000093,-0.180000000000009,0.0299999999999907,0.1499999999999905,0.1799999999999906,0.3299999999999906,-0.1200000000000095,-0.1200000000000094,-0.2100000000000089,0.1499999999999907,0.0599999999999908,0.2387933076459694,1.199999999999992,0.5699999999999911,-0.3301841021156585,-0.235089299376238,-0.0300000000000084,-0.0300000000000084,0.2399999999999917,-0.0900000000000082,-0.2700000000000079,-0.150000000000008,0.179999999999992,-0.2400000000000076,-0.2400000000000076,-0.0600000000000092,0.2099999999999909,0.0580656045727519,-0.3021644855509365,-0.1280815526100061,-0.0023689678220378,-0.1500000000000086,-0.1200000000000085,0.2099999999999913,0.2399999999999913,-0.0900000000000086,0.2999999999999915,-0.1800000000000087,0.0599999999999912,-0.1800000000000087,0.1199999999999911,-0.2700000000000084,-1.6738861775413572,-2.7300000000000084,-0.7133904341597481,-0.4200000000000088,0.2399999999999911,0.119999999999991,-0.0300000000000089,-0.5400000000000093,-0.240000000000009,-0.0300000000000092,-0.0900000000000091,-0.2400000000000089,-0.0600000000000088,1.2226925739716514,0.3477651649419226,-0.1168606929853801,0.1199999999999906,0.0299999999999906,0.0599999999999906,0.0599999999999905,-0.0600000000000094,0.2999999999999909,-0.1491461520023365,-9.521272659185343e-15,0.0899999999999907,-0.0300000000000093,3.8776208995670265,-0.2843991973471265,-0.7200000000000086,-0.8700000000000085,-0.6000000000000094,-0.9300000000000084,-1.0500000000000085,-1.0800000000000087,-0.6900000000000087,-1.1100000000000083,-0.8100000000000083,-1.32000000000001,-1.1700000000000084,-0.9000000000000086,-0.4257510865376302,-0.5485712999926212,-1.1494793001982222,-0.9483931458704468,-1.1498758225610304,-1.3340820850853805,-1.9500000000000088,-2.580000000000009,-2.1000000000000068,-2.040000000000008,-1.8900000000000083,-2.2800000000000105,-2.010000000000008,-1.7400000000000078,-2.0700000000000087,-1.7100000000000073,-1.980000000000008,-1.950000000000008,-2.190000000000007,-1.950000000000008,-1.6500000000000068,-2.100000000000007,-2.3391461520023342,-2.130000000000008,-2.370000000000007,-1.7700000000000071,-2.34000000000001,-2.1300000000000083,-2.010000000000007,-2.4000000000000075,-2.010000000000007,-2.2500000000000075,-2.040000000000008,-1.6200000000000077,-2.280000000000008,-2.070000000000008,-1.980000000000007,-1.2300000000000078,-2.1011659321234504,-4.229197822082342,-7.652404094855125,-5.989791978979047,-5.793467130232482,-6.964499534913513,-7.350165062283828,-9.214241673457945,-10.40919633143606,-11.040000000000004,-10.82795055951092,-10.982164485550932,-11.010000000000002,-1.407822914760281,1.407822914760281,0.014637681159420213,269,92.0
0.0799999999999996,0.0249999999999998,0.4,400,1.0069565217391303,25.391014492753623,25.21560161197467,25.37985507246377,0.0,-1.1482843464434405,-0.9298587369127282,-0.3036595741660985,-0.3167593136158687,0.2829173360579848,0.3599999999999907,0.3615725916870038,0.1482534602476519,0.0299999999999905,-0.2700000000000094,-0.2416571657500585,0.1199999999999906,-0.3900000000000094,-0.1800000000000094,0.0899999999999905,0.1199999999999907,0.2099999999999907,-0.7478355144490797,-2.824204130729252,-2.7930863794402137,-2.3049597356480014,-2.4813120085269103,-1.5896171066895064,-0.7800000000000082,-0.5100000000000088,-0.7200000000000082,-0.4800000000000091,-0.628427408312996,-0.9600000000000084,-0.4800000000000091,0.5999052718866308,1.6419889290691074,4.183406302458092,4.603367207605823,2.227198158512148,0.8399999999999908,1.16999999999999,1.7699999999999891,1.9799999999999904,2.0699999999999896,2.33999999999999,2.57999999999999,2.909999999999992,2.15999999999999,2.63999999999999,1.8299999999999903,1.4699999999999898,1.3875130677848324,1.4704457103506394,2.095864938337945,3.0299999999999945,3.4710819789382965,3.6285076661179256,3.9899999999999967,3.86739632600413,4.169999999999996,4.379999999999996,4.137950559510911,4.408584031916733,4.439999999999997,5.33912291146616,4.902075589226144,5.401492333882065,6.059999999999995,5.699999999999996,5.459999999999995,5.489999999999994,5.669999999999995,5.579999999999996,5.608584031916732,5.729999999999995,5.909999999999996,5.969999999999995,7.206561731564683,4.693412105586743,4.160139541611464,3.515701597237625,3.1158162967469227,3.2399999999999944,3.629999999999993,2.7299999999999933,3.448507666117922,3.953131419427377,3.873234428474232,3.329999999999992,2.288308443343128,1.766031306735946,0.7071475201446166,0.5948776398151019,0.089999999999991,0.3899999999999899,0.3867655715257514,0.8908056877893052,1.1699999999999895,1.049999999999991,1.0499999999999912,0.8999999999999899,0.3879505595109056,0.0976201434035354,0.0899999999999899,0.1499999999999899,0.0899999999999899,-0.12000000000001,0.0299999999999899,0.0899999999999899,0.0899999999999899,-0.03000000000001,-0.1500000000000099,0.0622881334984363,0.1199999999999904,0.1799999999999904,0.0021644855509181,0.0299999999999899,-0.2400000000000093,0.1821644855509198,0.1199999999999904,-9.094947017729284e-15,0.1199999999999909,0.2999999999999905,0.062164485550921,0.0599999999999904,-9.521272659185343e-15,0.0599999999999911,-0.0900000000000089,0.0599999999999904,0.1248431535134561,-0.0600000000000079,-0.0900000000000071,0.0575784232432617,-0.1800000000000073,0.0599999999999937,-0.0300000000000081,0.119999999999994,0.0624215767567238,-0.0900000000000074,-0.2400000000000088,0.0299999999999916,0.1199999999999919,1.411429010036175,1.411429010036175,0.006956521739130306,270,91.22388059701493
0.1299999999999996,0.0049999999999998,0.4,400,1.0136231884057971,35.796521739130434,35.31541321132399,35.78231884057971,0.0,-2.0749895723031666,-1.8260782554853008,-1.501841267865707,-0.38834283424996,0.0369784083278223,0.1499999999999908,-0.150000000000009,0.0599999999999907,-0.0300000000000092,-0.1200000000000093,0.1799999999999906,-0.0900000000000093,-0.1200000000000093,0.0599999999999906,-0.0300000000000093,0.0599999999999906,-0.1500000000000092,0.1499999999999908,0.0599999999999909,-8.70086059004449e-15,-0.1838684257361237,0.0899999999999911,0.3899999999999907,-0.2400000000000084,0.5099999999999915,-0.1200000000000085,0.2699999999999916,-0.0600000000000083,0.1499999999999915,-0.1800000000000081,-0.0600000000000091,0.4799999999999899,-1.2591258296728929,-1.1960085711482509,-0.5519810489521357,-0.2400000000000078,-0.0900000000000079,0.0599999999999918,-0.0600000000000082,-8.155645418174912e-15,0.0299999999999916,0.2399999999999917,0.0299999999999916,-0.1500000000000085,-0.1800000000000086,0.0299999999999914,-0.1800000000000079,-0.5266246949718737,-1.3521644855509378,-0.5045015807439353,-0.2100000000000087,-0.3900000000000085,-0.1200000000000087,0.2099999999999912,0.1199999999999911,0.1199999999999911,-0.0300000000000088,0.0599999999999911,-0.1200000000000087,0.3299999999999916,0.5593079944216071,0.2335300981234676,0.0599999999999911,-0.0600000000000089,0.4499999999999912,-0.0600000000000089,-0.030000000000009,0.089999999999991,-0.090000000000009,0.359999999999991,-0.0600000000000091,-0.2100000000000088,0.149999999999991,-0.554233752914515,0.1160402200237598,0.1499999999999908,0.209999999999991,-0.240000000000009,-9.059419880941275e-15,-0.1500000000000092,-0.3000000000000092,0.0299999999999906,-9.146747716359747e-15,-0.2690920633861988,0.2999999999999909,0.3599999999999905,-0.1200000000000092,0.981920444470746,1.2982423199712094,0.5079889800366958,0.0899999999999908,-0.3300000000000097,-0.1500000000000091,0.1799999999999908,0.119999999999991,-0.3900000000000092,-0.0600000000000087,-0.2400000000000092,0.0299999999999908,-0.390000000000009,0.0599999999999908,0.8099999999999912,0.4499999999999916,-9.139355938714288e-15,-0.3000000000000088,-0.2400000000000087,0.3599999999999913,0.2999999999999914,0.0299999999999912,0.1199999999999914,0.4499999999999916,-0.1200000000000088,0.2999999999999916,-0.3300000000000084,-0.0300000000000084,-0.2100000000000084,-0.3300000000000084,-0.0311425550784601,-0.6061457918765731,-1.4700000000000102,-1.0800000000000098,-0.7187933076459876,-1.911465336503407,-4.106765571525764,-5.981981652214062,-7.722356686999797,-10.002270441263311,-11.263310138783115,-12.358550766724784,-13.371662872091372,-14.2774460927115,-15.802554308672075,-15.548695894027947,-15.446601243450624,-15.090000000000002,-14.760000000000002,-14.970000000000002,-14.940000000000005,-1.436047728820111,1.436047728820111,0.013623188405797126,271,90.44776119402985
0.0699999999999996,0.0049999999999998,0.4,400,1.0071014492753625,29.02231884057971,28.817671607425527,29.01507246376812,0.0,0.1727640637977759,1.2761176281479871,1.2299999999999915,2.1259385056376896,2.7278009347432755,-4.135197650875934,-3.27000000000001,-2.790000000000009,-3.150000000000009,-3.330000000000009,-3.510000000000009,-3.7200000000000086,-3.7800000000000087,-3.5700000000000087,-3.658507666117938,-3.3600000000000096,-3.390000000000009,-2.700094728113369,-1.8900000000000088,-2.100000000000008,-3.27000000000001,-3.630000000000009,3.449999999999991,3.479999999999991,3.719999999999991,3.179999999999991,3.089999999999991,2.939999999999991,3.629999999999991,3.2985840319167288,4.258427408312979,4.4984274083129785,4.97566242601246,4.169999999999992,3.895992176600519,4.528584031916731,4.472421576756724,4.229999999999991,4.289999999999991,-2.4600000000000084,-3.030000000000008,-2.9681587321343086,-2.7300000000000075,-2.0700000000000074,-2.6386568795858905,-2.370000000000008,-1.9200000000000088,-0.6945193364978894,-0.0342403534503728,-2.022802849861396,-2.5200000000000107,-2.6400000000000112,-2.340000000000011,-2.217383419671805,3.989999999999989,-2.578656879585893,-2.4000000000000115,-2.430000000000011,-2.2200000000000117,-2.552770325804998,-1.9708714398425304,-1.6003570581384412,-0.4512734599140895,0.4799999999999983,0.1787265400859098,0.1199999999999988,-0.5100000000000011,-0.2400000000000017,0.0599999999999988,0.3587265400859104,-0.3600000000000022,-0.0300000000000011,-0.0600000000000011,-1.3078845293842938,-1.4264918956065216,-2.19006966050004,-2.3329780987417426,-2.5200000000000107,-3.090000000000009,-3.4500000000000104,-3.660000000000009,-3.0900000000000114,-2.851343120414128,-2.850000000000011,-3.483599154112733,-3.4212734599140986,-2.6400000000000103,-1.2718113599708911,-0.2251824207545382,0.616793707049485,1.8834168513757836,2.462062647299699,3.05501903177342,3.360598867948552,2.9995231511979257,2.4032224807427656,3.3936490603408007,3.774780106876153,3.303229518756309,3.0588304379931923,3.98676557152576,3.954531972861144,4.07425345827464,4.741572591687011,5.098342834249947,5.198696150655101,5.249999999999997,5.789999999999997,6.366396611883294,6.359999999999998,6.509999999999998,6.509999999999998,6.479999999999998,6.299999999999998,6.357950559510914,6.509999999999998,6.479999999999998,6.599999999999998,6.389999999999998,6.539999999999997,6.899999999999998,6.842049440489081,6.599999999999998,6.932049440489082,6.9899999999999975,7.047835514449068,6.9899999999999975,6.9899999999999975,6.897835514449068,7.049999999999998,6.689999999999998,6.629999999999998,6.689999999999998,6.629999999999998,6.809999999999998,6.962164485550925,7.019999999999998,6.994328971101855,1.4723184621149585,1.4723184621149585,0.0071014492753624925,272,89.67164179104478
0.1299999999999996,0.0149999999999998,0.4,400,1.013768115942029,34.30449275362319,33.8385989992852,34.28811594202899,0.0,-2.364369044357204,-1.521595618970722,-2.4900000000000087,-0.1738279073945889,-0.210000000000009,0.1499999999999909,0.1499999999999908,-9.086065233532282e-15,-0.0300000000000091,-9.19426343379896e-15,-0.0300000000000091,0.1499999999999909,0.1199999999999908,0.5699999999999901,0.2099999999999909,0.2699999999999908,0.0899999999999907,-0.2416571657500578,-0.2132297574370707,0.2081587321342919,0.0935446158092451,0.2099999999999906,0.0599999999999905,-0.3000000000000092,-0.0900000000000093,-0.0900000000000093,-0.3000000000000089,-0.0900000000000092,0.2099999999999909,0.059999999999991,0.2399999999999906,0.1173834196717849,-1.6107240567341272,-1.885413937692349,-0.5094173602714686,-0.3600000000000083,-8.346603778410439e-15,-0.2100000000000082,0.0299999999999917,-0.0600000000000082,0.0899999999999918,0.1799999999999922,0.1799999999999922,0.0899999999999919,0.0599999999999918,-0.2700000000000077,0.1499999999999915,0.9740813562916336,-0.1500000000000083,-0.4119078556685787,0.0899999999999916,0.2099999999999914,-8.613458450030268e-15,0.0599999999999913,-0.1200000000000087,0.0599999999999913,-0.0300000000000087,0.1199999999999912,-0.2700000000000084,0.331080812680143,2.1977712005101075,0.1857969459673425,0.0599999999999912,-0.0900000000000087,-0.3300000000000088,-0.4200000000000083,-0.3300000000000084,-0.3000000000000085,0.0299999999999911,0.1509079366138014,0.0599999999999911,0.1790363141969723,0.2099999999999913,1.410262501743048,0.2910479657658877,-0.5173218047638654,-0.7800000000000081,-0.9000000000000081,-1.3800000000000088,-0.8100000000000078,-1.2600000000000078,-0.7800000000000079,-0.8700000000000081,-1.0800000000000078,-0.7500000000000078,-0.8400000000000079,-0.7500000000000078,1.329296885288972,-0.6506469736258255,-1.1990363141969889,-0.8100000000000078,-0.9300000000000076,-1.2300000000000078,-0.7800000000000078,-1.2000000000000075,-1.1400000000000077,-1.1400000000000077,-1.2000000000000082,-1.0809636858030276,-1.0800000000000087,-1.1700000000000077,-0.4481587321343083,-1.2000575675502752,-1.26000000000001,-0.8700000000000077,-0.3600000000000082,-1.2900000000000102,-1.2300000000000075,-1.5300000000000111,-1.1100000000000074,-0.840000000000008,-0.9000000000000077,-1.081080812680159,-0.9000000000000076,-1.3800000000000103,-1.5589191873198598,-1.3511425550784628,-0.8100000000000083,-1.230064137275578,-0.4258521791936034,1.060470818917865,1.345758616216828,0.9593748414932196,-2.0853118272945914,-4.599957485146749,-7.381102367756011,-9.10801596959075,-10.520406112602792,-11.648117054554136,-12.061492333882075,-12.21386572019098,-13.162970173340245,-13.047835514449073,-13.347835514449072,-13.500000000000002,-13.440000000000005,-13.200000000000005,-13.380000000000004,-1.5021617664047406,1.5021617664047406,0.013768115942029091,273,88.8955223880597
0.2699999999999998,0.0149999999999998,0.4,400,1.229855072463768,40.86391304347826,33.22660853169927,37.31855072463768,0.0,0.3909861784447843,0.9694544887670872,-0.150000000000009,0.1245616591265636,0.2935404857884569,0.1778737768980431,0.0299999999999911,-0.0300000000000087,0.0299999999999911,-0.1500000000000088,-0.0600000000000089,-0.360000000000009,0.2099999999999911,0.059999999999991,-8.943956686380261e-15,-9.174883075502294e-15,-0.0600000000000092,0.5399999999999916,0.4499999999999914,0.2479614058016573,0.215553324790349,0.0299999999999905,-0.1200000000000094,0.1199999999999904,-0.1200000000000094,0.0899999999999905,0.4799999999999902,0.2399999999999907,-0.0900000000000094,-0.0600000000000092,-0.2400000000000092,-0.0600000000000093,-1.237136652569547,0.0281587321342925,-0.0633431705616395,-0.0883139953056911,-0.0900000000000091,-0.0900000000000093,-0.0600000000000091,0.0899999999999908,0.0899999999999909,0.0599999999999908,-0.3900000000000092,-9.18714557582988e-15,0.2399999999999909,-0.1500000000000091,-0.0300000000000091,1.084843083652582,3.239866556741708,0.077863727991241,-0.0300000000000093,-0.1500000000000094,-0.0600000000000095,-0.1800000000000096,-0.0300000000000099,0.0599999999999901,-0.1200000000000098,-0.1200000000000098,-0.2700000000000097,-0.0900000000000097,4.527814181029778,0.4655452255298662,0.08999999999999,0.05999999999999,-0.0600000000000098,0.1499999999999901,-0.2700000000000097,-0.2400000000000097,0.1199999999999902,0.3299999999999904,-9.707790127322369e-15,0.1199999999999902,0.2399999999999902,4.441379687397444,1.0362087940203029,0.1550076289859681,0.2134054905267668,0.0899999999999903,0.0299999999999904,0.0299999999999902,-0.0300000000000095,0.0899999999999903,-0.1500000000000096,0.1199999999999903,0.1499999999999904,-0.0900000000000095,0.0599999999999903,6.709045254382358,0.207246586008745,0.3178126563343026,0.3019915573004166,1.0139666918982275,0.3154734163359938,-0.1854626427500776,0.0843342133824534,0.4048589331209147,0.3258733268467605,1.0172367372279694,1.5129862483261305,2.102324048549318,2.703879095689776,2.322465089527383,2.0627968088615383,2.2239307000286725,2.761637373840119,2.760642929074748,3.036179765852324,2.4604085118093466,2.259015036819659,2.3473221905572843,2.5646078583323955,2.7102918100513262,2.805978709326169,2.0640096253631826,3.2158747520182107,3.150135167098851,2.680368102900707,3.316244171443877,3.1100177653088235,4.323317099246333,4.078271317298485,3.7598093043792655,4.187826893991634,4.12520935064401,4.354375481467719,4.291940342689923,4.914280009453386,6.678358329107948,8.514036105951714,9.068380469765868,9.032049440489082,9.27,9.329999999999998,9.029999999999996,9.12,9.57,9.72,9.419999999999998,1.5512505597430628,1.5512505597430628,0.22985507246376802,274,88.11940298507463
0.2649999999999998,0.0149999999999998,0.4,400,1.1540579710144927,41.52289855072464,35.97990707019967,39.2836231884058,0.0,-0.0891034339441349,-0.021062050524901,-0.3265069204953316,0.0915725916870042,-0.0021262231019566,0.1499999999999912,0.0299999999999912,-0.0600000000000087,0.0599999999999911,0.0899999999999911,-8.849522181227411e-15,0.179999999999991,0.0899999999999911,-0.1500000000000089,0.2099999999999911,-0.2700000000000089,-0.330000000000009,-0.0900000000000088,0.2099999999999911,0.3707785350254996,0.1985904775853263,0.2699999999999906,0.0899999999999906,0.2099999999999909,0.2999999999999908,0.0599999999999905,-0.0300000000000094,0.3299999999999907,0.0299999999999906,0.0599999999999905,-0.0900000000000091,0.1199999999999907,0.1750207259064321,-8.251177519014163e-15,-0.3995341363141896,-0.1500000000000095,-9.29034627006331e-15,0.0599999999999906,0.0899999999999907,0.0899999999999907,-0.2400000000000091,0.3899999999999908,0.0899999999999909,0.0299999999999908,0.2099999999999909,-0.1200000000000091,0.2699999999999907,3.004941836830405,3.4549283238596127,0.7307960314767408,0.0599999999999907,-0.0900000000000093,0.0299999999999904,-9.585207172274734e-15,0.0599999999999902,0.1199999999999902,-0.1200000000000098,0.26999999999999,0.1499999999999905,0.4799999999999902,7.661817789837808,0.5770857331213755,0.0566554324535826,0.0899999999999899,0.0599999999999899,-0.1800000000000098,0.0599999999999901,0.0299999999999901,0.3299999999999901,-0.2700000000000097,-0.3600000000000098,-0.1200000000000098,0.3299999999999899,12.662766149271224,-0.1919521603791041,-0.3151881998613109,0.0198796435408545,-0.1194784623668196,-0.0301070787314153,0.1608247022504135,0.1799999999999902,0.1204658231465231,-9.579078545445304e-15,-0.0600000000000097,0.0899999999999903,-0.0300000000000096,-9.614754260192214e-15,4.04053043318984,1.1375408683316293,0.940010168723709,1.0706477455414651,1.232415305138573,1.455867716072886,1.2359024468335114,0.7398123211933142,0.7643350661061067,0.7019625525544777,1.2239112630275193,1.2848477853875633,1.4438614409565216,1.7331355630300984,1.7160884329044068,2.035323884893988,1.9960077825815692,1.9819150201079143,2.253629289588565,1.9193731842821211,1.912809678464932,2.095639717571835,1.7324378471446256,2.3140638170042305,2.281803988556782,2.2601324925730517,2.331181352777751,2.921396509547137,2.9787069660988994,3.034555118643361,2.749227695666184,3.341592841923628,3.334951216177209,3.588472867111536,3.958380156690191,3.3404299247671285,3.9533148936971503,4.249873210815161,4.499348580777454,6.152925344914188,6.934314003688505,8.476637041130807,8.291396388620525,7.979999999999994,8.368158732134297,7.919999999999996,7.979999999999997,8.13260038775001,8.009999999999996,8.399999999999997,8.579999999999998,1.5514676389490243,1.5514676389490243,0.1540579710144927,275,87.34328358208955
0.1149999999999996,0.0199999999999998,0.4,400,1.0143478260869565,31.8263768115942,31.376196599514216,31.811304347826088,0.0,-3.723377800082416,-4.7077082685414124,-5.070000000000007,-1.9905964203629145,-0.0050979455041165,0.1199999999999909,0.1499999999999909,-0.2100000000000091,0.0599999999999908,-0.1500000000000089,0.209999999999991,0.2399999999999908,-0.2400000000000089,-0.030000000000009,-0.4500000000000098,-0.1500000000000091,0.0899999999999907,0.1499999999999917,0.4199999999999917,0.5379505595109072,-0.0236236102701803,-0.0600000000000092,0.179999999999991,0.2999999999999909,-0.1200000000000092,0.0899999999999907,-0.120000000000009,-0.1200000000000091,0.2399999999999906,0.0299999999999907,-0.1500000000000092,0.6885076661179197,1.4431577178544766,2.337578423243257,1.0465705572265394,0.7223327510265708,0.1199999999999908,-0.3600000000000096,0.0899999999999907,-0.1200000000000093,0.4199999999999907,-0.2400000000000091,-0.0600000000000093,0.0299999999999908,0.0287265400859024,-0.1500000000000089,0.209999999999991,-0.6255358320043334,0.3686020767564655,-0.2725305578447877,-0.3900000000000077,-0.2400000000000083,0.3599999999999917,0.0299999999999916,0.0599999999999916,-0.2700000000000081,-8.140049375108672e-15,0.1499999999999918,0.3599999999999913,0.2399999999999915,1.142926235672407,0.7772787088260923,0.9289191873198412,0.959999999999992,1.019999999999992,1.169999999999992,0.6599999999999921,1.079999999999992,1.1699999999999922,1.139999999999992,1.2599999999999918,0.7199999999999921,1.199999999999992,0.935546020747806,3.064486653162528,3.0599999999999934,3.2999999999999936,3.359999999999993,2.999999999999994,3.2099999999999933,3.089999999999993,2.9399999999999937,3.539999999999994,3.389999999999994,2.9689191873198424,3.3610212533532784,3.2399999999999936,3.56972485826222,4.347421023153011,3.9299999999999926,3.721021253353279,4.169999999999995,4.109999999999994,4.289999999999994,3.9899999999999936,4.649999999999994,4.4699999999999935,4.439999999999994,5.129999999999995,5.099999999999993,4.739999999999994,4.109999999999992,4.109999999999994,4.499999999999994,4.291142555078445,3.929999999999994,4.049999999999994,4.172916101759138,4.121864868079768,2.5736917468553964,2.974376004997452,3.5739686932640367,4.8879943932548535,4.915596603258726,3.879572920681028,3.8188802018497903,3.069185638550925,2.8749048887849256,2.993359247035589,2.879726697028476,3.0019441161182816,3.0829780987417235,3.1521644855509203,3.299999999999991,2.573687476069157,2.2799999999999896,2.189999999999991,2.129999999999991,2.1299999999999897,2.307835514449061,2.24999999999999,2.2799999999999896,2.2799999999999896,2.3977118665015427,2.279999999999991,2.339999999999991,2.247711866501545,2.429999999999991,1.6246625668318284,1.6246625668318284,0.014347826086956506,276,86.56716417910448
0.1049999999999996,0.0249999999999998,0.4,400,1.010144927536232,29.23086956521739,28.93730272596844,29.216666666666665,0.0,-1.2080200742261713,-2.7315884836588338,-2.85825684793754,-1.108512656418686,-0.0979114054506972,0.2099999999999909,-0.2400000000000089,-0.0600000000000089,0.0899999999999909,-0.4500000000000087,-0.090000000000009,0.209999999999991,0.179999999999991,0.119999999999991,-0.2400000000000089,-0.1814159680832714,0.1199999999999909,-0.2116458192553737,-0.8338072694842801,-0.6296977714751523,0.5961096490817817,-0.0600000000000091,0.3299999999999908,0.2699999999999909,-0.0300000000000091,-0.1200000000000091,-0.2400000000000091,-0.0300000000000091,-0.3600000000000096,0.2699999999999909,0.478173835137627,-0.091572591687022,-1.007539443212883,-1.0063492147704498,0.5565172587374893,1.1428319361665151,1.499999999999989,1.5599999999999887,1.4399999999999886,1.6799999999999886,1.8899999999999888,1.7399999999999889,1.5613431204141055,1.8599999999999888,2.2499999999999885,2.009999999999988,1.981273459914077,1.660969399231924,1.0799999999999903,1.4756105237027597,1.369892197649595,1.2299999999999929,0.7799999999999926,1.25999999999999,1.0799999999999923,0.8699999999999928,0.9299999999999926,1.2899999999999918,1.079999999999992,1.4699999999999884,1.919426725016027,0.7010533292471457,0.6299999999999895,-0.0900000000000075,-0.1500000000000075,0.0299999999999924,0.0599999999999927,0.0299999999999924,0.2399999999999923,0.1799999999999923,-0.1200000000000075,-7.429612480791548e-15,-0.2400000000000074,1.4425997532453343,2.529415716422605,3.7499999999999942,3.211206692354017,3.299999999999995,3.449999999999995,3.479999999999995,3.089999999999995,3.089999999999995,2.819999999999995,3.2699999999999947,3.089999999999995,3.089999999999995,2.669999999999995,2.581084986141017,3.373787566821561,5.131142555078446,4.893068916746333,4.1755338866561615,3.809999999999996,3.689999999999994,4.04795055951091,4.0499999999999945,4.649999999999994,4.769999999999994,5.492049440489078,5.489999999999994,5.442999500355093,5.190665183687433,4.105586096004514,3.1906517445613787,3.594132683250724,3.791043328519653,3.633984258399512,3.691313238893089,2.4289746722053844,2.420475186561606,2.1223084794405302,1.1699999999999933,1.171415968083254,1.862916101759137,1.975681733527716,2.374249931810556,2.2799999999999923,2.159999999999992,2.069999999999992,2.369999999999992,2.369999999999992,2.009999999999992,2.249999999999992,2.519999999999992,2.2799999999999923,2.219999999999993,2.2499999999999933,2.2499999999999942,2.1577118665015487,2.192288133498439,2.369999999999993,2.2799999999999945,2.3999999999999924,2.369999999999993,2.429999999999993,2.4899999999999936,2.3724215767567243,2.0399999999999943,1.6352430698979707,1.6352430698979707,0.010144927536231974,277,85.7910447761194
0.1099999999999996,0.0149999999999998,0.4,400,1.0092753623188406,31.98246376811594,31.688541068351523,31.971304347826088,0.0,-2.331638938778158,-2.0704807874589592,-2.0700000000000083,0.5036610177641068,0.4432986027842428,-0.0300000000000089,-0.1200000000000091,-0.4200000000000092,-0.1800000000000089,0.1799999999999908,0.1799999999999909,0.1499999999999908,0.2399999999999909,0.1799999999999908,-0.270000000000009,-0.3000000000000095,-0.3300000000000096,-1.6534037055023971,-3.1150190317734303,-1.673258310070949,-0.3031390805511453,-0.240000000000009,-0.1800000000000092,0.119999999999991,0.2099999999999908,0.2099999999999907,0.1799999999999909,0.2699999999999909,-9.21259814139189e-15,-0.1800000000000091,0.1214159680832531,-0.3000000000000091,-1.9144844931937008,-2.970000000000009,-1.4349868737785982,-0.2357222569771359,0.2399999999999908,-0.1800000000000092,-0.0300000000000092,-9.337135885010976e-15,0.2099999999999908,0.1799999999999909,0.4199999999999904,0.059999999999991,-0.0600000000000089,0.4499999999999911,0.5711425550784418,2.670681871689825,2.549855343038136,0.6037509615462485,0.162995604920219,-0.1800000000000082,0.2399999999999917,-0.0300000000000083,-0.2400000000000081,-0.4500000000000078,0.0299999999999917,0.2399999999999921,-0.1500000000000083,0.2399999999999915,1.2965401236561815,-0.2584600929955318,-0.1134824766002548,0.0299999999999924,-0.0300000000000074,0.0899999999999922,-0.6000000000000106,-0.0300000000000071,-0.2700000000000077,-0.0600000000000071,-0.0900000000000073,-0.3000000000000088,-7.604974797960835e-15,0.5622390963691217,0.2597214614305829,0.8099999999999923,1.229999999999992,1.3799999999999917,1.229999999999992,1.0499999999999918,0.9899999999999918,1.079999999999992,1.3499999999999917,1.169999999999992,0.9299999999999916,1.1410212533532775,0.869999999999992,-1.2060909121744106,3.0115118410545434,2.608709189021585,2.0099999999999905,2.36999999999999,2.27999999999999,1.5899999999999903,1.4399999999999906,1.3499999999999903,1.7699382576016902,1.5289191873198391,2.1899999999999906,1.8599999999999903,2.3099999999999907,2.18999999999999,1.7699999999999907,2.0099999999999905,2.159999999999991,2.3388574449215382,1.9188574449215392,1.7687933076459694,1.1399999999999906,0.122671508424857,0.0835558109180623,0.1365929022849348,0.3931451833740177,1.4931102574662,2.8617615045471303,4.660154002749124,4.104603637636628,4.598065053665883,6.508632888251944,8.545243020033165,8.669999999999996,8.399582054201407,8.609999999999996,8.729999999999997,8.699999999999996,8.879999999999997,8.939999999999996,8.997835514449067,8.759999999999996,8.819999999999995,8.76204944048908,9.029999999999996,8.999999999999995,8.939999999999996,9.029999999999996,8.909999999999995,8.787835514449066,8.999999999999995,1.7015694338064167,1.7015694338064167,0.00927536231884063,278,85.01492537313433
0.0649999999999996,0.0099999999999998,0.4,400,1.0060869565217392,27.407971014492755,27.242149236531255,27.398695652173917,0.0,-4.576676616578842,-3.930577633932111,-3.120000000000009,-2.7273743242514628,-2.1652551686714743,-2.0151598652828637,-0.7796749746202205,-0.3316571657500583,-0.3000000000000092,-0.0600000000000092,0.1799999999999909,-0.2400000000000091,0.2699999999999909,0.1199999999999909,0.6599999999999909,0.1799999999999908,-0.2400000000000089,0.6562167437716194,0.3320494404890761,0.2099999999999913,0.3878447937644791,-0.060000000000009,0.4199999999999909,0.0599999999999909,-0.1531451833740351,0.1499999999999909,-0.0900000000000091,-0.150000000000009,0.2699999999999908,0.2099999999999909,0.9899999999999912,2.633003132768493,2.569221207176602,2.5222881334984377,0.5766866540919007,-0.3300000000000089,-0.5100000000000088,-0.7800000000000086,-1.3500000000000094,-1.5300000000000102,-1.2000000000000084,-1.0500000000000085,-0.8700000000000084,-0.7485840319167459,-0.9600000000000084,-1.1100000000000083,-1.3200000000000096,-0.8125662337185944,-1.8024215767567395,-2.854165113885796,-2.103968693264055,-2.371415968083271,-2.3700000000000085,-1.5266420435540753,-1.710000000000011,-1.5900000000000098,-2.100000000000009,-2.5813431204141257,-2.3400000000000096,-1.2580580116373363,-0.7792725639350837,-2.431746539752347,-4.230000000000008,-5.250000000000009,-6.298158732134304,-6.810000000000005,-6.150000000000005,-6.118058011637332,-5.7900000000000045,-5.520000000000009,-5.159401132051453,-4.52815873213431,-4.710000000000009,-2.199923956840771,0.1031519774316532,2.002891456253958,5.7340248576055615,7.969002231080482,8.909999999999998,9.24157259168701,9.51199735744725,9.449999999999998,9.986765571525758,10.853765078226038,10.918507666117923,11.275748549963362,10.952900262915014,11.547433766281411,9.523948439187013,7.987386197427818,6.289869701740981,5.429999999999998,5.129999999999998,5.008258409200669,4.562140366804008,4.289999999999997,4.439999999999997,4.499999999999997,4.349999999999997,4.559999999999998,4.4099999999999975,4.259999999999998,4.319999999999998,4.4999999999999964,4.319999999999997,4.379999999999996,4.229999999999997,4.077950559510913,4.259999999999998,4.049999999999998,4.409999999999997,4.2899999999999965,4.4099999999999975,4.229999999999997,4.469999999999996,4.4999999999999964,4.467835514449068,4.2020494404890805,4.4121644855509246,4.139999999999997,4.319999999999997,4.559999999999997,4.557835514449066,4.649999999999997,4.559999999999997,4.439999999999995,4.529999999999997,4.497711866501549,4.469999999999996,4.739999999999996,4.349999999999995,4.439999999999997,4.559999999999995,4.467711866501549,4.379999999999996,4.502288133498442,4.322288133498441,4.497711866501549,1.7465131635741251,1.7465131635741251,0.006086956521739184,279,84.23880597014926
0.0249999999999995,0.0099999999999998,0.4,400,1.0066666666666666,23.07913043478261,22.926288511373453,23.06869565217391,0.0,8.177602894486817,2.5417906959808656,-3.9300000000000046,-3.842421576756737,-3.480000000000006,4.649999999999992,4.739607436256172,4.919999999999991,-2.9700000000000046,-3.210000000000006,-3.50988495493816,-3.6600000000000046,-3.960000000000005,-4.170000000000005,-4.230115045061851,3.2699999999999907,-3.9300000000000046,-4.83025709120581,-5.757578423243274,-5.010000000000008,-4.560000000000006,-5.190000000000005,-5.07204944048909,-4.4998925478735945,-3.5100000000000047,-4.257950559510921,-3.720000000000005,-4.590000000000006,-4.056502059538465,-4.979876352052488,-3.422164485550934,-3.962506625540096,-2.8450121895246885,-2.7300000000000075,-1.5647097102551846,-1.2321644855509368,-0.870000000000008,-0.6600000000000086,-1.041487325645079,-0.3947732457706803,0.2079505595109063,0.2099999999999903,1.0199999999999911,-0.1222881334984549,0.0898763520524738,0.8099999999999921,1.109999999999992,0.8727238052815781,0.5974337662814045,1.5025662337185783,1.6799999999999906,1.6799999999999913,2.0399999999999903,2.1899999999999906,3.2379505595109084,3.50578607395998,3.932164485550922,4.229999999999993,4.589999999999993,4.439999999999994,4.08256623371858,4.199999999999994,5.039999999999995,4.319999999999993,4.44228813349844,4.079999999999993,4.529999999999995,4.564452619049368,4.5899999999999945,4.199999999999993,4.439999999999994,4.322164485550924,4.559999999999995,4.898299848231614,4.290257091205796,4.982164485550923,4.769999999999995,4.709999999999993,4.592164485550922,4.587711866501547,4.739999999999994,4.439999999999994,4.409999999999994,4.139999999999995,4.2927238052815815,4.319999999999994,4.199999999999994,3.359999999999994,4.559999999999994,4.38228813349844,4.379999999999995,4.287711866501549,3.7799999999999945,3.752288133498441,3.1197775028117367,2.9699999999999944,3.149999999999993,2.7899999999999943,2.639999999999993,2.759999999999993,2.879999999999994,3.0621644855509227,2.759999999999993,2.7899999999999943,2.5199999999999947,2.7899999999999943,2.879876352052477,2.942421576756725,2.819999999999995,2.669999999999994,2.997835514449065,2.6999999999999944,2.909999999999993,2.8822881334984403,3.4521644855509237,2.9699999999999944,3.0622881334984418,3.1799999999999944,3.329999999999993,3.002288133498441,3.0321644855509224,3.059999999999994,3.179999999999995,3.2099999999999937,3.059999999999992,3.630278100220134,3.235290289744816,3.777578423243265,3.8052902897448178,4.1447097102551735,4.105502555343826,4.439999999999997,4.349999999999997,4.439999999999995,4.589999999999996,4.7323606578194894,4.799999999999996,4.952421576756729,1.7557797116273055,1.7557797116273055,0.006666666666666599,280,83.46268656716418
0.0799999999999996,0.0149999999999998,0.4,400,1.0095652173913043,28.18,27.9130060292851,28.1663768115942,0.0,-5.011824414652084,-5.209256022757455,-4.830000000000005,-2.8424571822595066,-0.4756768007933981,0.1199999999999907,-0.1800000000000091,-0.060000000000009,0.1199999999999908,0.5099999999999907,0.1499999999999909,0.0599999999999909,-0.1800000000000089,-0.2700000000000089,0.1199999999999908,0.4499999999999911,0.0299999999999909,-0.1521274253983539,0.6899999999999922,1.4422881334984374,0.1291219551623627,-0.1800000000000091,0.179999999999991,0.2084274083129779,-0.3300000000000089,-0.090000000000009,-0.1500000000000091,0.0899999999999909,-9.14823772291129e-15,-0.3600000000000092,0.6567702425629289,1.1399999999999917,2.675145382038309,2.339855343038136,0.7283552763637499,0.2700763657987995,0.0299999999999909,0.0599999999999908,0.2699999999999909,-0.2100000000000091,0.2099999999999908,-0.0900000000000092,-0.1500000000000091,-0.0900000000000091,-0.0900000000000089,0.149999999999991,0.4499999999999907,0.7271248732893335,1.1399999999999917,0.428672907077689,1.3799999999999903,1.889999999999992,2.30999999999999,2.219999999999992,2.01006966050002,2.5499999999999896,2.039999999999992,2.249999999999992,2.071343120414109,1.979999999999992,2.39956352732304,1.872625546066844,1.2568852722202033,1.0799999999999912,1.2599999999999916,1.5599999999999905,1.3499999999999917,1.3499999999999912,1.1099999999999917,1.1987265400859028,0.8399999999999918,1.0499999999999916,0.8999999999999916,1.626078201533809,1.859861316498168,1.7449090475879303,0.847820837846981,-0.0508056877893219,0.0599999999999922,-0.1500000000000077,-0.6900000000000083,-0.4187265400859198,-0.4800000000000097,-0.4500000000000089,-0.0600000000000077,-0.3900000000000094,-0.7500000000000088,0.2010026647984067,1.888727860780824,2.28145310838151,1.794326646268318,1.8545756832024545,3.268726540085903,3.869999999999993,3.726493880678399,3.2117465397523324,3.3338665719444,4.1399999999999935,4.32546102714611,5.367811627897453,6.233845385815381,4.986785846406017,3.846198990801416,3.8801298221228193,4.283603388116696,4.439999999999994,4.469999999999994,4.199999999999994,4.409999999999993,4.169999999999995,4.197950559510909,4.169999999999995,4.499999999999995,4.499999999999995,4.319999999999993,4.229999999999994,4.259999999999994,4.529999999999993,4.559999999999993,4.409999999999993,4.377835514449065,4.439999999999993,4.409999999999993,4.589999999999993,4.499999999999993,4.619999999999993,4.619999999999993,4.4699999999999935,4.349999999999993,4.169999999999993,4.589999999999993,4.709999999999993,4.589999999999993,4.829999999999993,4.709999999999993,4.562288133498439,4.529999999999993,4.499999999999993,1.7730846135879703,1.7730846135879703,0.009565217391304337,281,82.68656716417911
0.1749999999999997,0.0149999999999998,0.4,400,1.021014492753623,36.67405797101449,35.91923349893541,36.59246376811594,0.0,-1.48365983419743,-1.8710363698840051,-1.0500000000000071,-0.2365962944976212,-0.2124973159157369,-0.0900000000000093,-0.0300000000000092,0.0599999999999906,0.0299999999999908,0.0899999999999908,-0.0300000000000089,0.0899999999999915,0.0899999999999914,-0.0300000000000084,-0.1500000000000084,0.0599999999999917,0.0299999999999916,0.2671680638334659,-9.068301665138281e-15,0.36174653975233,-0.2636168804654353,-0.0300000000000079,0.1199999999999919,-0.030000000000008,-0.0600000000000082,-0.2400000000000079,-0.1500000000000083,-0.360000000000008,-0.1500000000000086,-0.1500000000000085,0.0299999999999916,0.2099999999999915,-0.5925991220207056,-2.1300000000000106,0.0039059663235801,-0.0900000000000088,-0.2700000000000088,0.1199999999999911,-0.0900000000000088,-0.1200000000000088,0.2099999999999911,0.0899999999999911,0.3599999999999911,0.029999999999991,0.1199999999999909,-0.270000000000009,0.0299999999999911,-2.0269636237734643,-3.0900000000000074,-0.4432456461150404,-0.3095386072828027,-9.419132140919828e-15,-0.0300000000000095,-0.0891461520023365,0.1499999999999904,-9.49018641449584e-15,-0.2400000000000093,0.1199999999999905,0.0599999999999905,-0.0900000000000094,4.267275635538921,0.6972327694177397,0.53999999999999,0.4799999999999901,0.3299999999999907,0.2399999999999905,-0.1500000000000091,-0.0900000000000094,-0.0300000000000094,0.2099999999999908,0.2099999999999907,0.2099999999999907,-0.0300000000000094,2.547123966176001,1.3338352319648996,0.7065169465333898,0.6546067416784855,0.5349377944337241,0.5266408317614777,0.478989510522716,0.5389895105227162,0.5689895105227161,0.8697036544916911,1.1997036544916908,0.7797036544916908,0.688556242127286,0.7618345668206312,-7.502720225964308,-2.8997185665506917,-3.207410924021448,-3.401674771495343,-4.158504028837848,-3.929466114072412,-4.757539961389531,-4.13339795097972,-4.720431272760976,-4.723126568213968,-5.070000000000008,-5.220000000000008,-5.010000000000007,-5.130000000000007,-4.950000000000006,-4.890000000000007,-5.130000000000007,-5.220000000000007,-5.250000000000007,-4.920000000000007,-5.100000000000007,-4.828158732134308,-5.250000000000007,-4.980000000000007,-5.070000000000006,-4.950000000000006,-4.7400000000000055,-5.340000000000007,-5.280000000000008,-5.220000000000007,-5.400000000000007,-5.160000000000007,-5.040000000000006,-4.620000000000006,-4.740000000000006,-5.099036314196987,-4.650000000000007,-5.220000000000007,-4.590000000000006,-5.190000000000007,-4.62344748561985,-3.5889334418408514,-4.61918027093482,-5.330707528356112,-4.817775079231146,-5.847765707831279,-5.870168294488448,-6.923875330547183,-8.709568084760635,-7.2063935495087375,-5.968291263865978,-1.8325270327706717,1.8325270327706717,0.021014492753623104,282,81.91044776119404
0.0849999999999996,0.0049999999999998,0.4,400,1.0102898550724635,31.24768115942029,30.92942189069,31.237246376811598,0.0,-3.5958856003276702,-2.0612311957462985,-2.173043203535337,-1.4662236908851278,-1.197863947808071,-0.5414923338820798,-0.4200000000000091,0.1799999999999909,-0.060000000000009,0.149999999999991,-0.360000000000009,0.0299999999999907,-0.0600000000000092,0.0299999999999909,-0.0600000000000092,-0.1800000000000092,0.0299999999999908,-0.3917465397523479,-0.030000000000009,0.1499999999999912,0.4151210270454975,0.2099999999999907,0.0299999999999908,0.2999999999999909,0.3599999999999909,0.0299999999999908,0.0299999999999909,-9.256686566550076e-15,-0.0600000000000091,-0.1800000000000091,0.5099999999999908,0.98850766611792,1.3480350841867732,1.7440988809781592,0.744163197554772,-0.1200000000000092,0.2399999999999908,0.0012734599140793,-0.2400000000000091,0.2399999999999908,0.1199999999999907,-0.0300000000000092,0.0299999999999907,-0.1800000000000091,-0.0300000000000092,-0.2400000000000091,0.1199999999999907,0.6378533819386282,0.7477118665015462,0.3405637984200128,-0.2086568795858915,0.0299999999999906,0.0599999999999906,-0.0600000000000092,0.5399999999999904,0.5399999999999904,0.1199999999999909,-0.150000000000009,0.0899999999999911,0.3899999999999903,1.8108976676587452,-0.1219027615612435,-0.5087933076459878,-0.0300000000000089,0.5099999999999909,-0.2100000000000083,0.1511425550784427,-0.0600000000000085,0.2699999999999913,0.2111425550784425,-0.2100000000000084,0.2999999999999909,0.3299999999999908,1.974227221413858,2.1023456156304405,2.3399999999999874,2.309999999999987,2.099999999999988,2.4299999999999877,2.429999999999988,2.6099999999999888,2.1599999999999877,2.039999999999988,2.339999999999988,2.46114255507844,2.279999999999988,2.5199999999999885,2.3476389726838125,3.067024541672761,3.419267797159407,3.389999999999989,4.439999999999996,4.619999999999996,3.7199999999999935,3.959999999999996,3.809999999999996,2.7599999999999887,2.791572591687004,2.3962328489525,2.0402856415280413,1.8552055000279324,1.471206692354013,0.6000802578049341,-0.1834133255305227,0.2096859546640596,-0.528265195514199,-0.9585076661179364,-1.0813580339771325,-0.9401998354139643,-1.4080257863798014,-1.176971821737494,0.0385570693743984,0.1414324959302503,1.205519586127965,2.73726276447328,2.944980578679591,3.56509434058741,4.829999999999996,6.600510200440908,7.843024275330981,8.457950559510913,8.699999999999998,8.429999999999998,8.729999999999997,8.548058011637325,8.669999999999998,8.489999999999998,8.729999999999997,8.757950559510912,8.697950559510911,8.73204944048908,8.699999999999998,8.489999999999998,8.729999999999997,8.729999999999995,8.849999999999996,8.939999999999996,8.669999999999998,1.8735738162850164,1.8735738162850164,0.010289855072463494,283,81.13432835820896
0.0399999999999995,0.0099999999999998,0.4,400,1.0053623188405798,24.557391304347828,24.426409110566528,24.549130434782608,0.0,-0.4092926198704434,-0.6440160912682438,0.3277118665015446,0.0301334432582785,-0.6919419883626814,-0.750000000000008,-0.6339686932640548,-0.8979505595109234,-0.9000000000000078,-0.3900000000000079,-0.3000000000000086,0.4499999999999921,0.0599999999999913,0.4499999999999912,0.3882534602476526,0.2699999999999911,0.5399999999999916,1.0799999999999912,0.8145762669968842,0.5099999999999905,0.3524368687110805,0.3899999999999917,0.6599999999999915,0.5099999999999913,0.3899999999999912,0.2699999999999909,0.0599999999999909,0.2999999999999914,0.2681587321342916,0.2399999999999911,0.9899999999999922,2.395893526086389,0.9024215767567229,0.874843153513454,1.7399999999999909,1.5299999999999907,1.5581587321342925,1.589999999999992,1.9799999999999929,2.5199999999999942,2.7899999999999943,4.289999999999996,5.189999999999997,4.319999999999996,3.419999999999994,2.849999999999996,3.3341064739135984,3.36256623371858,2.847433766281409,3.1445811279537508,3.7757698781388775,4.7381587321342975,4.708058011637324,4.589999999999996,5.009999999999996,4.3220494404890815,3.4799999999999964,3.5438045533626816,3.0899999999999967,3.2999999999999967,2.8199999999999945,2.79885909874456,3.119999999999996,3.0899999999999967,3.329999999999996,3.2699999999999965,3.059999999999996,2.7297918273766117,2.5499999999999954,2.492049440489079,2.2199999999999966,2.309999999999996,1.9799999999999969,2.3948546179616765,2.39988495493815,2.2521644855509235,2.067835514449067,2.099999999999996,2.187950559510912,2.1599999999999957,2.1299999999999955,2.039999999999996,2.097835514449066,2.1299999999999955,2.307835514449067,2.1599999999999957,2.427835514449066,1.9199999999999957,2.162164485550924,2.3399999999999954,2.099999999999996,2.1599999999999957,2.309999999999996,2.279999999999996,2.0121644855509246,2.1599999999999957,2.519999999999996,2.369999999999996,2.099999999999996,2.309999999999996,2.099999999999996,1.9822881334984408,2.2199999999999958,2.007835514449066,2.039999999999996,2.309999999999996,2.3399999999999954,2.039999999999996,2.099999999999996,2.0999999999999965,2.2199999999999958,2.009999999999996,2.3399999999999954,2.309999999999996,2.4899999999999958,2.2199999999999958,2.1599999999999957,2.037835514449066,1.9499999999999955,2.609999999999994,2.3999999999999955,1.9199999999999968,2.2199999999999958,2.1622881334984414,2.369999999999996,2.249999999999996,2.1899999999999955,2.1899999999999964,2.2199999999999958,2.4599999999999964,2.2799999999999967,2.3725662337185813,2.547578423243264,2.2199999999999966,2.4299999999999957,1.949999999999996,2.6099999999999954,2.279999999999996,1.9924895931740592,1.9924895931740592,0.005362318840579805,284,80.35820895522389
0.1449999999999996,0.0149999999999998,0.4,400,1.0146376811594202,35.55449275362319,35.0415654906442,35.53753623188406,0.0,-1.4048959958965648,-1.187859327224038,-1.532164485550937,-0.0877464252808955,-0.0586456422782843,-0.3300000000000094,0.0899999999999907,0.2699999999999908,0.2999999999999908,-0.150000000000009,0.0899999999999907,-0.0900000000000093,-0.240000000000009,0.0299999999999906,-9.359340345503481e-15,0.0899999999999906,-0.0300000000000093,0.2099999999999909,0.2099999999999909,-0.3900000000000087,-0.3066494428817772,-0.1500000000000091,-0.060000000000009,-0.0900000000000087,0.1199999999999913,0.4499999999999919,0.1499999999999915,-0.0600000000000084,-0.1200000000000083,-0.420000000000008,0.0312734599140793,0.3012066923540117,-1.003876491636725,-1.4700000000000075,0.0102121505004651,0.0599999999999918,0.0599999999999918,-8.117950756059145e-15,0.0899999999999917,-8.244463260144924e-15,0.2699999999999916,-0.0600000000000082,-0.3000000000000085,0.2399999999999914,0.0299999999999914,-8.624212455288217e-15,0.2399999999999919,1.7064649123974385,2.2151456327829586,0.2277916649053681,-0.1790363141969899,-0.2100000000000087,-0.0900000000000088,0.0899999999999911,0.0299999999999911,-0.0300000000000089,0.1199999999999911,-0.1200000000000088,-0.1800000000000087,-8.788525462932739e-15,2.3918513352520985,-0.0508588609627891,-8.977611602107321e-15,-0.0600000000000089,0.1799999999999911,-0.2100000000000089,0.0899999999999909,0.0599999999999909,0.2699999999999908,-0.2700000000000092,0.1799999999999908,0.149999999999991,-0.4800000000000091,-1.5714532953047498,-1.346530911478986,-1.2995255960721628,-1.1400000000000086,-1.0200000000000082,-0.9900000000000088,-0.9900000000000088,-0.6600000000000088,-0.9600000000000084,-0.7800000000000087,-1.2300000000000102,-0.8700000000000085,-1.3200000000000092,-1.0500000000000087,-2.201616366511628,-1.4425696350548254,-2.3400000000000105,-2.100000000000011,-2.13000000000001,-2.1000000000000103,-2.3690920633862005,-2.280000000000012,-2.1600000000000104,-2.07000000000001,-2.0100000000000104,-2.4900000000000118,-2.19000000000001,-1.9500000000000104,-1.858158732134311,-2.19000000000001,-2.2800000000000105,-2.3100000000000103,-2.0100000000000104,-2.1600000000000104,-1.8000000000000105,-1.9500000000000104,-1.89000000000001,-2.46000000000001,-2.28000000000001,-2.49000000000001,-2.16000000000001,-2.3700000000000103,-2.610000000000011,-2.22000000000001,-1.7410212533532958,-2.31000000000001,-2.580000000000009,-2.28000000000001,-2.220000000000009,-1.8254660118961576,-2.1471819127503444,-2.5960118116434656,-3.31872546592279,-6.981437922679568,-8.481072526202011,-9.777588792200438,-13.231250904911809,-15.900000000000002,-16.91664449508212,-17.299681351524246,-17.400000000000002,-17.67,-17.610000000000003,-17.70216448555093,-17.490000000000002,-2.014094062836693,2.014094062836693,0.014637681159420213,285,79.58208955223881
0.0949999999999996,0.0199999999999998,0.4,400,1.0105797101449276,28.911739130434785,28.60906353076151,28.89695652173913,0.0,-0.3605307714212896,-1.0145054483749123,-0.5400000000000086,-0.6393351754483609,-0.2920420233127763,-0.300000000000009,-8.979483823168266e-15,0.269999999999991,0.3599999999999912,-0.3900000000000089,0.0299999999999911,-0.4500000000000086,0.059999999999991,-0.030000000000009,-0.150000000000009,-0.090000000000009,0.419999999999991,0.446031306735946,1.0844526190493669,1.1399999999999917,0.4609227801694013,-0.1157674773741127,0.0599999999999908,-9.285905377964811e-15,0.2699999999999908,0.0299999999999908,0.029999999999991,0.239999999999991,0.4799999999999906,-0.1800000000000091,-0.7783428342499596,-1.3500000000000103,-1.2998673348323178,-1.832566233718596,-1.281383010255515,-1.41000000000001,-1.41000000000001,-1.3486568795858935,-1.6800000000000106,-1.65000000000001,-1.7700000000000102,-1.8600000000000103,-2.0100000000000096,-2.13000000000001,-2.160000000000009,-2.5200000000000107,-2.2200000000000104,0.5843953426173574,1.592896349235256,1.993436258241436,2.5499999999999905,3.059999999999992,2.879999999999992,2.939999999999992,2.9399999999999924,3.2699999999999925,3.179999999999992,2.9099999999999926,2.8199999999999927,2.5799999999999903,4.536280181504276,2.723690382379552,1.2599999999999911,1.28999999999999,1.2599999999999918,0.9599999999999922,0.7199999999999922,1.0199999999999918,1.49999999999999,0.7499999999999923,1.079999999999992,1.0499999999999925,1.229999999999991,1.1033308410167375,1.2737326115878853,1.178196530255334,0.5412066923540132,1.0512066923540129,1.079999999999992,0.7499999999999918,1.0199999999999916,0.5999999999999918,0.7199999999999913,1.561206692354012,1.5899999999999903,1.5599999999999905,1.1999999999999915,1.7599211149546434,3.2445538496444613,3.6291177679180775,4.021343120414112,3.209999999999994,3.3312734599140827,3.2699999999999947,3.749999999999994,4.499999999999996,4.378290590594872,4.702481348055461,5.209151596821639,5.195640728404981,6.4936384477325575,7.409999999999997,8.13559967133633,6.843307198845891,5.731990749555962,5.069968936086136,4.778929464495289,4.305029748622444,4.425388295741473,4.499999999999993,4.826422402234698,5.186195446637311,5.609999999999996,5.5499999999999945,5.341492333882066,4.827578423243264,4.289999999999993,4.619999999999994,4.349999999999994,4.499999999999995,4.319999999999994,4.499999999999993,4.4699999999999935,4.439999999999993,4.619999999999993,4.709999999999993,4.349999999999994,4.559999999999994,4.319999999999996,4.559999999999993,4.5899999999999945,4.619999999999994,4.649999999999994,4.587711866501548,4.682288133498441,4.469999999999994,4.769999999999993,4.499999999999995,2.019893498452289,2.019893498452289,0.010579710144927645,286,78.80597014925374
0.1199999999999996,0.0149999999999998,0.4,400,1.0117391304347827,33.09913043478261,32.71508379888268,33.08608695652174,0.0,-2.4407264221795155,-3.358948379788747,-3.11783551444908,-1.0347693357868395,-0.2924347862172817,0.1499999999999908,0.0299999999999907,-0.120000000000009,-0.1800000000000092,0.2099999999999909,0.2999999999999908,-9.225600321860572e-15,-0.0300000000000091,0.0599999999999909,-0.0300000000000091,-0.2700000000000089,-0.3000000000000091,-0.153398756549385,-0.5365866744694947,0.0036029411994397,-0.2611390342882245,-0.3600000000000094,0.0899999999999906,-0.1487265400859206,-0.0300000000000092,0.1799999999999908,-0.2400000000000091,0.1499999999999907,0.0599999999999906,-9.315892911998935e-15,0.1499999999999907,-0.3000000000000091,-1.01204362250402,-1.6178355144490808,0.6269755956287292,-0.0900000000000091,0.269999999999991,-0.2100000000000087,0.0599999999999912,0.5399999999999915,-0.2100000000000083,0.2699999999999914,0.0299999999999915,-0.1800000000000083,-8.384404281969182e-15,-0.0900000000000082,0.0899999999999909,1.3610245808969572,1.384854367217024,1.025902599451514,0.9470043950797652,0.8699999999999929,0.9299999999999926,1.1099999999999923,1.1999999999999926,0.9599999999999926,1.0199999999999927,0.6289191873198415,0.9299999999999926,0.9599999999999926,2.9362839051086995,1.9740573551085876,2.0099999999999865,2.399999999999986,2.3699999999999863,1.8599999999999863,1.769999999999986,1.799999999999986,2.3699999999999863,1.8599999999999863,2.0099999999999865,1.8599999999999863,2.1299999999999866,3.1205661599002297,2.268815459909185,2.3399999999999865,1.8899999999999864,2.459999999999986,2.0999999999999863,2.1599999999999864,2.0099999999999865,2.0699999999999865,2.189999999999986,1.7399999999999864,2.5199999999999863,2.2209636858030053,1.7099999999999864,2.3049592819143503,0.1303973410189989,0.1199999999999914,-0.2400000000000084,-0.3900000000000082,-0.1500000000000084,0.3599999999999915,-0.1500000000000085,-8.424372310855687e-15,0.2989787466467056,0.2399999999999917,0.2699999999999886,0.2099999999999904,0.2989191873198364,-0.1500000000000082,-0.4200000000000086,-0.1810808126801593,-0.1800000000000083,0.1499999999999913,0.1210212533532771,-0.1500000000000083,0.059999999999991,0.56999999999999,0.8099999999999892,1.2599999999999896,0.8399999999999896,-0.1800000000000085,-0.7756489372137209,-1.7265002599856345,-1.6844387308117863,1.6225521941863172,3.0330830915817955,4.190755029464533,5.745094499345051,6.142138223146295,7.001772834147268,10.585642124919508,13.044964397054231,13.73979182737661,13.48006422591493,13.169999999999996,13.139999999999995,13.289999999999996,13.289999999999996,13.499999999999996,13.319999999999997,13.199999999999996,13.199999999999996,13.25771186650155,13.589999999999996,13.169999999999996,2.0617007466308293,2.0617007466308293,0.011739130434782696,287,78.02985074626866
0.0749999999999996,0.0149999999999998,0.4,400,1.007536231884058,27.52130434782609,27.315448791714616,27.51,0.0,-2.457289266058149,-1.1348546179616898,-0.5777116157569138,-1.393932709205116,-1.216505848254816,-0.3300000000000091,-0.2100000000000091,0.0899999999999907,0.1199999999999908,-0.2100000000000091,-0.5100000000000093,0.0915725916870038,-0.120000000000009,-0.2684274083129959,-0.2700000000000092,-0.1500000000000091,-0.270000000000009,0.3896843752501951,0.4861256916157361,0.0322881334984371,-0.0620957845315568,-0.060000000000009,0.059999999999991,0.2999999999999909,0.239999999999991,-0.150000000000009,-0.030000000000009,-0.2400000000000089,-0.2400000000000089,-0.5100000000000091,-0.7500000000000088,-0.4482534602476697,-1.017578423243276,0.2699999999999907,1.3097340565911293,1.018507666117921,0.5999999999999905,0.8999999999999928,0.9899999999999928,1.2299999999999929,1.4999999999999878,1.229999999999992,0.8999999999999928,1.0799999999999896,0.7499999999999925,0.6599999999999908,0.661492333882063,1.4096977714751366,1.737433766281405,0.1146928551572366,0.2999999999999905,0.2399999999999889,0.0014159680832514,0.1499999999999885,-0.028584031916748,0.0899999999999894,-0.0913431204141292,-0.3900000000000105,-0.541343120414128,-0.8700000000000113,-1.7126256079971571,-0.7529774108220342,-1.34865687958589,-1.0800000000000085,-0.930000000000009,-0.991273459914096,-0.6000000000000101,-0.7186568795858913,-0.8100000000000075,-1.1700000000000077,-1.5600000000000092,-1.2600000000000076,-1.080000000000008,-2.169703572264856,-2.4530188606532546,-4.154733590042647,-4.2850734077900645,-4.228656879585889,-4.440000000000007,-3.960000000000006,-3.961841267865705,-3.7736033881167095,-3.9000000000000057,-3.893867971031109,-3.871492333882076,-3.989501852548424,-3.346746258635042,-4.05298758916762,-3.25315464012966,-3.593754033386175,-4.643131419427392,-5.24455579093486,-5.115402782427266,-5.098054224550607,-4.500000000000007,-4.207938647320336,-4.014417302648525,-4.051657165750056,-3.3352491872085763,-3.512049440489091,-3.4500000000000086,-3.810000000000009,-4.140000000000009,-4.290000000000007,-4.530000000000008,-4.440000000000008,-4.530000000000008,-4.500000000000008,-4.11000000000001,-4.440000000000008,-4.620000000000008,-4.470000000000009,-4.29000000000001,-4.67783551444908,-4.4700000000000095,-4.440000000000009,-4.350000000000009,-4.497950559510925,-4.3500000000000085,-4.4700000000000095,-4.4700000000000095,-4.320000000000011,-4.53000000000001,-4.530000000000009,-4.557711866501564,-4.34766704089477,-4.650000000000009,-4.26000000000001,-4.6800000000000095,-4.62000000000001,-4.47000000000001,-4.62000000000001,-4.740000000000008,-4.50000000000001,-4.620000000000009,-4.3500000000000085,-4.472288133498455,-4.620000000000008,-2.064445718516624,2.064445718516624,0.007536231884057942,288,77.25373134328359
0.0549999999999996,0.0199999999999998,0.4,400,1.006231884057971,23.88608695652174,23.738153535935474,23.8763768115942,0.0,-3.67699426002965,-4.2956152888565695,-3.4222640051937403,-2.520392826325732,-2.982353050083048,-1.1037668562578518,-0.688158732134309,-0.0239257019053583,0.1499999999999917,-0.1200000000000088,-0.5700000000000089,0.1799999999999911,-0.1500000000000088,0.1217465397523299,0.3899999999999911,-0.0600000000000091,-0.030000000000009,-0.9320494404890928,-0.9322881334984544,-1.0828963492352743,-0.2380580116373354,0.179999999999991,0.2399999999999919,-9.2192919964873e-15,-0.1218412678657081,-0.0600000000000092,-8.757439218243234e-15,0.3899999999999917,-0.0300000000000083,-0.1800000000000094,0.6642139260400044,0.8699999999999922,0.7258101847217837,-0.3000000000000089,-2.606031306735961,-4.110000000000007,-4.768342834249958,-4.07783551444908,-4.67642240223471,-4.110000000000008,-3.662164485550936,-4.437950559510922,-4.284233818168542,-5.192164485550934,-6.062582431349524,-5.822164485550933,-5.123782443001852,-5.06928445700897,-4.532913835486535,-3.2568570716271403,-2.9097310842037043,-2.183297962506082,-1.982164485550935,-1.4400000000000086,-1.7100000000000062,-2.1000000000000094,-1.8000000000000094,-1.712049440489091,-1.534019642079136,-1.350000000000008,-2.846913620559802,-1.853174198668832,-1.680000000000009,-2.070000000000009,-2.100000000000008,-2.042288133498456,-2.370000000000009,-2.190000000000008,-2.3400000000000083,-2.280000000000009,-2.370000000000009,-2.1900000000000106,-2.0400000000000107,-2.280000000000009,-2.203222596994129,-2.130000000000009,-2.190000000000009,-2.3100000000000094,-2.3100000000000094,-2.2500000000000107,-2.340000000000009,-2.3100000000000094,-2.1320494404890944,-2.2500000000000107,-2.3700000000000103,-2.3100000000000107,-2.1000000000000103,-2.419057423394476,-2.2201334432582955,-2.2800000000000105,-2.1900000000000106,-2.3100000000000107,-2.1300000000000106,-2.2500000000000107,-2.2500000000000093,-2.0400000000000107,-2.2500000000000093,-2.247835514449081,-2.2200000000000104,-2.1300000000000106,-2.4022881334984563,-2.370000000000009,-2.370000000000009,-2.282288133498456,-2.370000000000009,-2.1000000000000094,-2.4600000000000093,-2.340000000000009,-2.552288133498454,-2.430000000000009,-2.1000000000000094,-2.3100000000000094,-2.4600000000000093,-2.252421576756741,-2.490000000000008,-2.3100000000000094,-2.4300000000000077,-2.3400000000000083,-2.430000000000008,-2.280000000000008,-2.4600000000000084,-2.160000000000009,-2.400000000000007,-2.220000000000008,-2.4900000000000078,-2.2475784232432776,-2.550000000000007,-2.4900000000000078,-2.160000000000008,-2.280000000000008,-2.1600000000000072,-2.4600000000000093,-2.3725662337185933,-2.5200000000000085,-2.337276194718421,-2.4000000000000083,-2.310000000000008,-2.397578423243277,-2.0899404756651556,2.0899404756651556,0.006231884057970927,289,76.47761194029852
0.0949999999999996,0.0049999999999998,0.4,400,1.0102898550724635,32.451884057971014,32.12135991966719,32.43985507246377,0.0,-2.5615143248186736,-2.34777886986036,-2.307950559510924,-0.7818185322779968,-0.7640984223356228,-0.3327516376208032,-0.2700000000000092,-0.270000000000009,0.1199999999999909,-0.0600000000000091,0.0299999999999908,-0.090000000000009,0.4199999999999903,0.1499999999999908,0.0299999999999907,-0.2400000000000092,-0.3600000000000096,-0.1784274083129957,0.4533143315000901,-0.0917616733337574,-0.1512702727449814,-0.1500000000000091,-0.0600000000000091,0.209999999999991,-9.105696235201057e-15,0.4499999999999908,-0.1500000000000091,0.1799999999999908,0.2699999999999908,0.1499999999999908,0.1499999999999908,0.1514159680832529,-0.0640196420791354,0.0579505595109071,0.1283006438611898,-0.2100000000000092,0.2699999999999907,-0.0300000000000092,0.0299999999999907,0.3299999999999907,0.4499999999999907,-0.4200000000000093,-0.1200000000000091,-0.150000000000009,0.0299999999999908,-0.3600000000000088,-9.201528428093295e-15,2.548447420553675,2.22216448555092,0.9610591213252928,-0.2400000000000085,-0.1200000000000084,-0.3600000000000081,-0.1500000000000082,0.0899999999999916,-0.0300000000000084,-0.1800000000000079,-0.8400000000000073,-0.2400000000000084,-0.3600000000000085,-1.7300142354208854,-0.591046547480289,-0.2700000000000079,0.0299999999999916,-0.2100000000000081,0.0299999999999917,0.1499999999999916,0.0899999999999917,0.1499999999999919,-0.3600000000000081,-0.0600000000000083,0.3299999999999917,-0.2100000000000083,0.9829730775271108,0.4442227874529953,0.2657674773740957,0.2989191873198414,0.9599999999999927,0.9589191873198416,1.2299999999999929,1.1699999999999928,1.3199999999999894,1.0799999999999923,1.2299999999999915,1.2299999999999929,0.9899999999999924,1.0499999999999927,2.4413186731607475,3.628335607712024,4.115772167114581,3.749999999999989,3.901080812680141,3.53999999999999,3.839999999999989,3.5099999999999887,3.869999999999989,3.989999999999989,4.169999999999989,4.769999999999991,4.439999999999989,4.58999999999999,4.46999999999999,4.67999999999999,4.439999999999989,3.86999999999999,4.469999999999988,4.439999999999986,4.381206692354009,3.790797906613258,2.611492333882062,3.0554160855570154,2.6781513911795862,2.743600050614357,2.8579066452140696,3.0777547824852047,2.978175893935795,3.1190827108038537,4.651273459914084,6.064755989385443,8.248541241413683,8.641413790615438,8.13494005942522,7.768253460247656,7.768584031916731,8.429999999999994,8.399999999999995,8.429999999999994,8.699999999999994,8.639999999999993,8.845901119021825,8.60805801163732,8.609999999999994,8.549999999999994,8.57795055951091,8.759999999999994,8.609999999999994,8.639999999999993,8.849999999999994,2.0981939536085292,2.0981939536085292,0.010289855072463494,290,75.70149253731341
0.0349999999999995,0.0049999999999998,0.4,400,1.0047826086956522,24.966521739130435,24.84768498485504,24.95927536231884,0.0,-4.45320172325176,-3.079696318732577,-2.760000000000007,-2.6397913032691305,-1.7376699617510132,-1.1655860960045243,-1.197835514449078,-0.1762040197585827,-0.7200000000000045,-1.2937871546834605,-0.8100000000000034,-0.2400000000000028,-0.2700000000000028,-0.0581587321343039,-0.3282534602476636,-2.842170943040401e-15,0.2399999999999943,0.8039591306591501,0.687835514449063,0.212164485550922,-0.1479505595109191,-0.780000000000004,-0.6318412678657029,-0.8400000000000023,-0.777578423243271,-0.7800000000000034,-0.4481587321343033,-0.4500000000000028,-0.3865069204953255,0.2399999999999965,1.4118412678656902,2.159999999999994,1.980257091205796,2.3449283238596106,3.153577597765288,3.5999999999999925,4.199999999999992,3.842049440489077,3.839999999999993,11.30467586248236,4.829999999999992,5.431572591687005,5.102049440489076,5.427578423243261,5.429999999999992,5.123603388116696,4.375786073959979,4.829999999999993,4.229999999999993,4.378389741568001,12.539999999999996,6.089791827376607,5.099999999999994,11.425586096004515,10.435844607503975,9.779999999999998,8.911657165750043,8.129999999999997,7.318058011637325,6.69194198836267,7.169999999999996,6.812164485550926,5.677695261717465,5.305816296746925,5.125816296746925,4.859999999999998,4.289999999999996,4.139999999999995,4.7399999999999975,4.469999999999998,4.647950559510913,4.439999999999997,4.349999999999995,4.4678355144490665,3.998683678291728,4.437950559510912,4.469999999999996,4.649999999999997,4.349999999999994,4.318058011637325,4.647950559510912,4.409999999999994,4.139999999999997,4.499999999999996,4.139999999999995,4.109999999999996,4.229999999999997,4.4999999999999964,4.649999999999997,4.379999999999996,4.709999999999997,4.6199999999999966,4.739999999999996,4.799999999999995,-2.6700000000000057,-2.457950559510923,4.379999999999996,4.589999999999998,-2.490000000000006,-2.2500000000000084,-2.190000000000007,-2.4900000000000078,-2.4300000000000064,-2.490000000000007,4.949999999999997,4.649999999999995,-2.340000000000007,4.349999999999995,4.892164485550925,4.649876352052477,4.109999999999996,4.379999999999995,4.557835514449066,4.287950559510911,4.709999999999995,4.562164485550924,4.649999999999994,-2.220000000000008,-2.1300000000000083,-2.39566242601248,-2.522164485550937,-2.580000000000008,-2.217950559510923,-1.9800000000000093,-1.980000000000008,-2.134452619049385,-2.280000000000008,-2.5821644855509374,-2.3380742074584417,-2.1900000000000075,-2.2500000000000084,-2.42783551444908,-2.340000000000007,-2.310000000000008,-2.310000000000008,-2.0721644855509376,-1.9177118665015624,-1.8322881334984555,2.2002349359466473,2.2002349359466473,0.0047826086956521685,291,74.92537313432834
0.0149999999999995,0.0049999999999998,0.4,400,1.0059420289855072,23.149420289855072,23.01267828843106,23.13855072463768,0.0,19.57743828824665,12.020239357271358,11.722657724395578,12.089999999999998,11.042288133498444,11.395413937692338,11.190123647947514,11.60771186650155,10.735413937692336,9.08783551444907,8.579999999999995,9.420123647947516,8.729999999999997,9.15,8.462288133498443,7.769999999999995,7.559999999999997,7.7078355144490684,7.947578423243264,7.199999999999996,7.405671028898137,5.907711866501547,12.599999999999996,5.429999999999995,4.954586062307652,3.989999999999991,4.382040837603403,5.642049440489077,4.407578423243262,3.177950559510906,-4.647578423243274,2.309999999999992,2.609999999999991,2.6124215767567227,2.0052902897448144,1.47650205953845,0.7543289711018497,0.8724215767567233,0.3320494404890769,1.174452619049367,-6.630000000000004,-7.110000000000007,-6.537711866501558,-5.84591951721828,-6.034213926040019,0.1799999999999909,-0.237959162396597,-0.627578423243277,-0.9924215767567408,-2.1300000000000083,5.725290289744818,-1.832566233718594,-2.250000000000009,4.679999999999995,4.107578423243265,4.107835514449066,4.559999999999994,4.259999999999995,4.4678355144490665,5.189999999999993,5.789999999999996,5.102164485550921,5.189999999999995,4.975423733003103,4.322421576756727,4.077711866501548,4.469999999999995,4.349999999999995,4.382288133498442,5.042288133498442,5.102288133498444,5.337711866501549,4.889999999999995,5.432288133498443,5.511124758179733,5.901124758179733,6.329999999999996,6.122421576756729,6.179999999999995,5.759999999999995,6.0044526190493706,5.607711866501549,5.789876352052479,6.449999999999996,5.729999999999995,6.209999999999996,5.999999999999996,5.612566233718581,5.999999999999996,6.837711866501549,6.419999999999996,6.419999999999996,6.689999999999995,6.389999999999995,0.2699999999999903,-6.627711866501562,0.1199999999999916,0.1199999999999917,-7.080000000000008,-6.962421576756741,-6.780000000000008,-7.197835514449079,-7.382566233718595,-7.437835514449078,-0.6300000000000071,0.3599999999999926,-7.050000000000008,-0.0300000000000059,-0.0345762669969001,0.2099999999999914,7.319999999999996,6.929999999999995,6.869999999999996,6.749999999999993,6.869999999999996,6.509999999999994,6.359999999999996,-0.2744526190493858,-7.200000000000008,-6.66000000000001,-6.870000000000009,-6.780000000000009,-6.660000000000007,-7.110000000000009,-7.167835514449081,-7.110000000000006,-6.000000000000007,-6.302288133498454,-6.413338069792911,-6.240000000000008,-6.600000000000007,-6.597578423243276,-6.570000000000008,-6.480000000000007,-7.380000000000009,-6.480000000000008,-7.202421576756739,-6.83783551444908,2.2783874837733924,2.2783874837733924,0.0059420289855072195,292,74.14925373134326
0.0899999999999996,0.0049999999999998,0.4,400,1.0084057971014493,31.859565217391303,31.5939925265881,31.84913043478261,0.0,-3.700632383532257,-2.760148859320381,-2.1000000000000085,-1.4156140979842948,-0.2686568795858913,-9.086065233532282e-15,0.0599999999999908,-0.3000000000000088,0.0599999999999907,-0.030000000000009,0.3899999999999907,0.3299999999999907,-0.240000000000009,0.0899999999999908,-0.180000000000009,0.1199999999999908,-0.0586568795858917,-1.0552198931238523,-0.3300000000000081,-0.4500000000000076,-0.5373172773014389,-0.0300000000000092,0.059999999999991,-0.0586568795858917,0.1799999999999908,-0.0900000000000091,-0.3300000000000092,0.1499999999999908,-0.0900000000000092,-0.4200000000000092,-0.1200000000000092,0.568584031916728,0.2980580116373186,0.4199999999999913,0.0999699437447483,0.2699999999999906,-9.323813208715475e-15,-0.4200000000000095,-0.0300000000000091,0.0899999999999906,0.2699999999999907,-9.321753010579634e-15,0.0599999999999906,0.2099999999999907,-0.448726540085921,0.2699999999999907,0.2999999999999909,2.074290256047953,1.9222881334984376,0.9684664876460604,0.3423161605784635,0.6899999999999911,-0.21120669235403,0.4199999999999912,0.2399999999999914,0.3899999999999913,-0.0600000000000086,0.1199999999999914,0.0599999999999911,0.2699999999999911,0.134945951822442,-0.5589840589468138,0.11879330764597,-0.0600000000000085,-0.1500000000000084,0.0599999999999915,-0.2410808126801595,0.3299999999999916,0.3599999999999916,0.0599999999999916,-0.0600000000000082,-0.1800000000000085,-0.540000000000008,-0.3922092342854097,-0.1131236391917601,-0.5685076661179367,-0.7200000000000076,-1.260000000000009,-1.0800000000000074,-1.6181587321343114,-1.5900000000000092,-1.2300000000000075,-1.2300000000000084,-1.138857444921556,-0.9900000000000077,-0.510000000000008,-0.2110808126801594,0.5051288994925835,1.5435901206854843,2.549999999999994,2.4899999999999944,2.3399999999999945,1.8899999999999944,1.9199999999999935,1.7699999999999942,2.2799999999999945,2.0099999999999936,1.9799999999999944,1.679999999999992,1.349999999999995,2.0999999999999943,2.8188574449215444,2.4268461603347133,3.0899999999999967,3.088656879585879,3.268611749109384,3.839049154324913,4.232560458693463,4.94527255571876,7.154481166544137,8.768317660865277,8.258261247852186,7.0866259092664174,7.81569929579885,8.161209665621458,8.33348937352366,9.333140144754015,10.768223110202644,11.151957593135895,11.188342834249948,11.304480413872026,10.625787001504255,10.529999999999996,10.739999999999997,10.499999999999996,10.739999999999997,10.739999999999997,10.859999999999996,10.889999999999995,10.827950559510912,10.979999999999997,10.529999999999996,10.679999999999996,10.737950559510912,10.799999999999995,10.949999999999996,10.829999999999997,10.769999999999996,2.383009880146368,2.383009880146368,0.008405797101449286,293,73.37313432835819
0.1149999999999996,0.0149999999999998,0.4,400,1.0117391304347827,32.76869565217391,32.38848302535453,32.75260869565217,0.0,-0.4352506600447098,-1.0509921017496997,-0.7822881334984548,-0.2981587321343092,-0.2501259230143336,0.2999999999999908,0.1199999999999909,0.1799999999999909,0.0899999999999909,0.1499999999999908,0.209999999999991,0.119999999999991,0.119999999999991,0.0299999999999909,0.1799999999999909,0.1799999999999909,-0.0300000000000089,-0.0866613597260781,-0.2967702425629466,0.2744139039954713,-0.1352938579679865,-0.120000000000009,-0.2100000000000091,-0.1787265400859205,0.0599999999999907,-0.3900000000000096,0.0299999999999906,-0.3600000000000095,0.3299999999999907,-0.120000000000009,-9.14823772291129e-15,0.2414159680832533,-1.9729171074630287,-2.312421576756741,-0.5221468333633302,0.0899999999999908,0.3599999999999907,0.2099999999999908,0.3299999999999907,0.4199999999999906,0.059999999999991,0.3299999999999911,-0.0300000000000087,-0.0900000000000085,-0.0300000000000086,-0.1800000000000084,0.0011425550784425,1.0630780203993206,0.7799999999999919,0.1832351042181209,-0.3900000000000075,0.0899999999999918,0.0599999999999918,0.0299999999999918,0.1199999999999918,-0.1500000000000076,-0.0900000000000082,0.3599999999999917,-0.0600000000000083,-0.2400000000000082,0.3713028814876139,-0.5621876972440236,-0.7500000000000075,-1.2900000000000085,-1.5600000000000116,-1.29000000000001,-1.2300000000000078,-1.0500000000000071,-0.8700000000000071,-1.3500000000000114,-0.6300000000000072,-0.9000000000000071,-0.9300000000000074,-1.533787219372721,-0.7457237697906755,-1.0200000000000071,-1.0500000000000071,-0.8400000000000071,-1.140000000000007,-0.7800000000000072,-0.690000000000007,-0.8700000000000074,-1.140000000000007,-0.9000000000000072,-1.018919187319856,-0.6600000000000071,-0.8100000000000072,-2.7993680730431443,-2.4393720212973897,-2.730000000000002,-3.030000000000003,-3.5400000000000027,-3.390000000000003,-3.1200000000000028,-3.450000000000003,-3.150000000000003,-2.760000000000003,-3.210000000000002,-3.360000000000003,-3.3600000000000034,-3.780000000000003,-3.450000000000003,-3.418919187319852,-3.1810808126801544,-2.940000000000003,-2.910000000000003,-2.940000000000003,-2.850000000000003,-2.970000000000003,-3.690000000000004,-3.8616365236476544,-5.127583985007464,-6.472648772532114,-6.898793307645981,-6.385873378131823,-8.787159932319174,-8.641518750005611,-6.182828378837712,-8.281955004175929,-10.152063761042944,-8.915614287700091,-9.23571267305909,-9.44484013471715,-9.510000000000002,-9.265901119021835,-8.751747320896062,-8.850000000000001,-8.706502059538463,-8.820000000000004,-8.940000000000005,-8.790000000000004,-8.850000000000005,-8.820000000000004,-9.120000000000005,-9.000000000000005,-9.00228813349845,-8.850000000000005,-9.150000000000004,-2.4219651458329805,2.4219651458329805,0.011739130434782696,294,72.59701492537312
0.0999999999999996,0.0049999999999998,0.4,400,1.0105797101449276,32.983333333333334,32.63803241072709,32.970289855072465,0.0,-2.7477935616796207,-2.50104036445303,-1.7679505595109235,-0.2664282975628545,-0.7384250924383241,-0.1800000000000091,0.0299999999999907,0.1799999999999909,-0.0900000000000092,-9.268141809570807e-15,0.3899999999999907,0.209999999999991,0.1799999999999909,-0.3886568795858922,0.0899999999999907,-0.1200000000000092,0.0299999999999909,-1.1083428342499595,-1.9500845740630453,-0.6880580116373355,0.2401364280600868,-0.3000000000000092,0.1499999999999909,0.0013431204141083,-9.159500201070952e-15,-0.090000000000009,0.0299999999999907,-0.2700000000000093,0.2099999999999908,0.2399999999999907,-0.930000000000008,-0.4185840319167468,-1.9736441076418585,-2.577835514449082,-0.3777173423982946,0.1799999999999909,0.4799999999999905,0.4199999999999907,0.0599999999999909,0.2399999999999908,0.089999999999991,0.2399999999999909,0.299999999999991,0.0288574449215396,-0.2700000000000086,0.1499999999999912,0.0011425550784423,1.2964633444845557,1.4143289711018494,0.862916526069697,0.7199999999999926,1.2299999999999929,1.2899999999999905,1.1999999999999929,1.1699999999999926,0.8399999999999928,0.8399999999999926,0.811080812680144,1.0199999999999925,1.5299999999999896,1.8493664994980328,0.6925303417918905,0.7199999999999929,1.0199999999999927,0.8699999999999929,1.0499999999999927,0.8399999999999929,0.9299999999999928,1.018978746646707,0.8699999999999929,0.8399999999999929,0.8999999999999926,0.9299999999999926,-0.4041273164848241,0.8123599632001424,0.8382534602476542,0.5099999999999926,0.8410808126801439,1.259999999999991,0.7499999999999926,0.9299999999999928,1.3799999999999906,1.259999999999993,0.9899999999999928,1.4399999999999906,0.9899999999999928,0.9599999999999927,3.0410428209896385,3.90919045033318,3.777293949292666,3.3299999999999907,2.87999999999999,3.209999999999991,3.0599999999999907,2.7599999999999896,2.879999999999991,2.8788574449215387,3.0599999999999907,3.058919187319839,3.2111425550784425,3.359999999999991,2.5499999999999905,3.031080812680142,3.1811425550784422,3.0599999999999907,3.299999999999991,2.6399999999999904,2.3999999999999897,2.789999999999992,3.359999999999994,3.5426058247715493,2.366422402234691,2.2550812469001893,3.118726540085905,5.155637816963354,6.22699229941815,9.133949147254013,11.03827606668988,12.667695171387932,13.684338352700866,13.56322975743706,12.600745410693213,11.490101388271968,10.613501176699236,9.950807308565802,9.480508832153989,8.9981587321343,8.79,8.759999999999998,8.94,8.368058011637325,8.669999999999998,8.79,8.639999999999999,8.61,8.759999999999998,8.669999999999998,8.579999999999998,2.434229389858666,2.434229389858666,0.010579710144927645,295,71.82089552238804
0.0599999999999996,0.0049999999999998,0.4,400,1.0072463768115942,27.98594202898551,27.78460431654676,27.97840579710145,0.0,-0.2017718859255973,-0.2379505595109247,-0.0900000000000079,1.38216448555092,1.7424758569037422,2.2900255701234022,2.7934037055023784,2.72999999999999,3.059999999999992,2.88184126786569,2.669999999999991,3.479999999999991,2.699999999999991,2.87999999999999,3.149999999999991,3.2999999999999914,2.819999999999991,1.6781587321342926,1.8338839767253377,1.8921644855509208,1.4131451833740174,1.9199999999999908,1.9852491872085585,1.4336874760691558,0.6617465397523296,1.259999999999991,0.9599999999999907,0.6599999999999909,0.1183428342499415,0.3299999999999909,0.3899999999999909,1.0815725916870045,2.13216448555092,1.8599999999999903,1.1099999999999908,1.2899999999999912,1.0499999999999907,0.4799999999999907,0.2399999999999907,-0.1817465397523482,0.599999999999991,0.1499999999999907,0.689999999999991,1.1114159680832532,0.6914159680832535,0.7799999999999908,0.7199999999999906,-0.6279241321005701,-0.4566619302071075,-0.3018116619745005,-0.4800000000000108,-0.7214159680832739,0.6599999999999905,-0.1800000000000083,-8.242295734817162e-15,0.389999999999991,0.1499999999999914,-0.2686568795858914,0.299999999999991,0.1199999999999919,-0.3506383928160389,-0.929834941896258,-1.9500000000000088,-2.730000000000006,-3.5114159680832686,-3.0900000000000074,-2.5800000000000067,-2.5200000000000093,-2.490000000000008,-2.4600000000000093,-2.341343120414127,-2.490000000000008,-2.850000000000008,-2.498581111094715,-3.0377859440127595,-1.9837731022159952,-1.441898363416845,-1.1132791163931857,-0.4806289910551992,-0.958707559888442,-0.9930649255690904,-0.9301490387810644,-0.2698925478735928,-0.1097432631631309,0.0527513711778397,0.1185076661179252,0.8056368467547181,1.8326401903611664,3.530237922149595,4.859999999999997,5.485153518260802,5.731841267865698,6.029999999999998,5.9099999999999975,5.999999999999997,5.639999999999998,5.487950559510913,5.638253460247658,6.114719748877568,6.775174703415936,6.599999999999998,6.4868685805726125,6.4480580116373245,6.509999999999998,6.328058011637324,6.5419419883626695,6.719999999999998,6.4480580116373245,6.389999999999998,6.299999999999998,6.389999999999998,6.359999999999998,6.389999999999998,6.6599999999999975,6.567950559510912,6.569999999999997,6.389999999999998,6.449999999999997,6.479999999999997,6.689999999999998,6.479999999999998,6.4499999999999975,6.542164485550926,6.629999999999998,6.509999999999998,6.419999999999996,6.7821644855509255,6.7499999999999964,6.569999999999997,6.599999999999997,6.599999999999997,6.509999999999996,6.807835514449068,6.632164485550925,6.659999999999997,6.599999999999998,6.842164485550925,6.717950559510912,2.471032092788858,2.471032092788858,0.007246376811594235,296,71.04477611940297
0.0899999999999996,0.0249999999999998,0.4,400,1.0114492753623188,26.945507246376813,26.640492907293307,26.930144927536237,0.0,-2.803332027964659,-4.404682384778156,-4.710000000000006,-2.8504895922461824,-0.7644200436077859,-0.1814923338820802,-0.1500000000000091,0.2399999999999909,-0.4500000000000089,-0.4500000000000092,0.1799999999999908,0.209999999999991,0.2699999999999909,0.0599999999999908,0.1499999999999909,-9.01057006785777e-15,-0.1200000000000089,-1.257950559510924,-3.6900000000000057,-3.662723805281593,-1.2874856667006598,-0.180000000000009,-0.0900000000000089,-0.2100000000000089,-0.1200000000000089,-0.1800000000000089,-0.3000000000000089,-0.270000000000009,-9.121592370320286e-15,-0.0300000000000089,1.0503693966756509,0.4819419883626636,0.9318841446101592,1.2927238052815802,0.1709727462242436,0.2729083019653238,0.5699999999999875,0.4499999999999886,0.6899999999999874,1.1399999999999892,0.8999999999999875,1.3799999999999897,1.6499999999999904,1.1720494404890744,1.2299999999999904,1.1099999999999903,1.5014159680832524,3.201452506011168,3.830988020827167,6.0839887701595305,6.604413903995477,6.869999999999997,7.349999999999998,7.109999999999998,7.438726540085908,7.829999999999997,7.499999999999997,7.529999999999998,7.471343120414115,7.049999999999998,6.713068231618909,5.105430714392279,4.680302419351993,5.099999999999994,4.229999999999994,4.619999999999994,4.5899999999999945,4.559999999999994,4.199999999999994,4.559999999999994,4.619999999999994,4.7999999999999945,4.739999999999994,3.47987673931873,3.892244897231551,4.0806685284485775,4.409999999999993,4.651273459914081,4.6799999999999935,4.289999999999993,4.1399999999999935,4.169999999999993,4.289999999999993,4.169999999999993,4.289999999999993,4.588656879585875,4.4699999999999935,5.071039761645246,5.909526306642956,7.750930641450279,8.912939807454244,8.077164021518369,6.049460268207827,4.920780783247884,3.811771595020685,2.7649943240631325,2.35927850124522,2.0115883294501757,1.654034673250777,1.3506677382753989,1.6334986251494203,1.709999999999991,1.5279505595109066,1.196765571525753,2.12999999999999,2.39999999999999,2.3699999999999903,2.12999999999999,2.2499999999999902,2.36999999999999,2.36999999999999,2.39999999999999,2.2499999999999902,2.1921644855509195,2.48999999999999,2.33999999999999,2.42999999999999,2.2199999999999918,2.30999999999999,2.3399999999999905,2.33999999999999,2.4899999999999918,2.33999999999999,2.3399999999999905,2.2799999999999905,2.309999999999992,2.3099999999999925,2.3124215767567238,2.4299999999999926,2.3399999999999928,2.312288133498438,2.192566233718579,2.4599999999999924,2.189999999999993,2.5799999999999925,2.2475784232432607,2.159999999999991,2.5822881334984378,2.4844624826304282,2.4844624826304282,0.011449275362318767,297,70.2686567164179
0.0699999999999996,0.0199999999999998,0.4,400,1.0069565217391303,25.43449275362319,25.258779504893493,25.42231884057971,0.0,-0.0019881946514873,-0.2694195058631177,-0.5400000000000093,-0.1800836149204233,-1.822225237092305,-0.8116518116389877,-0.4800000000000092,0.0582534602476519,-0.2100000000000093,0.1199999999999906,-0.2400000000000093,-0.1800000000000094,-0.2100000000000092,-0.0900000000000094,0.0899999999999905,0.1499999999999905,0.0299999999999907,-1.251520598280086,-0.9300000000000076,-1.1100000000000083,-0.5062528363848411,-0.120000000000009,0.0899999999999908,0.0314923338820619,0.0299999999999908,0.3599999999999907,-0.2400000000000089,0.2699999999999909,0.3299999999999909,0.0899999999999908,-0.5682534602476693,-2.1876355364936124,-3.3696032747918987,-2.9370861645134814,-3.3568118418348885,-2.2500000000000084,-1.8600000000000076,-1.7700000000000096,-1.3200000000000076,-2.160000000000008,-1.8000000000000056,-1.8900000000000083,-1.5300000000000074,-1.5900000000000076,-2.038507666117934,-1.8315725916870187,-2.5500000000000056,-1.7463403622410638,-1.8600000000000068,-1.7305168123272685,-2.2498992795030337,-1.8858162967469352,-1.9500000000000064,-1.500000000000007,-1.0500000000000056,-1.528584031916744,-1.0800000000000065,-1.5300000000000065,-1.531492333882077,-1.0800000000000065,-1.211584009939282,-1.3701014890035352,-1.260000000000007,-1.171941988362679,-1.2000000000000073,-1.3500000000000072,-1.526195446637322,-1.6763114718849943,-1.4100000000000066,-1.4079505595109216,-1.3800000000000066,-1.140000000000006,-1.250948719736128,-0.0442415522431598,-2.518027077977606,-2.5764902302829613,-1.8926886548610529,-1.94623284895252,-2.639892547873595,-3.120000000000006,-3.210000000000006,-3.5744974446561777,-4.410208172623392,-5.30633740936815,-5.402164485550935,-5.340000000000006,-5.406806264297167,-5.511180798501398,-4.606629676864051,-4.410000000000007,-4.380000000000007,-4.260000000000007,-4.380000000000007,-4.140000000000008,-4.560000000000007,-4.380000000000007,-4.530000000000008,-4.440000000000007,-4.470000000000007,-4.470000000000008,-4.590000000000007,-4.710000000000007,-4.530000000000007,-4.260000000000008,-4.410000000000007,-4.470000000000008,-4.500000000000008,-4.320000000000008,-4.560000000000008,-4.410000000000008,-4.410000000000008,-4.827711866501561,-4.740000000000008,-4.650000000000008,-4.560000000000008,-4.470000000000008,-4.350000000000008,-4.260000000000008,-4.350000000000007,-4.590000000000008,-4.557711866501561,-4.500000000000008,-4.350000000000007,-4.590000000000007,-4.590000000000007,-4.680000000000007,-4.770000000000006,-4.7124215767567375,-4.262288133498454,-4.620000000000007,-4.680000000000006,-4.530000000000006,-4.620000000000005,-4.710000000000005,-4.737433766281418,-4.6200000000000045,-4.590000000000004,-4.919855343038152,-2.6055316598457297,2.6055316598457297,0.006956521739130306,298,69.49253731343282
0.1149999999999996,0.0099999999999998,0.4,400,1.010144927536232,33.72289855072464,33.38421807747489,33.71057971014493,0.0,-2.330204074848913,-3.0221528770963952,-3.630000000000006,-0.3260471265744614,-0.1171645457038206,-0.2100000000000089,0.0599999999999907,-0.1500000000000091,-0.150000000000009,0.0899999999999908,-0.0300000000000091,0.0599999999999908,-0.0600000000000092,-0.0900000000000092,0.2099999999999908,-0.4200000000000091,-0.1500000000000092,0.2667702425629288,0.4499154259369551,0.8099999999999925,6.556412713187854e-05,-0.0600000000000092,-0.0300000000000091,-0.2700000000000091,0.1199999999999906,0.0899999999999906,-9.325873406851317e-15,0.1199999999999906,0.0599999999999906,0.3299999999999909,0.5999999999999903,0.1799999999999908,0.1336706537112637,0.0578355144490628,0.0487969432349673,0.0599999999999911,0.4199999999999912,-0.2400000000000085,-0.0300000000000086,-0.0300000000000086,-0.1500000000000085,0.0599999999999914,0.0599999999999915,0.1499999999999917,-0.1200000000000082,-0.2700000000000082,-0.3000000000000088,1.8726350632866564,2.4899999999999936,1.1369854116617533,0.2099999999999918,0.1199999999999917,-0.1200000000000082,0.0599999999999918,-0.1500000000000082,0.1789787466467061,0.1799999999999914,-0.0600000000000083,0.1799999999999917,-0.0300000000000081,0.2631374486003616,-0.0740739509145666,-0.0900000000000085,0.2099999999999913,-0.360000000000008,-0.2100000000000085,-0.1500000000000087,0.0899999999999913,0.2099999999999912,-0.3900000000000084,-8.606448886894213e-15,-0.0300000000000085,-0.3900000000000086,0.9992386535173352,1.0686974313370643,0.4499999999999917,-0.4200000000000081,0.0599999999999912,0.0310212533532768,0.3299999999999916,-0.0900000000000088,-0.0600000000000087,-0.0900000000000086,-0.1200000000000087,0.0299999999999912,0.2999999999999913,-0.0600000000000087,1.162088533055538,1.5777326402733411,1.3199999999999914,1.919999999999992,2.099999999999992,2.129999999999992,1.7399999999999922,1.949999999999992,2.372042506706563,2.4289787466467048,2.039999999999992,2.219999999999992,2.159999999999992,1.919999999999992,1.949999999999992,2.24999999999999,2.189999999999991,2.0999999999999925,1.919999999999992,1.681021253353278,2.369999999999989,2.369999999999989,1.829999999999992,2.129999999999992,2.401142555078442,1.679999999999992,1.829999999999992,3.1512066923540103,3.2029384779647057,5.477519473444672,7.620153862204005,6.709178494517954,7.233900605533612,8.442019697868618,8.823724515345413,10.86319444085524,10.487499772829578,11.703364220297267,14.290254845945356,16.026765090516104,17.183455769806596,17.40036495180855,17.637950559510912,17.49,17.522049440489084,17.279999999999998,17.54783551444907,17.815786073959984,17.549999999999997,17.697835514449068,17.54783551444907,2.6106952575434725,2.6106952575434725,0.010144927536231974,299,68.71641791044775
0.0949999999999996,0.0099999999999998,0.4,400,1.011159420289855,31.36246376811594,31.016339400888636,31.351159420289854,0.0,-1.1368161323397938,-1.653100226932455,-2.3421644855509367,-0.7198045513896745,-0.1499237333723205,-9.138719582793538e-15,0.2399999999999909,0.209999999999991,-0.030000000000009,-0.030000000000009,0.089999999999991,0.6599999999999905,-9.2326146727828e-15,-0.0600000000000092,0.0899999999999908,-0.090000000000009,0.0899999999999909,0.3282534602476525,0.2732344284742297,-0.3279505595109234,-0.2952625119137889,0.2099999999999909,-9.21157162001611e-15,0.3299999999999904,-0.030000000000009,0.2999999999999909,0.1499999999999908,-0.1800000000000091,0.1199999999999908,-0.240000000000009,-0.2700000000000094,-0.028507666117938,-1.143947943623797,-1.8022881334984548,-0.3853176658312706,-0.2100000000000091,-0.090000000000009,-0.2400000000000092,0.4799999999999906,-0.2400000000000094,-9.303989442185632e-15,-0.5700000000000097,0.0899999999999907,0.2399999999999909,-0.1800000000000092,-0.1500000000000093,-0.1800000000000091,1.4744536233247585,1.4399999999999915,-0.496036105933236,-0.7800000000000084,-0.810000000000008,-0.8700000000000081,-0.960000000000008,-0.6600000000000081,-0.9000000000000082,-0.7800000000000082,-1.020000000000008,-1.5600000000000105,-1.050000000000008,-1.6784598383596032,-1.6012421928596128,-1.47000000000001,-0.7500000000000078,-0.9000000000000078,-0.9300000000000078,-0.9010808126801592,-0.3000000000000083,-0.930000000000008,-0.9277148898431048,-1.2000000000000075,-0.9000000000000081,-1.110000000000008,-0.9890414501820652,-0.8020285129414516,-1.1700000000000086,-1.8300000000000105,-2.4300000000000117,-2.3400000000000105,-2.400000000000011,-2.3100000000000107,-2.2200000000000104,-2.1600000000000104,-2.0688574449215587,-1.7700000000000105,-1.5000000000000109,-1.8010808126801618,1.052882448984663,2.2785265191942665,2.6975026840842635,2.309999999999989,2.0699999999999905,2.2499999999999902,2.639999999999991,2.0099999999999905,2.1599999999999917,1.9799999999999909,1.8299999999999912,2.2499999999999907,1.9499999999999915,0.8348176986327114,1.0799999999999914,1.9799999999999909,1.415854829681253,1.3859790623782262,1.74045047339602,2.725513887355517,4.262863858104064,5.901412259832691,9.243926927611062,11.574927893640474,13.33133570836613,15.220413466732476,14.14077905411954,13.221323189027924,12.631294659121448,12.356159091363828,13.31317538338234,13.859999999999998,13.741941988362669,13.444980578679592,13.356132028968894,12.839999999999998,13.139999999999995,13.109999999999998,13.169999999999998,12.989999999999998,13.135662426012468,13.409999999999998,12.987835514449069,13.442164485550926,13.259999999999998,13.349999999999998,13.289999999999996,13.139999999999995,13.317711866501552,13.377835514449067,13.349999999999998,2.7124544879677304,2.7124544879677304,0.01115942028985506,300,67.94029850746267
0.0749999999999996,0.0099999999999998,0.4,400,1.0065217391304349,28.89710144927536,28.709863210943123,28.889565217391304,0.0,-2.211925163453698,-2.6767193858523943,-2.5500000000000087,-1.7073610843429,-1.2248498105476988,-0.7383455344554889,-0.060000000000009,0.149999999999991,0.1214923338820618,-0.0600000000000089,0.1199999999999909,0.0899999999999909,-0.090000000000009,-0.0600000000000089,-0.240000000000009,-0.4500000000000089,0.211572591687004,0.0619419883626644,-0.5082594526312816,-0.3920494404890922,-0.4214237678770826,-0.0014159680832715,0.209999999999991,-0.2100000000000091,0.359999999999991,-0.120000000000009,-0.270000000000009,-0.088507666117938,-0.0300000000000091,0.2099999999999906,1.1699999999999913,1.4099999999999906,1.0111735842419638,1.322421576756723,0.2166310660867822,0.811492333882062,0.7199999999999906,0.9299999999999912,0.7799999999999909,0.7199999999999909,0.5699999999999905,0.899999999999991,1.1714159680832532,0.8399999999999911,1.079999999999991,0.7199999999999911,0.6899999999999911,1.650401748167649,2.395290289744813,2.1024564495071014,1.0513431204141086,0.6599999999999909,0.9899999999999912,1.319999999999991,0.8999999999999909,1.1399999999999908,1.4686568795858728,1.2299999999999909,0.8999999999999911,0.0899999999999912,-0.416806666588399,-0.4631567106706461,0.2399999999999908,0.119432192048381,0.1495269201617418,0.6299999999999912,-0.1200000000000084,-0.0900000000000098,-0.3300000000000083,0.2687265400859036,0.029999999999992,0.4499999999999919,0.1799999999999919,-0.1602233628931025,0.5755176687352183,0.6926165803281958,1.43999999999999,1.79999999999999,2.0399999999999894,1.261273459914079,0.9299999999999912,1.2287265400859029,0.7799999999999911,0.5999999999999904,0.4199999999999905,-0.4530199996664364,-0.9378505302597376,-1.80765077940448,-3.770247333927754,-5.502458445476925,-5.688360796623362,-6.030000000000001,-5.973413325530515,-6.870000000000002,-6.631746539752341,-7.085396921763402,-8.159401645296828,-9.38270497241706,-9.933783256228374,-9.930696176387077,-10.65450459766103,-11.281941988362671,-10.7735775977653,-9.873968693264048,-9.536195446637317,-8.959796964043374,-8.7869348594598,-8.850208172623386,-8.63795055951092,-8.610000000000003,-8.700000000000003,-8.790000000000004,-8.640000000000002,-8.760000000000002,-8.730000000000002,-8.490000000000002,-8.580000000000002,-8.700000000000003,-8.820000000000002,-8.670000000000002,-8.640000000000002,-9.002049440489087,-8.760000000000002,-8.760000000000002,-8.760000000000002,-8.910000000000002,-8.730000000000002,-9.000000000000002,-8.850000000000001,-8.910000000000002,-9.060000000000002,-8.760000000000002,-9.090000000000002,-8.910000000000002,-8.820000000000002,-8.940000000000003,-9.152164485550932,-8.940000000000003,-2.9011228819590165,2.9011228819590165,0.006521739130434856,301,67.1641791044776
0.0599999999999996,0.0199999999999998,0.4,400,1.0065217391304349,24.32623188405797,24.16861051115911,24.317246376811596,0.0,-0.8526342954333677,-2.4805270413759617,-1.1974337662814218,-1.0220914612400611,-0.2379664577329945,-0.2700000000000081,0.0599999999999921,-8.064660050877137e-15,0.2680580116373185,0.3583428342499416,-0.3917465397523479,-0.120000000000009,0.2399999999999908,0.1799999999999907,0.299999999999991,-0.0900000000000092,-0.4500000000000094,0.3644974446561616,1.7794195420731476,1.769999999999991,0.5100893740022805,0.0599999999999909,0.4499999999999907,-0.150000000000009,0.5699999999999905,0.6882534602476525,0.1199999999999908,0.2999999999999906,-0.2400000000000091,0.1199999999999908,-0.1839914288517641,-0.0553452006198329,0.8728963492352587,2.69727619471841,3.055980357920871,3.7538839767253434,3.869999999999998,4.017950559510915,3.872049440489082,4.349999999999999,4.473821651300977,4.859999999999999,5.369999999999999,5.341657165750048,5.459999999999999,5.399999999999999,4.983403705502386,4.32712725246493,3.3272761947184115,3.1580430791327045,2.4859942465833686,2.6079505595109125,1.049999999999997,1.0199999999999962,0.9020494404890802,0.8999999999999969,0.839999999999997,1.0199999999999962,1.1999999999999955,0.7480580116373235,-0.3937932339066561,1.0728846002139063,2.4539309174317854,3.001941988362668,3.897950559510914,4.227950559510914,4.1999999999999975,4.679999999999999,4.647835514449068,4.379999999999998,4.835577811081441,5.041746539752337,4.988363476352349,4.677103650764732,4.301224481928467,4.439999999999998,4.319999999999998,4.4099999999999975,4.4099999999999975,4.439999999999998,4.289999999999997,4.499999999999997,4.407835514449069,4.379999999999998,4.439999999999998,4.499999999999997,4.559999999999998,5.039827456046318,4.292288133498444,4.349999999999998,4.529999999999998,4.499999999999997,4.4099999999999975,4.259999999999998,4.619999999999997,4.439999999999998,4.379999999999998,4.4099999999999975,4.649999999999998,4.319999999999998,4.319999999999998,4.379999999999998,4.619999999999997,4.499999999999997,4.439999999999998,4.439999999999998,4.349999999999998,4.4099999999999975,4.649999999999998,4.679999999999998,4.529999999999998,4.379999999999998,4.439999999999998,4.379999999999998,4.529999999999998,4.649999999999998,4.502288133498444,4.709999999999997,4.7399999999999975,4.439999999999998,4.859999999999999,4.7399999999999975,4.497578423243266,4.589999999999998,4.469999999999998,4.74242157675673,4.559999999999998,4.259999999999998,4.7399999999999975,4.769999999999998,4.712288133498444,4.649999999999998,4.7399999999999975,4.649999999999998,4.652566233718584,4.619999999999997,4.709999999999997,4.9499999999999975,3.0991460371842723,3.0991460371842723,0.006521739130434856,302,66.38805970149252
0.2399999999999997,0.0149999999999998,0.4,400,1.1428985507246376,39.994202898550725,34.99365965001268,38.139420289855074,0.0,-0.7364129363754988,-0.5240428090147162,-0.6299052718866478,-0.085028890444371,-0.0287735872564304,0.3299999999999919,0.0299999999999915,0.1799999999999916,0.0899999999999913,-0.1800000000000087,0.0299999999999913,0.2999999999999912,-8.751126105083789e-15,-0.0900000000000088,-0.1800000000000088,-0.0600000000000088,-0.1800000000000088,-0.360000000000009,0.2399999999999908,0.1816524947128638,0.1770414336339831,0.4499999999999912,0.1499999999999911,0.029999999999991,-9.277023593767808e-15,0.0599999999999907,-0.1500000000000095,0.0299999999999906,-0.0300000000000094,0.0299999999999905,0.029999999999991,-0.0300000000000088,-0.0494708235594775,-0.9278355144490792,0.0997990032225835,-0.0223610509130808,-0.0900000000000094,0.2399999999999901,0.1499999999999906,-0.0900000000000095,-0.2100000000000091,-0.1800000000000094,-0.1200000000000094,0.1499999999999905,0.0599999999999905,-9.203186772855648e-15,0.1799999999999905,-2.06374532285449,-2.4302570912058106,-0.3345508423493165,0.209999999999991,0.1199999999999909,-9.166001291305291e-15,-0.1200000000000089,0.0299999999999907,-0.300000000000009,0.0899999999999908,-0.150000000000009,0.0899999999999909,-0.1200000000000091,-2.980660080180942,0.0837602111460902,0.1921724637905753,0.0299999999999905,-0.0300000000000095,-0.3300000000000099,0.3299999999999903,-0.3000000000000097,-0.1200000000000098,-0.0600000000000097,-9.849898674474387e-15,0.0899999999999902,0.0599999999999903,5.025231880212379,0.4908888301037092,0.1595535719557494,0.0548816163741222,0.0299999999999901,-0.2700000000000103,-0.1200000000000098,0.0299999999999899,-0.0600000000000098,-9.903359486318852e-15,0.1199999999999901,0.0599999999999901,0.1199999999999899,0.2099999999999898,-9.312953556722984,-3.321895749773576,-3.0144298072587747,-3.5303399460114337,-4.094695837828315,-3.1041536952277613,-3.686543939741457,-3.241080661804894,-3.2319605484177787,-3.844605529103127,-3.970897338707928,-4.459719627893861,-5.101567321901482,-5.28271822777013,-4.916747410028392,-4.5753731883435655,-4.892341434700404,-4.707755614052815,-4.999284858594593,-5.450783455123941,-5.559944370910944,-5.286335071681324,-5.775377660494023,-5.979043816449273,-6.107500670513035,-6.465182855600059,-6.724480419367906,-7.24023305767279,-7.909973092149394,-7.840741430219419,-7.502837959319607,-7.789647180352615,-9.071586633494668,-9.231125787151075,-10.95882845013712,-13.852388479033523,-14.101941988362675,-14.190000000000005,-13.800000000000002,-14.130000000000004,-14.46,-14.2781587321343,-14.130000000000004,-14.220000000000002,-14.370000000000005,-14.220000000000002,-14.550000000000002,-14.340000000000002,-14.250000000000002,-13.56929408055564,-13.650000000000002,-3.102844436231485,3.102844436231485,0.14289855072463764,303,65.61194029850745
0.0999999999999996,0.0149999999999998,0.4,400,1.0128985507246375,30.90695652173913,30.51337816568894,30.88869565217391,0.0,-1.5852869213178291,-1.1353386842197597,-1.677711866501562,-0.6710013704607981,-0.0999182791134538,-0.3600000000000086,-0.030000000000009,0.0899999999999909,-9.079719806787112e-15,-0.360000000000009,0.0299999999999908,0.1499999999999908,0.4799999999999907,0.3899999999999907,-0.240000000000009,0.1499999999999909,0.089999999999991,-0.2100000000000085,-0.3618412678657077,0.0299999999999917,0.421351014491234,0.269999999999991,-9.22115942976207e-15,0.3299999999999909,0.1199999999999908,-0.0300000000000091,-9.21671853766357e-15,0.1499999999999909,0.1799999999999909,-0.1800000000000091,-0.06149233388208,-0.1800000000000092,-0.966233046948304,-1.324709710255186,-0.9056661877991484,-0.0600000000000091,-0.180000000000009,-0.3300000000000094,0.209999999999991,-0.2400000000000093,0.4199999999999907,-0.270000000000009,0.2387265400859022,-0.1500000000000093,-0.2112066923540305,0.0299999999999907,0.2399999999999908,1.9638108651435815,2.159999999999992,1.2708894158197774,0.6299999999999909,1.28999999999999,1.0212066923540128,1.1699999999999913,1.3212066923540104,1.1699999999999915,1.3799999999999897,0.9599999999999916,1.3199999999999903,0.8999999999999915,0.6877014562259887,0.7952787233795112,1.4099999999999904,2.3099999999999894,1.769999999999991,1.8599999999999903,1.9499999999999909,1.9199999999999904,2.2499999999999902,2.1022851101568936,2.069999999999991,2.1899999999999893,2.0999999999999908,3.9075198149344055,4.4727024084858185,4.566517523399746,4.409999999999992,4.049999999999992,3.89999999999999,4.169999999999993,3.989999999999992,3.899999999999992,3.9299999999999926,4.229999999999992,4.529999999999991,4.409999999999992,4.529999999999991,5.640126134976284,8.51357372499144,7.844643131215348,7.619999999999994,7.501142555078445,7.709999999999995,7.559999999999994,7.469999999999994,7.259999999999994,7.379999999999995,7.378857444921542,7.229999999999994,6.809999999999994,6.901206692354016,7.439999999999993,7.41260582477155,6.975720167367935,6.383547555768878,5.950507777221366,5.983476595723688,5.9037698390856415,6.379683594992271,6.415633544719935,7.081896379759741,7.417041413744396,8.32228816139364,8.960482223298948,8.385481641428198,7.931236773416332,7.325582697351478,7.62551369079982,7.469999999999994,7.236478174981657,6.843413325530508,6.56795055951091,6.482164485550922,6.689999999999994,6.687835514449065,6.629999999999995,6.539999999999995,6.689999999999993,6.899999999999993,6.749999999999993,6.899999999999994,6.569999999999993,6.839999999999993,6.749999999999993,6.629999999999993,6.809999999999993,6.569999999999993,6.9299999999999935,3.2708018081196837,3.2708018081196837,0.012898550724637525,304,64.83582089552237
0.0699999999999996,0.0099999999999998,0.4,400,1.0078260869565216,28.106666666666666,27.88840954846132,28.095942028985508,0.0,-4.578000939325744,-3.135949142241755,-2.4600000000000084,-2.22875237731454,-1.099655013154953,0.0525700084439663,-0.2100000000000089,-0.2100000000000089,0.0299999999999908,0.2084274083129779,0.359999999999991,0.0599999999999909,-0.0600000000000091,-0.420000000000009,-0.330000000000009,-0.150000000000009,0.479999999999991,1.0199999999999918,0.7539120054890883,0.1177118665015451,-0.4467704812436981,-0.1500000000000089,-0.0600000000000089,-0.1500000000000091,0.0899999999999909,0.3599999999999909,0.3299999999999909,0.0914923338820619,0.2999999999999909,0.0899999999999909,0.3899999999999909,0.749999999999991,0.5935505523424712,-0.3000000000000086,-0.2338621665073338,-0.0286642897216889,-9.2192919964873e-15,0.3899999999999907,0.2399999999999908,-0.0300000000000092,-0.0300000000000092,0.2999999999999906,0.1172483623791965,0.2699999999999907,-0.2114159680832715,-0.3000000000000094,0.1200763657987995,-0.694334036118724,-0.9672647302702024,-1.7773764470854898,-1.4413431204141285,-0.69174653975235,0.4499999999999888,0.3299999999999892,0.0014159680832516,0.2099999999999893,0.6286568795858714,-0.2100000000000107,-0.8727590884973861,-0.4200000000000065,1.2914549969101368,1.5452211243901874,2.6982534602476527,4.021841267865691,3.779999999999991,3.811343120414109,4.109999999999992,4.169999999999992,4.139999999999992,4.079999999999992,3.989999999999992,4.379999999999993,4.919999999999993,5.253097806269747,5.700437753213626,5.326427194880159,5.638158732134295,5.338656879585878,5.819999999999997,6.179999999999996,6.749999999999995,6.357740179214663,6.961343120414111,6.991270272744965,7.861841267865693,8.488656879585877,8.694974207961213,7.777779275937837,8.927014885354462,8.90940745829065,7.699121831730091,5.4024983750203095,4.665747960744736,5.21806819666032,5.584473500874235,6.233788392895121,6.719999999999995,7.014323962864852,6.724810142272361,6.353603388116698,5.904254860921921,5.759999999999995,5.608333452821415,6.372380900027087,6.59795055951091,6.389999999999995,6.689999999999995,6.447950559510912,6.269999999999995,6.449999999999996,6.749999999999993,6.657950559510909,6.479999999999995,6.269999999999995,6.47771186650155,6.839999999999993,6.689999999999995,6.599999999999993,6.839999999999993,6.747950559510909,6.779999999999993,6.449999999999996,6.659999999999993,6.7199999999999935,6.749999999999993,6.569999999999993,6.359999999999993,6.629999999999993,6.899999999999993,6.689999999999993,6.689999999999993,6.479999999999993,6.689999999999993,6.599999999999993,6.689999999999993,6.989999999999993,6.539999999999993,6.809999999999993,3.3305290316221927,3.3305290316221927,0.00782608695652165,305,64.0597014925373
0.0099999999999995,0.0099999999999998,0.4,400,1.0068115942028986,21.64333333333333,21.496905138908883,21.63376811594203,0.0,28.891528482150253,15.278997680144904,8.67242157675673,7.834843153513459,7.565054142105969,15.32743376628141,15.267433766281412,14.912421576756728,7.4999999999999964,6.685671028898138,6.544709710255172,6.927578423243264,6.299999999999995,5.004782234576218,3.0899999999999936,10.859999999999996,4.262288133498439,3.2102910148212747,2.7598553430381365,2.9099999999999886,2.457433766281405,8.884764568099445,1.532421576756724,1.409999999999992,1.9527238052815807,1.1399999999999904,0.0277118665015456,0.3048431535134546,1.1101334432582783,0.5999999999999909,0.6899999999999906,1.3199999999999903,0.6625662337185765,1.1999999999999906,1.1674337662814065,2.009999999999992,3.2075784232432607,3.0275784232432583,2.192421576756722,2.817276194718405,1.6799999999999888,0.5375784232432613,0.6898553430381372,0.7799999999999898,0.2124215767567224,0.7499999999999915,1.3799999999999912,2.3478562727187504,2.3072761947184035,2.767409387232041,3.207578423243259,3.749999999999993,3.5699999999999914,2.5174337662814064,2.825145382038309,2.4299999999999917,3.059999999999992,2.7599999999999927,3.269999999999992,1.859999999999992,2.402566233718577,2.639842428436993,2.2451568464865286,2.5199999999999942,2.70498781047531,3.935011938780028,3.272421576756727,3.659999999999993,3.959999999999993,3.8699999999999934,4.285156846486532,3.865012189524677,4.979855343038141,5.279999999999996,-2.250000000000004,-2.7300000000000035,-2.0700000000000047,-2.6773499006163552,-8.550278100220146,-2.1549458578940364,-2.4278016656191403,5.159999999999994,-2.877578423243276,-2.3050121895246853,-1.9172761947184156,-2.0700000000000056,-2.370000000000005,4.22486753256282,4.917578423243262,5.162421576756726,4.377578423243262,4.135290289744816,3.929999999999993,11.339999999999998,4.017711866501551,-2.370000000000005,-1.8325662337185893,-1.977070368074676,4.857433766281407,4.617578423243263,4.409999999999996,5.007578423243261,4.589999999999995,4.710302228524851,4.922421576756726,4.682421576756727,5.249999999999995,4.709999999999995,5.247578423243263,4.979999999999997,4.557276194718408,4.979999999999995,5.279999999999997,5.54985534303814,5.432566233718583,5.639999999999998,-2.494843153513466,-2.070000000000005,-2.190000000000006,-2.187578423243276,-1.5000000000000069,-1.1700000000000046,-1.4971036507647393,-0.8400000000000051,-0.8625906127679565,-0.4427352697298107,-0.2700000000000068,0.2072761947184073,7.197420851680264,7.052566233718583,7.139999999999998,7.1724215767567285,6.567433766281408,7.469999999999995,7.77513246743717,7.917433766281411,8.939999999999998,8.637578423243266,3.3804764952970627,3.3804764952970627,0.006811594202898563,306,63.283582089552226
0.0949999999999996,0.0149999999999998,0.4,400,1.01,30.31115942028985,30.011048930980053,30.296666666666667,0.0,-2.4710729961351485,-1.83828747251108,-2.0077118665015625,0.1059342216201371,-0.178427408312996,-0.120000000000009,0.269999999999991,0.359999999999991,0.1799999999999909,-0.060000000000009,0.2699999999999909,0.0314159680832533,0.3599999999999909,0.059999999999991,-0.2400000000000089,-0.0600000000000091,0.1814159680832532,0.2380580116373187,-0.1800000000000082,0.053558781164133,0.2336181148178421,-0.0300000000000092,-0.2400000000000089,-0.150000000000009,-0.1200000000000091,0.4499999999999906,-0.2100000000000089,-0.2700000000000091,0.1799999999999907,-9.130474154517288e-15,0.4785076661179201,0.3284274083129779,-0.8895837730427953,-1.1400000000000083,-0.6423406959649275,-0.3300000000000091,-9.134915046615788e-15,-0.1200000000000092,-0.0286568795858918,0.269999999999991,-0.3900000000000092,0.0899999999999907,0.059999999999991,-0.0600000000000092,-0.2400000000000089,-0.030000000000009,0.1199999999999908,0.7158013129936666,0.6272761947184047,-1.0638430274222783,-1.8900000000000088,-2.1300000000000083,-1.9800000000000084,-2.0700000000000087,-1.8600000000000088,-2.160000000000009,-2.1900000000000084,-1.9800000000000084,-2.4000000000000097,-2.1000000000000085,-2.0892618944192582,-2.647234194310301,-2.8200000000000096,-3.178793307645988,-2.880000000000009,-2.8200000000000096,-2.55000000000001,-3.000000000000009,-2.640000000000009,-2.820000000000009,-3.0900000000000096,-3.12000000000001,-3.12000000000001,-0.5345241176181984,-1.3494087682171452,-2.31000000000001,-2.9688574449215577,-2.8800000000000097,-2.9400000000000097,-3.0000000000000098,-3.2100000000000093,-3.27000000000001,-3.750000000000008,-3.0900000000000096,-3.2411425550784605,-3.391206692354031,-3.7512066923540313,-3.645370457413932,-4.684746785299984,-5.700000000000008,-6.210000000000005,-6.240000000000005,-6.750000000000004,-6.600000000000005,-6.270000000000006,-6.150000000000006,-5.938793307645983,-6.090000000000006,-6.096339503337305,-5.910363944218964,-5.758726540085917,-6.162452864063981,-5.156056727705159,-5.161841267865707,-5.26609975680273,-6.168256494056175,-6.147490517653068,-6.946116264629279,-7.188145603325549,-8.893684926489941,-8.986856187602664,-9.664496740291394,-9.566780842220126,-10.0355700524977,-10.64549320730179,-10.666751501038169,-10.978158732134304,-10.770000000000003,-10.800000000000002,-11.15795055951092,-10.980000000000002,-11.130000000000004,-10.860000000000005,-10.860000000000005,-11.042164485550932,-10.950000000000005,-11.250000000000002,-11.280000000000005,-11.187711866501555,-11.010000000000002,-11.250000000000002,-11.370000000000005,-11.190000000000005,-11.160000000000002,-11.490000000000002,-11.312288133498448,-11.250000000000002,-11.370000000000005,-3.971132271069486,3.971132271069486,0.010000000000000009,307,62.50746268656715
0.0899999999999996,0.0149999999999998,0.4,400,1.0104347826086957,29.529565217391305,29.22461273666093,29.51536231884058,0.0,-1.079069279088395,-1.6790608097406503,-1.6177118665015622,-0.8731330586573225,-0.6267611263655991,-0.8129009091872353,-0.3314923338820801,0.1199999999999909,0.4199999999999912,0.2099999999999909,-0.060000000000009,-8.964256612226095e-15,-8.966161146872765e-15,0.0585076661179199,-0.060000000000009,-0.1214159680832715,-0.06149233388208,1.0837832562283642,1.1699999999999922,1.3199999999999903,-0.0298471850128157,-0.180000000000009,0.2099999999999909,0.1199999999999908,-0.0300000000000092,0.1499999999999907,-0.2100000000000091,0.1799999999999908,0.0899999999999908,-0.0600000000000091,-0.0900000000000091,-0.2998260519346831,-2.278147538284705,-3.507578423243275,-2.4099117411520283,-0.4839628879114487,0.0299999999999904,-0.5400000000000095,-0.8113431204141264,-0.6000000000000095,-0.3300000000000094,-0.7500000000000087,-1.1686568795858916,-1.1700000000000086,-1.2300000000000089,-0.901273459914097,-0.8400000000000086,-0.9762224005017835,-0.1774337662814214,-2.1184638396406275,-1.7100000000000088,-1.890000000000009,-2.430000000000009,-2.1300000000000083,-1.8600000000000088,-2.190000000000009,-1.920000000000009,-2.610000000000009,-2.040000000000009,-2.0100000000000087,-0.2031561487016322,-0.8392345619337246,-1.28834283424996,-1.170539847398325,-1.0200000000000078,-1.168793307645986,-1.4700000000000089,-1.0800000000000078,-1.1100000000000076,-1.2300000000000098,-1.0200000000000076,-1.4100000000000097,-0.7500000000000078,1.0814429974428008,1.973439414086427,3.211941988362665,4.231206692354017,4.859999999999996,4.469999999999995,3.8399999999999954,4.469999999999995,4.229999999999995,3.8399999999999954,4.379999999999996,4.169999999999996,4.439999999999995,4.74204944048908,5.612501301591319,5.886655264328534,5.397074728446929,6.088503769015998,5.969999999999995,5.369999999999996,5.697950559510911,5.941206692354017,6.778168673981504,7.904515417726762,8.127345962706643,8.584177953290608,9.146586674469482,10.3474245392315,12.203619714316265,12.544420627089275,13.29593765767395,14.8833108464234,12.582433883709214,10.965634449298902,10.878430491893573,10.534662997889654,10.739999999999997,11.533066477876144,12.2952453916428,12.682087166837556,12.869999999999996,13.139999999999995,13.139999999999995,13.229999999999992,13.109999999999996,13.169999999999996,13.079999999999997,13.349999999999996,13.319999999999997,13.347835514449065,13.379999999999994,13.349999999999996,13.379999999999994,13.379999999999994,13.499999999999991,13.319999999999997,13.409999999999991,13.409999999999991,13.499999999999991,13.499999999999991,13.649999999999991,13.619999999999994,13.739999999999997,13.619999999999994,13.709999999999994,4.146778235736523,4.146778235736523,0.01043478260869568,308,61.73134328358208
0.0849999999999996,0.0099999999999998,0.4,400,1.008260869565217,29.86246376811594,29.61779502659192,29.85289855072464,0.0,-3.544264318684295,-2.7808753519819707,-1.3821644855509374,1.0294268154406938,0.6438156813205431,0.1199999999999913,0.2068505003678707,0.239999999999991,0.4199999999999914,0.1499999999999909,0.0885076661179199,0.0899999999999909,-0.300000000000009,-0.3600000000000091,0.5399999999999909,0.0899999999999909,-0.118507666117938,0.0299999999999915,0.0899999999999921,1.6199999999999912,0.5986647325730624,0.359999999999991,-0.120000000000009,0.4499999999999908,0.0299999999999907,-0.0900000000000091,-0.4200000000000092,0.0299999999999908,-0.0300000000000092,0.2699999999999907,0.5385076661179198,0.5099999999999908,1.5299999999999911,0.7499999999999916,0.7753579270094447,0.8099999999999907,0.5699999999999912,0.6299999999999925,0.7486568795858749,0.9899999999999924,0.9899999999999924,0.6299999999999912,0.7799999999999925,0.5699999999999901,0.3899999999999906,0.6912734599140807,0.7512734599140803,-0.3883938489144619,-0.0049878104753264,-0.1445858487495862,0.4800696605000205,1.3499999999999883,0.8999999999999924,1.1699999999999915,1.4699999999999889,1.049999999999992,1.109999999999992,0.6299999999999915,1.0487933076459706,0.959999999999992,1.2056025186594428,0.79510169461176,0.1500667675600582,0.4499999999999909,0.5119419883626639,0.9612066923540128,0.6899999999999917,0.8399999999999921,0.899999999999992,0.5999999999999919,1.1999999999999915,1.079999999999992,1.169999999999991,2.524706228812656,4.929898964728037,6.265563788889664,6.421142555078449,6.599999999999998,6.419999999999996,5.999999999999997,6.059999999999997,5.909999999999997,5.819999999999997,6.719999999999998,6.478793307645976,6.299999999999996,5.9999999999999964,6.32266919818196,7.793361332349346,7.383403705502385,7.469999999999996,7.347352167406932,7.589999999999996,7.348058011637324,7.439999999999997,8.128058011637325,7.949999999999997,8.254353788867212,9.231507321996231,9.508726540085906,10.37693108325366,11.061937822523598,11.571446856266444,11.341856401447105,10.796849994465866,10.922444492837185,10.908346814466825,12.799732814122091,12.671398040739165,11.441534887850304,10.978670279493468,10.687145064230522,10.349999999999998,10.049999999999995,9.9,9.507950559510912,9.57,9.089999999999998,8.881746539752335,8.759999999999996,8.609999999999996,8.399999999999997,8.789999999999997,8.459999999999997,8.699999999999996,8.847950559510911,8.939999999999996,9.119999999999996,9.029999999999996,8.699999999999996,8.789999999999997,9.029999999999996,8.999999999999996,8.729999999999997,8.849999999999996,8.939999999999996,9.149999999999997,8.909999999999997,4.244020834933842,4.244020834933842,0.0082608695652171,309,60.955223880597
0.0699999999999996,0.0149999999999998,0.4,400,1.008985507246377,26.74536231884058,26.507181844297616,26.732753623188405,0.0,-2.468334485463437,-2.682447404192741,-2.67242157675674,-2.0542052159439264,-1.4345894582050829,-1.0553872826963877,-0.2435775977653061,0.0599999999999907,-0.5100000000000092,-0.0600000000000093,-0.11834283424996,0.2099999999999908,-0.0600000000000093,-0.4200000000000092,-0.4200000000000092,0.149999999999991,0.2999999999999909,1.1080580116373195,-0.3025662337185942,0.2447307192695062,-0.3601689991123231,0.1199999999999909,0.3299999999999909,0.0299999999999908,-0.060000000000009,-0.240000000000009,-0.2084274083129956,-0.2700000000000091,0.3599999999999909,-0.4500000000000089,-0.4218412678657078,0.208158732134292,-0.3575672095397074,-1.385290039000182,-0.3713578330407939,0.2699999999999916,0.0599999999999918,-0.120000000000008,-0.3300000000000084,-0.8418412678657073,-1.2318412678657082,-0.598058011637336,-0.1800000000000084,-0.1200000000000083,0.4499999999999914,0.2399999999999917,-0.0600000000000087,1.10454581804375,1.7047099609998169,1.0785076661179185,1.3519419883626609,1.416868580572607,1.4399999999999924,1.259999999999991,1.3499999999999912,0.8119419883626638,0.6599999999999911,0.8399999999999913,0.9885076661179204,1.0499999999999918,0.8447738902073617,2.211258774550203,2.074975773107869,2.7246505190482067,2.430449654480595,2.159999999999992,2.159999999999992,2.549999999999993,1.9784274083129796,2.9311335185373344,3.0620494404890786,3.3086816788504745,3.4784274083129816,4.7416034636212565,4.495581491153924,5.182813276949986,5.032660768018832,6.536116023274652,6.929999999999998,7.91344628896348,8.552049440489082,9.479999999999997,10.589999999999998,10.403521512810435,10.949999999999998,11.133622032176095,10.5967672685325,10.662643077527274,9.988901860369523,9.213692668345594,8.819999999999997,8.459999999999997,8.279999999999996,7.741941988362669,7.679999999999995,8.099999999999994,8.308238579100275,8.639999999999993,8.729999999999995,8.669999999999995,8.999999999999993,8.819999999999995,8.669999999999995,8.789999999999994,8.969999999999994,8.849999999999993,8.81795055951091,8.609999999999994,9.029999999999994,8.792164485550922,8.849999999999994,8.909999999999993,8.969999999999994,8.849999999999994,8.759999999999993,8.76216448555092,8.939999999999992,8.819999999999993,8.999999999999993,9.002288133498439,9.089999999999993,8.999999999999993,9.089999999999993,8.789999999999994,9.33228813349844,9.179999999999993,9.089999999999993,9.239999999999991,9.029999999999994,8.999999999999993,9.149999999999991,9.149999999999991,9.269999999999992,9.302421576756725,9.269999999999992,8.999999999999993,8.967711866501547,9.179999999999993,4.320182049165548,4.320182049165548,0.008985507246376923,310,60.17910447761193
0.0049999999999995,0.0049999999999998,0.4,400,1.0047826086956522,22.35231884057971,22.245925284869465,22.343478260869563,0.0,20.849802252159893,15.20771186650155,7.402657724395576,22.169999999999995,21.51470971025517,14.702793713024375,13.649999999999997,12.966740752547816,20.34,14.194576266996886,21.899999999999995,15.179999999999998,15.087578423243269,15.449999999999998,15.992566233718582,16.412288133498443,15.902164485550925,14.635145632782963,6.9878806517681165,6.479999999999995,-1.3477118665015655,6.625290289744816,14.369999999999996,7.232288133498442,7.234709710255172,6.990144656961848,6.932288133498441,8.102288133498444,7.169866556741709,6.5950121895246765,-0.8121644855509385,12.659999999999998,13.38485436721703,6.604586062307651,6.3530021562463705,5.877578423243261,5.404586062307653,5.074843153513457,5.5799999999999965,5.96986655674171,-0.6600000000000051,-0.9900000000000057,-1.257711866501561,5.96986655674171,5.792421576756724,4.529999999999995,2.8199999999999945,2.7299999999999933,2.639866556741707,2.4899999999999936,8.87771186650155,-11.910000000000007,-13.25985534303815,7.379999999999998,7.167321332037464,-0.927711866501559,5.822723805281584,5.399999999999998,5.669999999999993,4.324452619049366,4.56498781047531,-2.4022881334984585,18.39,16.95,16.682421576756727,16.53242157675673,23.61013344325828,24.0,16.562288133498445,10.139999999999995,9.689999999999996,9.59771186650155,10.497578423243262,17.54743376628141,10.142421576756728,9.177578423243263,9.777835514449066,9.514709710255172,10.979999999999997,4.675290289744817,11.882421576756728,11.969721899779854,-2.310000000000009,-3.540144656961861,-3.36000000000001,3.5399999999999947,4.139999999999998,3.872421576756725,4.287578423243263,4.952421576756727,4.979999999999995,4.889999999999995,-2.0100000000000104,5.579999999999996,-1.1100000000000096,-8.432164485550937,-1.7400000000000082,-2.4600000000000084,-9.21699784375363,-8.912844333938736,-8.072288133498455,-8.340000000000007,-7.382566233718594,-6.930000000000006,0.2399999999999909,1.6799999999999913,-6.060000000000006,1.2899999999999932,8.429999999999998,8.464843153513456,8.067711866501547,8.037567209539695,0.5699999999999905,0.0001334432582774,6.959855343038144,0.1478355144490616,7.557578423243264,-0.1824215767567409,-6.507711866501561,-7.437433766281422,-7.40771186650156,-6.782566233718594,-7.167578423243274,-7.590000000000007,-6.693095941549242,-7.4101334432582915,-7.022164485550934,-7.197578423243274,-6.842164485550935,-7.140000000000004,-6.717578423243275,-6.600000000000007,-6.632566233718593,-6.665145382038325,-13.354843153513473,-12.18013344325829,-11.790000000000004,-11.730000000000004,4.368694278738907,4.368694278738907,0.0047826086956521685,311,59.402985074626855
0.0799999999999996,0.0299999999999998,0.4,400,1.0056521739130435,24.11550724637681,23.979968295143397,24.10550724637681,0.0,-0.6816122188135396,-0.984128945860651,0.3899999999999893,-0.1475459646013376,-0.8770092387759378,-0.3057721671146013,-0.1181587321343099,0.0599999999999907,0.4199999999999905,-0.2400000000000092,0.3599999999999906,0.1499999999999905,0.0899999999999907,-9.386168339666241e-15,0.2999999999999906,0.2399999999999909,-0.0600000000000093,0.4751358374721917,1.1480297490041396,0.6569136205597842,0.2935288923141168,0.3601841021156407,-0.0600000000000086,-0.1800000000000086,-0.6300000000000091,-0.1520494404890922,-0.0283428342499589,-0.2700000000000084,-0.6000000000000092,-0.0900000000000085,-0.8084041567731087,-1.468848943087903,-0.9659464171952336,-0.8092898187693613,-0.7743395504747338,-2.310000000000004,-1.8278355144490768,-2.0700000000000043,-2.667950559510921,-3.0300000000000025,-3.0600000000000023,-2.3977118665015555,-3.4500000000000024,-3.570000000000002,-2.940000000000002,-3.2700000000000022,-3.776195446637317,-1.9817126249270924,-1.9973488548986051,-3.220360841302877,-3.870000000000001,-4.317711866501557,-3.6600000000000015,-3.9900000000000015,-4.440000000000001,-4.587835514449073,-4.230000000000002,-4.442164485550932,-4.980000000000002,-4.61842740831299,-5.386982464186206,-6.016912069098208,-6.478565331438209,-7.173882166274117,-7.770000000000002,-8.100000000000001,-7.740000000000002,-7.710000000000003,-7.860000000000001,-7.890000000000002,-8.100000000000001,-7.530000000000002,-7.920000000000003,-6.896309324698051,-4.61218181948939,-3.4758162967469377,-3.390000000000008,-3.961746539752347,-4.410000000000008,-4.680000000000008,-4.590000000000008,-4.200000000000008,-4.711657165750057,-5.546770481243697,-6.403702250306635,-6.8700000000000045,-6.660000000000005,-7.802502596770207,-6.625263490246316,-6.660000000000005,-6.810000000000005,-6.840000000000004,-6.690000000000005,-6.660000000000005,-6.840000000000004,-6.690000000000005,-6.630000000000004,-6.7478355144490765,-6.660000000000005,-6.720000000000004,-6.720000000000004,-6.780000000000005,-6.930000000000004,-6.810000000000005,-6.930000000000004,-6.8700000000000045,-6.930000000000003,-6.900000000000003,-7.050000000000003,-6.780000000000005,-6.780000000000005,-6.870000000000004,-7.050000000000003,-6.630000000000004,-6.750000000000004,-7.080000000000004,-6.990000000000005,-6.960000000000003,-6.960000000000004,-6.960000000000003,-6.660000000000004,-6.990000000000002,-7.142421576756735,-6.990000000000002,-7.020000000000002,-7.202566233718589,-7.020000000000003,-7.020000000000003,-7.200000000000005,-7.0800000000000045,-7.230000000000003,-7.140000000000003,-7.320000000000004,-7.080000000000004,-7.257433766281418,-7.170000000000004,-7.260000000000003,-7.080000000000004,-4.420764205051615,4.420764205051615,0.005652173913043512,312,58.62686567164178
0.0499999999999996,0.0049999999999998,0.4,400,1.0066666666666666,26.52115942028985,26.345522602936946,26.51333333333333,0.0,2.219399776629829,2.151485300445664,2.4899999999999927,3.0879505595109067,2.312026506623285,3.0597151773873685,3.4179505595109068,3.8365015663842432,3.5134930795046686,3.5399999999999907,3.4499999999999904,3.119999999999991,3.0299999999999905,3.4499999999999904,3.3299999999999907,2.609999999999991,2.818342834249941,4.017950559510907,4.141941988362663,3.537711866501545,3.365488003193343,2.5199999999999902,2.7899999999999903,3.001572591687004,2.939999999999991,2.819999999999991,3.029999999999991,3.149999999999991,3.479999999999991,3.47999999999999,4.0517465397523305,4.736506920495312,5.339999999999991,4.887835514449063,3.865188319707447,3.9899999999999887,2.8199999999999874,3.869999999999988,3.059999999999988,3.779999999999988,4.259999999999987,3.7814159680832513,2.6595996324992885,2.82598649568248,2.550532286922954,2.935816296746917,2.631230275257713,2.418122226861676,2.425547380950616,2.38600579608171,2.4915725916870035,3.80805801163732,4.079999999999992,4.199999999999993,4.019999999999993,4.081572591687007,3.869999999999993,4.319999999999992,4.171841267865693,3.239999999999992,3.265290289744812,2.609999999999991,1.8901007204969635,0.6320308835346254,0.5132297574370547,0.2981587321342933,0.9632572359489556,1.0180512800078814,1.5299999999999938,2.1882534602476547,2.369999999999993,2.4096621057126804,1.919999999999994,3.1895694990011942,3.098910561270703,2.5148779591797177,2.183348589861928,2.1580580116373214,2.699999999999993,3.3299999999999943,3.933968693264041,4.918158732134296,5.4920494404890805,5.9999999999999964,6.543991428851752,7.019999999999997,7.4999999999999964,8.014709710255174,7.319999999999997,6.929999999999996,7.139999999999997,6.421841267865696,6.3299999999999965,6.449999999999997,6.269999999999997,6.509999999999996,6.719999999999998,6.569999999999997,6.359999999999997,6.3299999999999965,6.509999999999996,6.449999999999997,6.602288133498442,6.272049440489082,6.599999999999997,6.479999999999997,6.479999999999997,6.569999999999997,6.3299999999999965,6.299999999999996,6.359999999999997,6.477950559510912,6.419999999999996,6.359999999999997,6.329999999999996,6.5399999999999965,6.509999999999995,6.842049440489079,6.629999999999996,6.509999999999996,6.509999999999995,6.47795055951091,6.509999999999995,6.509999999999995,6.629999999999996,6.779999999999996,6.749999999999996,6.719999999999995,6.692164485550924,6.269999999999995,6.539999999999995,6.752288133498442,6.659999999999996,6.449999999999996,6.659999999999996,6.779999999999996,6.719999999999995,6.689999999999995,4.489162084039806,4.489162084039806,0.006666666666666599,313,57.85074626865671
0.0799999999999996,0.0049999999999998,0.4,400,1.0091304347826089,30.35391304347826,30.079276174062905,30.342753623188404,0.0,-3.109957125791443,-3.3090482216239536,-3.57204944048909,-2.542241420100765,-0.5977897100269489,-0.0027516376208033,0.3599999999999912,0.0585076661179198,0.3599999999999913,-0.2100000000000091,0.2999999999999909,0.4499999999999911,-0.060000000000009,-0.0300000000000091,-9.099387909827782e-15,0.3599999999999907,0.3314159680832533,-0.2417465397523477,0.3299999999999914,-0.1800000000000088,-0.4199272466141798,0.1199999999999907,-0.0900000000000091,0.0299999999999907,0.3599999999999905,0.1185840319167283,-0.0900000000000091,0.1499999999999907,0.4199999999999905,-0.1500000000000091,0.0899999999999909,-0.0285076661179381,0.6579505595109072,0.8678355144490633,0.3312013857091878,-0.1800000000000089,-0.1800000000000091,0.0599999999999908,-0.4513431204141267,-0.3300000000000092,-0.0600000000000092,0.1499999999999908,-0.0300000000000092,-0.1500000000000092,0.3013431204141082,0.3299999999999908,0.6912734599140791,0.5116914399227107,0.3278355144490636,-0.5349637578193879,-0.3841387853881817,-0.1800000000000087,-0.6600000000000094,0.1799999999999915,0.541273459914078,-0.0300000000000082,-0.1500000000000087,-0.0300000000000087,-0.06120669235403,0.599999999999991,0.3954481926099882,1.6685888265693225,2.6967655715257512,2.7912066923540118,2.84999999999999,2.84999999999999,3.241273459914079,2.8799999999999897,3.4799999999999898,2.96999999999999,3.389999999999989,3.0612066923540118,3.0599999999999903,4.858037690472079,4.999089876318342,5.549999999999994,5.794909706125934,6.421841267865695,6.509999999999995,6.269999999999995,5.999999999999996,5.819999999999994,6.359999999999996,6.481206692354017,6.239999999999996,6.389999999999995,6.089999999999995,6.256294345125347,5.456751737073741,5.248885065676383,5.074727444281231,4.025839790147696,3.1181587321342947,2.7299999999999924,3.419999999999995,3.595767477374096,4.169999999999993,4.679999999999994,4.949999999999996,5.251197094115275,4.37658667446948,4.261841267865695,3.778427408312981,3.421841267865692,4.150897607914937,4.19802878891401,4.589915425936956,5.254106396215305,5.875722256977123,6.64410237811423,10.08061444643099,12.061317698226487,13.589804551389664,14.07,14.008342834249948,14.524183703253067,15.059999999999995,14.999999999999998,15.088058011637324,14.939999999999998,15.029999999999998,15.059999999999995,14.909999999999998,15.239999999999998,14.968058011637323,15.147950559510912,15.119999999999996,15.359999999999996,15.389999999999995,15.509999999999996,15.357835514449068,15.269999999999996,15.239999999999997,15.149999999999997,15.36011504506184,15.449999999999996,15.419999999999996,15.209999999999996,4.547885412747187,4.547885412747187,0.009130434782608887,314,57.07462686567163
0.0599999999999996,0.0099999999999998,0.4,400,1.007536231884058,26.87623188405797,26.675201380897583,26.866521739130437,0.0,-1.6430953226163982,-2.179723584471485,-1.7955473809506342,-2.012164485550937,-1.4261901588448114,-0.3263114718849973,-9.281464485866308e-15,0.3315725916870037,0.4499999999999907,-9.272582701669309e-15,-0.0600000000000092,0.1799999999999908,-0.0900000000000093,0.1199999999999907,-0.0600000000000093,-0.0300000000000091,-0.3600000000000092,-0.0581587321343088,-0.7200000000000075,-0.7822881334984548,-0.4308263599711263,-9.139355938714288e-15,-0.3300000000000091,0.3599999999999907,0.5699999999999911,-9.166001291305291e-15,-0.8400000000000089,-0.120000000000009,-0.0900000000000091,-0.210000000000009,0.8699052718866317,0.4798007643029319,0.3325662337185776,0.5652902897448141,1.533653963564096,1.768342834249942,1.6515725916870048,2.041492333882061,2.30999999999999,2.429999999999989,2.3399999999999896,2.3399999999999896,2.2799999999999905,2.2799999999999905,2.641492333882061,2.489999999999989,2.309999999999991,3.0364694586829923,2.969999999999992,3.0819055860890447,2.762049440489073,1.619999999999991,2.0999999999999908,2.309999999999991,2.9985840319167285,2.158584031916729,1.8585076661179207,2.249999999999991,2.5499999999999896,2.9399999999999915,3.0449418271357644,3.6547065677237858,4.770184102115642,5.189999999999991,5.369999999999992,6.091343120414112,6.178253460247654,6.182049440489077,6.841492333882067,6.959999999999996,6.654719748877565,7.771831058012956,8.574570924516259,8.670302228524854,10.251910681206716,11.072871572935364,11.701841267865696,11.707429332864638,11.411064554525955,10.58040292998793,10.529999999999998,10.748561922987523,10.949999999999998,11.068058011637325,11.486397058800549,10.74638461003128,10.27677189274484,10.372977076989573,9.327545323422862,8.603925701905348,7.769999999999998,7.229999999999998,7.348427408312984,6.749999999999997,6.628058011637322,6.479999999999997,6.779999999999997,6.719999999999995,6.509999999999995,6.539999999999996,6.5399999999999965,6.507835514449067,6.329999999999995,6.869999999999994,6.539999999999996,6.449999999999997,6.839999999999995,6.599999999999994,6.749999999999995,6.599999999999995,6.419999999999995,6.479999999999995,6.449999999999994,6.689999999999994,6.809999999999994,6.539999999999995,6.689999999999994,6.694213926040006,6.659999999999994,6.779999999999994,6.689999999999994,6.479999999999994,6.659999999999994,6.659999999999994,6.689999999999994,6.719999999999994,6.749999999999995,6.687711866501547,6.599999999999994,6.747835514449065,6.959999999999995,6.719999999999994,6.7199999999999935,6.899999999999994,6.899999999999993,6.749999999999995,6.659999999999994,6.992164485550923,4.571190342541161,4.571190342541161,0.007536231884057942,315,56.29850746268656
0.0549999999999996,0.0049999999999998,0.4,400,1.0069565217391303,27.18173913043478,26.993955094991364,27.172608695652173,0.0,1.43421826483506,2.383354796968733,2.0999999999999903,2.1327270309717195,2.55165716575004,2.850099677066363,2.752407145021099,3.031831058012949,3.239999999999991,3.7799999999999914,3.2699999999999902,3.959999999999991,3.718342834249941,3.2699999999999902,2.429999999999991,2.729999999999991,2.489999999999991,1.1699999999999915,0.688058011637319,1.4699999999999915,2.013145183374017,2.279999999999991,2.5178355144490627,2.1339686932640363,1.3796300367624428,0.6672715701919817,1.109999999999991,0.8699999999999909,1.0199999999999907,1.0499999999999907,2.19165716575004,2.458158732134292,3.659999999999991,3.179999999999991,2.7852781473616086,2.2214923338820616,1.109999999999991,0.931572591687004,0.9899999999999908,0.6915725916870039,0.4485076661179197,0.5385076661179196,0.8099999999999907,0.7199999999999906,-0.0900000000000088,0.0599999999999914,-0.3000000000000088,0.1753167171551683,-0.8096542911427149,-1.7533739144273952,-2.880000000000006,-3.721492333882078,-4.318058011637333,-5.158584031916741,-5.160000000000002,-5.703235110399167,-5.070000000000002,-5.040000000000003,-4.740000000000002,-5.751190210023851,-6.789262012755623,-7.185437324476031,-8.27437547590593,-9.243883976725346,-9.50858403191674,-10.01574077782674,-9.480000000000002,-8.700000000000003,-8.010000000000002,-7.980000000000002,-7.4700000000000015,-7.404930068352634,-7.410000000000002,-7.37490878430749,-7.398070398211531,-7.381396651911261,-6.5100000000000025,-6.656485419950315,-7.618434173318395,-8.696661737240246,-9.478158732134304,-9.505004193976024,-9.030000000000005,-9.326397058800556,-10.10938260480881,-9.630000000000004,-9.90351458004969,-9.567433766281418,-10.247412503817475,-10.290000000000004,-9.720000000000002,-9.540000000000004,-9.537950559510918,-9.812049440489089,-9.630000000000004,-9.240000000000002,-9.08805801163733,-8.640000000000002,-8.550000000000002,-8.54805801163733,-8.700000000000003,-8.700000000000003,-8.700000000000003,-8.520000000000003,-8.550000000000002,-8.640000000000002,-8.670000000000002,-8.432049440489088,-8.910000000000002,-8.640000000000002,-8.700000000000003,-8.640000000000002,-8.700000000000003,-8.850000000000001,-8.672049440489086,-8.610000000000003,-8.640000000000002,-8.640000000000002,-8.670000000000002,-8.970000000000002,-8.700000000000003,-8.730000000000002,-9.000000000000002,-8.880000000000003,-8.640000000000002,-8.940000000000003,-8.580000000000004,-8.970000000000004,-8.970000000000002,-9.027835514449071,-8.730000000000004,-8.670000000000003,-8.730000000000002,-8.880000000000003,-8.820000000000004,-9.000000000000004,-8.760000000000003,-9.06228813349845,-4.653440508217021,4.653440508217021,0.006956521739130306,316,55.522388059701484
0.0249999999999995,0.0049999999999998,0.4,400,1.006376811594203,24.05014492753623,23.8977534562212,24.038115942028984,0.0,3.0387404752299894,4.042350144740262,2.9399999999999937,3.6922881334984425,4.2020494404890805,4.47445261904937,4.86228813349844,4.410115045061838,5.069999999999993,5.614328971101851,6.092049440489077,5.759999999999991,5.309999999999991,5.999999999999992,4.799999999999992,4.949999999999991,3.721941988362666,2.279999999999993,2.247750581555441,3.24228813349844,2.309999999999992,2.519999999999993,2.3399999999999928,2.579999999999994,2.3124215767567247,2.459999999999992,3.0613616794716334,3.2999999999999927,3.5399999999999934,3.507711866501546,4.684452619049368,5.965671028898134,5.37216448555092,5.249999999999992,5.069999999999993,5.669999999999993,5.969884954938148,6.899999999999993,6.7220494404890765,14.19421392604001,0.2720494404890797,-0.2100000000000028,7.351703295353306,0.449627863732349,7.740115045061839,6.599999999999993,5.00795055951091,3.754709710255169,4.200133443258277,3.663804553362679,10.744612489718014,3.273890708354776,2.222164485550921,9.422164485550928,9.599742908794196,8.612049440489084,8.759999999999998,7.949999999999999,8.729999999999999,8.309999999999997,9.537433766281412,9.032288133498446,8.727711866501553,8.639999999999999,9.209999999999996,8.937711866501552,8.249999999999998,8.427950559510915,9.06,8.97,9.03,9.089999999999998,8.759999999999998,8.942506747102886,8.819999999999999,8.909999999999998,9.242164485550926,8.817835514449069,8.93783551444907,8.639999999999999,8.819999999999999,8.819999999999999,8.639999999999999,8.85,8.43,8.459999999999997,8.307950559510914,8.857275943973761,8.757711866501552,8.700123647947516,8.729999999999997,8.219999999999999,8.849999999999996,8.93987635205248,1.769999999999992,1.7399999999999909,9.177835514449068,9.092164485550926,1.979999999999992,2.1599999999999917,2.279999999999991,2.462288133498438,2.039999999999992,-4.710000000000004,2.3399999999999896,2.48999999999999,-4.710000000000003,2.0099999999999896,2.039999999999992,2.54999999999999,2.54999999999999,2.30999999999999,2.24999999999999,2.729999999999991,2.0999999999999903,2.57999999999999,2.100123647947507,-4.800000000000003,-4.830000000000004,-4.5900000000000025,2.337835514449062,-4.5900000000000025,-4.650000000000002,-4.800000000000003,2.369999999999992,2.48999999999999,2.429999999999992,2.729999999999992,-4.472288133498449,-4.500000000000003,2.822421576756724,2.222164485550921,2.669999999999992,2.1277118665015458,2.369999999999992,2.6375784232432604,2.6144526190493678,2.39999999999999,4.656695348341174,4.656695348341174,0.006376811594202891,317,54.74626865671641
0.0799999999999996,0.0099999999999998,0.4,400,1.0084057971014493,29.36246376811594,29.117706237424542,29.35014492753623,0.0,-0.8319166041441405,-0.352259137731417,-0.0600000000000082,0.6222537164052302,0.5621006961238069,0.2262371439910932,0.0899999999999909,0.0899999999999909,0.3599999999999912,-0.2100000000000089,-0.330000000000009,-0.3000000000000088,-0.0300000000000088,-0.270000000000009,-0.0600000000000089,-0.210000000000009,0.509999999999991,0.7164121923819536,0.9899999999999922,1.169999999999992,-0.0851852753673703,-0.1200000000000091,0.1799999999999909,0.2414159680832533,-0.0300000000000091,0.2999999999999909,0.2399999999999908,-0.180000000000009,0.0299999999999908,0.0599999999999908,-0.2084274083129961,0.5999999999999907,0.9045434942135776,0.4847097102551676,0.6518951916023474,0.5099999999999908,0.5699999999999905,0.449999999999992,0.4199999999999911,0.7799999999999925,0.8999999999999928,1.2882534602476527,0.9899999999999928,0.8699999999999929,1.4099999999999873,1.0799999999999927,1.2299999999999929,2.097979060898676,2.822421576756725,2.096042873541854,2.789999999999992,3.749999999999998,3.5399999999999983,4.139999999999998,4.259999999999998,4.439999999999998,3.809999999999998,3.8399999999999976,4.049999999999998,3.7199999999999975,4.835532216564276,3.222642925071857,2.704043785719068,1.9259349087729132,2.249999999999992,1.979999999999991,2.2799999999999905,1.8899999999999912,1.7699999999999916,2.311273459914081,1.9199999999999915,2.2199999999999918,2.309999999999991,2.8991968440598326,4.869192019849132,5.791941988362671,5.996930401418679,6.178793307645976,6.149999999999999,6.662546919828174,5.969999999999999,6.029999999999999,6.149999999999999,6.181206692354019,6.719999999999999,6.299999999999999,6.509999999999998,6.763499946503134,5.874662020962741,5.013280772954574,3.970362913017876,4.468284900143811,5.0353945510966005,5.366397058800549,5.846931083253661,6.23865687958588,5.969999999999999,6.410955695317018,8.006601243450621,9.055351110099734,9.715019421320402,9.628726540085909,8.813119087584017,8.640963039036047,9.192587790207526,9.179999999999998,8.669999999999998,8.205697682371328,8.81958329912032,9.068488229681398,9.601841267865698,9.779999999999998,9.749999999999998,10.441746539752335,10.829999999999998,11.039999999999996,10.919999999999998,11.07,10.979999999999997,10.919999999999998,10.829999999999998,10.977835514449067,10.889999999999995,11.099999999999998,11.09783551444907,10.829999999999998,11.132164485550929,10.769999999999998,11.159999999999998,11.189999999999998,11.159999999999998,11.247835514449068,11.277835514449068,11.039999999999996,11.07,10.949999999999998,11.369999999999996,11.4,4.698676592348289,4.698676592348289,0.008405797101449286,318,53.970149253731336
0.0999999999999996,0.0099999999999998,0.4,400,1.011014492753623,31.873768115942028,31.526519495412845,31.861014492753625,0.0,-2.2304092209795554,-0.4620380553287346,-0.4800000000000085,0.2020525240696658,0.4735942746569802,0.0459653404648224,0.1799999999999909,0.0299999999999907,-0.1200000000000089,-0.0900000000000091,-0.1200000000000092,-0.1800000000000092,-0.4200000000000095,-0.1800000000000091,-0.3300000000000091,-9.15010515618606e-15,0.0913431204141081,0.7499999999999916,0.6599999999999911,0.7499999999999916,0.517124184281979,0.0299999999999907,-0.1200000000000092,-0.0900000000000091,-0.240000000000009,0.1199999999999908,0.1499999999999908,-0.0600000000000092,-0.0900000000000092,-9.197087535994796e-15,-0.0285840319167468,-0.2700000000000094,0.1157860739599783,0.2977118665015454,-0.238570273887836,-0.1800000000000091,-9.245937349078304e-15,0.2999999999999909,-0.0900000000000093,0.2999999999999906,0.3599999999999907,0.0299999999999907,0.3599999999999908,0.0599999999999907,-0.1200000000000089,-0.360000000000009,0.9899999999999908,2.6335994069107285,3.1178355144490637,1.9084210015005525,0.8999999999999921,0.9599999999999922,0.9299999999999922,0.7199999999999922,1.109999999999992,1.2599999999999922,1.4399999999999906,0.6599999999999925,0.659999999999992,0.959999999999992,3.074842783529523,1.0200875888275414,1.2299999999999922,0.9299999999999912,1.139999999999992,0.8699999999999923,1.4099999999999917,1.6499999999999897,1.259999999999989,0.6899999999999923,1.2611425550784434,1.2899999999999892,1.1699999999999904,2.7177779118439247,1.3392201356079696,1.1699999999999926,0.779999999999992,1.0199999999999922,0.8089191873198414,1.7999999999999887,1.4699999999999906,1.0799999999999923,1.1699999999999908,1.04999999999999,0.7499999999999922,0.8999999999999924,0.7799999999999925,0.889193107446133,4.006536977761436,3.871572591687008,3.179999999999995,3.301080812680146,2.999999999999996,3.149999999999995,2.9699999999999944,3.1799999999999957,2.969999999999995,2.849999999999996,3.029999999999995,2.3999999999999937,2.969999999999995,3.3299999999999947,2.939999999999995,2.7899999999999947,3.778857444921543,4.529999999999996,4.345996765047385,4.489974550977639,4.8639686932640425,5.521858448186177,6.680788719521413,8.628646234898406,10.054085666554707,11.722029598418668,15.28383424227784,17.402581932844956,18.04799540218882,17.63132924781247,17.031698093282795,18.38199655671449,19.694842013389135,20.99693485945979,21.23529590497831,21.748058011637323,21.419999999999995,21.687950559510917,21.657950559510915,21.509999999999994,21.869999999999997,21.719999999999995,22.137950559510912,21.959999999999997,22.259999999999994,21.84,21.959999999999997,22.2,22.22783551444907,22.14,4.789106267798809,4.789106267798809,0.011014492753623095,319,53.19402985074626
0.0399999999999995,0.0149999999999998,0.4,400,1.0056521739130435,23.562753623188406,23.43032137195561,23.554927536231883,0.0,-1.7192427983945646,-1.5031413733085384,-1.947433766281423,-1.3144749362407877,-1.5901007204969813,-1.079646261928802,-8.5087492607272e-15,-0.2100000000000081,0.1780580116373187,-1.0519419883626804,-0.1520494404890925,-0.1219419883626808,0.059999999999992,-0.4500000000000082,-0.2100000000000085,-0.3000000000000087,-0.8080580116373351,0.2699999999999914,-1.1377118665015622,-0.5072891093195675,-0.7219419883626808,-1.2600000000000091,-0.0881587321343088,-0.4800000000000077,-0.330000000000008,-0.4800000000000073,-0.4500000000000074,-0.5400000000000077,-1.3781587321343105,-1.5881587321343096,-2.759884954938162,-3.122403178560296,-2.547103650764741,-0.8400000000000096,-0.6298925478735974,-0.9900000000000064,-1.859324962995613,-1.3763970588005594,-0.5118412678657073,-0.7520494404890937,-1.0159942465833809,-1.7720494404890936,-1.620000000000009,-2.759905271886648,-2.4600000000000084,-4.288058011637335,-5.222164485550937,-5.250172543953687,-4.647606310235101,-5.940000000000007,-6.175662426012476,-6.839777502811751,-7.440000000000007,-7.41445261904938,-7.410000000000005,-7.292288133498452,-7.137835514449077,-7.410000000000005,-7.290000000000005,-7.680000000000007,-8.340157571563005,-7.470000000000007,-7.200000000000006,-6.9900000000000055,-6.720000000000006,-6.720000000000007,-6.750000000000007,-6.210000000000007,-6.837835514449079,-6.660000000000007,-6.660000000000008,-6.480000000000007,-6.480000000000008,-6.297448738672099,-6.74771186650156,-6.810000000000007,-6.717835514449079,-6.780000000000007,-6.720000000000007,-6.717835514449079,-6.930000000000007,-6.660000000000008,-6.510000000000008,-6.600000000000008,-6.750000000000007,-6.780000000000007,-6.720000000000007,-6.392723805281594,-6.694730719269521,-6.660000000000008,-6.810000000000007,-6.930000000000007,-6.540000000000008,-7.140000000000007,-6.930000000000007,-6.600000000000008,-6.540000000000008,-6.870000000000008,-6.870000000000008,-6.780000000000008,-6.900000000000007,-6.780000000000007,-6.900000000000006,-6.630000000000007,-6.930000000000007,-6.870000000000007,-6.930000000000007,-6.6600000000000055,-7.022288133498453,-6.927578423243276,-6.900000000000007,-6.930000000000006,-6.960000000000007,-6.812288133498454,-6.840000000000004,-6.840000000000006,-6.83771186650156,-6.750000000000007,-6.987711866501561,-6.930000000000007,-6.780000000000007,-6.960000000000004,-6.934843153513469,-7.1075784232432735,-7.260000000000004,-7.1075784232432735,-6.870000000000005,-7.020000000000006,-6.780000000000005,-7.082566233718593,-6.900000000000005,-7.230000000000007,-6.992566233718593,-6.960000000000005,-6.83771186650156,-7.204843153513469,-7.200000000000006,-7.440000000000005,-4.915853631581366,4.915853631581366,0.005652173913043512,320,52.41791044776119
0.0449999999999995,0.0099999999999998,0.4,400,1.0056521739130435,24.937246376811597,24.797088917711484,24.928840579710144,0.0,0.4277915445431119,-0.1600750202923676,-0.8078453097598457,-0.0016138434914969,-0.412285844522742,0.293971854672201,0.6577582851095927,0.4238045533626764,0.4199999999999912,0.0899999999999911,-0.6600000000000088,-0.3300000000000089,-0.330000000000009,-0.4200000000000091,-0.4500000000000089,-0.7800000000000091,-0.4500000000000094,0.1176130172608069,-0.0900000000000079,0.7498665567417062,0.5699999999999913,0.9599999999999912,0.4781587321342911,-0.0600000000000089,0.5399999999999908,0.6599999999999908,0.4799999999999909,0.5399999999999907,0.4817465397523293,1.1399999999999908,1.2599999999999911,2.2260484622762657,2.5822881334984387,2.879999999999993,3.3864224022346967,4.077950559510913,4.620107452126408,4.8299999999999965,5.072049440489081,5.189999999999997,5.431746539752335,5.5240988809781655,5.699999999999997,5.339999999999996,5.909999999999997,6.209999999999996,5.938058011637323,5.799529136198896,5.042566233718583,4.885546443569383,4.351841267865695,4.199630603324338,5.219999999999998,5.427950559510913,5.608342834249948,5.366311471884985,5.22194198836267,5.340100720496971,6.509999999999996,7.109999999999998,6.957433766281408,7.432172595282391,8.22205703342451,7.889999999999995,8.189999999999996,7.917950559510911,7.409999999999993,7.469999999999994,7.409999999999996,7.015975142394428,6.566008571148237,6.569999999999994,6.599999999999994,6.899999999999994,6.749752588215224,6.419999999999995,6.749999999999995,6.7199999999999935,6.419999999999993,6.329999999999995,6.752049440489077,6.599999999999994,6.539999999999993,6.569999999999993,6.842049440489078,6.539999999999993,6.627711866501548,5.975132467437164,6.392134589638651,6.604413903995472,6.749999999999993,6.659999999999993,6.662049440489077,6.569999999999993,6.629999999999993,6.629999999999993,6.689999999999993,6.749999999999993,6.599999999999993,6.3899999999999935,6.509999999999992,6.569999999999993,6.7199999999999935,6.599999999999993,6.779999999999993,6.809999999999993,6.839999999999993,6.749999999999993,6.809999999999993,6.599999999999992,6.779999999999992,6.632164485550922,6.629999999999993,6.869999999999993,6.779999999999993,6.779999999999992,6.839999999999992,6.809999999999993,6.779999999999992,6.629999999999992,6.419999999999993,6.689999999999993,6.779999999999992,7.022164485550921,6.69012364794751,6.692288133498439,6.869999999999992,6.719999999999992,6.779999999999993,6.720123647947508,6.899999999999991,6.989999999999992,6.959999999999993,6.629999999999993,6.657711866501546,6.749999999999993,6.959999999999992,6.957711866501546,4.933120302507183,4.933120302507183,0.005652173913043512,321,51.64179104477611
0.0749999999999996,0.0249999999999998,0.4,400,1.0068115942028986,24.91130434782609,24.742766661868437,24.897971014492757,0.0,0.6081784609380617,0.6624656335002392,0.5128963492352575,0.1551453820383103,-1.0579601221158106,-1.4023221369617684,-0.4500000000000094,-0.1800000000000092,0.0599999999999905,0.1199999999999905,0.1499999999999908,-0.1200000000000092,0.0599999999999904,0.2999999999999908,-0.4816571657500587,-0.4200000000000095,-0.1500000000000092,1.526269295406074,3.113145883598807,2.7899999999999907,1.722929587002479,1.768437562363302,1.109999999999991,0.8099999999999907,0.8399999999999914,0.0899999999999908,0.6599999999999911,1.1099999999999923,1.1699999999999926,0.6299999999999916,0.0019419883626649,-0.8362167437716362,1.3209614251971902,1.1999999999999955,2.6494711378199742,3.4799999999999978,3.631572591687011,3.329999999999996,3.8719419883626665,4.408427408312982,4.829999999999996,4.919999999999998,4.379999999999998,4.499999999999997,4.349999999999998,4.589999999999998,4.349999999999998,5.896660954355244,4.889999999999995,2.236281312604537,0.8399999999999906,0.9299999999999912,1.3821644855509212,0.8999999999999929,1.6199999999999934,1.4399999999999928,1.287835514449064,1.1999999999999915,0.7799999999999915,0.8699999999999912,2.831458272386121,3.8192302229190704,4.808078454399329,4.619999999999993,4.857711866501549,4.529999999999994,4.709999999999995,4.289999999999995,4.559999999999993,4.6799999999999935,4.649999999999994,5.282049440489077,5.238547407186883,5.9477733953514935,6.86346849651989,7.801956572410105,8.607019095471099,8.849999999999996,8.849999999999996,8.579999999999997,8.549999999999997,8.551492333882067,8.038058011637322,7.557835514449066,7.796400845887271,8.824928323859613,8.969999999999994,8.669961923386408,8.831867647438475,8.879999999999994,8.939999999999992,9.029999999999994,8.88228813349844,8.759999999999993,9.179999999999993,8.819999999999993,8.999999999999993,8.819999999999993,9.179999999999993,9.029999999999994,8.909999999999993,8.999999999999993,8.997711866501547,8.759999999999993,8.939999999999992,9.057711866501547,9.059999999999992,9.149999999999991,9.059999999999992,9.059999999999992,9.06228813349844,9.059999999999992,8.999999999999993,9.029999999999994,9.239999999999991,9.149999999999991,9.179999999999993,9.389999999999992,9.30228813349844,9.059999999999992,9.329999999999991,9.269999999999992,9.387578423243262,9.392421576756725,9.212421576756723,9.329999999999991,9.389999999999992,9.119999999999994,9.419999999999993,9.419999999999993,9.302421576756725,9.479999999999992,9.569999999999997,9.209999999999994,9.687433766281409,9.749999999999991,9.389999999999992,9.602421576756726,5.321618806133403,5.321618806133403,0.006811594202898563,322,50.86567164179104
0.0749999999999996,0.0199999999999998,0.4,400,1.008260869565217,25.969710144927536,25.75693546068708,25.95826086956522,0.0,-4.378558824815874,-4.094719916745735,-3.930000000000009,-2.873050550721313,-2.6161272911197115,-1.489045887221761,-0.2364224022347123,-0.0300000000000093,-0.1500000000000092,-0.0300000000000093,-0.2700000000000097,-0.0600000000000093,0.0599999999999908,-0.0900000000000091,-0.2400000000000091,0.0599999999999908,-0.270000000000009,-0.1122984837467731,-0.4200000000000078,-0.634854367217041,0.375637632510097,0.2399154259369549,-0.2400000000000091,0.0599999999999909,-0.1200000000000089,-0.1200000000000091,-0.060000000000009,0.0299999999999909,-9.121592370320286e-15,-9.139355938714288e-15,-8.473222123939194e-15,-0.0600000000000084,-0.8703301155166883,-0.5128963492352743,0.3369441558343861,0.6633987565493675,0.4499999999999902,-0.0300000000000085,0.3299999999999912,-0.0900000000000095,0.029999999999991,0.6899999999999903,0.8385840319167288,1.1080580116373175,1.1699999999999908,1.2599999999999898,1.0183428342499423,1.935529220874296,2.460172543953669,4.37377944276357,4.799999999999994,5.459999999999993,6.240107452126406,6.449999999999994,6.571415968083256,6.749999999999995,6.568584031916732,6.209999999999995,5.788584031916731,5.969999999999994,7.132506677112126,6.285821878128194,6.208291889606586,6.232067929135887,6.899999999999993,7.349999999999994,7.409999999999994,7.349999999999993,7.4699999999999935,7.529999999999994,7.619999999999993,7.439999999999994,7.919999999999993,7.401795384416749,8.086660500531247,8.285866125471259,8.311840733843495,8.491941988362667,8.789999999999994,9.230044421374116,10.043510414210608,10.016397058800546,10.35204944048908,10.859999999999996,10.559999999999995,10.354995806023975,9.7393314977776,9.806702999992524,8.96149341785975,8.30156597958635,7.98683650628815,7.889999999999994,7.772049440489078,7.949999999999993,8.101862297119613,8.701941988362668,8.969999999999994,8.699999999999994,8.999999999999995,8.849999999999994,8.849999999999994,8.729999999999995,8.969999999999994,8.909999999999995,8.849999999999994,9.089999999999996,9.092164485550922,8.819999999999995,9.089999999999996,8.969999999999994,8.967835514449066,8.969999999999994,8.969999999999994,9.179999999999993,9.089999999999996,8.879999999999994,9.299999999999994,8.969999999999994,9.089999999999996,9.059999999999995,9.059999999999995,9.24228813349844,9.179999999999993,9.239999999999991,9.059999999999995,9.209999999999994,9.119999999999994,9.269999999999992,9.147835514449064,9.299999999999994,9.389999999999992,9.359999999999992,9.447578423243264,9.209999999999994,9.449999999999994,9.269999999999992,9.329999999999991,9.209999999999994,5.325971201433817,5.325971201433817,0.0082608695652171,323,50.089552238805965
0.0299999999999995,0.0049999999999998,0.4,400,1.0069565217391303,24.547971014492752,24.37838226827864,24.5368115942029,0.0,0.3145549570654992,1.854675109045517,1.1421644855509192,1.407711866501546,1.203811566985416,0.7455289827541759,-0.1180580116373363,1.2321644855509195,1.5899999999999903,1.9198849549381465,1.8599999999999888,1.2617465397523306,1.0199999999999916,0.8996767823147607,0.5999999999999943,0.119999999999996,-0.1200000000000039,-0.0315164198642418,-0.604213926040016,-1.3222881334984486,-1.561841267865703,-1.4400000000000035,-1.2000000000000035,-1.2300000000000022,-1.887578423243271,-1.5300000000000034,-0.7200000000000029,-1.3800000000000028,-0.5099204054680535,-1.0818412678657028,-1.557950559510919,-2.2819419883626764,-2.912421576756736,-1.869028886046271,-2.9680580116373307,-3.658158732134304,-4.798253460247665,-4.678058011637332,-6.150000000000002,0.0282534602476528,-7.530000000000005,-8.190000000000003,-8.490000000000004,-9.062421576756735,-9.390000000000004,-10.380000000000004,-11.640000000000002,-11.792288133498449,-11.640000000000002,-12.310170270704988,-5.854413903995485,-13.348058011637333,-13.648065604572764,-6.152164485550933,-6.570372136267651,-6.122049440489088,-5.790000000000005,-5.520000000000005,-5.220000000000004,-4.770000000000006,-4.622566233718594,-4.0178193186279705,-4.380000000000003,-4.4100000000000055,-3.9300000000000046,-3.9600000000000057,-4.293991428851764,-4.260000000000007,-4.080000000000005,-4.4100000000000055,-3.7800000000000034,-4.022164485550934,-4.11204944048909,-4.617845309759844,-4.28771186650156,-4.4420494404890905,-4.140000000000006,-4.0800000000000045,-4.470000000000004,-4.500000000000004,-4.080000000000005,-4.290000000000005,-4.2000000000000055,-4.407950559510921,-4.530115045061851,-4.410000000000005,-4.587835514449077,-4.07031369297308,-4.440000000000006,-4.382164485550934,-4.140000000000006,-4.230000000000007,-4.170000000000007,-4.472164485550935,-11.430000000000003,-11.337835514449075,-4.050000000000007,-4.170000000000005,-11.040000000000004,-11.1,-11.370000000000005,-10.890000000000002,-11.160000000000004,-11.222164485550934,-4.140000000000006,-4.110000000000007,-11.220000000000004,-4.470000000000006,-4.410000000000007,-4.380000000000007,-4.260000000000007,-4.290000000000007,-4.31771186650156,-4.500000000000007,-4.170000000000007,-4.287835514449077,-4.22771186650156,-11.280000000000005,-11.010000000000003,-11.307711866501558,-11.25445261904938,-11.280000000000005,-11.367835514449077,-10.860000000000005,-11.130000000000004,-11.340000000000003,-11.220000000000002,-11.28216448555093,-11.280000000000005,-11.370000000000005,-10.977835514449072,-11.400000000000002,-11.310000000000002,-11.222288133498449,-11.400000000000002,-11.12542373300311,-11.457711866501556,-11.282288133498447,-5.389628057069728,5.389628057069728,0.006956521739130306,324,49.31343283582089
0.0649999999999996,0.0049999999999998,0.4,400,1.0084057971014493,28.51304347826087,28.27536648462202,28.50144927536232,0.0,-0.5740268015763541,-0.2287699488118653,0.5421644855509214,0.8041460061482235,2.120332661944724,3.2347750785882505,3.4232295187563024,2.8499999999999908,2.729999999999991,3.149999999999991,3.3299999999999903,2.8799999999999915,2.669999999999991,3.1799999999999904,3.5999999999999903,2.9099999999999904,3.2399999999999918,3.898253460247653,4.67999999999999,4.289999999999991,3.4460058315562465,3.2699999999999907,3.119999999999992,3.0885076661179203,3.0299999999999905,3.359999999999991,3.479999999999991,3.2699999999999902,3.359999999999991,2.9999999999999902,3.8716571657500407,3.148342834249941,2.8843289711018487,2.8177118665015453,3.36952207438314,3.1514159680832527,3.509999999999991,3.299999999999991,3.569999999999991,3.5999999999999908,3.089999999999991,3.719999999999991,3.627248362379197,3.5399999999999907,3.898584031916729,3.359999999999991,-4.051415968083271,3.948816981673356,3.85888545074352,3.375587291434629,3.388584031916729,4.111343120414108,4.712421576756722,-1.6200000000000097,-1.0500000000000105,-0.6900000000000103,-0.8400000000000096,-1.440000000000009,-1.888656879585893,-1.2585840319167465,-0.4151253083286974,-0.7302829556806057,-1.438584031916747,-0.9300000000000096,-0.4500000000000096,-0.6599303394999816,-1.0200000000000096,-0.961273459914098,-1.0500000000000085,-1.3200000000000092,-1.4100000000000088,-0.9013431204141268,-0.4500000000000091,-1.5500268260982113,0.4440858545435958,1.261577036554113,2.764183703253067,2.879999999999995,2.879999999999994,3.0299999999999945,3.0899999999999954,2.341343120414112,2.5499999999999954,2.702759088497374,3.209999999999994,2.488806093053831,2.0325277146156107,3.1177118665015486,4.627461631770788,5.693501944877362,6.35496034019172,6.846285838807387,6.86583207103889,7.110348933983626,8.212967512663703,10.046970309610751,11.334839242129611,11.66714267888922,12.76949944564545,13.309232026861425,13.19676557152576,13.258058011637324,12.599999999999998,12.809999999999995,12.509999999999998,12.689999999999998,12.539999999999996,12.659999999999998,12.57,12.779999999999998,13.109999999999998,13.079999999999998,13.049999999999995,12.929999999999998,13.109999999999998,12.987950559510914,12.929999999999998,13.199999999999998,13.049999999999995,13.199999999999998,13.32,13.32,13.199999999999998,13.499999999999998,13.647835514449069,13.859999999999996,13.619999999999996,13.79771186650155,13.499999999999996,13.439999999999998,13.469999999999995,13.139999999999995,13.617835514449068,13.232164485550925,13.439999999999996,13.619999999999996,13.829999999999997,13.679999999999998,5.637784077839972,5.637784077839972,0.008405797101449286,325,48.537313432835816
0.0649999999999996,0.0199999999999998,0.4,400,1.008260869565217,24.84768115942029,24.644099468161563,24.83536231884058,0.0,-0.1388886034015551,0.978380380548493,-1.3825662337185955,-0.8928477039737619,-1.7356907310989242,-0.3637959802414315,-0.5980580116373365,-0.1216571657500586,0.1799999999999907,-9.312550730555813e-15,-9.392486788328824e-15,0.4799999999999905,0.0616571657500399,0.1499999999999908,0.0283428342499415,-0.3900000000000095,-0.1781587321343099,0.1540057534166193,-0.389855343038153,-0.7172761947184213,-0.9902532396780138,-0.7500893740022978,-1.0800000000000085,-0.7800000000000079,-1.200000000000009,-1.9215725916870248,-1.9500000000000115,-1.2600000000000096,-1.0484274083129947,-1.2000000000000086,-1.7400000000000104,-1.635963382190463,-1.2272761947184216,-0.6876387688770409,-1.447109087163476,-2.2221644855509366,-2.9685076661179384,-3.0000000000000098,-3.600000000000009,-3.4821644855509386,-4.108058011637338,-4.44149233388208,-4.560000000000009,-4.650000000000008,-4.889919742195065,-4.620000000000008,-4.320000000000009,-3.7062626708878654,-1.2000000000000104,-2.610878825470358,-1.082614140031538,-0.0879505595109208,-0.1780580116373319,0.2999999999999959,1.1399999999999963,1.0499999999999965,1.499999999999997,1.2020494404890807,1.499999999999997,0.9018564014471052,2.5762894316835947,4.17845808397833,6.147950559510912,8.012471915632803,9.564417302648511,9.839999999999996,10.32,10.289999999999996,10.444183703253069,11.336195446637312,11.551657165750044,12.028507666117925,11.582105349619344,13.323086379440204,11.87830232632403,12.209999999999996,11.427835514449066,11.339999999999998,10.859999999999998,11.129999999999995,11.009999999999998,10.949999999999998,10.919999999999998,10.979999999999997,11.159999999999998,11.279999999999998,11.339999999999996,11.689173034207483,11.243664060023807,11.009999999999998,10.949999999999996,11.279999999999996,11.159999999999997,11.399999999999997,11.039999999999996,11.309999999999995,11.159999999999997,11.009999999999996,11.099999999999996,11.399999999999997,11.249999999999996,11.189999999999996,11.249999999999996,11.249999999999996,11.129999999999995,11.399999999999997,11.219999999999995,11.189999999999996,11.099999999999996,11.219999999999995,11.217835514449066,11.309999999999995,11.249999999999998,11.429999999999996,11.489999999999998,11.399999999999997,11.279999999999996,11.519999999999996,11.549999999999995,11.459999999999996,11.579999999999997,11.459999999999996,11.489999999999998,11.427711866501552,11.607711866501552,11.489999999999998,11.759999999999998,11.429999999999998,11.789999999999996,11.759999999999998,11.64485436721703,11.489999999999998,11.879999999999995,11.699999999999998,11.579999999999998,11.725012189524678,11.759999999999998,11.700144656961852,5.702091773170423,5.702091773170423,0.0082608695652171,326,47.76119402985074
0.0799999999999996,0.0199999999999998,0.4,400,1.00768115942029,27.10260869565217,26.896016108154758,27.092028985507245,0.0,-6.734664050070803,-7.04407932892173,-6.090000000000006,-4.735156846486543,-2.517411961391647,-1.0813183858167543,-0.3600000000000092,-0.0616571657500585,-0.0900000000000092,-0.1200000000000093,0.5399999999999906,0.0299999999999907,0.1499999999999907,-0.1800000000000091,0.1799999999999909,0.3899999999999908,-0.2400000000000089,0.631473063861832,0.5399999999999919,0.2099999999999915,0.0593593064790803,-0.3015725916870221,0.1499999999999912,0.1499999999999909,-8.958547541401681e-15,0.0899999999999909,0.269999999999991,0.0599999999999909,-0.2400000000000089,-0.150000000000009,0.2717465397523297,1.0199999999999916,0.4499128881390828,-0.0572761947184218,0.8388209243561634,0.5699999999999913,0.5099999999999915,0.4499999999999914,1.1999999999999909,0.8699999999999903,0.5685840319167287,0.7799999999999909,0.5399999999999909,1.051492333882062,1.1685840319167289,0.7199999999999903,1.3784274083129768,2.884929945784665,3.627448738672088,4.401058362275525,3.2065866744694795,3.091941988362666,3.1799999999999944,2.938058011637321,2.879999999999994,3.7199999999999935,2.939999999999994,2.7599999999999945,2.669999999999994,2.6714159680832563,6.044667479342292,3.894903979996374,3.2999999999999927,2.549999999999991,2.0999999999999908,2.2513431204141074,2.6099999999999914,2.5499999999999905,2.4899999999999904,2.3399999999999896,2.0399999999999907,1.589999999999991,2.399999999999991,3.9363984797940064,5.232870124997999,7.288058011637324,7.888253460247658,8.073804553362683,7.561363885041427,7.439999999999998,7.439999999999998,6.929999999999998,6.7800696605000255,6.4496970992632505,7.197248362379201,8.94724976534972,10.763885610213435,10.002619964978727,11.242922617434813,10.625690539335045,11.372214013001315,11.296299123857594,12.163468465807506,12.539999999999996,12.749999999999998,13.79978499001097,14.398058011637325,13.831572591687012,13.289999999999996,13.259999999999998,13.199999999999998,13.409999999999998,13.349999999999998,13.259999999999998,13.379999999999995,13.32,13.199999999999998,13.379999999999995,13.289999999999996,13.349999999999998,13.619999999999996,13.469999999999995,13.409999999999998,13.679999999999998,13.499999999999998,13.619999999999996,13.412164485550925,13.497835514449068,13.65,13.499999999999998,13.499999999999998,13.259999999999998,13.559999999999995,13.469999999999995,13.499999999999998,13.617711866501551,13.499999999999998,13.589999999999998,13.827835514449069,13.769999999999998,13.739999999999998,13.829999999999998,13.889999999999995,13.859999999999998,14.072421576756728,14.039999999999996,14.037578423243268,14.007578423243269,6.094509227590885,6.094509227590885,0.007681159420289907,327,46.98507462686567
0.0149999999999995,0.0099999999999998,0.4,400,1.006376811594203,22.060144927536232,21.920362903225808,22.04898550724638,0.0,21.58665577534128,9.053512169757823,1.3499999999999914,0.3327238052815812,-0.7774337662814185,5.999999999999995,4.827578423243264,5.395528982754179,-2.660837670695455,-2.577711866501561,-3.270000000000008,-3.900000000000004,-3.900000000000005,-4.712049440489092,-4.920000000000006,2.879999999999993,-5.432699676976876,-5.340000000000007,-5.790000000000007,-5.730000000000005,-6.025423733003112,-0.3300000000000057,-7.705290289744828,-8.28242157675674,-9.084854617961684,-8.157578423243276,-7.772421576756738,-7.260000000000004,-7.227578423243273,-7.740000000000006,-7.2574337662814195,-7.440000000000007,-7.562421576756737,-8.462421576756737,-9.27014465696186,-9.355750068189444,-9.332421576756737,-9.630000000000006,-9.840000000000003,-9.122723805281591,-9.270000000000008,-9.507711866501555,-9.720000000000006,-10.707578423243277,-9.150000000000007,-8.790000000000006,-8.759866556741722,-8.337578423243276,-9.900000000000007,-9.80743376628142,-10.52771186650156,-9.930000000000009,-10.202288133498453,-10.23013344325829,-10.860000000000008,-11.250000000000009,-10.770000000000008,-10.40771186650156,-10.800000000000006,-11.06771186650156,-10.88727619471842,-10.500435671783146,-10.892421576756735,-9.870144656961862,-10.650000000000004,-11.190000000000005,-11.460000000000006,-11.27771186650156,-11.03771186650156,-10.502288133498451,-10.860000000000008,-10.772566233718594,-11.220000000000006,-11.250000000000009,-18.03228813349845,-16.920000000000005,-17.28000000000001,-18.004497444656177,-17.495011938780035,-16.97526928073049,-18.00256623371859,-10.650000000000004,-10.982421576756735,-11.367711866501558,-11.694709960999832,-11.760000000000003,-11.700000000000005,-12.570000000000007,-11.610000000000005,-11.610000000000005,-11.160000000000007,-11.520000000000008,-11.850000000000003,-4.920000000000005,-11.760000000000003,-11.700000000000005,-11.160000000000004,-4.0800000000000045,-3.662421576756738,-4.292288133498453,-4.737578423243274,-4.767578423243275,-4.770000000000008,-4.647276194718419,-4.380000000000005,-4.6454237330031125,-4.200000000000005,-4.380000000000007,-3.717578423243276,-4.2900000000000045,-4.415145382038324,-4.710000000000006,-4.2000000000000055,-4.170000000000004,-4.10743376628142,-4.260000000000004,-4.500000000000004,-4.232421576756737,-4.527578423243273,-5.127578423243274,-4.707433766281419,-4.470000000000004,-4.262288133498452,-3.6600000000000072,-3.837711866501558,-4.230000000000005,-3.807578423243273,-3.4500000000000024,-3.0301575715630054,-3.237578423243272,-3.867276194718418,-3.417276194718418,-3.004854367217038,-2.910000000000003,-2.9100000000000064,-3.180000000000005,-2.935012189524688,-2.460000000000002,-7.041535126017351,7.041535126017351,0.006376811594202891,328,46.208955223880594
0.0849999999999996,0.0199999999999998,0.4,400,1.0095652173913043,27.513478260869565,27.252799310938848,27.501739130434785,0.0,-3.308082236241055,-2.1360555020756755,-2.130000000000009,-1.1584246968243963,0.1754691518541969,-0.4800000000000095,-0.420000000000009,-0.5100000000000092,-0.030000000000009,0.2699999999999906,-0.150000000000009,-0.300000000000009,-0.1800000000000091,-9.059419880941275e-15,-0.180000000000009,0.1199999999999911,0.2415725916870041,-0.5100000000000082,-0.7478355144490788,0.4477118665015451,0.0763750184940773,0.2983428342499415,0.089999999999991,-0.0300000000000089,-0.2100000000000089,-0.030000000000009,0.0299999999999908,-0.060000000000009,-0.030000000000009,0.1499999999999907,-0.090000000000009,0.479999999999991,0.9496497671390434,0.7199999999999914,2.3636152919526374,1.885274599035745,1.3185840319167257,1.6799999999999875,1.9799999999999875,1.859999999999988,1.889999999999988,1.8899999999999877,2.0699999999999874,1.919999999999988,1.6199999999999877,1.8899999999999872,2.099999999999988,1.5945698375168385,2.4874337662814066,1.443394825218237,2.1613431204141107,2.9099999999999944,3.2099999999999955,3.1799999999999957,2.998726540085908,3.2999999999999954,3.269999999999996,2.969999999999996,3.119999999999996,3.3599999999999954,5.694706049924616,6.661938158884257,6.479999999999998,7.649999999999997,7.079999999999997,7.829999999999997,7.619999999999997,7.619999999999997,7.647950559510913,7.409999999999997,7.379999999999998,7.769999999999998,7.1999999999999975,8.208129203324535,8.193196419326021,8.390452149077591,8.10204944048908,8.339999999999998,8.94194198836267,8.519999999999998,8.099999999999998,8.009999999999998,7.589999999999998,7.11141596808326,6.959999999999997,6.655004193976018,6.747836081412725,7.62585506238616,9.145134666883264,10.255826312439789,10.616829356660835,10.833672708276511,10.409999999999998,10.71346493087264,11.159999999999998,11.369999999999996,10.903765136521033,11.491657165750048,13.164652598075582,14.38533905237756,15.81609119967626,15.609567359262856,15.57,15.329999999999998,15.389999999999995,15.359999999999998,15.329999999999998,15.269999999999998,15.509999999999998,15.449999999999998,15.389999999999995,15.719999999999995,15.599999999999998,15.689999999999998,15.539999999999996,15.779999999999998,15.839999999999998,15.689999999999998,15.719999999999995,15.689999999999998,15.867835514449068,15.629999999999995,15.809999999999995,15.837711866501552,15.777711866501551,15.809999999999995,15.869999999999996,16.08,16.019999999999996,16.049999999999997,15.989999999999998,15.989999999999998,16.11,15.962421576756729,16.2,16.229999999999997,16.349999999999998,16.499999999999996,7.226114651293625,7.226114651293625,0.009565217391304337,329,45.43283582089552
0.0299999999999995,0.0099999999999998,0.4,400,1.006231884057971,23.57130434782609,23.425320466657062,23.560289855072465,0.0,3.9958228533829288,-1.3703694354530325,-1.2077357440616263,-0.1475784232432761,-0.2146232671431107,-0.6254139376923455,-0.3879505595109208,-0.8465020595384647,-1.6200000000000057,-0.4761160232746613,-0.6258935260864029,-0.3578355144490763,0.510107452126407,0.6899999999999948,-0.1219419883626773,0.38795055951091,0.119999999999996,0.0855473809506173,0.5099999999999915,0.5399999999999892,0.2099999999999903,0.598058011637317,-7.958078640513123e-15,-0.4518412678657046,-0.3879505595109196,-0.6280580116373335,-0.4800000000000045,0.2061160232746465,-0.3279505595109202,-1.7679505595109208,-2.7042139260400178,-3.210000000000006,-3.632421576756737,-3.660000000000004,-4.350107452126416,-5.762049440489091,-6.119676782314777,-6.210000000000004,-6.572164485550934,-5.880000000000004,-6.927950559510921,-6.415547380950629,-7.350000000000005,-8.342200491321485,-8.727835514449076,-8.157835514449078,-8.702164485550934,-7.799842428437005,-7.442421576756735,-8.547578423243271,-8.730238693009364,-9.567835514449076,-9.235287580769407,-8.669573005888083,-8.247835514449076,-8.280000000000005,-8.340000000000005,-8.880000000000004,-8.700000000000005,-9.09228813349845,-9.092566233718587,-8.190000000000005,-8.607950559510918,-9.237835514449076,-9.180000000000003,-9.030000000000005,-8.790000000000004,-9.270000000000003,-9.057711866501556,-9.240000000000004,-8.757711866501557,-9.120000000000005,-9.030000000000005,-9.600144656961856,-8.940000000000005,-9.180000000000003,-8.940000000000005,-8.970000000000004,-9.090000000000003,-9.000000000000005,-9.270000000000003,-9.150000000000004,-9.300000000000004,-9.480000000000004,-9.807276194718415,-9.810000000000004,-9.750000000000004,-10.58743376628142,-9.570154452272629,-9.997301886532878,-10.59228813349845,-10.73771186650156,-11.190000000000005,-11.040000000000004,-11.100000000000003,-11.157835514449076,-11.190000000000005,-11.460000000000004,-11.220000000000004,-11.310000000000004,-11.490000000000004,-11.007835514449075,-11.370000000000005,-11.520000000000003,-11.370000000000005,-11.010000000000003,-11.400000000000004,-11.550000000000004,-11.400000000000004,-11.370000000000005,-11.250000000000004,-11.1,-11.580000000000004,-11.460000000000004,-11.520000000000003,-11.340000000000003,-11.400000000000004,-11.25445261904938,-11.430000000000003,-11.520000000000003,-11.280000000000005,-11.370000000000005,-11.457711866501558,-11.550000000000002,-11.820000000000004,-11.730000000000004,-11.58228813349845,-11.430000000000003,-11.522421576756734,-11.550000000000004,-11.520000000000003,-11.310000000000004,-11.607578423243272,-11.400000000000004,-11.490000000000004,-11.610000000000005,-11.607578423243272,-11.610000000000005,-7.545528744236369,7.545528744236369,0.006231884057970927,330,44.656716417910445
0.0999999999999996,0.0249999999999998,0.4,400,1.0130434782608695,28.29246376811594,27.92818311874106,28.27391304347826,0.0,-1.5699373451307883,-1.485680711714835,-0.6649878104753283,-0.0719834022131103,-0.1319569563820527,-0.030000000000009,0.269999999999991,0.299999999999991,-0.3900000000000089,0.179999999999991,-0.3000000000000087,-0.2100000000000088,-0.3000000000000087,-0.0300000000000088,0.1199999999999909,-0.120000000000009,-0.0600000000000089,0.3879505595109071,0.180692290271539,0.0662508450785515,0.1317843855150997,-0.360000000000009,-9.176151254228211e-15,-0.3285840319167466,0.1199999999999908,0.1199999999999908,-0.1200000000000089,-0.2700000000000089,-0.3000000000000091,-0.0300000000000092,-0.5383428342499598,-0.3616571657500574,-1.2803494870441017,-1.7157149791653643,-0.9120509516123474,-0.6914159680832722,-0.5700000000000105,-0.4800000000000098,-0.8100000000000104,-0.9600000000000098,-0.9600000000000096,-1.2000000000000095,-0.6600000000000098,-0.8413431204141272,-1.0500000000000098,-1.20000000000001,-1.2600000000000102,0.7600203202282922,4.370720271317049,2.753361435968127,2.639999999999991,2.69999999999999,3.029999999999992,3.0899999999999914,3.029999999999992,3.269999999999992,3.269999999999992,3.119999999999992,3.1799999999999917,3.269999999999992,6.293476904615769,4.1778129883775454,5.007377339562708,5.189999999999992,5.399999999999992,5.249999999999992,5.159999999999992,5.039999999999993,5.129999999999992,5.129999999999992,4.949999999999992,5.069999999999992,5.5199999999999925,8.829372671917824,10.65815236684606,11.099999999999996,11.18572816710577,12.477603751154566,11.699999999999994,11.731206692354014,11.911206692354014,11.819999999999991,11.549999999999994,12.031206692354017,12.089999999999993,12.089999999999993,11.969999999999994,13.163149891034632,14.71878541547196,16.082406185336836,16.139999999999997,15.84634784014935,15.449999999999996,15.403009782317918,14.761841267865696,14.577620954697084,14.207757198351835,15.656766253163262,16.024413903995477,15.845078013276767,15.116923729585874,15.446150124402092,15.127591405453389,14.991158558081558,15.75917821793246,15.572027009745913,15.310066902000132,15.512727059850494,16.408253460247654,15.99658748234704,15.689999999999992,15.569999999999991,15.659999999999991,15.809999999999992,15.749999999999991,15.719999999999994,15.93216448555092,15.749999999999991,15.929999999999993,15.689999999999992,15.869999999999994,15.839999999999993,15.809999999999992,15.839999999999993,15.959999999999994,15.929999999999993,16.109999999999992,16.144576266996886,16.079999999999995,16.289999999999996,16.169999999999995,16.289999999999996,16.379999999999995,16.469999999999995,16.322288133498443,16.437578423243263,16.40771186650155,16.259999999999994,7.592696227836795,7.592696227836795,0.01304347826086949,331,43.88059701492534
0.0849999999999996,0.0249999999999998,0.4,400,1.00768115942029,25.965217391304343,25.7672946929383,25.95463768115942,0.0,-5.206055263497257,-4.539351041717664,-3.477276194718422,-2.9694855801358693,-1.4125903406269749,-0.8700000000000094,-0.0300000000000094,0.1799999999999907,-0.1500000000000092,-0.0600000000000094,0.4199999999999908,0.1499999999999907,0.1799999999999907,0.3299999999999904,0.1199999999999909,0.0899999999999908,-0.150000000000009,-0.9394566291268436,-1.9591619994813176,-1.287276194718423,-0.5286057833505812,-0.0600000000000088,-0.0600000000000087,-0.120000000000009,-0.3000000000000089,0.1199999999999909,-0.2100000000000089,-0.2400000000000089,-0.060000000000009,-0.0300000000000089,1.3238907083547755,1.4963478940143466,2.0344578837006937,2.1959827286754607,2.787118541856772,2.818058011637317,4.049999999999994,3.929999999999992,4.0199999999999925,4.769999999999993,5.039999999999993,4.8899999999999935,4.857950559510909,5.309999999999993,5.188584031916731,5.189999999999993,5.249999999999993,4.229859870718284,4.343405999985049,5.16949642947119,6.716216743771622,7.019999999999995,7.556397058800546,7.527835514449067,7.829999999999996,7.949999999999996,7.799999999999995,7.349999999999995,7.019999999999995,7.9199999999999955,8.456388755098335,8.489486371692028,8.999899279503023,8.793804553362682,8.339999999999996,8.579999999999997,8.609999999999996,8.639999999999997,8.459999999999997,8.279999999999996,8.849999999999996,8.939999999999996,9.629999999999995,10.307063402353569,12.134145382807551,12.20337662846345,13.374354178771611,14.12639705880055,13.889999999999995,14.129999999999995,14.369999999999996,14.189999999999998,14.399999999999997,14.069999999999997,14.279999999999996,14.519999999999996,13.931400289084303,13.80162323967097,12.249897396419046,11.859526616493874,11.7628358008074,11.747492128239468,12.814083379212237,13.858442787462076,13.471536566824795,13.443804553362684,13.379999999999995,13.379999999999995,13.289999999999996,13.469999999999995,13.439999999999998,13.349999999999998,13.409999999999998,13.499999999999998,13.349999999999998,13.169999999999998,13.499999999999998,13.469999999999995,13.529999999999998,13.289999999999996,13.469999999999995,13.472164485550929,13.499999999999998,13.442164485550927,13.829999999999998,13.527711866501551,13.529999999999998,13.769999999999998,13.799999999999995,13.679999999999998,13.647835514449069,13.799999999999995,13.769999999999998,13.709999999999996,13.797711866501553,13.589999999999998,13.889999999999995,13.979999999999997,14.159999999999998,14.07,14.042288133498444,13.769999999999998,14.339999999999998,14.039999999999996,14.159999999999998,14.039999999999996,14.039999999999996,14.249999999999998,8.138925925144719,8.138925925144719,0.007681159420289907,332,43.1044776119403
0.0549999999999996,0.0149999999999998,0.4,400,1.0053623188405798,24.87710144927536,24.744414011820677,24.86898550724638,0.0,-2.1328945372211674,-2.7072918845344685,-2.5472761947184224,-3.292932636867385,-2.187475855990707,-1.8600000000000088,-1.803682535731408,-1.2298045513896738,-0.6880580116373366,0.1799999999999909,-0.1817465397523479,-0.1500000000000091,0.1799999999999908,0.2099999999999908,0.5699999999999905,-0.0565069204953316,-0.4217465397523481,-1.8941766896303411,-2.0355473809506344,-1.0501575715630087,0.2139792058796971,0.8644661133438245,0.6899999999999913,0.0617465397523294,-0.5400000000000095,0.629999999999991,0.1799999999999908,0.5999999999999915,-9.112710586123283e-15,0.5099999999999909,2.1018412678656904,3.5057860739599804,2.875357898381965,3.5448431535134546,2.59272451480444,2.999999999999992,3.8080580116373226,4.199999999999996,4.679999999999995,4.707950559510911,5.068427408312982,5.881746539752333,5.459999999999996,6.209999999999996,5.67204944048908,6.359999999999996,7.112288133498441,8.236840773679917,8.549669884483317,9.68065394008395,9.749999999999996,10.647835514449064,11.819999999999997,12.419999999999996,13.16844649928963,13.052164485550923,12.869999999999996,13.587950559510912,13.319999999999997,13.049999999999995,13.317103650764729,13.733022235651292,13.351941988362668,13.439999999999996,13.798158732134295,13.799999999999995,13.829999999999997,13.59020817262338,13.3736033881167,13.018058011637322,12.959999999999996,13.079999999999997,12.721841267865695,13.229999999999997,12.698882945374407,12.389791827376609,12.448253460247656,13.079999999999997,13.19603130673595,13.049999999999995,13.109999999999996,12.959999999999996,13.077835514449069,13.169999999999996,13.349999999999996,13.409999999999997,13.199999999999996,13.797276194718409,13.40776026097648,13.37771186650155,13.229999999999997,13.559999999999995,13.169999999999996,13.289999999999996,13.139999999999995,13.229999999999997,13.349999999999996,13.199999999999996,13.349999999999996,13.469999999999995,13.412164485550925,13.289999999999996,13.469999999999995,13.499999999999996,13.559999999999995,13.559999999999995,13.529999999999996,13.349999999999996,13.439999999999996,13.409999999999997,13.439999999999996,13.619999999999996,13.499999999999996,13.379999999999995,13.559999999999995,13.619999999999996,13.469999999999995,13.619999999999996,13.649999999999997,13.857578423243265,13.469999999999995,13.769999999999996,13.619999999999996,13.709999999999996,13.619999999999996,13.859999999999996,13.499999999999996,13.979999999999997,13.557835514449067,13.709999999999996,13.769999999999996,13.889999999999995,14.069999999999997,13.979999999999997,13.94771186650155,14.009999999999996,13.919999999999996,13.887578423243262,9.09794114640608,9.09794114640608,0.005362318840579805,333,42.328358208955194
0.0949999999999996,0.0299999999999998,0.4,400,1.0114492753623188,26.284927536231883,25.98739074365955,26.27057971014493,0.0,-6.694655154820192,-7.159390315799284,-6.47710365076474,-4.667716046020248,-1.8034411428567776,-0.5664224022347122,0.1799999999999906,-0.3600000000000092,-0.0300000000000092,-9.343636975245315e-15,0.3899999999999908,0.2099999999999908,0.0599999999999908,-0.090000000000009,-0.3600000000000091,0.239999999999991,0.089999999999991,0.6322308982294336,0.4805968101063337,-0.9900000000000088,-1.4747356641877056,-0.5700000000000086,-0.5050194213204133,0.1199999999999909,-0.2700000000000089,-0.1500000000000089,-0.090000000000009,-0.5700000000000085,-0.2400000000000089,-0.3000000000000088,0.4799106259977019,-0.3099373900150534,-1.0797826939936142,-1.4407101812306538,-1.070690675761454,-0.3900000000000103,0.3899999999999902,0.14999999999999,0.5419419883626626,0.0599999999999895,-1.0844658504538531e-14,-0.3300000000000114,-0.482751637620804,-0.0585840319167448,-0.5985840319167458,-0.3000000000000074,-0.2700000000000075,1.184851823006669,2.336203439329139,2.4632637673367976,3.478043687072453,4.079999999999997,4.289999999999997,4.439999999999998,4.649999999999999,4.589999999999998,4.619999999999997,4.261273459914087,4.588584031916735,4.4099999999999975,7.857935951939226,6.848511251823697,8.282049440489082,9.089999999999998,8.729999999999997,8.969999999999997,9.239999999999998,8.729999999999997,8.58120669235402,8.609999999999998,8.789999999999997,8.729999999999997,8.819999999999999,9.136819608351583,9.914642684575046,10.589999999999998,10.829999999999998,11.159999999999998,11.18872654008591,10.589999999999998,10.709999999999996,11.039999999999996,10.949999999999998,10.889999999999995,10.739999999999998,11.15993033949997,11.219999999999995,10.615605796546328,12.778006717881794,15.168341055685689,16.22297809874173,17.315585554233216,17.819999999999997,18.27,18.27,18.67963708698212,20.15665010041541,20.78452128418022,20.255836595172536,19.473489430255665,19.89730747856927,20.040346145135768,20.04,20.39771186650155,20.189999999999998,20.279999999999998,20.34,20.34,20.31228813349844,20.309999999999995,20.459999999999997,20.489999999999995,20.579999999999995,20.31228813349844,20.489999999999995,20.7,20.52,20.73,20.64,20.579999999999995,20.579999999999995,20.91,20.787578423243268,20.7,20.61,20.91,20.939999999999998,20.969999999999995,21.239999999999995,21.149999999999995,21.209999999999997,21.149999999999995,21.3,21.447578423243268,21.45,21.39,21.509999999999994,21.719999999999995,9.33734020959215,9.33734020959215,0.011449275362318767,334,41.55223880597015
0.0349999999999995,0.0099999999999998,0.4,400,1.006231884057971,24.008115942028983,23.85942676076624,23.99710144927536,0.0,3.915681484834636,4.185466400105508,4.647578423243259,4.1171312870119,3.507821625786564,2.968158732134292,2.789999999999992,2.5199999999999925,2.3119419883626646,2.732049440489076,3.2999999999999914,2.9419419883626654,2.731941988362665,3.209999999999992,3.179999999999992,4.023783256228363,3.2663174642685933,3.872288133498437,4.199742908794189,4.107711866501545,4.354413903995472,3.3599999999999914,4.409999999999991,4.258058011637318,5.00999999999999,5.1599999999999895,4.591746539752328,4.111841267865691,4.499899279503018,4.97999999999999,6.295662426012461,8.009999999999993,7.799999999999994,8.037433766281406,9.088058011637322,8.817835514449063,8.91204944048908,10.651746539752333,10.887835514449064,11.457950559510907,12.389999999999995,13.439999999999992,12.54022249718825,11.82400575341662,11.219999999999994,10.557950559510909,11.489999999999991,12.005290039000164,11.877433766281406,11.697835514449064,11.552049440489078,11.36795055951091,11.942164485550926,11.969999999999994,12.089999999999996,12.509999999999993,12.749999999999996,12.325786073959982,12.20578607395998,12.479999999999997,12.387578423243262,12.265338684219744,12.329999999999991,12.779999999999996,12.329999999999991,12.869999999999994,12.899999999999997,12.75011504506184,12.629999999999994,12.777950559510908,13.019999999999992,13.109999999999992,13.109999999999996,14.159999999999997,12.990238693009356,13.349999999999993,12.927835514449066,13.199999999999994,13.529999999999994,13.019999999999992,13.079999999999991,13.229999999999992,12.809999999999995,12.747835514449063,12.84272380528158,12.689999999999992,12.839999999999993,12.239999999999991,12.392421576756728,12.687835514449064,13.017711866501548,12.959999999999994,13.049999999999994,13.319999999999991,13.319999999999991,13.259999999999993,12.989999999999991,13.229999999999992,13.319999999999991,13.109999999999992,13.142164485550923,13.169999999999993,12.989999999999991,13.109999999999992,13.319999999999991,13.529999999999994,13.017711866501548,13.679999999999993,13.317711866501549,13.289999999999994,13.349999999999993,13.409999999999991,13.529999999999994,13.047711866501547,13.41256623371858,12.959999999999994,13.079999999999991,13.107835514449066,13.019999999999992,12.809999999999992,13.019999999999992,13.35228813349844,13.079999999999991,13.169999999999993,13.469999999999994,13.259999999999993,13.019999999999996,13.079999999999997,13.049999999999994,13.497578423243262,13.437578423243265,13.319999999999991,13.682421576756726,13.469999999999994,13.409999999999997,13.555145632782962,13.262421576756726,13.499999999999996,10.615733937123716,10.615733937123716,0.006231884057970927,335,40.776119402985046
0.0549999999999996,0.0099999999999998,0.4,400,1.0055072463768115,25.997971014492755,25.855577976362063,25.98985507246377,0.0,4.249070965727227,4.161852812174312,4.859999999999991,3.8165783895464,2.906232848952504,2.7936461646542887,2.482880068230344,2.823587807618029,2.4917465397523304,2.9699999999999904,2.7335775977652883,3.479999999999991,3.179999999999991,3.7499999999999902,3.6599999999999904,3.3899999999999904,3.359999999999991,4.619999999999991,5.104213926040004,4.259999999999991,2.194352096643972,2.45999999999999,2.5799999999999903,2.5799999999999903,3.089999999999991,3.1199999999999903,3.4499999999999904,3.029999999999991,2.609999999999991,2.969999999999991,3.0299999999999923,3.243587807618029,2.9951568464865286,2.314764568099441,2.4035875396124973,3.271572591687002,3.661572591687003,3.53999999999999,4.469999999999987,4.109999999999986,4.649999999999989,4.498507666117917,3.959999999999988,4.199999999999988,4.291572591687,4.829999999999989,5.759999999999991,6.742669198181955,6.782421576756726,5.963592592916755,4.861941988362663,5.01184126786569,5.159999999999991,4.349999999999991,4.649999999999991,5.098427408312977,5.039999999999991,5.279999999999992,4.559999999999992,4.109999999999992,4.439999999999992,6.412909001425297,7.739999999999993,8.789999999999994,10.588253460247657,11.24527255571876,11.969999999999995,12.388158732134295,12.352670308388484,12.331746539752334,12.72194198836267,12.95981456296432,14.366422402234695,15.327711866501549,16.70152595226874,18.307436356841755,19.740369396675657,20.34194198836267,20.61,21.302164485550925,21.18,20.638253460247658,20.16,19.806104154978456,19.10063991907424,18.14797299025408,17.579999999999995,16.89256623371858,17.039999999999996,17.39795055951091,17.369999999999994,17.099999999999994,17.459999999999994,17.549999999999997,17.219999999999995,17.489999999999995,17.519999999999996,17.639999999999997,17.489999999999995,17.249999999999996,17.759999999999994,17.459999999999994,17.669999999999995,17.489999999999995,17.579999999999995,17.759999999999994,17.369999999999994,17.549999999999997,17.819999999999997,17.552164485550925,17.579999999999995,17.429999999999996,17.729999999999997,17.489999999999995,17.699999999999996,17.729999999999997,17.729999999999997,17.939999999999994,17.849999999999994,18.09,17.969999999999995,17.819999999999997,17.669999999999995,18.029999999999998,17.999999999999996,18.059999999999995,17.849999999999994,18.09,18.00216448555092,18.209999999999997,18.119999999999997,17.909999999999997,18.119999999999997,18.48,18.15228813349844,18.149999999999995,17.969999999999995,18.419999999999995,11.181140575886308,11.181140575886308,0.005507246376811548,336,40.0
